tree
version=v4
num_class=1
num_tree_per_iteration=1
label_index=0
max_feature_idx=7
objective=quantile
feature_names=return_lag_1 return_lag_2 return_lag_3 return_lag_5 Dist_SMA_20 Amplitude_Intraday EWMA_Vol_10d EWMA_Vol_20d
feature_infos=[-0.050167267104934:0.044635409147019502] [-0.050167267104934:0.044635409147019502] [-0.050167267104934:0.044635409147019502] [-0.050167267104934:0.044635409147019502] [-0.12728880754432281:0.12910281503023802] [0:0.073334990915888881] [0:0.029426979582813352] [0:0.023788599822939988]
tree_sizes=760 789 785 785 786 794 791 787 786 787 787 791 790 790 789 782 790 790 791 791 703 614 612 615 612 611 612 788 789 788 792 791 791 788 790 787 791 790 788 790 703 703 703 705 706 706 704 706 616 618 618 618 704 704 617 616 616 618 618 617 619 617 618 615 619 618 618 620 618 623 619 621 621 625 622 622 709 708 626 622 798 798 797 623 622 622 623 620 622 622 623 620 622 623 621 620 624 623 622 623 623 625 624 623 621 625 625 620 623 629 621 624 625 625 621 621 623 623 800 623 624 714 713 712 713 712 802 712 804 712 800 713 806 709 713 807 712 713 802 713 804 711 711 810 807 814 814 808 807 814 806 807 810 806 813 815 806 809 815 811 807 801 805 802 804 804 804 805 805 804 812 804 811 801 809 803 816 806 803 807 807 807 808 806 806 808 807 811 806 812 799 801 806 806 806 806 715 808 715 808 807 805 803 811 802 805 805 806 808 806 808 813 810 811 812 812 808 807 813 807 809 806 720 810 806 805 720 806 808 809 806 797 805 805 807 806 808 806 806 808 804 805 807 808 804 813 808 807 807 801 805 808 811 812 810 808 810 810 721 811 806 809 811 802 805 810 810 810 812 805 810 806 807 806 810 811 809 815 810 808 815 811 811 806 813 807 816 804 808 809 808 808 810 809 799 803 803 811 810 815 811 811 808 813 814 814 813 812 813 799 814 800 713 811 812 811 809 810 811 800 799 810 808 620 806 802 715 714 618 618 804 802 712 712 707 713 716 812 622 717 717 810 616 813 621 621 711 715 809 809 617 806 712 805 815 809 814 813 812 815 813 811 810 817 812 809 808 809 711 811 816 713 812 813 805 810 810 714 812 807 811 810 814 812 810 807 807 808 807 807 807 714 811 812 809 810 808 814 805 812 714 814 811 798 805 806 814 804 811 815 809 799 796 795 801 802 810 811 809 811 809 810 809 809 809 801 804 808 806 804 807 806 812 808 803 806 801 809 805 811 803 709 718 806 710 806 808 806 812 803 803 711 803 707 811 803 806 806 804 813 814 811 807 806 805 815 803 809 715 815 813 811 811 815 810 811 810 805 808 800 809 807 808 811 810 813 815 804 805 814 809 807 801 709 803 802 803 802 804 807 810 810 811 809 801 805 804 800 812 803 811 807 810 803 804 808 815 808 797 803 803 710 709 714 710 713 801 711 801 800 806 809 803 713 801 807 714 806 707 800 805 801 708 806 801 804 798 709 803 800 808 800 800 713 803 796 711 807 801 804 801 804 800 709 802 799 800 710 797 710 800 710 807 800 803 712 800 712 812 809 811 801 710 809 809 805 810 710 803 714 805 714 815 799 806 804 805 711 800 804 803 808 710 622 627 713 712 807 808 807 712 808 809 810 805 813 817 806 808 806 815 809 805 810 803 800 809 811 624 632 805 802 710 714 622 806 720 801 808 718 812 719 718 813 816 625 804 623 807 811 807 810 811 805 808 812 799 810 714 806 714 623 625 809 805 807 714 712 810 808 810 811 802 803 803 806 810 798 712 810 718 806 813 808 802 808 811 807 806 808 804 808 624 624 812 812 813 709 806 810 813 812 808 808 804 800 807 808 798 809 806 808 808 814 808 802 805 807 813 807 713 817 715 810 716 808 715 806 807 803 815 529 801 807 529 807 531 627 622 810 799 809 807 812 804 809 810 815 815 812 811 809 808 622 805 712 804 807 807 811 809 805 800 802 625 707 714 804 805 812 813 809 806 813 812 813 812 812 714 802 810 802 803 805 713 815 812 809 805 811 816 810 812 811 810 713 812 806 813 809

Tree=0
num_leaves=7
num_cat=0
split_feature=5 0 4 5 4 5
split_gain=24.5056 9.92506 3.45906 2.77283 2.24183 0.84965
threshold=0.017636128585424252 0.0018773748705539002 -0.014472948020455576 0.013062705372390772 -0.0012403478422075957 0.021482943280593355
decision_type=2 2 2 2 2 2
left_child=3 2 -2 -1 -5 -3
right_child=1 5 -4 4 -6 -7
leaf_value=-0.014374454919984693 -0.014997078253950219 -0.014442690309504479 -0.014803443781262001 -0.014575307172480569 -0.014457152960304811 -0.014610669215581552
leaf_weight=3213 72 44 42 102 150 52
leaf_count=3213 72 44 42 102 150 52
internal_value=-0.014464 -0.0202108 -0.0236672 -0.0141157 -0.0158657 -0.0161064
internal_weight=3675 210 114 3465 252 96
internal_count=3675 210 114 3465 252 96
is_linear=0
shrinkage=1


Tree=1
num_leaves=7
num_cat=0
split_feature=5 0 5 4 4 5
split_gain=23.9396 5.88682 4.12844 3.00115 1.7516 0.0613611
threshold=0.019677979365740169 0.0018773748705539002 0.013062705372390772 -0.017684321758978289 -0.017995270827315338 0.011808579678091721
decision_type=2 2 2 2 2 2
left_child=2 4 5 -4 -2 -1
right_child=1 -3 3 -5 -6 -7
leaf_value=9.1490776575326444e-05 -0.00053457663180548471 -0.00014475728956027509 -7.0353954296579173e-05 -6.3856602796771449e-05 -0.00036957281166883233 2.5412201266447126e-05
leaf_weight=3087 57 62 68 240 35 126
leaf_count=3087 57 62 68 240 35 126
internal_value=6.54174e-06 -0.00667973 0.000298983 -0.00161713 -0.00946049 0.000482663
internal_weight=3675 154 3521 308 92 3213
internal_count=3675 154 3521 308 92 3213
is_linear=0
shrinkage=0.0173253


Tree=2
num_leaves=7
num_cat=0
split_feature=5 0 4 5 0 2
split_gain=22.1399 8.17929 3.59489 1.75589 1.77187 0.576703
threshold=0.016841104214798477 0.0041970736370881513 -0.014472948020455576 0.013062705372390772 -0.0033900549012064996 0.0011971139822715502
decision_type=2 2 2 2 2 2
left_child=3 2 -2 -1 -5 -3
right_child=1 5 -4 4 -6 -7
leaf_value=8.3577221595274604e-05 -0.00051484584639424483 5.3717617725363917e-05 -0.00030941489115398783 -0.00011283120402505762 -8.2745779056895104e-06 -0.0001317977116215571
leaf_weight=3213 80 41 67 64 160 50
leaf_count=3213 80 41 67 64 160 50
internal_value=2.53992e-05 -0.00508484 -0.00761189 0.000379265 -0.00110384 -0.0010027
internal_weight=3675 238 147 3437 224 91
internal_count=3675 238 147 3437 224 91
is_linear=0
shrinkage=0.0173253


Tree=3
num_leaves=7
num_cat=0
split_feature=5 0 4 5 0 2
split_gain=20.4055 7.32755 3.36791 1.75589 1.77187 0.576703
threshold=0.016841104214798477 0.0041970736370881513 -0.014472948020455576 0.013062705372390772 -0.0033900549012064996 0.0011971139822715502
decision_type=2 2 2 2 2 2
left_child=3 2 -2 -1 -5 -3
right_child=1 5 -4 4 -6 -7
leaf_value=8.2129218943966119e-05 -0.00050592597401317757 5.2786942459979158e-05 -0.00030405417714371696 -0.00011087636657700526 -8.131218141902217e-06 -0.00012951427323701053
leaf_weight=3213 80 41 67 64 160 50
leaf_count=3213 80 41 67 64 160 50
internal_value=3.95424e-05 -0.00486646 -0.00725831 0.000379265 -0.00110384 -0.0010027
internal_weight=3675 238 147 3437 224 91
internal_count=3675 238 147 3437 224 91
is_linear=0
shrinkage=0.0173253


Tree=4
num_leaves=7
num_cat=0
split_feature=5 0 5 4 3 5
split_gain=18.4251 6.33609 2.19988 1.95004 1.93421 0.84965
threshold=0.017636128585424252 0.0018773748705539002 0.013062705372390772 -0.0012403478422075957 0.0034658080626929506 0.021482943280593355
decision_type=2 2 2 2 2 2
left_child=2 4 -1 -4 -2 -3
right_child=1 5 3 -5 -6 -7
leaf_value=8.0706303411350687e-05 -0.00042475702334984896 1.8395977459380152e-05 -0.00010722414648198087 5.2876316637583268e-06 -0.00049587950024845774 -0.00013339327500073433
leaf_weight=3213 76 44 102 150 38 52
leaf_count=3213 76 44 102 150 38 52
internal_value=5.83999e-05 -0.00492469 0.000360406 -0.00119837 -0.00768632 -0.00164526
internal_weight=3675 210 3465 252 114 96
internal_count=3675 210 3465 252 114 96
is_linear=0
shrinkage=0.0173253


Tree=5
num_leaves=7
num_cat=0
split_feature=5 0 5 4 4 5
split_gain=17.6705 3.56235 2.90795 2.23821 1.84147 0.0613611
threshold=0.019677979365740169 0.0062039903304027507 0.013062705372390772 -0.0012403478422075957 -0.019148457194197492 0.011808579678091721
decision_type=2 2 2 2 2 2
left_child=2 4 5 -4 -2 -1
right_child=1 -3 3 -5 -6 -7
leaf_value=8.5636487759919522e-05 -0.0004978127544993362 -0.00012672055876132782 -7.4128587031524742e-05 -7.4598885754263128e-07 -0.00033324378758009331 2.0702745342294803e-05
leaf_weight=3087 59 47 126 182 48 126
leaf_count=3087 59 47 126 182 48 126
internal_value=7.72574e-05 -0.00566721 0.000328506 -0.00127963 -0.00741362 0.000482663
internal_weight=3675 154 3521 308 107 3213
internal_count=3675 154 3521 308 107 3213
is_linear=0
shrinkage=0.0173253


Tree=6
num_leaves=7
num_cat=0
split_feature=5 0 5 4 4 4
split_gain=15.7371 3.23681 2.70807 2.03799 1.59883 0.0965019
threshold=0.019677979365740169 0.0037519375283393002 0.013062705372390772 -0.0012403478422075957 -0.014472948020455576 -0.03045049294633927
decision_type=2 2 2 2 2 2
left_child=2 4 5 -4 -2 -1
right_child=1 -3 3 -5 -6 -7
leaf_value=1.4728790279528206e-05 -0.00048673661934993341 -0.00012158967598379729 -7.2844285058922792e-05 -7.3306435702741666e-07 -0.00030746696274734333 8.2685097871884884e-05
leaf_weight=83 63 52 126 182 39 3130
leaf_count=83 63 52 126 182 39 3130
internal_value=9.14005e-05 -0.0053297 0.000328506 -0.00122337 -0.00712312 0.00047727
internal_weight=3675 154 3521 308 102 3213
internal_count=3675 154 3521 308 102 3213
is_linear=0
shrinkage=0.0173253


Tree=7
num_leaves=7
num_cat=0
split_feature=5 0 5 4 5 4
split_gain=13.9157 3.10685 2.70807 2.03799 1.93177 0.0965019
threshold=0.019677979365740169 0.0018773748705539002 0.013062705372390772 -0.0012403478422075957 0.025457031539862677 -0.03045049294633927
decision_type=2 2 2 2 2 2
left_child=2 4 5 -4 -2 -1
right_child=1 -3 3 -5 -6 -7
leaf_value=1.4473609179125018e-05 -0.00023654972794975526 -0.0001144137595551954 -7.1582234037308596e-05 -7.2036377770335066e-07 -0.00049239910672251247 8.1252551555354056e-05
leaf_weight=83 52 62 126 182 40 3130
leaf_count=83 52 62 126 182 40 3130
internal_value=0.000105544 -0.0049922 0.000328506 -0.00122337 -0.00701234 0.00047727
internal_weight=3675 154 3521 308 92 3213
internal_count=3675 154 3521 308 92 3213
is_linear=0
shrinkage=0.0173253


Tree=8
num_leaves=7
num_cat=0
split_feature=5 0 5 5 0 2
split_gain=13.377 5.1819 2.74487 1.21352 1.15225 0.508959
threshold=0.01634532694998966 0.0018773748705539002 0.025457031539862677 0.013062705372390772 -0.0033900549012064996 0.0011971139822715502
decision_type=2 2 2 2 2 2
left_child=3 2 -2 -1 -5 -3
right_child=1 5 -4 4 -6 -7
leaf_value=7.5396416714682205e-05 -0.00014119378358262195 1.1849807774328969e-05 -0.00048386813143490558 -0.00010353503200541683 -6.9160670379305158e-07 -0.00010928169778319724
leaf_weight=3213 94 52 40 61 149 66
leaf_count=3213 94 52 40 61 149 66
internal_value=0.000110258 -0.00374217 -0.00607356 0.000393872 -0.000882118 -0.00109466
internal_weight=3675 252 134 3423 210 118
internal_count=3675 252 134 3423 210 118
is_linear=0
shrinkage=0.0173253


Tree=9
num_leaves=7
num_cat=0
split_feature=5 4 1 7 5 0
split_gain=12.9359 5.14467 1.70484 1.62183 1.21352 1.15225
threshold=0.01634532694998966 -0.014472948020455576 -0.0052932613334869495 0.012071889550523405 0.013062705372390772 -0.0033900549012064996
decision_type=2 2 2 2 2 2
left_child=4 2 -2 -3 -1 -6
right_child=1 3 -4 -5 5 -7
leaf_value=7.4090149178885205e-05 -0.00046751801647812604 -1.8938072063466652e-05 -0.00033180112351033114 -0.00027658477981599999 -0.00010174125377271675 -6.7962439184679502e-07
leaf_weight=3213 53 98 44 57 61 149
leaf_count=3213 53 98 44 57 61 149
internal_value=0.000114972 -0.00367342 -0.00680267 -0.00171512 0.000393872 -0.000882118
internal_weight=3675 252 97 155 3423 210
internal_count=3675 252 97 155 3423 210
is_linear=0
shrinkage=0.0173253


Tree=10
num_leaves=7
num_cat=0
split_feature=5 0 5 4 5 4
split_gain=12.2063 2.98765 2.51531 1.97469 1.85627 0.0947252
threshold=0.019677979365740169 0.0018773748705539002 0.013062705372390772 -0.029225083328340496 0.025457031539862677 -0.03045049294633927
decision_type=2 2 2 2 2 2
left_child=2 4 5 -4 -2 -1
right_child=1 -3 3 -5 -6 -7
leaf_value=1.1632945614548165e-05 -0.00022470442990452902 -0.00010494476125618881 -9.4836161628304204e-05 -4.3595597396725972e-05 -0.00046738505580375621 7.7254921011417552e-05
leaf_weight=83 52 62 39 269 40 3130
leaf_count=83 52 62 39 269 40 3130
internal_value=0.000119687 -0.00465469 0.000328506 -0.00116712 -0.0066357 0.000471878
internal_weight=3675 154 3521 308 92 3213
internal_count=3675 154 3521 308 92 3213
is_linear=0
shrinkage=0.0173253


Tree=11
num_leaves=7
num_cat=0
split_feature=5 0 5 5 4 4
split_gain=12.2304 2.98765 2.47553 1.85627 1.82705 0.0922393
threshold=0.019677979365740169 0.0018773748705539002 0.013183013464178764 0.025457031539862677 -0.0012403478422075957 -0.03045049294633927
decision_type=2 2 2 2 2 2
left_child=2 3 5 -2 -4 -1
right_child=1 -3 4 -5 -6 -7
leaf_value=-1.2787270067821372e-06 -0.00022081135229256739 -0.00010312655900395589 -7.7680965899411711e-05 -0.00045928745711516723 -2.6352141637349406e-07 7.5883174059462893e-05
leaf_weight=85 52 62 118 40 176 3142
leaf_count=85 52 62 118 40 176 3142
internal_value=0.000124401 -0.00465469 0.000333427 -0.0066357 -0.00118855 0.000472089
internal_weight=3675 154 3521 92 294 3227
internal_count=3675 154 3521 92 294 3227
is_linear=0
shrinkage=0.0173253


Tree=12
num_leaves=7
num_cat=0
split_feature=5 0 5 1 4 4
split_gain=11.7558 2.76334 1.97651 1.73131 1.39949 0.0922393
threshold=0.019677979365740169 0.0018773748705539002 0.013183013464178764 -0.0052932613334869495 -0.029225083328340496 -0.03045049294633927
decision_type=2 2 2 2 2 2
left_child=2 3 5 -2 -4 -1
right_child=1 -3 4 -5 -6 -7
leaf_value=-1.256572643897404e-06 -0.00044642741867453157 -0.00010133985769936869 -9.4878292097250273e-05 -0.00031373071607016309 -4.3316249089978221e-05 7.4568473293745892e-05
leaf_weight=85 48 62 37 44 257 3142
leaf_count=85 48 62 37 44 257 3142
internal_value=0.000143259 -0.00454219 0.000348189 -0.00644739 -0.00101176 0.000472089
internal_weight=3675 154 3521 92 294 3227
internal_count=3675 154 3521 92 294 3227
is_linear=0
shrinkage=0.0173253


Tree=13
num_leaves=7
num_cat=0
split_feature=5 5 5 4 4 4
split_gain=11.2674 2.65179 1.675 1.26489 1.24218 0.0922393
threshold=0.019677979365740169 0.029288519677067144 0.013183013464178764 0.029137955590815962 -0.0012403478422075957 -0.03045049294633927
decision_type=2 2 2 2 2 2
left_child=2 3 5 -2 -4 -1
right_child=1 -3 4 -5 -6 -7
leaf_value=-1.2348021125828284e-06 -0.00012346420557528761 -0.00044236996786151296 -7.5584649645277176e-05 -1.9908068690837682e-05 4.9151233603088816e-07 7.3276550148032295e-05
leaf_weight=85 75 42 118 37 176 3142
leaf_count=85 75 42 118 37 176 3142
internal_value=0.000157402 -0.00442968 0.00035803 -0.00303747 -0.000893904 0.000472089
internal_weight=3675 154 3521 112 294 3227
internal_count=3675 154 3521 112 294 3227
is_linear=0
shrinkage=0.0173253


Tree=14
num_leaves=7
num_cat=0
split_feature=5 0 5 5 4 4
split_gain=10.7215 2.34098 1.5085 1.47901 1.15252 0.0887554
threshold=0.019677979365740169 0.0018773748705539002 0.013183013464178764 0.025457031539862677 -0.029225083328340496 -0.03045049294633927
decision_type=2 2 2 2 2 2
left_child=2 3 5 -2 -4 -1
right_child=1 -3 4 -5 -6 -7
leaf_value=-1.2134087628311603e-06 -0.00021025100003384332 -9.6518399565006569e-05 -9.1924965977026866e-05 -0.00043593144706199124 -4.1665391402248016e-05 7.2007009992618837e-05
leaf_weight=85 52 62 37 40 257 3142
leaf_count=85 52 62 37 40 257 3142
internal_value=0.000157402 -0.00431718 0.000353109 -0.00607075 -0.000834974 0.000461351
internal_weight=3675 154 3521 92 294 3227
internal_count=3675 154 3521 92 294 3227
is_linear=0
shrinkage=0.0173253


Tree=15
num_leaves=7
num_cat=0
split_feature=5 0 5 5 4 4
split_gain=9.7348 2.43996 1.70978 1.39369 1.70168 0.401426
threshold=0.019677979365740169 0.0018773748705539002 0.025457031539862677 0.015452182367311038 0.011386056437160289 -0.034868564635285322
decision_type=2 2 2 2 2 2
left_child=3 2 -2 5 -5 -1
right_child=1 -3 -4 4 -6 -7
leaf_value=-4.6010247443034339e-05 -0.00020660833281329913 -9.4846186780200579e-05 -0.00042837879241415831 -4.598011172764051e-05 3.9255688184132384e-05 6.4321375075530323e-05
leaf_weight=56 52 62 40 68 72 3325
leaf_count=56 52 62 40 68 72 3325
internal_value=0.000171545 -0.00409218 -0.00588243 0.00035803 -0.00133588 0.000428171
internal_weight=3675 154 92 3521 140 3381
internal_count=3675 154 92 3521 140 3381
is_linear=0
shrinkage=0.0173253


Tree=16
num_leaves=7
num_cat=0
split_feature=5 0 5 5 4 4
split_gain=9.71329 2.43996 1.70978 1.5085 0.890709 0.0887554
threshold=0.019677979365740169 0.0018773748705539002 0.025457031539862677 0.013183013464178764 -0.0080324993259639366 -0.03045049294633927
decision_type=2 2 2 2 2 2
left_child=3 2 -2 5 -5 -1
right_child=1 -3 -4 4 -6 -7
leaf_value=-3.9524350098858483e-07 -0.00020302877599164717 -9.3202945627852952e-05 -0.00042095698997396928 -9.4006481084767327e-05 -1.3191033980906986e-06 6.9645076211388113e-05
leaf_weight=85 52 62 40 95 199 3142
leaf_count=85 52 62 40 95 199 3142
internal_value=0.00016683 -0.00409218 -0.00588243 0.000353109 -0.000834974 0.000461351
internal_weight=3675 154 92 3521 294 3227
internal_count=3675 154 92 3521 294 3227
is_linear=0
shrinkage=0.0173253


Tree=17
num_leaves=7
num_cat=0
split_feature=5 0 5 5 4 4
split_gain=9.71329 2.43996 1.70978 1.5085 0.890709 0.0887554
threshold=0.019677979365740169 0.0018773748705539002 0.025457031539862677 0.013183013464178764 -0.0080324993259639366 -0.03045049294633927
decision_type=2 2 2 2 2 2
left_child=3 2 -2 5 -5 -1
right_child=1 -3 -4 4 -6 -7
leaf_value=-3.8839577829069985e-07 -0.00019951123616062167 -9.1588174164972393e-05 -0.00041366377268420458 -9.2377788107749051e-05 -1.2962495010440085e-06 6.8438452527568827e-05
leaf_weight=85 52 62 40 95 199 3142
leaf_count=85 52 62 40 95 199 3142
internal_value=0.00016683 -0.00409218 -0.00588243 0.000353109 -0.000834974 0.000461351
internal_weight=3675 154 92 3521 294 3227
internal_count=3675 154 92 3521 294 3227
is_linear=0
shrinkage=0.0173253


Tree=18
num_leaves=7
num_cat=0
split_feature=5 0 5 5 4 5
split_gain=9.18599 2.23767 1.95727 1.48361 0.890709 0.135299
threshold=0.019677979365740169 0.0018773748705539002 0.025457031539862677 0.013183013464178764 -0.0080324993259639366 0.011195324262379852
decision_type=2 2 2 2 2 2
left_child=3 2 -2 5 -5 -1
right_child=1 -3 -4 4 -6 -7
leaf_value=7.5444176046214693e-05 -0.00019605463885561208 -9.000137914489386e-05 -0.00040649691276515139 -9.0777312768310398e-05 -1.2737915552252715e-06 2.9355189434548947e-06
leaf_weight=3017 52 62 40 95 199 210
leaf_count=3017 52 62 40 95 199 210
internal_value=0.000162116 -0.00397968 -0.00569411 0.000343268 -0.000834974 0.000450613
internal_weight=3675 154 92 3521 294 3227
internal_count=3675 154 92 3521 294 3227
is_linear=0
shrinkage=0.0173253


Tree=19
num_leaves=7
num_cat=0
split_feature=5 5 5 4 4 5
split_gain=8.71409 2.29004 1.48361 0.890709 0.856679 0.135299
threshold=0.019677979365740169 0.029288519677067144 0.013183013464178764 -0.0080324993259639366 0.029137955590815962 0.011195324262379852
decision_type=2 2 2 2 2 2
left_child=2 4 5 -4 -2 -1
right_child=1 -3 3 -5 -6 -7
leaf_value=7.4137081064405905e-05 -9.3224555196649424e-05 -0.0003982285377108287 -8.9204566186667545e-05 -1.2517227006501547e-06 -2.7442520346375901e-06 2.8846601193404373e-06
leaf_weight=3017 75 42 95 199 37 210
leaf_count=3017 75 42 95 199 37 210
internal_value=0.00016683 -0.00386717 0.000343268 -0.000834974 -0.0025734 0.000450613
internal_weight=3675 154 3521 294 112 3227
internal_count=3675 154 3521 294 112 3227
is_linear=0
shrinkage=0.0173253


Tree=20
num_leaves=6
num_cat=0
split_feature=5 0 5 6 5
split_gain=8.2148 2.0231 1.50721 0.980738 0.135299
threshold=0.022429431329356878 0.0020006594309686502 0.013183013464178764 0.0086111695975352887 0.011195324262379852
decision_type=2 2 2 2 2
left_child=2 -2 4 -4 -1
right_child=1 -3 3 -5 -6
leaf_value=7.2852631929911095e-05 -0.0003772337400594395 -8.9876574113574435e-05 7.7599750170388116e-06 -6.4745696956398279e-05 2.8346824409586782e-06
leaf_weight=3017 65 47 148 188 210
leaf_count=3017 65 47 148 188 210
internal_value=0.000190402 -0.00442968 0.000335631 -0.000768678 0.000450613
internal_weight=3675 112 3563 336 3227
internal_count=3675 112 3563 336 3227
is_linear=0
shrinkage=0.0173253


Tree=21
num_leaves=5
num_cat=0
split_feature=5 5 4 6
split_gain=8.01797 2.60985 1.28004 0.341447
threshold=0.029288519677067144 0.015452182367311038 -0.0082280281027608589 0.009620433864609439
decision_type=2 2 2 2
left_child=1 3 -3 -1
right_child=-2 2 -4 -5
leaf_value=6.3317739007185975e-05 -0.00038479340056737818 -8.343190397420736e-05 -5.3340095072599811e-05 -7.4524713545382889e-06
leaf_weight=3098 42 93 159 283
leaf_count=3098 42 93 159 283
internal_value=0.00020926 0.000296271 -0.00140463 0.000423046
internal_weight=3675 3633 252 3381
internal_count=3675 3633 252 3381
is_linear=0
shrinkage=0.0173253


Tree=22
num_leaves=5
num_cat=0
split_feature=5 5 4 6
split_gain=8.01797 2.40313 1.10045 0.3354
threshold=0.029288519677067144 0.015452182367311038 -0.0082280281027608589 0.009620433864609439
decision_type=2 2 2 2
left_child=1 3 -3 -1
right_child=-2 2 -4 -5
leaf_value=6.2220738506245087e-05 -0.00037812672927115172 -8.1986418998128698e-05 -5.2415960510431756e-05 -7.323354855159677e-06
leaf_weight=3098 42 93 159 283
leaf_count=3098 42 93 159 283
internal_value=0.00020926 0.000296271 -0.00133588 0.000417922
internal_weight=3675 3633 252 3381
internal_count=3675 3633 252 3381
is_linear=0
shrinkage=0.0173253


Tree=23
num_leaves=5
num_cat=0
split_feature=5 5 4 4
split_gain=8.01797 2.20494 0.934421 0.392986
threshold=0.029288519677067144 0.015452182367311038 -0.0082280281027608589 -0.034868564635285322
decision_type=2 2 2 2
left_child=1 3 -3 -1
right_child=-2 2 -4 -5
leaf_value=-4.4032361335152244e-05 -0.00037157556023173732 -8.0565977521197761e-05 -5.1507836881274431e-05 5.5935697440980367e-05
leaf_weight=56 42 93 159 3325
leaf_count=56 42 93 159 3325
internal_value=0.00020926 0.000296271 -0.00126713 0.000412798
internal_weight=3675 3633 252 3381
internal_count=3675 3633 252 3381
is_linear=0
shrinkage=0.0173253


Tree=24
num_leaves=5
num_cat=0
split_feature=5 6 5 4
split_gain=8.03807 1.97966 1.36885 0.2548
threshold=0.029288519677067144 0.009620433864609439 0.013183013464178764 -0.03045049294633927
decision_type=2 2 2 2
left_child=1 3 -3 -1
right_child=-2 2 -4 -5
leaf_value=-1.1972642992833893e-05 -0.00036513789233482536 2.0282993828085887e-05 -8.8018260800412201e-05 6.1979834347442343e-05
leaf_weight=88 42 228 209 3108
leaf_count=88 42 228 209 3108
internal_value=0.000218689 0.000305809 -0.000787911 0.000455357
internal_weight=3675 3633 437 3196
internal_count=3675 3633 437 3196
is_linear=0
shrinkage=0.0173253


Tree=25
num_leaves=5
num_cat=0
split_feature=5 5 4 6
split_gain=7.19168 2.04108 1.08651 0.3354
threshold=0.029288519677067144 0.015452182367311038 0.029137955590815962 0.009620433864609439
decision_type=2 2 2 2
left_child=1 3 -3 -1
right_child=-2 2 -4 -5
leaf_value=5.9278386889963531e-05 -0.00035881175913606494 -7.7212511583305712e-05 2.4115025852598415e-05 -8.5169890522046699e-06
leaf_weight=3098 42 162 90 283
leaf_count=3098 42 162 90 283
internal_value=0.000223403 0.000305809 -0.00119837 0.000417922
internal_weight=3675 3633 252 3381
internal_count=3675 3633 252 3381
is_linear=0
shrinkage=0.0173253


Tree=26
num_leaves=5
num_cat=0
split_feature=5 6 5 4
split_gain=6.40133 1.85541 1.25444 0.2548
threshold=0.029288519677067144 0.009620433864609439 0.013183013464178764 -0.03045049294633927
decision_type=2 2 2 2
left_child=1 3 -3 -1
right_child=-2 2 -4 -5
leaf_value=-1.2792230450728504e-05 -0.00035259522826039559 2.0079143953854756e-05 -8.6345756078871916e-05 5.9878996074844837e-05
leaf_weight=88 42 228 209 3108
leaf_count=88 42 228 209 3108
internal_value=0.000232832 0.000310578 -0.000748265 0.000455357
internal_weight=3675 3633 437 3196
internal_count=3675 3633 437 3196
is_linear=0
shrinkage=0.0173253


Tree=27
num_leaves=7
num_cat=0
split_feature=5 6 5 4 4 6
split_gain=5.80675 1.95487 1.06214 1.0392 0.873038 0.0688732
threshold=0.022429431329356878 0.01932879728132712 0.011658638327802192 -0.03045049294633927 0.029137955590815962 0.0068246398545956126
decision_type=2 2 2 2 2 2
left_child=2 4 5 -4 -2 -1
right_child=1 -3 3 -5 -6 -7
leaf_value=7.5693975349514392e-05 -0.00012747070623538061 -0.00035175435447721209 -5.3165318944033412e-05 -8.4431951202149204e-07 1.3806395613111487e-05 3.5589139566392068e-05
leaf_weight=2398 45 34 64 426 33 675
leaf_count=2398 45 34 64 426 33 675
internal_value=0.000228117 -0.00365623 0.000350219 -0.000398894 -0.00214503 0.000469667
internal_weight=3675 112 3563 490 78 3073
internal_count=3675 112 3563 490 78 3073
is_linear=0
shrinkage=0.0173253


Tree=28
num_leaves=7
num_cat=0
split_feature=5 6 4 5 6 6
split_gain=5.84912 1.95487 0.873038 0.818552 0.67943 0.0688732
threshold=0.022429431329356878 0.01932879728132712 0.029137955590815962 0.011658638327802192 0.0086111695975352887 0.0068246398545956126
decision_type=2 2 2 2 2 2
left_child=3 2 -2 5 -5 -1
right_child=1 -3 -4 4 -6 -7
leaf_value=7.4382552513218845e-05 -0.00012526223463187576 -0.0003456600954414331 1.3567195301457106e-05 6.767873218976851e-06 -5.6266733802158061e-05 3.4972546103887714e-05
leaf_weight=2398 45 34 33 258 232 675
leaf_count=2398 45 34 33 258 232 675
internal_value=0.00024226 -0.00365623 -0.00214503 0.000364806 -0.000292821 0.000469667
internal_weight=3675 112 78 3563 490 3073
internal_count=3675 112 78 3563 490 3073
is_linear=0
shrinkage=0.0173253


Tree=29
num_leaves=7
num_cat=0
split_feature=5 6 4 6 5 4
split_gain=5.86327 1.95487 0.873038 0.728016 0.551284 0.161479
threshold=0.022429431329356878 0.01932879728132712 0.029137955590815962 0.009620433864609439 0.011195324262379852 -0.03045049294633927
decision_type=2 2 2 2 2 2
left_child=3 2 -2 5 -5 -1
right_child=1 -3 -4 4 -6 -7
leaf_value=-1.431856165504343e-05 -0.00012309202551994664 -0.00033967142143316668 1.3332139213298724e-05 4.2214053198183224e-05 -6.8703177987326682e-05 5.6319999931232217e-05
leaf_weight=86 45 34 33 184 195 3098
leaf_count=86 45 34 33 184 195 3098
internal_value=0.000246975 -0.00365623 -0.00214503 0.000369669 -0.000348143 0.000455112
internal_weight=3675 112 78 3563 379 3184
internal_count=3675 112 78 3563 379 3184
is_linear=0
shrinkage=0.0173253


Tree=30
num_leaves=7
num_cat=0
split_feature=5 6 5 4 0 6
split_gain=5.82086 1.95487 0.883606 0.873038 0.605547 0.0675586
threshold=0.022429431329356878 0.01932879728132712 0.011658638327802192 0.029137955590815962 0.0015358368232082501 0.0060411994965450496
decision_type=2 2 2 2 2 2
left_child=2 3 5 -2 -4 -1
right_child=1 -3 4 -5 -6 -7
leaf_value=7.9674916991807055e-05 -0.00012095941598943443 -0.0003337865031573388 -3.8019198818678253e-05 1.3101155548611293e-05 1.0719869441908943e-05 3.4648906779324734e-05
leaf_weight=2074 45 34 253 33 237 999
leaf_count=2074 45 34 253 33 237 999
internal_value=0.000232832 -0.00365623 0.000355081 -0.00214503 -0.000328179 0.000464029
internal_weight=3675 112 3563 78 490 3073
internal_count=3675 112 3563 78 490 3073
is_linear=0
shrinkage=0.0173253


Tree=31
num_leaves=7
num_cat=0
split_feature=5 6 4 5 6 6
split_gain=5.83498 1.95487 0.873038 0.806492 0.538458 0.0675586
threshold=0.022429431329356878 0.01932879728132712 0.029137955590815962 0.011658638327802192 0.0086111695975352887 0.0060411994965450496
decision_type=2 2 2 2 2 2
left_child=3 2 -2 5 -5 -1
right_child=1 -3 -4 4 -6 -7
leaf_value=7.8294523041819091e-05 -0.00011886375461531512 -0.00032800354301200965 1.2874173751328562e-05 6.9497216316712422e-06 -5.34428942464725e-05 3.4048603156833408e-05
leaf_weight=2074 45 34 33 258 232 999
leaf_count=2074 45 34 33 258 232 999
internal_value=0.000237546 -0.00365623 -0.00214503 0.000359944 -0.000292821 0.000464029
internal_weight=3675 112 78 3563 490 3073
internal_count=3675 112 78 3563 490 3073
is_linear=0
shrinkage=0.0173253


Tree=32
num_leaves=7
num_cat=0
split_feature=5 6 4 5 0 6
split_gain=5.86327 1.95487 0.873038 0.662825 0.543755 0.0675586
threshold=0.022429431329356878 0.01932879728132712 0.029137955590815962 0.011658638327802192 0.0015358368232082501 0.0060411994965450496
decision_type=2 2 2 2 2 2
left_child=3 2 -2 5 -5 -1
right_child=1 -3 -4 4 -6 -7
leaf_value=7.69380448677002e-05 -0.00011680440125871598 -0.00032232077453927995 1.2651124487791135e-05 -3.6434588194818403e-05 1.0506690351160932e-05 3.3458699990595189e-05
leaf_weight=2074 45 34 33 253 237 999
leaf_count=2074 45 34 33 253 237 999
internal_value=0.000246975 -0.00365623 -0.00214503 0.000369669 -0.000222105 0.000464029
internal_weight=3675 112 78 3563 490 3073
internal_count=3675 112 78 3563 490 3073
is_linear=0
shrinkage=0.0173253


Tree=33
num_leaves=7
num_cat=0
split_feature=5 6 4 6 5 4
split_gain=5.87744 1.95487 0.873038 0.647511 0.513307 0.161479
threshold=0.022429431329356878 0.01932879728132712 0.029137955590815962 0.009620433864609439 0.013183013464178764 -0.03045049294633927
decision_type=2 2 2 2 2 2
left_child=3 2 -2 5 -5 -1
right_child=1 -3 -4 4 -6 -7
leaf_value=-1.4526994636650368e-05 -0.00011478072687137928 -0.00031673646188571031 1.2431939625567978e-05 1.7987859952551232e-05 -7.1782075325964065e-05 5.3069585308892272e-05
leaf_weight=86 45 34 33 228 151 3098
leaf_count=86 45 34 33 228 151 3098
internal_value=0.000251689 -0.00365623 -0.00214503 0.000374532 -0.00030243 0.000455112
internal_weight=3675 112 78 3563 379 3184
internal_count=3675 112 78 3563 379 3184
is_linear=0
shrinkage=0.0173253


Tree=34
num_leaves=7
num_cat=0
split_feature=5 6 4 5 4 6
split_gain=5.86327 1.95487 0.873038 0.662825 0.496714 0.0675586
threshold=0.022429431329356878 0.01932879728132712 0.029137955590815962 0.011658638327802192 -0.03045049294633927 0.0060411994965450496
decision_type=2 2 2 2 2 2
left_child=3 2 -2 5 -5 -1
right_child=1 -3 -4 4 -6 -7
leaf_value=7.4685620228632227e-05 -0.00011279211330351365 -0.0003112488992720889 1.2216552212644597e-05 -4.6619568261039633e-05 -2.4696281455275483e-08 3.1959569197116886e-05
leaf_weight=2074 45 34 33 64 426 999
leaf_count=2074 45 34 33 64 426 999
internal_value=0.000246975 -0.00365623 -0.00214503 0.000369669 -0.000222105 0.000464029
internal_weight=3675 112 78 3563 490 3073
internal_count=3675 112 78 3563 490 3073
is_linear=0
shrinkage=0.0173253


Tree=35
num_leaves=7
num_cat=0
split_feature=5 6 4 5 4 4
split_gain=5.84912 1.95487 0.873038 0.651977 0.496714 0.0680445
threshold=0.022429431329356878 0.01932879728132712 0.029137955590815962 0.011658638327802192 -0.03045049294633927 -0.013698672483897304
decision_type=2 2 2 2 2 2
left_child=3 2 -2 5 -5 -1
right_child=1 -3 -4 4 -6 -7
leaf_value=2.2292836857276225e-05 -0.00011083795311497481 -0.0003058564104723857 1.2004896456972046e-05 -4.581186902007013e-05 -2.426841031597827e-08 7.0809969704413995e-05
leaf_weight=484 45 34 33 64 426 2589
leaf_count=484 45 34 33 64 426 2589
internal_value=0.00024226 -0.00365623 -0.00214503 0.000364806 -0.000222105 0.000458391
internal_weight=3675 112 78 3563 490 3073
internal_count=3675 112 78 3563 490 3073
is_linear=0
shrinkage=0.0173253


Tree=36
num_leaves=7
num_cat=0
split_feature=5 6 4 5 4 4
split_gain=5.83498 1.95487 0.873038 0.641218 0.496714 0.0915516
threshold=0.022429431329356878 0.01932879728132712 0.029137955590815962 0.011658638327802192 -0.03045049294633927 -0.013698672483897304
decision_type=2 2 2 2 2 2
left_child=3 2 -2 5 -5 -1
right_child=1 -3 -4 4 -6 -7
leaf_value=2.1906606180324063e-05 -0.00010891764938971717 -0.00030055734830173377 1.1796907706370168e-05 -4.5018163432156563e-05 -2.3847952183846805e-08 6.9583163860501354e-05
leaf_weight=484 45 34 33 64 426 2589
leaf_count=484 45 34 33 64 426 2589
internal_value=0.000237546 -0.00365623 -0.00214503 0.000359944 -0.000222105 0.000452754
internal_weight=3675 112 78 3563 490 3073
internal_count=3675 112 78 3563 490 3073
is_linear=0
shrinkage=0.0173253


Tree=37
num_leaves=7
num_cat=0
split_feature=5 6 4 5 4 4
split_gain=5.83498 1.95487 0.873038 0.641218 0.496714 0.0915516
threshold=0.022429431329356878 0.01932879728132712 0.029137955590815962 0.011658638327802192 -0.03045049294633927 -0.013698672483897304
decision_type=2 2 2 2 2 2
left_child=3 2 -2 5 -5 -1
right_child=1 -3 -4 4 -6 -7
leaf_value=2.1527067075950767e-05 -0.00010703061555346059 -0.00029535009411328194 1.1592522428778804e-05 -4.4238209052690942e-05 -2.3434778626148321e-08 6.837761282837496e-05
leaf_weight=484 45 34 33 64 426 2589
leaf_count=484 45 34 33 64 426 2589
internal_value=0.000237546 -0.00365623 -0.00214503 0.000359944 -0.000222105 0.000452754
internal_weight=3675 112 78 3563 490 3073
internal_count=3675 112 78 3563 490 3073
is_linear=0
shrinkage=0.0173253


Tree=38
num_leaves=7
num_cat=0
split_feature=5 6 4 5 4 4
split_gain=5.83498 1.95487 0.873038 0.641218 0.496714 0.0915516
threshold=0.022429431329356878 0.01932879728132712 0.029137955590815962 0.011658638327802192 -0.03045049294633927 -0.013698672483897304
decision_type=2 2 2 2 2 2
left_child=3 2 -2 5 -5 -1
right_child=1 -3 -4 4 -6 -7
leaf_value=2.1154103610476638e-05 -0.0001051762751945158 -0.00029023305730376409 1.1391678192851565e-05 -4.34717676374973e-05 -2.3028763435237105e-08 6.7192948361481146e-05
leaf_weight=484 45 34 33 64 426 2589
leaf_count=484 45 34 33 64 426 2589
internal_value=0.000237546 -0.00365623 -0.00214503 0.000359944 -0.000222105 0.000452754
internal_weight=3675 112 78 3563 490 3073
internal_count=3675 112 78 3563 490 3073
is_linear=0
shrinkage=0.0173253


Tree=39
num_leaves=7
num_cat=0
split_feature=5 6 4 5 4 4
split_gain=5.83498 1.95487 0.873038 0.641218 0.496714 0.0915516
threshold=0.022429431329356878 0.01932879728132712 0.029137955590815962 0.011658638327802192 -0.03045049294633927 -0.013698672483897304
decision_type=2 2 2 2 2 2
left_child=3 2 -2 5 -5 -1
right_child=1 -3 -4 4 -6 -7
leaf_value=2.0787601858810886e-05 -0.00010335406188771427 -0.00028520467482763523 1.1194313648885491e-05 -4.271860507005771e-05 -2.2629782590063581e-08 6.6028808593257969e-05
leaf_weight=484 45 34 33 64 426 2589
leaf_count=484 45 34 33 64 426 2589
internal_value=0.000237546 -0.00365623 -0.00214503 0.000359944 -0.000222105 0.000452754
internal_weight=3675 112 78 3563 490 3073
internal_count=3675 112 78 3563 490 3073
is_linear=0
shrinkage=0.0173253


Tree=40
num_leaves=6
num_cat=0
split_feature=5 4 5 4 4
split_gain=5.75352 1.64626 0.684001 0.635365 0.0915516
threshold=0.023308038579634077 -0.014472948020455576 0.011658638327802192 -0.03045049294633927 -0.013698672483897304
decision_type=2 2 2 2 2
left_child=2 -2 4 -4 -1
right_child=1 -3 3 -5 -6
leaf_value=2.0427449869652096e-05 -0.00027499545705419797 -0.00010478674216987555 -3.9068413142500313e-05 1.3073736455319715e-07 6.4884837926599875e-05
leaf_weight=484 42 56 67 437 2589
leaf_count=484 42 56 67 437 2589
internal_value=0.00024226 -0.00389932 0.000355728 -0.000235856 0.000452754
internal_weight=3675 98 3577 504 3073
internal_count=3675 98 3577 504 3073
is_linear=0
shrinkage=0.0173253


Tree=41
num_leaves=6
num_cat=0
split_feature=5 4 5 4 4
split_gain=5.75352 1.64626 0.684001 0.635365 0.0915516
threshold=0.023308038579634077 -0.014472948020455576 0.011658638327802192 -0.03045049294633927 -0.013698672483897304
decision_type=2 2 2 2 2
left_child=2 -2 4 -4 -1
right_child=1 -3 3 -5 -6
leaf_value=2.0073537631291688e-05 -0.00027023107097732488 -0.00010297127764990472 -3.8391540129340077e-05 1.2847229702781829e-07 6.3760686925237205e-05
leaf_weight=484 42 56 67 437 2589
leaf_count=484 42 56 67 437 2589
internal_value=0.00024226 -0.00389932 0.000355728 -0.000235856 0.000452754
internal_weight=3675 98 3577 504 3073
internal_count=3675 98 3577 504 3073
is_linear=0
shrinkage=0.0173253


Tree=42
num_leaves=6
num_cat=0
split_feature=5 4 5 4 4
split_gain=5.71429 1.64626 0.708221 0.538219 0.109788
threshold=0.023308038579634077 -0.014472948020455576 0.010595372574477195 -0.03045049294633927 -0.0095464122074336872
decision_type=2 2 2 2 2
left_child=2 -2 4 -4 -1
right_child=1 -3 3 -5 -6
leaf_value=3.0655215496274285e-05 -0.00026554922944476041 -0.00010118726664547438 -3.3891731655996481e-05 1.220863811447889e-07 7.5358712389135386e-05
leaf_weight=664 42 56 75 569 2269
leaf_count=664 42 56 75 569 2269
internal_value=0.000228117 -0.00389932 0.000341198 -0.000179061 0.000455431
internal_weight=3675 98 3577 644 2933
internal_count=3675 98 3577 644 2933
is_linear=0
shrinkage=0.0173253


Tree=43
num_leaves=6
num_cat=0
split_feature=5 4 5 6 4
split_gain=5.72735 1.64626 0.649437 0.527185 0.109788
threshold=0.023308038579634077 -0.014472948020455576 0.010595372574477195 0.017851811167477822 -0.0095464122074336872
decision_type=2 2 2 2 2
left_child=2 -2 4 -4 -1
right_child=1 -3 3 -5 -6
leaf_value=3.0124103879164143e-05 -0.00026094850234532451 -9.9434164214158422e-05 -4.2389547018170335e-07 -8.1906966889322281e-05 7.4053098093088588e-05
leaf_weight=664 42 56 604 40 2269
leaf_count=664 42 56 604 40 2269
internal_value=0.000232832 -0.00389932 0.000346041 -0.000152158 0.000455431
internal_weight=3675 98 3577 644 2933
internal_count=3675 98 3577 644 2933
is_linear=0
shrinkage=0.0173253


Tree=44
num_leaves=6
num_cat=0
split_feature=5 4 5 4 4
split_gain=5.74042 1.64626 0.593199 0.428548 0.109788
threshold=0.023308038579634077 -0.014472948020455576 0.010595372574477195 0.0078037120192081975 -0.0095464122074336872
decision_type=2 2 2 2 2
left_child=2 -2 4 -4 -1
right_child=1 -3 3 -5 -6
leaf_value=2.9602193944223364e-05 -0.00025642748434498018 -9.7711434854836358e-05 -2.3139927935733749e-05 1.493181218839124e-05 7.2770103990991487e-05
leaf_weight=664 42 56 341 303 2269
leaf_count=664 42 56 341 303 2269
internal_value=0.000237546 -0.00389932 0.000350885 -0.000125256 0.000455431
internal_weight=3675 98 3577 644 2933
internal_count=3675 98 3577 644 2933
is_linear=0
shrinkage=0.0173253


Tree=45
num_leaves=6
num_cat=0
split_feature=5 4 5 4 4
split_gain=5.74042 1.64626 0.593199 0.428548 0.109788
threshold=0.023308038579634077 -0.014472948020455576 0.010595372574477195 0.0078037120192081975 -0.0095464122074336872
decision_type=2 2 2 2 2
left_child=2 -2 4 -4 -1
right_child=1 -3 3 -5 -6
leaf_value=2.9089326269304057e-05 -0.00025198479445756128 -9.601855234411935e-05 -2.2739021129280109e-05 1.4673113667132283e-05 7.1509338180598633e-05
leaf_weight=664 42 56 341 303 2269
leaf_count=664 42 56 341 303 2269
internal_value=0.000237546 -0.00389932 0.000350885 -0.000125256 0.000455431
internal_weight=3675 98 3577 644 2933
internal_count=3675 98 3577 644 2933
is_linear=0
shrinkage=0.0173253


Tree=46
num_leaves=6
num_cat=0
split_feature=5 4 5 6 4
split_gain=5.76662 1.64626 0.544201 0.401191 0.0906495
threshold=0.023308038579634077 -0.014472948020455576 0.011658638327802192 0.016400753950310102 -0.0095464122074336872
decision_type=2 2 2 2 2
left_child=2 -2 4 -4 -1
right_child=1 -3 3 -5 -6
leaf_value=2.4142677789995187e-05 -0.00024761907562293806 -9.4354999575610636e-05 4.857430758719497e-09 -8.1631611748387195e-05 6.2995858259375952e-05
leaf_weight=705 42 56 457 47 2368
leaf_count=705 42 56 457 47 2368
internal_value=0.000246975 -0.00389932 0.000360572 -0.000167104 0.000447116
internal_weight=3675 98 3577 504 3073
internal_count=3675 98 3577 504 3073
is_linear=0
shrinkage=0.0173253


Tree=47
num_leaves=6
num_cat=0
split_feature=5 4 5 4 4
split_gain=5.74042 1.64626 0.593199 0.428548 0.109788
threshold=0.023308038579634077 -0.014472948020455576 0.010595372574477195 0.0078037120192081975 -0.0095464122074336872
decision_type=2 2 2 2 2
left_child=2 -2 4 -4 -1
right_child=1 -3 3 -5 -6
leaf_value=2.8167064419232115e-05 -0.00024332899429249045 -9.2720268401950493e-05 -2.2345144320714373e-05 1.3405295356377268e-05 6.917899173760482e-05
leaf_weight=664 42 56 341 303 2269
leaf_count=664 42 56 341 303 2269
internal_value=0.000237546 -0.00389932 0.000350885 -0.000125256 0.000455431
internal_weight=3675 98 3577 644 2933
internal_count=3675 98 3577 644 2933
is_linear=0
shrinkage=0.0173253


Tree=48
num_leaves=5
num_cat=0
split_feature=5 6 5 4
split_gain=5.65697 1.12839 0.672786 0.161548
threshold=0.029288519677067144 0.009620433864609439 0.013183013464178764 -0.017995270827315338
decision_type=2 2 2 2
left_child=1 3 -3 -1
right_child=-2 2 -4 -5
leaf_value=9.6060369512148604e-07 -0.00023911324002176372 8.5305646134300771e-06 -6.6683286843908447e-05 5.6950223469979665e-05
leaf_weight=353 42 228 209 2843
leaf_count=353 42 228 209 2843
internal_value=0.00024226 0.000315347 -0.000510389 0.000428253
internal_weight=3675 3633 437 3196
internal_count=3675 3633 437 3196
is_linear=0
shrinkage=0.0173253


Tree=49
num_leaves=5
num_cat=0
split_feature=5 6 5 6
split_gain=5.66541 1.06742 0.739731 0.21921
threshold=0.029288519677067144 0.011140950624384582 0.013183013464178764 0.0059990409871090253
decision_type=2 2 2 2
left_child=1 3 -3 -1
right_child=-2 2 -4 -5
leaf_value=6.0316167457621476e-05 -0.00023497052507018105 1.1889163712000463e-05 -7.7997994055866625e-05 9.9680246039328421e-06
leaf_weight=2135 42 131 153 1214
leaf_count=2135 42 131 153 1214
internal_value=0.000246975 0.000320116 -0.000699685 0.000406596
internal_weight=3675 3633 284 3349
internal_count=3675 3633 284 3349
is_linear=0
shrinkage=0.0173253


Tree=50
num_leaves=5
num_cat=0
split_feature=5 6 5 6
split_gain=5.66541 1.06742 0.739731 0.21921
threshold=0.029288519677067144 0.011140950624384582 0.013183013464178764 0.0059990409871090253
decision_type=2 2 2 2
left_child=1 3 -3 -1
right_child=-2 2 -4 -5
leaf_value=5.9271170163761434e-05 -0.00023089958400769175 1.1683180068990848e-05 -7.6646653343243287e-05 9.7953253232041956e-06
leaf_weight=2135 42 131 153 1214
leaf_count=2135 42 131 153 1214
internal_value=0.000246975 0.000320116 -0.000699685 0.000406596
internal_weight=3675 3633 284 3349
internal_count=3675 3633 284 3349
is_linear=0
shrinkage=0.0173253


Tree=51
num_leaves=5
num_cat=0
split_feature=5 6 5 6
split_gain=4.95861 1.06742 0.739731 0.21921
threshold=0.029288519677067144 0.011140950624384582 0.013183013464178764 0.0059990409871090253
decision_type=2 2 2 2
left_child=1 3 -3 -1
right_child=-2 2 -4 -5
leaf_value=5.8244277789199229e-05 -0.00022689917332823376 1.1480765159848064e-05 -7.5318725049666058e-05 9.6256181138988305e-06
leaf_weight=2135 42 131 153 1214
leaf_count=2135 42 131 153 1214
internal_value=0.000251689 0.000320116 -0.000699685 0.000406596
internal_weight=3675 3633 284 3349
internal_count=3675 3633 284 3349
is_linear=0
shrinkage=0.0173253


Tree=52
num_leaves=6
num_cat=0
split_feature=5 6 5 4 4
split_gain=4.38572 1.36206 0.581192 0.428548 0.134131
threshold=0.023308038579634077 0.015989846888083654 0.010595372574477195 0.0078037120192081975 -0.013698672483897304
decision_type=2 2 2 2 2
left_child=2 -2 4 -4 -1
right_child=1 -3 3 -5 -6
leaf_value=2.0397841785997615e-05 -1.7383453849763716e-05 -0.0002180653377767778 -2.1561182504389282e-05 1.5303236616426081e-05 6.1815128599168454e-05
leaf_weight=451 48 50 341 303 2482
leaf_count=451 48 50 341 303 2482
internal_value=0.000246975 -0.00336895 0.000346041 -0.000125256 0.000449524
internal_weight=3675 98 3577 644 2933
internal_count=3675 98 3577 644 2933
is_linear=0
shrinkage=0.0173253


Tree=53
num_leaves=6
num_cat=0
split_feature=5 6 5 4 4
split_gain=4.39716 1.36206 0.528059 0.381295 0.134131
threshold=0.023308038579634077 0.015989846888083654 0.010595372574477195 0.0078037120192081975 -0.013698672483897304
decision_type=2 2 2 2 2
left_child=2 -2 4 -4 -1
right_child=1 -3 3 -5 -6
leaf_value=2.0044442517353293e-05 -1.7082279836283726e-05 -0.0002142872846035301 -2.1187627977979088e-05 1.5038103045684858e-05 6.0744161314134502e-05
leaf_weight=451 48 50 341 303 2482
leaf_count=451 48 50 341 303 2482
internal_value=0.000251689 -0.00336895 0.000350885 -9.83531e-05 0.000449524
internal_weight=3675 98 3577 644 2933
internal_count=3675 98 3577 644 2933
is_linear=0
shrinkage=0.0173253


Tree=54
num_leaves=5
num_cat=0
split_feature=5 6 5 4
split_gain=4.29153 1.02264 0.596703 0.204421
threshold=0.029288519677067144 0.009620433864609439 0.010762427398589741 -0.017995270827315338
decision_type=2 2 2 2
left_child=1 3 -3 -1
right_child=-2 2 -4 -5
leaf_value=1.1210415375212344e-06 -0.00021547742072812313 3.1687311683389733e-05 -5.9325638372561063e-05 5.2097115433845777e-05
leaf_weight=353 42 173 264 2843
leaf_count=353 42 173 264 2843
internal_value=0.000251689 0.000315347 -0.000470743 0.000422832
internal_weight=3675 3633 437 3196
internal_count=3675 3633 437 3196
is_linear=0
shrinkage=0.0173253


Tree=55
num_leaves=5
num_cat=0
split_feature=5 6 5 4
split_gain=4.29888 0.837931 0.586922 0.198823
threshold=0.029288519677067144 0.009620433864609439 0.013183013464178764 -0.017995270827315338
decision_type=2 2 2 2
left_child=1 3 -3 -1
right_child=-2 2 -4 -5
leaf_value=1.1016191268742732e-06 -0.0002117442040626737 7.9111264625504359e-06 -6.0089091024618886e-05 5.119451589974021e-05
leaf_weight=353 42 228 209 2843
leaf_count=353 42 228 209 2843
internal_value=0.000256404 0.000320116 -0.000391451 0.000417411
internal_weight=3675 3633 437 3196
internal_count=3675 3633 437 3196
is_linear=0
shrinkage=0.0173253


Tree=56
num_leaves=5
num_cat=0
split_feature=5 5 6 6
split_gain=4.27685 0.892722 0.633854 0.150009
threshold=0.029288519677067144 0.011195324262379852 0.0087614225638239698 0.0060411994965450496
decision_type=2 2 2 2
left_child=1 3 -3 -1
right_child=-2 2 -4 -5
leaf_value=5.7286901500398718e-05 -0.00020807566659481299 9.1877071631232052e-06 -4.4072753334517937e-05 1.84008240021236e-05
leaf_weight=2057 42 316 300 960
leaf_count=2057 42 316 300 960
internal_value=0.00024226 0.000305809 -0.000295232 0.000428527
internal_weight=3675 3633 616 3017
internal_count=3675 3633 616 3017
is_linear=0
shrinkage=0.0173253


Tree=57
num_leaves=5
num_cat=0
split_feature=5 5 6 6
split_gain=4.28419 0.824687 0.618686 0.150009
threshold=0.029288519677067144 0.011195324262379852 0.011140950624384582 0.0060411994965450496
decision_type=2 2 2 2
left_child=1 3 -3 -1
right_child=-2 2 -4 -5
leaf_value=5.6294387228274172e-05 -0.00020447068773632565 1.4136529363182397e-06 -6.5418528476833288e-05 1.8082023718592253e-05
leaf_weight=2057 42 437 179 960
leaf_count=2057 42 437 179 960
internal_value=0.000246975 0.000310578 -0.000267106 0.000428527
internal_weight=3675 3633 616 3017
internal_count=3675 3633 616 3017
is_linear=0
shrinkage=0.0173253


Tree=58
num_leaves=5
num_cat=0
split_feature=5 6 5 6
split_gain=4.27685 0.915587 0.648296 0.274487
threshold=0.029288519677067144 0.011140950624384582 0.013183013464178764 0.0059990409871090253
decision_type=2 2 2 2
left_child=1 3 -3 -1
right_child=-2 2 -4 -5
leaf_value=5.4303310383218928e-05 -0.00020092816631355311 1.3309730285123929e-05 -6.9307295068812787e-05 7.4316271927813689e-06
leaf_weight=2135 42 131 153 1214
leaf_count=2135 42 131 153 1214
internal_value=0.00024226 0.000305809 -0.00063868 0.000385903
internal_weight=3675 3633 284 3349
internal_count=3675 3633 284 3349
is_linear=0
shrinkage=0.0173253


Tree=59
num_leaves=5
num_cat=0
split_feature=5 6 5 6
split_gain=4.27685 0.915587 0.648296 0.274487
threshold=0.029288519677067144 0.011140950624384582 0.013183013464178764 0.0059990409871090253
decision_type=2 2 2 2
left_child=1 3 -3 -1
right_child=-2 2 -4 -5
leaf_value=5.3362487801313728e-05 -0.0001974470202310297 1.3079134862433429e-05 -6.8106523553570914e-05 7.3028718253106313e-06
leaf_weight=2135 42 131 153 1214
leaf_count=2135 42 131 153 1214
internal_value=0.00024226 0.000305809 -0.00063868 0.000385903
internal_weight=3675 3633 284 3349
internal_count=3675 3633 284 3349
is_linear=0
shrinkage=0.0173253


Tree=60
num_leaves=5
num_cat=0
split_feature=5 6 5 6
split_gain=3.66583 0.915587 0.648296 0.274487
threshold=0.029288519677067144 0.011140950624384582 0.013183013464178764 0.0059990409871090253
decision_type=2 2 2 2
left_child=1 3 -3 -1
right_child=-2 2 -4 -5
leaf_value=5.2437965277809676e-05 -0.00019402618614094722 1.2852534580728264e-05 -6.6926555796871162e-05 7.1763471866187212e-06
leaf_weight=2135 42 131 153 1214
leaf_count=2135 42 131 153 1214
internal_value=0.000246975 0.000305809 -0.00063868 0.000385903
internal_weight=3675 3633 284 3349
internal_count=3675 3633 284 3349
is_linear=0
shrinkage=0.0173253


Tree=61
num_leaves=5
num_cat=0
split_feature=5 5 6 4
split_gain=3.67262 0.819647 0.485259 0.122848
threshold=0.029288519677067144 0.010595372574477195 0.0084219068401703793 -0.013698672483897304
decision_type=2 2 2 2
left_child=1 3 -3 -1
right_child=-2 2 -4 -5
leaf_value=1.4916974799947665e-05 -0.0001906646191183453 9.8607281718033406e-06 -2.7375593359153269e-05 5.3827481021339017e-05
leaf_weight=451 42 355 345 2482
leaf_count=451 42 355 345 2482
internal_value=0.000251689 0.000310578 -0.000222105 0.00043771
internal_weight=3675 3633 700 2933
internal_count=3675 3633 700 2933
is_linear=0
shrinkage=0.0173253


Tree=62
num_leaves=5
num_cat=0
split_feature=5 6 0 6
split_gain=3.67262 0.868118 0.478756 0.269918
threshold=0.029288519677067144 0.011312306723436178 0.0096662020922502513 0.0059990409871090253
decision_type=2 2 2 2
left_child=1 3 -3 -1
right_child=-2 2 -4 -5
leaf_value=5.0932032345209254e-05 -0.0001873612923419297 -5.6116811979779396e-05 2.9941603037510447e-05 6.0033507092979877e-06
leaf_weight=2135 42 193 77 1228
leaf_count=2135 42 193 77 1228
internal_value=0.000251689 0.000310578 -0.000634613 0.000386463
internal_weight=3675 3633 270 3363
internal_count=3675 3633 270 3363
is_linear=0
shrinkage=0.0173253


Tree=63
num_leaves=5
num_cat=0
split_feature=5 5 6 4
split_gain=3.12065 0.701277 0.474758 0.122848
threshold=0.029288519677067144 0.010595372574477195 0.015989846888083654 -0.013698672483897304
decision_type=2 2 2 2
left_child=1 3 -3 -1
right_child=-2 2 -4 -5
leaf_value=1.3776119252081369e-05 -0.00018411519678042035 -5.2423336342667073e-08 -9.792104345328234e-05 5.2172262545335937e-05
leaf_weight=451 42 620 80 2482
leaf_count=451 42 620 80 2482
internal_value=0.000265832 0.000320116 -0.000172604 0.00043771
internal_weight=3675 3633 700 2933
internal_count=3675 3633 700 2933
is_linear=0
shrinkage=0.0173253


Tree=64
num_leaves=5
num_cat=0
split_feature=5 6 5 6
split_gain=3.12065 0.66361 0.408963 0.269918
threshold=0.029288519677067144 0.011312306723436178 0.013183013464178764 0.0059990409871090253
decision_type=2 2 2 2
left_child=1 3 -3 -1
right_child=-2 2 -4 -5
leaf_value=4.9520795104907655e-05 -0.00018092534088433369 1.0838247200972147e-05 -6.3176566862810685e-05 5.5524166043253624e-06
leaf_weight=2135 42 122 148 1228
leaf_count=2135 42 122 148 1228
internal_value=0.000265832 0.000320116 -0.000506277 0.000386463
internal_weight=3675 3633 270 3363
internal_count=3675 3633 270 3363
is_linear=0
shrinkage=0.0173253


Tree=65
num_leaves=5
num_cat=0
split_feature=5 6 0 4
split_gain=3.12065 0.581222 0.35901 0.233898
threshold=0.029288519677067144 0.009620433864609439 0.0022545057408387506 -0.017995270827315338
decision_type=2 2 2 2
left_child=1 3 -3 -1
right_child=-2 2 -4 -5
leaf_value=1.0625645357117237e-07 -0.00017779075028310438 -5.1329500934152133e-05 1.1493623755900182e-05 4.4589851724261367e-05
leaf_weight=353 42 235 202 2843
leaf_count=353 42 235 202 2843
internal_value=0.000265832 0.000320116 -0.000272513 0.000401148
internal_weight=3675 3633 437 3196
internal_count=3675 3633 437 3196
is_linear=0
shrinkage=0.0173253


Tree=66
num_leaves=5
num_cat=0
split_feature=5 5 0 4
split_gain=2.59643 0.619765 0.42209 0.153927
threshold=0.029288519677067144 0.010595372574477195 0.0015883415045030503 -0.017995270827315338
decision_type=2 2 2 2
left_child=1 3 -3 -1
right_child=-2 2 -4 -5
leaf_value=1.0397793751126183e-05 -0.00017471046748745547 -2.1816192040682058e-05 1.3247524106377977e-05 4.8435143758494413e-05
leaf_weight=295 42 374 326 2638
leaf_count=295 42 374 326 2638
internal_value=0.000265832 0.000315347 -0.000147854 0.000425896
internal_weight=3675 3633 700 2933
internal_count=3675 3633 700 2933
is_linear=0
shrinkage=0.0173253


Tree=67
num_leaves=5
num_cat=0
split_feature=5 6 2 6
split_gain=2.59072 0.64838 0.393114 0.280048
threshold=0.029288519677067144 0.011312306723436178 -0.0036844052859148495 0.0059990409871090253
decision_type=2 2 2 2
left_child=1 3 -3 -1
right_child=-2 2 -4 -5
leaf_value=4.7549038735104034e-05 -0.00017168355159692436 3.0779891291776011e-05 -5.8285458198656326e-05 5.5714839857737737e-06
leaf_weight=2135 42 101 169 1228
leaf_count=2135 42 101 169 1228
internal_value=0.000261118 0.000310578 -0.000506277 0.00037616
internal_weight=3675 3633 270 3363
internal_count=3675 3633 270 3363
is_linear=0
shrinkage=0.0173253


Tree=68
num_leaves=5
num_cat=0
split_feature=5 5 4 4
split_gain=2.59072 0.67439 0.389133 0.153927
threshold=0.029288519677067144 0.010595372574477195 0.0078037120192081975 -0.017995270827315338
decision_type=2 2 2 2
left_child=1 3 -3 -1
right_child=-2 2 -4 -5
leaf_value=9.5167487829554295e-06 -0.00016870907801245594 -2.0965479721913611e-05 1.6656793949805613e-05 4.7232305698673946e-05
leaf_weight=295 42 369 331 2638
leaf_count=295 42 369 331 2638
internal_value=0.000261118 0.000310578 -0.000172604 0.000425896
internal_weight=3675 3633 700 2933
internal_count=3675 3633 700 2933
is_linear=0
shrinkage=0.0173253


Tree=69
num_leaves=5
num_cat=0
split_feature=5 6 0 4
split_gain=2.59643 0.594911 0.494728 0.236888
threshold=0.029288519677067144 0.0070146018979856733 0.0022073227485360507 -0.019148457194197492
decision_type=2 2 2 2
left_child=1 3 -3 -1
right_child=-2 2 -4 -5
leaf_value=-1.2767157228605135e-06 -0.00016578613815397593 -2.1033963627490929e-05 1.9717999054942718e-05 4.7951690705406941e-05
leaf_weight=234 42 551 471 2377
leaf_count=234 42 551 471 2377
internal_value=0.000265832 0.000315347 -3.90198e-05 0.000454053
internal_weight=3675 3633 1022 2611
internal_count=3675 3633 1022 2611
is_linear=0
shrinkage=0.0173253


Tree=70
num_leaves=5
num_cat=0
split_feature=5 6 7 4
split_gain=2.57362 0.645744 0.462168 0.225084
threshold=0.029288519677067144 0.0070146018979856733 0.0066024586595150236 -0.019148457194197492
decision_type=2 2 2 2
left_child=1 3 -3 -1
right_child=-2 2 -4 -5
leaf_value=-1.254596206126371e-06 -0.0001629138391828562 -4.9817219492795129e-05 7.7725045042898025e-07 4.7120912008163437e-05
leaf_weight=234 42 45 977 2377
leaf_count=234 42 45 977 2377
internal_value=0.000246975 0.000296271 -7.29245e-05 0.000440782
internal_weight=3675 3633 1022 2611
internal_count=3675 3633 1022 2611
is_linear=0
shrinkage=0.0173253


Tree=71
num_leaves=5
num_cat=0
split_feature=5 6 7 4
split_gain=2.57362 0.645744 0.462168 0.225084
threshold=0.029288519677067144 0.0070146018979856733 0.0066024586595150236 -0.019148457194197492
decision_type=2 2 2 2
left_child=1 3 -3 -1
right_child=-2 2 -4 -5
leaf_value=-1.2328599172414555e-06 -0.00016009130372918951 -4.8954119900232679e-05 7.6378433261041008e-07 4.6304526823091047e-05
leaf_weight=234 42 45 977 2377
leaf_count=234 42 45 977 2377
internal_value=0.000246975 0.000296271 -7.29245e-05 0.000440782
internal_weight=3675 3633 1022 2611
internal_count=3675 3633 1022 2611
is_linear=0
shrinkage=0.0173253


Tree=72
num_leaves=5
num_cat=0
split_feature=5 6 7 4
split_gain=2.10491 0.645744 0.462168 0.225084
threshold=0.029288519677067144 0.0070146018979856733 0.0066024586595150236 -0.019148457194197492
decision_type=2 2 2 2
left_child=1 3 -3 -1
right_child=-2 2 -4 -5
leaf_value=-1.2115002166581667e-06 -0.00015731766962378865 -4.8105973789905192e-05 7.5055151967959736e-07 4.5502285777892059e-05
leaf_weight=234 42 45 977 2377
leaf_count=234 42 45 977 2377
internal_value=0.000251689 0.000296271 -7.29245e-05 0.000440782
internal_weight=3675 3633 1022 2611
internal_count=3675 3633 1022 2611
is_linear=0
shrinkage=0.0173253


Tree=73
num_leaves=5
num_cat=0
split_feature=5 6 4 1
split_gain=2.09976 0.665697 0.419354 0.0321612
threshold=0.029288519677067144 0.0059990409871090253 -0.0082280281027608589 -0.0051067297625431492
decision_type=2 2 2 2
left_child=1 3 -3 -1
right_child=-2 2 -4 -5
leaf_value=4.1892031577251628e-05 -0.00015459208963482905 -1.4653309303210772e-05 1.3190090129524413e-05 4.384290937285745e-05
leaf_weight=230 42 458 1040 1905
leaf_count=230 42 458 1040 1905
internal_value=0.000246975 0.000291503 1.15205e-05 0.000487949
internal_weight=3675 3633 1498 2135
internal_count=3675 3633 1498 2135
is_linear=0
shrinkage=0.0173253


Tree=74
num_leaves=5
num_cat=0
split_feature=5 6 7 1
split_gain=2.10491 0.633769 0.417665 0.0321612
threshold=0.029288519677067144 0.0059990409871090253 0.0058073027305565912 -0.0051067297625431492
decision_type=2 2 2 2
left_child=1 3 -3 -1
right_child=-2 2 -4 -5
leaf_value=4.116623845282467e-05 -0.00015191373120905424 -1.1342681027961446e-05 2.6047501579122439e-06 4.3083316653678512e-05
leaf_weight=230 42 51 1447 1905
leaf_count=230 42 51 1447 1905
internal_value=0.000251689 0.000296271 2.30861e-05 0.000487949
internal_weight=3675 3633 1498 2135
internal_count=3675 3633 1498 2135
is_linear=0
shrinkage=0.0173253


Tree=75
num_leaves=5
num_cat=0
split_feature=5 6 7 1
split_gain=2.10491 0.633769 0.417665 0.0321612
threshold=0.029288519677067144 0.0059990409871090253 0.0058073027305565912 -0.0051067297625431492
decision_type=2 2 2 2
left_child=1 3 -3 -1
right_child=-2 2 -4 -5
leaf_value=4.0453019931242983e-05 -0.00014928177621746459 -1.1146165375874224e-05 2.5596220110001859e-06 4.233688412635917e-05
leaf_weight=230 42 51 1447 1905
leaf_count=230 42 51 1447 1905
internal_value=0.000251689 0.000296271 2.30861e-05 0.000487949
internal_weight=3675 3633 1498 2135
internal_count=3675 3633 1498 2135
is_linear=0
shrinkage=0.0173253


Tree=76
num_leaves=6
num_cat=0
split_feature=6 0 6 7 4
split_gain=1.96415 1.04653 0.489573 0.469312 0.0327531
threshold=0.017851811167477822 -0.0062913659306445989 0.0058714698895394463 0.0058073027305565912 -0.022383025356067694
decision_type=2 2 2 2 2
left_child=2 -2 4 -4 -1
right_child=1 -3 3 -5 -6
leaf_value=7.8647649093802858e-06 -0.00016854718152400889 -3.9147929151536726e-05 -9.0690004374666666e-06 3.6198356256642843e-06 4.5868918048686383e-05
leaf_weight=104 38 46 64 1462 1961
leaf_count=104 38 46 64 1462 1961
internal_value=0.000251689 -0.00236715 0.000312949 7.7625e-05 0.000486849
internal_weight=3675 84 3591 1526 2065
internal_count=3675 84 3591 1526 2065
is_linear=0
shrinkage=0.0173253


Tree=77
num_leaves=6
num_cat=0
split_feature=6 0 6 7 4
split_gain=1.96415 1.04653 0.489573 0.469312 0.0327531
threshold=0.017851811167477822 -0.0062913659306445989 0.0058714698895394463 0.0058073027305565912 -0.022383025356067694
decision_type=2 2 2 2 2
left_child=2 -2 4 -4 -1
right_child=1 -3 3 -5 -6
leaf_value=7.7285052895541008e-06 -0.00016562704657504884 -3.8469678497558688e-05 -8.9118770439449102e-06 3.5571207916076436e-06 4.507422406772608e-05
leaf_weight=104 38 46 64 1462 1961
leaf_count=104 38 46 64 1462 1961
internal_value=0.000251689 -0.00236715 0.000312949 7.7625e-05 0.000486849
internal_weight=3675 84 3591 1526 2065
internal_count=3675 84 3591 1526 2065
is_linear=0
shrinkage=0.0173253


Tree=78
num_leaves=5
num_cat=0
split_feature=6 6 4 1
split_gain=1.67868 0.611835 0.475018 0.0432355
threshold=0.020341828989744907 0.0059990409871090253 -0.0082280281027608589 -0.0030981105952728499
decision_type=2 2 2 2
left_child=1 3 -3 -1
right_child=-2 2 -4 -5
leaf_value=3.2796218996280842e-05 -0.00016262405130963197 -1.5116890369155138e-05 1.5028228234408131e-05 4.0543704933662063e-05
leaf_weight=455 42 446 1052 1680
leaf_count=455 42 446 1052 1680
internal_value=0.000251689 0.000291503 2.30861e-05 0.000479834
internal_weight=3675 3633 1498 2135
internal_count=3675 3633 1498 2135
is_linear=0
shrinkage=0.0173253


Tree=79
num_leaves=5
num_cat=0
split_feature=6 6 7 1
split_gain=1.67868 0.560245 0.423958 0.0386785
threshold=0.020341828989744907 0.0059990409871090253 0.0058073027305565912 -0.0030981105952728499
decision_type=2 2 2 2
left_child=1 3 -3 -1
right_child=-2 2 -4 -5
leaf_value=3.2228013794515752e-05 -0.00015980653652548189 -1.0379624787501451e-05 2.191942503200266e-06 3.9841272008551148e-05
leaf_weight=455 42 51 1447 1680
leaf_count=455 42 51 1447 1680
internal_value=0.000251689 0.000291503 3.46517e-05 0.000471719
internal_weight=3675 3633 1498 2135
internal_count=3675 3633 1498 2135
is_linear=0
shrinkage=0.0173253


Tree=80
num_leaves=7
num_cat=0
split_feature=6 0 6 7 3 4
split_gain=1.40604 1.22101 0.411767 0.484563 0.277817 0.0309445
threshold=0.015989846888083654 -0.011216545659280897 0.0058714698895394463 0.0058073027305565912 0.0023836816010769004 -0.022383025356067694
decision_type=2 2 2 2 2 2
left_child=2 -2 5 -4 -3 -1
right_child=1 4 3 -5 -6 -7
leaf_value=6.4371575424200253e-06 -0.00015700447295289804 5.5241802286375577e-06 -8.3157404150557005e-06 5.8247374745563944e-06 -4.874454107506761e-05 4.2900602448989376e-05
leaf_weight=104 43 49 64 1420 34 1961
leaf_count=104 43 49 64 1420 34 1961
internal_value=0.000256404 -0.00154213 0.000320257 0.000100118 -0.000314547 0.000478459
internal_weight=3675 126 3549 1484 83 2065
internal_count=3675 126 3549 1484 83 2065
is_linear=0
shrinkage=0.0173253


Tree=81
num_leaves=7
num_cat=0
split_feature=6 0 6 7 3 4
split_gain=1.40604 1.22101 0.411767 0.484563 0.277817 0.0309445
threshold=0.015989846888083654 -0.011216545659280897 0.0058714698895394463 0.0058073027305565912 0.0023836816010769004 -0.022383025356067694
decision_type=2 2 2 2 2 2
left_child=2 -2 5 -4 -3 -1
right_child=1 4 3 -5 -6 -7
leaf_value=6.3256316863267023e-06 -0.00015428431919851742 5.4284720025839509e-06 -8.1716674973544665e-06 5.7238219960881718e-06 -4.7900025986311626e-05 4.215733550492071e-05
leaf_weight=104 43 49 64 1420 34 1961
leaf_count=104 43 49 64 1420 34 1961
internal_value=0.000256404 -0.00154213 0.000320257 0.000100118 -0.000314547 0.000478459
internal_weight=3675 126 3549 1484 83 2065
internal_count=3675 126 3549 1484 83 2065
is_linear=0
shrinkage=0.0173253


Tree=82
num_leaves=7
num_cat=0
split_feature=6 0 6 7 2 4
split_gain=1.41221 1.01471 0.444389 0.474446 0.232698 0.0309445
threshold=0.015247896840417418 -0.011216545659280897 0.0058714698895394463 0.0058073027305565912 0.0067282957387690507 -0.022383025356067694
decision_type=2 2 2 2 2 2
left_child=2 -2 5 -4 -3 -1
right_child=1 4 3 -5 -6 -7
leaf_value=6.216038052102335e-06 -0.00015147784038819188 1.7202719726396897e-06 -8.0300906899908591e-06 6.697107094942017e-06 -1.5617040804976117e-05 4.1426945903327676e-05
leaf_weight=104 47 60 64 1406 33 1961
leaf_count=104 47 60 64 1406 33 1961
internal_value=0.000246975 -0.00145963 0.000314563 8.43289e-05 -0.000411061 0.000478459
internal_weight=3675 140 3535 1470 93 2065
internal_count=3675 140 3535 1470 93 2065
is_linear=0
shrinkage=0.0173253


Tree=83
num_leaves=5
num_cat=0
split_feature=6 6 7 1
split_gain=1.30466 0.560245 0.423958 0.0386785
threshold=0.020341828989744907 0.0059990409871090253 0.0058073027305565912 -0.0030981105952728499
decision_type=2 2 2 2
left_child=1 3 -3 -1
right_child=-2 2 -4 -5
leaf_value=2.9478261024442961e-05 -0.00014902025310719287 -9.7750207311915204e-06 2.1875795392087809e-06 3.7342618431160722e-05
leaf_weight=455 42 51 1447 1680
leaf_count=455 42 51 1447 1680
internal_value=0.000256404 0.000291503 3.46517e-05 0.000471719
internal_weight=3675 3633 1498 2135
internal_count=3675 3633 1498 2135
is_linear=0
shrinkage=0.0173253


Tree=84
num_leaves=5
num_cat=0
split_feature=6 5 4 4
split_gain=1.30061 0.540286 0.37947 0.0641022
threshold=0.020341828989744907 0.0080042173275258633 -0.0082280281027608589 -0.017995270827315338
decision_type=2 2 2 2
left_child=1 3 -3 -1
right_child=-2 2 -4 -5
leaf_value=1.6142698670563887e-05 -0.00014643842856841118 -1.0029394068212583e-05 1.2288852808764474e-05 5.3931494600459434e-05
leaf_weight=182 42 455 918 2078
leaf_count=182 42 455 918 2078
internal_value=0.000251689 0.000286734 1.56649e-05 0.000451414
internal_weight=3675 3633 1373 2260
internal_count=3675 3633 1373 2260
is_linear=0
shrinkage=0.0173253


Tree=85
num_leaves=5
num_cat=0
split_feature=6 5 6 4
split_gain=1.30061 0.540286 0.359736 0.0641022
threshold=0.020341828989744907 0.0080042173275258633 0.011140950624384582 -0.017995270827315338
decision_type=2 2 2 2
left_child=1 3 -3 -1
right_child=-2 2 -4 -5
leaf_value=1.5863021145658311e-05 -0.00014390133498270506 2.6598076230726349e-06 -3.6294691483188541e-05 5.299711384838487e-05
leaf_weight=182 42 1143 230 2078
leaf_count=182 42 1143 230 2078
internal_value=0.000251689 0.000286734 1.56649e-05 0.000451414
internal_weight=3675 3633 1373 2260
internal_count=3675 3633 1373 2260
is_linear=0
shrinkage=0.0173253


Tree=86
num_leaves=5
num_cat=0
split_feature=6 6 7 4
split_gain=1.29657 0.569127 0.417665 0.0475694
threshold=0.020341828989744907 0.0059990409871090253 0.0058073027305565912 -0.0085271191351024064
decision_type=2 2 2 2
left_child=1 3 -3 -1
right_child=-2 2 -4 -5
leaf_value=1.1915521308590993e-05 -0.00014140819737170829 -9.4779848143099242e-06 2.3745514032062708e-06 5.2326205732839483e-05
leaf_weight=515 42 51 1447 1620
leaf_count=515 42 51 1447 1620
internal_value=0.000246975 0.000281965 2.30861e-05 0.000463604
internal_weight=3675 3633 1498 2135
internal_count=3675 3633 1498 2135
is_linear=0
shrinkage=0.0173253


Tree=87
num_leaves=5
num_cat=0
split_feature=6 5 4 6
split_gain=1.29254 0.552637 0.378502 0.075302
threshold=0.020341828989744907 0.0080042173275258633 -0.0014928462555900857 0.0061927203995274282
decision_type=2 2 2 2
left_child=1 3 -3 -1
right_child=-2 2 -4 -5
leaf_value=5.3370747665856316e-05 -0.00013895825418380785 -8.2091441207169751e-06 1.8555949677162377e-05 3.2568697871839334e-05
leaf_weight=1714 42 593 780 546
leaf_count=1714 42 593 780 546
internal_value=0.00024226 0.000277196 3.0463e-06 0.000443748
internal_weight=3675 3633 1373 2260
internal_count=3675 3633 1373 2260
is_linear=0
shrinkage=0.0173253


Tree=88
num_leaves=5
num_cat=0
split_feature=0 5 4 6
split_gain=1.19957 0.493034 0.300798 0.075302
threshold=-0.020207819707923597 0.0080042173275258633 -0.0014928462555900857 0.0061927203995274282
decision_type=2 2 2 2
left_child=-1 3 -3 -2
right_child=1 2 -4 -5
leaf_value=-0.0001312590045214056 5.2446082037502306e-05 -7.7673581890932933e-06 1.7602304707420681e-05 3.2004434547838699e-05
leaf_weight=45 1714 595 775 546
leaf_count=45 1714 595 775 546
internal_value=0.000251689 0.000286541 2.72058e-05 0.000443748
internal_weight=3675 3630 1370 2260
internal_count=3675 3630 1370 2260
is_linear=0
shrinkage=0.0173253


Tree=89
num_leaves=5
num_cat=0
split_feature=0 5 4 6
split_gain=1.19555 0.523426 0.275391 0.075302
threshold=-0.020207819707923597 0.0080042173275258633 -0.0014928462555900857 0.0061927203995274282
decision_type=2 2 2 2
left_child=-1 3 -3 -2
right_child=1 2 -4 -5
leaf_value=-0.00012898489941325189 5.1537436543054084e-05 -7.6327861724984554e-06 1.7297339031379031e-05 3.144994727015298e-05
leaf_weight=45 1714 595 775 546
leaf_count=45 1714 595 775 546
internal_value=0.000246975 0.000281768 1.45596e-05 0.000443748
internal_weight=3675 3630 1370 2260
internal_count=3675 3630 1370 2260
is_linear=0
shrinkage=0.0173253


Tree=90
num_leaves=5
num_cat=0
split_feature=0 5 4 6
split_gain=1.19555 0.523426 0.275391 0.075302
threshold=-0.020207819707923597 0.0080042173275258633 -0.0014928462555900857 0.0061927203995274282
decision_type=2 2 2 2
left_child=-1 3 -3 -2
right_child=1 2 -4 -5
leaf_value=-0.00012675019391857073 5.0644533628461323e-05 -7.5005456600275985e-06 1.6997656985243216e-05 3.0905066665588018e-05
leaf_weight=45 1714 595 775 546
leaf_count=45 1714 595 775 546
internal_value=0.000246975 0.000281768 1.45596e-05 0.000443748
internal_weight=3675 3630 1370 2260
internal_count=3675 3630 1370 2260
is_linear=0
shrinkage=0.0173253


Tree=91
num_leaves=5
num_cat=0
split_feature=6 5 4 6
split_gain=1.29254 0.552637 0.314431 0.075302
threshold=0.020341828989744907 0.0080042173275258633 -0.0014928462555900857 0.0061927203995274282
decision_type=2 2 2 2
left_child=1 3 -3 -1
right_child=-2 2 -4 -5
leaf_value=4.9767100548388212e-05 -0.00013509293753715201 -7.6701560871351292e-06 1.7335324111643298e-05 3.0369626295395496e-05
leaf_weight=1714 42 593 780 546
leaf_count=1714 42 593 780 546
internal_value=0.00024226 0.000277196 3.0463e-06 0.000443748
internal_weight=3675 3633 1373 2260
internal_count=3675 3633 1373 2260
is_linear=0
shrinkage=0.0173253


Tree=92
num_leaves=5
num_cat=0
split_feature=0 6 7 1
split_gain=1.2036 0.562084 0.423456 0.0386785
threshold=-0.020207819707923597 0.0059990409871090253 0.0058073027305565912 -0.0030981105952728499
decision_type=2 2 2 2
left_child=-1 3 -3 -2
right_child=1 2 -4 -5
leaf_value=-0.00012221367617680067 2.6420749510150505e-05 -8.6418996409050909e-06 1.8993048121291292e-06 3.3446807666753686e-05
leaf_weight=45 455 51 1444 1680
leaf_count=45 455 51 1444 1680
internal_value=0.000256404 0.000291313 3.3677e-05 0.000471719
internal_weight=3675 3630 1495 2135
internal_count=3675 3630 1495 2135
is_linear=0
shrinkage=0.0173253


Tree=93
num_leaves=5
num_cat=0
split_feature=0 5 4 6
split_gain=1.19555 0.523426 0.275391 0.075302
threshold=-0.020207819707923597 0.0080042173275258633 -0.0014928462555900857 0.0061927203995274282
decision_type=2 2 2 2
left_child=-1 3 -3 -2
right_child=1 2 -4 -5
leaf_value=-0.00012009628433543123 4.8509249077904744e-05 -7.2706143751428577e-06 1.6369920802371728e-05 2.9810556528457603e-05
leaf_weight=45 1714 595 775 546
leaf_count=45 1714 595 775 546
internal_value=0.000246975 0.000281768 1.45596e-05 0.000443748
internal_weight=3675 3630 1370 2260
internal_count=3675 3630 1370 2260
is_linear=0
shrinkage=0.0173253


Tree=94
num_leaves=5
num_cat=0
split_feature=0 5 4 6
split_gain=1.19555 0.523426 0.275391 0.075302
threshold=-0.020207819707923597 0.0080042173275258633 -0.0014928462555900857 0.0061927203995274282
decision_type=2 2 2 2
left_child=-1 3 -3 -2
right_child=1 2 -4 -5
leaf_value=-0.00011801557699902185 4.7668810499820197e-05 -7.144648607306858e-06 1.6086306579846709e-05 2.929407890373805e-05
leaf_weight=45 1714 595 775 546
leaf_count=45 1714 595 775 546
internal_value=0.000246975 0.000281768 1.45596e-05 0.000443748
internal_weight=3675 3630 1370 2260
internal_count=3675 3630 1370 2260
is_linear=0
shrinkage=0.0173253


Tree=95
num_leaves=5
num_cat=0
split_feature=0 5 4 6
split_gain=1.19154 0.554726 0.302941 0.075302
threshold=-0.020207819707923597 0.0080042173275258633 -0.0013354412388833991 0.0061927203995274282
decision_type=2 2 2 2
left_child=-1 3 -3 -2
right_child=1 2 -4 -5
leaf_value=-0.00011597091859654689 4.6842932794496175e-05 -6.997333847265574e-06 1.619364655771976e-05 2.8786549422491788e-05
leaf_weight=45 1714 598 772 546
leaf_count=45 1714 598 772 546
internal_value=0.00024226 0.000276995 1.91339e-06 0.000443748
internal_weight=3675 3630 1370 2260
internal_count=3675 3630 1370 2260
is_linear=0
shrinkage=0.0173253


Tree=96
num_leaves=5
num_cat=0
split_feature=0 5 4 6
split_gain=1.18753 0.535644 0.302941 0.0689272
threshold=-0.020207819707923597 0.0080042173275258633 -0.0013354412388833991 0.0061927203995274282
decision_type=2 2 2 2
left_child=-1 3 -3 -2
right_child=1 2 -4 -5
leaf_value=-0.00011396168456845648 4.6031363690058145e-05 -6.8761027537985465e-06 1.5913086344035212e-05 2.8287813055211697e-05
leaf_weight=45 1714 598 772 546
leaf_count=45 1714 598 772 546
internal_value=0.000237546 0.000272222 1.91339e-06 0.000436082
internal_weight=3675 3630 1370 2260
internal_count=3675 3630 1370 2260
is_linear=0
shrinkage=0.0173253


Tree=97
num_leaves=5
num_cat=0
split_feature=0 5 4 6
split_gain=1.17158 0.535751 0.312403 0.069464
threshold=-0.020207819707923597 0.0074576638778979945 -0.0014928462555900857 0.0063293981189888951
decision_type=2 2 2 2
left_child=-1 3 -3 -2
right_child=1 2 -4 -5
leaf_value=-0.00011198726117589861 5.0189792807167928e-05 -6.8814949358585577e-06 1.6793443477535453e-05 3.0587817534273701e-05
leaf_weight=45 1628 682 884 436
leaf_count=45 1628 682 884 436
internal_value=0.000218689 0.000253131 1.14909e-05 0.000436468
internal_weight=3675 3630 1566 2064
internal_count=3675 3630 1566 2064
is_linear=0
shrinkage=0.0173253


Tree=98
num_leaves=5
num_cat=0
split_feature=0 6 7 6
split_gain=1.17556 0.56802 0.636779 0.0760117
threshold=-0.020207819707923597 0.0059990409871090253 0.0057107190649512115 0.0047048736997605195
decision_type=2 2 2 2
left_child=-1 3 -3 -2
right_child=1 2 -4 -5
leaf_value=-0.00011004704531324723 5.042637483632943e-05 -9.8634987273499201e-06 1.6439294999209097e-06 1.6569581942891767e-05
leaf_weight=45 1321 38 1457 814
leaf_count=45 1321 38 1457 814
internal_value=0.000223403 0.000257904 -1.08956e-06 0.000439259
internal_weight=3675 3630 1495 2135
internal_count=3675 3630 1495 2135
is_linear=0
shrinkage=0.0173253


Tree=99
num_leaves=5
num_cat=0
split_feature=0 5 4 6
split_gain=1.16364 0.592992 0.371881 0.069464
threshold=-0.020207819707923597 0.0074576638778979945 -0.0013354412388833991 0.0063293981189888951
decision_type=2 2 2 2
left_child=-1 3 -3 -2
right_child=1 2 -4 -5
leaf_value=-0.00010814044432387839 4.8683493560350563e-05 -6.7593772176525913e-06 1.7032569408003111e-05 3.0029391993546509e-05
leaf_weight=45 1628 686 880 436
leaf_count=45 1628 686 880 436
internal_value=0.00020926 0.000243585 -1.06359e-05 0.000436468
internal_weight=3675 3630 1566 2064
internal_count=3675 3630 1566 2064
is_linear=0
shrinkage=0.0173253


Tree=100
num_leaves=5
num_cat=0
split_feature=0 5 4 6
split_gain=1.16364 0.592992 0.352974 0.069464
threshold=-0.020207819707923597 0.0074576638778979945 0.0021689691330226408 0.0063293981189888951
decision_type=2 2 2 2
left_child=-1 3 -3 -2
right_child=1 2 -4 -5
leaf_value=-0.00010626687581913757 4.7840036139718452e-05 -5.7988732755614602e-06 1.8965786097018024e-05 2.9509122972946579e-05
leaf_weight=45 1628 791 775 436
leaf_count=45 1628 791 775 436
internal_value=0.00020926 0.000243585 -1.06359e-05 0.000436468
internal_weight=3675 3630 1566 2064
internal_count=3675 3630 1566 2064
is_linear=0
shrinkage=0.0173253


Tree=101
num_leaves=5
num_cat=0
split_feature=0 6 7 6
split_gain=1.17158 0.547278 0.636779 0.0919742
threshold=-0.020207819707923597 0.0059990409871090253 0.0057107190649512115 0.0047048736997605195
decision_type=2 2 2 2
left_child=-1 3 -3 -2
right_child=1 2 -4 -5
leaf_value=-0.00010442576750044366 4.9069319436419367e-05 -9.6141662297939066e-06 1.8330236745520321e-06 1.5827746461955029e-05
leaf_weight=45 1321 38 1457 814
leaf_count=45 1321 38 1457 814
internal_value=0.000218689 0.000253131 -1.08956e-06 0.000431145
internal_weight=3675 3630 1495 2135
internal_count=3675 3630 1495 2135
is_linear=0
shrinkage=0.0173253


Tree=102
num_leaves=5
num_cat=0
split_feature=0 5 4 6
split_gain=1.16364 0.592992 0.371881 0.069464
threshold=-0.020207819707923597 0.0074576638778979945 -0.0013354412388833991 0.0063293981189888951
decision_type=2 2 2 2
left_child=-1 3 -3 -2
right_child=1 2 -4 -5
leaf_value=-0.00010261655698447556 4.6205887980177367e-05 -6.5735591613344184e-06 1.6377128412130422e-05 2.8966110049364986e-05
leaf_weight=45 1628 686 880 436
leaf_count=45 1628 686 880 436
internal_value=0.00020926 0.000243585 -1.06359e-05 0.000436468
internal_weight=3675 3630 1566 2064
internal_count=3675 3630 1566 2064
is_linear=0
shrinkage=0.0173253


Tree=103
num_leaves=5
num_cat=0
split_feature=6 5 4 6
split_gain=1.25649 0.597981 0.38749 0.0936932
threshold=0.020341828989744907 0.0074576638778979945 0.0021689691330226408 0.0063293981189888951
decision_type=2 2 2 2
left_child=1 3 -3 -1
right_child=-2 2 -4 -5
leaf_value=4.5405355885136495e-05 -0.00012965541740699854 -6.4273170748470526e-06 1.9362061830284824e-05 2.8464262735599458e-05
leaf_weight=1628 42 790 779 436
leaf_count=1628 42 790 779 436
internal_value=0.000199831 0.000234276 -2.06628e-05 0.000428074
internal_weight=3675 3633 1569 2064
internal_count=3675 3633 1569 2064
is_linear=0
shrinkage=0.0173253


Tree=104
num_leaves=5
num_cat=0
split_feature=0 6 7 6
split_gain=1.16364 0.55611 0.630131 0.109457
threshold=-0.020207819707923597 0.0059990409871090253 0.0057107190649512115 0.0047048736997605195
decision_type=2 2 2 2
left_child=-1 3 -3 -2
right_child=1 2 -4 -5
leaf_value=-9.8592369193546144e-05 4.7471652472108664e-05 -9.3582707664269028e-06 2.0960107704968333e-06 1.4494293328636949e-05
leaf_weight=45 1321 38 1457 814
leaf_count=45 1321 38 1457 814
internal_value=0.00020926 0.000243585 -1.26784e-05 0.00042303
internal_weight=3675 3630 1495 2135
internal_count=3675 3630 1495 2135
is_linear=0
shrinkage=0.0173253


Tree=105
num_leaves=5
num_cat=0
split_feature=0 5 4 6
split_gain=1.15968 0.570935 0.352974 0.0936932
threshold=-0.020207819707923597 0.0074576638778979945 0.0021689691330226408 0.0063293981189888951
decision_type=2 2 2 2
left_child=-1 3 -3 -2
right_child=1 2 -4 -5
leaf_value=-9.6884224207794301e-05 4.3869977809266319e-05 -5.8748475079262565e-06 1.7492665282050828e-05 2.7934796019466807e-05
leaf_weight=45 1628 791 775 436
leaf_count=45 1628 791 775 436
internal_value=0.000204545 0.000238812 -1.06359e-05 0.000428074
internal_weight=3675 3630 1566 2064
internal_count=3675 3630 1566 2064
is_linear=0
shrinkage=0.0173253


Tree=106
num_leaves=5
num_cat=0
split_feature=0 5 4 6
split_gain=1.15968 0.570935 0.352974 0.0936932
threshold=-0.020207819707923597 0.0074576638778979945 0.0021689691330226408 0.0063293981189888951
decision_type=2 2 2 2
left_child=-1 3 -3 -2
right_child=1 2 -4 -5
leaf_value=-9.5205673391613691e-05 4.3109916120589007e-05 -5.7730638567694312e-06 1.7189599144849952e-05 2.7450816557983512e-05
leaf_weight=45 1628 791 775 436
leaf_count=45 1628 791 775 436
internal_value=0.000204545 0.000238812 -1.06359e-05 0.000428074
internal_weight=3675 3630 1566 2064
internal_count=3675 3630 1566 2064
is_linear=0
shrinkage=0.0173253


Tree=107
num_leaves=5
num_cat=0
split_feature=0 6 7 6
split_gain=1.16364 0.55611 0.630131 0.109457
threshold=-0.020207819707923597 0.0059990409871090253 0.0057107190649512115 0.0047048736997605195
decision_type=2 2 2 2
left_child=-1 3 -3 -2
right_child=1 2 -4 -5
leaf_value=-9.3556204016354371e-05 4.575798886317839e-05 -9.1236924372325986e-06 2.0012453002423344e-06 1.3338336860061436e-05
leaf_weight=45 1321 38 1457 814
leaf_count=45 1321 38 1457 814
internal_value=0.00020926 0.000243585 -1.26784e-05 0.00042303
internal_weight=3675 3630 1495 2135
internal_count=3675 3630 1495 2135
is_linear=0
shrinkage=0.0173253


Tree=108
num_leaves=5
num_cat=0
split_feature=0 5 4 6
split_gain=1.15968 0.570935 0.352974 0.0936932
threshold=-0.020207819707923597 0.0074576638778979945 0.0021689691330226408 0.0063293981189888951
decision_type=2 2 2 2
left_child=-1 3 -3 -2
right_child=1 2 -4 -5
leaf_value=-9.1935312236557539e-05 4.1642749883510368e-05 -5.85101955768166e-06 1.6660692686483259e-05 2.6940549970470847e-05
leaf_weight=45 1628 791 775 436
leaf_count=45 1628 791 775 436
internal_value=0.000204545 0.000238812 -1.06359e-05 0.000428074
internal_weight=3675 3630 1566 2064
internal_count=3675 3630 1566 2064
is_linear=0
shrinkage=0.0173253


Tree=109
num_leaves=5
num_cat=0
split_feature=0 6 4 0
split_gain=1.15968 0.548626 0.391818 2.22045e-16
threshold=-0.020207819707923597 0.0047048736997605195 -0.0014928462555900857 0.0066154638614827005
decision_type=2 2 2 2
left_child=-1 3 -3 -2
right_child=1 2 -4 -5
leaf_value=-9.0342502936051485e-05 4.3745877982732045e-05 -5.3030349440966342e-06 2.0747854412857298e-05 8.6663911308433765e-05
leaf_weight=45 1270 1020 1289 51
leaf_count=45 1270 1020 1289 51
internal_value=0.000204545 0.000238812 7.77086e-05 0.000520409
internal_weight=3675 3630 2309 1321
internal_count=3675 3630 2309 1321
is_linear=0
shrinkage=0.0173253


Tree=110
num_leaves=5
num_cat=0
split_feature=0 6 7 6
split_gain=1.15178 0.544326 0.623517 0.11657
threshold=-0.020207819707923597 0.0059990409871090253 0.0057107190649512115 0.0047048736997605195
decision_type=2 2 2 2
left_child=-1 3 -3 -2
right_child=1 2 -4 -5
leaf_value=-8.8777289576713771e-05 4.3562058997854298e-05 -9.0231651913295076e-06 2.1598207079643655e-06 1.2597582081650944e-05
leaf_weight=45 1321 38 1457 814
leaf_count=45 1321 38 1457 814
internal_value=0.000195117 0.000229267 -2.42672e-05 0.0004068
internal_weight=3675 3630 1495 2135
internal_count=3675 3630 1495 2135
is_linear=0
shrinkage=0.0173253


Tree=111
num_leaves=5
num_cat=0
split_feature=0 6 4 4
split_gain=1.14784 0.558197 0.373919 0.107589
threshold=-0.020207819707923597 0.0052957402321999417 -0.0009409347758434994 -0.026778636178150166
decision_type=2 2 2 2
left_child=-1 3 -3 -2
right_child=1 2 -4 -5
leaf_value=-8.723919404985394e-05 -2.0576698617422288e-06 -6.0338934068412782e-06 1.7140285301719263e-05 3.6277402304820369e-05
leaf_weight=45 33 856 1048 1693
leaf_count=45 33 856 1048 1693
internal_value=0.000190402 0.000224494 1.99396e-05 0.000450144
internal_weight=3675 3630 1904 1726
internal_count=3675 3630 1904 1726
is_linear=0
shrinkage=0.0173253


Tree=112
num_leaves=5
num_cat=0
split_feature=0 5 4 2
split_gain=1.14784 0.556132 0.383321 0.0981022
threshold=-0.020207819707923597 0.0074576638778979945 0.0021689691330226408 0.0066154638614827005
decision_type=2 2 2 2
left_child=-1 3 -3 -2
right_child=1 2 -4 -5
leaf_value=-8.5727746530170554e-05 3.7772520603117971e-05 -5.8533318479790112e-06 1.5497359132902657e-05 2.8055212665471664e-05
leaf_weight=45 1829 791 775 235
leaf_count=45 1829 791 775 235
internal_value=0.000190402 0.000224494 -2.16993e-05 0.000411286
internal_weight=3675 3630 1566 2064
internal_count=3675 3630 1566 2064
is_linear=0
shrinkage=0.0173253


Tree=113
num_leaves=5
num_cat=0
split_feature=0 5 0 6
split_gain=1.15178 0.543085 0.410029 0.13656
threshold=-0.020207819707923597 0.0087487305686718194 0.0022545057408387506 0.0047048736997605195
decision_type=2 2 2 2
left_child=-1 3 -3 -2
right_child=1 2 -4 -5
leaf_value=-8.4242485332238967e-05 4.7453654315523266e-05 -6.3824034273101232e-06 1.4979940258452407e-05 1.9005871363666462e-05
leaf_weight=45 1178 637 468 1347
leaf_count=45 1178 637 468 1347
internal_value=0.000195117 0.000229267 -9.10735e-05 0.000369455
internal_weight=3675 3630 1105 2525
internal_count=3675 3630 1105 2525
is_linear=0
shrinkage=0.0173253


Tree=114
num_leaves=5
num_cat=0
split_feature=6 5 4 6
split_gain=1.24064 0.56089 0.422188 0.109407
threshold=0.020341828989744907 0.0074576638778979945 -0.0009409347758434994 0.0076211563081709944
decision_type=2 2 2 2
left_child=1 3 -3 -1
right_child=-2 2 -4 -5
leaf_value=3.7057139812107354e-05 -0.00012277637032677644 -5.8460514941329904e-06 1.6387887654825316e-05 2.2825289220553301e-05
leaf_weight=1852 42 697 872 212
leaf_count=1852 42 697 872 212
internal_value=0.000180974 0.0002152 -3.17051e-05 0.000402892
internal_weight=3675 3633 1569 2064
internal_count=3675 3633 1569 2064
is_linear=0
shrinkage=0.0173253


Tree=115
num_leaves=5
num_cat=0
split_feature=0 6 7 6
split_gain=1.15178 0.544326 0.623517 0.11657
threshold=-0.020207819707923597 0.0059990409871090253 0.0057107190649512115 0.0047048736997605195
decision_type=2 2 2 2
left_child=-1 3 -3 -2
right_child=1 2 -4 -5
leaf_value=-8.0655816068253195e-05 4.1095463394755096e-05 -1.0221045062860803e-05 2.3934990110093215e-06 1.1577190088052354e-05
leaf_weight=45 1321 38 1457 814
leaf_count=45 1321 38 1457 814
internal_value=0.000195117 0.000229267 -2.42672e-05 0.0004068
internal_weight=3675 3630 1495 2135
internal_count=3675 3630 1495 2135
is_linear=0
shrinkage=0.0173253


Tree=116
num_leaves=5
num_cat=0
split_feature=0 5 4 6
split_gain=1.14391 0.534778 0.383321 0.109407
threshold=-0.020207819707923597 0.0074576638778979945 0.0021689691330226408 0.0076211563081709944
decision_type=2 2 2 2
left_child=-1 3 -3 -2
right_child=1 2 -4 -5
leaf_value=-7.9258427721511549e-05 3.6174840031554384e-05 -5.7801361236468035e-06 1.4576976921938865e-05 2.238836548074626e-05
leaf_weight=45 1852 791 775 212
leaf_count=45 1852 791 775 212
internal_value=0.000185688 0.000219721 -2.16993e-05 0.000402892
internal_weight=3675 3630 1566 2064
internal_count=3675 3630 1566 2064
is_linear=0
shrinkage=0.0173253


Tree=117
num_leaves=5
num_cat=0
split_feature=0 5 4 6
split_gain=1.14391 0.534778 0.383321 0.109407
threshold=-0.020207819707923597 0.0074576638778979945 0.0021689691330226408 0.0076211563081709944
decision_type=2 2 2 2
left_child=-1 3 -3 -2
right_child=1 2 -4 -5
leaf_value=-7.7885249584111276e-05 3.554809911726544e-05 -5.6799933781449749e-06 1.4324426037521516e-05 2.2000479739203291e-05
leaf_weight=45 1852 791 775 212
leaf_count=45 1852 791 775 212
internal_value=0.000185688 0.000219721 -2.16993e-05 0.000402892
internal_weight=3675 3630 1566 2064
internal_count=3675 3630 1566 2064
is_linear=0
shrinkage=0.0173253


Tree=118
num_leaves=7
num_cat=0
split_feature=6 0 6 4 3 5
split_gain=0.929389 1.09275 0.428196 0.361077 0.164294 0.0173672
threshold=0.015989846888083654 -0.011216545659280897 0.0047048736997605195 -0.0018324346500122597 0.0044245424899333015 0.010516690983653302
decision_type=2 2 2 2 2 2
left_child=2 -2 5 -4 -3 -1
right_child=1 4 3 -5 -6 -7
leaf_value=4.0078659089881953e-05 -0.00011518292309637005 8.734549794670463e-06 -4.7220302378399426e-06 2.0384004964108151e-05 -5.5463804362213799e-05 2.4346440985420361e-05
leaf_weight=1270 43 50 948 1280 33 51
leaf_count=1270 43 50 948 1280 33 51
internal_value=0.000195117 -0.00126713 0.000247031 0.000100495 -0.000105808 0.000494178
internal_weight=3675 126 3549 2228 83 1321
internal_count=3675 126 3549 2228 83 1321
is_linear=0
shrinkage=0.0173253


Tree=119
num_leaves=5
num_cat=0
split_feature=6 5 4 6
split_gain=0.925819 0.484977 0.419787 0.104536
threshold=0.020341828989744907 0.0074576638778979945 0.0021689691330226408 0.0076211563081709944
decision_type=2 2 2 2
left_child=1 3 -3 -1
right_child=-2 2 -4 -5
leaf_value=3.4777861735436971e-05 -0.00011453369401478546 -5.5020603522215419e-06 1.5121506931525552e-05 2.141313162960526e-05
leaf_weight=1852 42 790 779 212
leaf_count=1852 42 790 779 212
internal_value=0.000190402 0.000219969 -9.62054e-06 0.000394498
internal_weight=3675 3633 1569 2064
internal_count=3675 3633 1569 2064
is_linear=0
shrinkage=0.0173253


Tree=120
num_leaves=5
num_cat=0
split_feature=6 5 4 6
split_gain=0.925819 0.484977 0.419787 0.104536
threshold=0.020341828989744907 0.0074576638778979945 0.0021689691330226408 0.0076211563081709944
decision_type=2 2 2 2
left_child=1 3 -3 -1
right_child=-2 2 -4 -5
leaf_value=3.4175323926228455e-05 -0.00011254936037181427 -5.4067353602487844e-06 1.4859521886908233e-05 2.1042142132937929e-05
leaf_weight=1852 42 790 779 212
leaf_count=1852 42 790 779 212
internal_value=0.000190402 0.000219969 -9.62054e-06 0.000394498
internal_weight=3675 3633 1569 2064
internal_count=3675 3633 1569 2064
is_linear=0
shrinkage=0.0173253


Tree=121
num_leaves=6
num_cat=0
split_feature=5 0 6 4 5
split_gain=0.707215 0.602902 0.435594 0.342119 0.0173672
threshold=0.023308038579634077 -0.013704985009946298 0.0047048736997605195 -0.0009409347758434994 0.010516690983653302
decision_type=2 2 2 2 2
left_child=2 -2 4 -4 -1
right_child=1 -3 3 -5 -6
leaf_value=3.8815316505306827e-05 -0.00012127770282852858 -5.6578471334535032e-06 -4.4956703828542627e-06 2.0920094027303718e-05 2.4113629393802746e-05
leaf_weight=1270 33 65 1032 1224 51
leaf_count=1270 33 65 1032 1224 51
internal_value=0.000204545 -0.00124748 0.000244327 9.80269e-05 0.000494178
internal_weight=3675 98 3577 2256 1321
internal_count=3675 98 3577 2256 1321
is_linear=0
shrinkage=0.0173253


Tree=122
num_leaves=6
num_cat=0
split_feature=5 0 6 4 4
split_gain=0.70263 0.602902 0.407229 0.342119 0.0584974
threshold=0.023308038579634077 -0.013704985009946298 0.0047048736997605195 -0.0009409347758434994 -0.021426826199638409
decision_type=2 2 2 2 2
left_child=2 -2 4 -4 -1
right_child=1 -3 3 -5 -6
leaf_value=1.5487463129780849e-05 -0.00011917652703100434 -5.559823084632992e-06 -4.4177814256775731e-06 2.0557646568068345e-05 3.9181336952542158e-05
leaf_weight=62 33 65 1032 1224 1259
leaf_count=62 33 65 1032 1224 1259
internal_value=0.000199831 -0.00124748 0.000239484 9.80269e-05 0.000481063
internal_weight=3675 98 3577 2256 1321
internal_count=3675 98 3577 2256 1321
is_linear=0
shrinkage=0.0173253


Tree=123
num_leaves=6
num_cat=0
split_feature=5 0 5 0 6
split_gain=0.707215 0.602902 0.401988 0.390129 0.150294
threshold=0.023308038579634077 -0.013704985009946298 0.0087487305686718194 0.0022545057408387506 0.0047048736997605195
decision_type=2 2 2 2 2
left_child=2 -2 4 -4 -1
right_child=1 -3 3 -5 -6
leaf_value=4.196788786745378e-05 -0.00011711175479018611 -5.4634973344621913e-06 -5.8038879219216474e-06 1.9069514224557168e-05 1.6763403692787757e-05
leaf_weight=1178 33 65 619 431 1349
leaf_count=1178 33 65 619 431 1349
internal_value=0.000204545 -0.00124748 0.000244327 -4.0602e-05 0.000362719
internal_weight=3675 98 3577 1050 2527
internal_count=3675 98 3577 1050 2527
is_linear=0
shrinkage=0.0173253


Tree=124
num_leaves=6
num_cat=0
split_feature=5 0 6 4 4
split_gain=0.69806 0.602902 0.423722 0.369467 0.0584974
threshold=0.023308038579634077 -0.013704985009946298 0.0047048736997605195 -0.0009409347758434994 -0.021426826199638409
decision_type=2 2 2 2 2
left_child=2 -2 4 -4 -1
right_child=1 -3 3 -5 -6
leaf_value=1.4630842342293279e-05 -0.00011508275540256868 -5.3688404593625543e-06 -4.6316733621838567e-06 1.9911047187329984e-05 3.7906813667075637e-05
leaf_weight=62 33 65 1032 1224 1259
leaf_count=62 33 65 1032 1224 1259
internal_value=0.000195117 -0.00124748 0.00023464 9.03473e-05 0.000481063
internal_weight=3675 98 3577 2256 1321
internal_count=3675 98 3577 2256 1321
is_linear=0
shrinkage=0.0173253


Tree=125
num_leaves=6
num_cat=0
split_feature=5 0 6 4 4
split_gain=0.69806 0.602902 0.423722 0.369467 0.0584974
threshold=0.023308038579634077 -0.013704985009946298 0.0047048736997605195 -0.0009409347758434994 -0.021426826199638409
decision_type=2 2 2 2 2
left_child=2 -2 4 -4 -1
right_child=1 -3 3 -5 -6
leaf_value=1.4377358221881758e-05 -0.00011308890909179076 -5.275823545528572e-06 -4.5514281089865944e-06 1.9566081794041391e-05 3.7250065744078331e-05
leaf_weight=62 33 65 1032 1224 1259
leaf_count=62 33 65 1032 1224 1259
internal_value=0.000195117 -0.00124748 0.00023464 9.03473e-05 0.000481063
internal_weight=3675 98 3577 2256 1321
internal_count=3675 98 3577 2256 1321
is_linear=0
shrinkage=0.0173253


Tree=126
num_leaves=7
num_cat=0
split_feature=6 0 6 7 3 4
split_gain=0.768255 0.849298 0.410583 0.648804 0.164294 0.133933
threshold=0.015989846888083654 -0.011216545659280897 0.0059990409871090253 0.0057107190649512115 0.0044245424899333015 -0.021426826199638409
decision_type=2 2 2 2 2 2
left_child=2 -2 5 -4 -3 -1
right_child=1 4 3 -5 -6 -7
leaf_value=-4.5026768108223999e-07 -9.9104957280671865e-05 9.2176467543722731e-06 -1.2282355073530101e-05 3.5226058059209134e-06 -5.6644464979953522e-05 2.3737433139623269e-05
leaf_weight=132 43 50 38 1376 33 2003
leaf_count=132 43 50 38 1376 33 2003
internal_value=0.000199831 -0.00112962 0.000247031 1.80476e-05 -0.000105808 0.000398685
internal_weight=3675 126 3549 1414 83 2135
internal_count=3675 126 3549 1414 83 2135
is_linear=0
shrinkage=0.0173253


Tree=127
num_leaves=6
num_cat=0
split_feature=5 0 6 4 4
split_gain=0.69806 0.602902 0.423722 0.369467 0.0584974
threshold=0.023308038579634077 -0.013704985009946298 0.0047048736997605195 -0.0009409347758434994 -0.021426826199638409
decision_type=2 2 2 2 2
left_child=2 -2 4 -4 -1
right_child=1 -3 3 -5 -6
leaf_value=1.413606683119941e-05 -0.00010941258107760247 -5.2454484757809004e-06 -4.6170688393337212e-06 1.8815834259628663e-05 3.6193437414078134e-05
leaf_weight=62 33 65 1032 1224 1259
leaf_count=62 33 65 1032 1224 1259
internal_value=0.000195117 -0.00124748 0.00023464 9.03473e-05 0.000481063
internal_weight=3675 98 3577 2256 1321
internal_count=3675 98 3577 2256 1321
is_linear=0
shrinkage=0.0173253


Tree=128
num_leaves=7
num_cat=0
split_feature=5 7 4 4 5 1
split_gain=0.706701 0.488541 0.290405 0.282685 0.403157 0.0831731
threshold=0.010516690983653302 0.018818617246263068 0.029137955590815962 -0.0014928462555900857 0.0063861369829618349 0.010931206903473651
decision_type=2 2 2 2 2 2
left_child=3 2 -2 4 -1 -5
right_child=1 -3 -4 5 -6 -7
leaf_value=2.3846708544145507e-05 -9.9533950745410355e-06 -0.00010464371344088439 3.1325958590390587e-05 3.4884959573106466e-05 -4.5756301975573181e-06 4.9471004197111498e-06
leaf_weight=645 523 49 184 1593 590 91
leaf_count=645 523 49 184 1593 590 91
internal_value=0.000190402 -0.00028169 -0.000165743 0.000312671 0.000113579 0.000458679
internal_weight=3675 756 707 2919 1235 1684
internal_count=3675 756 707 2919 1235 1684
is_linear=0
shrinkage=0.0173253


Tree=129
num_leaves=6
num_cat=0
split_feature=5 0 6 4 4
split_gain=0.69806 0.602902 0.423722 0.369467 0.0584974
threshold=0.023308038579634077 -0.013704985009946298 0.0047048736997605195 -0.0009409347758434994 -0.021426826199638409
decision_type=2 2 2 2 2
left_child=2 -2 4 -4 -1
right_child=1 -3 3 -5 -6
leaf_value=1.397042914512964e-05 -0.00010570398588771919 -4.9821235489932296e-06 -4.4578023271905201e-06 1.7885450473676555e-05 3.5574139469128461e-05
leaf_weight=62 33 65 1032 1224 1259
leaf_count=62 33 65 1032 1224 1259
internal_value=0.000195117 -0.00124748 0.00023464 9.03473e-05 0.000481063
internal_weight=3675 98 3577 2256 1321
internal_count=3675 98 3577 2256 1321
is_linear=0
shrinkage=0.0173253


Tree=130
num_leaves=7
num_cat=0
split_feature=6 0 7 4 5 3
split_gain=0.74512 0.532963 0.751089 0.352847 0.203829 0.159004
threshold=0.0070146018979856733 0.0022545057408387506 0.018818617246263068 -0.019148457194197492 0.0076515602334764682 0.010597288040705902
decision_type=2 2 2 2 2 2
left_child=3 2 -2 4 -1 -3
right_child=1 5 -4 -5 -6 -7
leaf_value=1.6682901044129229e-05 -1.5909481837585137e-05 2.2378208819903906e-05 -0.00010364015002669489 2.197230779390996e-05 -4.8855714170968864e-06 -1.62215720480285e-05
leaf_weight=116 550 417 34 2377 118 63
leaf_count=116 550 417 34 2377 118 63
internal_value=0.000190402 -0.000196052 -0.000547591 0.000347885 -0.00029403 0.000231653
internal_weight=3675 1064 584 2611 234 480
internal_count=3675 1064 584 2611 234 480
is_linear=0
shrinkage=0.0173253


Tree=131
num_leaves=6
num_cat=0
split_feature=5 0 6 4 4
split_gain=0.69806 0.602902 0.423722 0.369467 0.0584974
threshold=0.023308038579634077 -0.013704985009946298 0.0047048736997605195 -0.0009409347758434994 -0.021426826199638409
decision_type=2 2 2 2 2
left_child=2 -2 4 -4 -1
right_child=1 -3 3 -5 -6
leaf_value=1.3813031018871577e-05 -0.00010207703038412666 -4.6197500578269648e-06 -4.2496088210613765e-06 1.7275547749231951e-05 3.4577128481926932e-05
leaf_weight=62 33 65 1032 1224 1259
leaf_count=62 33 65 1032 1224 1259
internal_value=0.000195117 -0.00124748 0.00023464 9.03473e-05 0.000481063
internal_weight=3675 98 3577 2256 1321
internal_count=3675 98 3577 2256 1321
is_linear=0
shrinkage=0.0173253


Tree=132
num_leaves=7
num_cat=0
split_feature=6 0 7 4 5 3
split_gain=0.727052 0.532963 0.751089 0.276595 0.366702 0.159004
threshold=0.0070146018979856733 0.0022545057408387506 0.018818617246263068 -0.0014928462555900857 0.0064810300505375859 0.010597288040705902
decision_type=2 2 2 2 2 2
left_child=3 2 -2 4 -1 -3
right_child=1 5 -4 -5 -6 -7
leaf_value=2.2827238019525378e-05 -1.5933149375511985e-05 2.1879309002693748e-05 -0.00010007603271136867 3.6260615887095536e-05 -1.6068395849901652e-06 -1.5861372244228639e-05
leaf_weight=595 550 417 34 1481 535 63
leaf_count=595 550 417 34 1481 535 63
internal_value=0.000185688 -0.000196052 -0.000547591 0.00034125 0.000137105 0.000231653
internal_weight=3675 1064 584 2611 1130 480
internal_count=3675 1064 584 2611 1130 480
is_linear=0
shrinkage=0.0173253


Tree=133
num_leaves=6
num_cat=0
split_feature=5 0 6 7 4
split_gain=0.693505 0.602902 0.368627 0.647144 0.178196
threshold=0.023308038579634077 -0.013704985009946298 0.0059990409871090253 0.0057107190649512115 -0.0018324346500122597
decision_type=2 2 2 2 2
left_child=2 -2 4 -4 -1
right_child=1 -3 3 -5 -6
leaf_value=6.7507276349069018e-06 -9.8574662564939025e-05 -4.2637608695489129e-06 -1.3123696329721734e-05 2.628092331879031e-06 3.471807180269312e-05
leaf_weight=878 33 65 38 1404 1257
leaf_count=878 33 65 38 1404 1257
internal_value=0.000190402 -0.00124748 0.000229796 1.57874e-05 0.00037434
internal_weight=3675 98 3577 1442 2135
internal_count=3675 98 3577 1442 2135
is_linear=0
shrinkage=0.0173253


Tree=134
num_leaves=6
num_cat=0
split_feature=5 0 5 4 1
split_gain=0.688965 0.602902 0.384068 0.547929 0.0861116
threshold=0.023308038579634077 -0.013704985009946298 0.0063861369829618349 -0.0009409347758434994 0.010931206903473651
decision_type=2 2 2 2 2
left_child=2 -2 4 -4 -1
right_child=1 -3 3 -5 -6
leaf_value=3.4994272808887674e-05 -9.6866824352308858e-05 -4.1898898204064854e-06 -4.4829848887042676e-06 1.6840438337397549e-05 -1.0919518588505392e-06
leaf_weight=1571 33 65 895 1073 38
leaf_count=1571 33 65 895 1073 38
internal_value=0.000185688 -0.00124748 0.000224953 6.26255e-05 0.000423499
internal_weight=3675 98 3577 1968 1609
internal_count=3675 98 3577 1968 1609
is_linear=0
shrinkage=0.0173253


Tree=135
num_leaves=7
num_cat=0
split_feature=6 0 7 4 5 3
split_gain=0.709205 0.532963 0.751089 0.300663 0.333334 0.159004
threshold=0.0070146018979856733 0.0022545057408387506 0.018818617246263068 -0.0014928462555900857 0.0064810300505375859 0.010597288040705902
decision_type=2 2 2 2 2 2
left_child=3 2 -2 4 -1 -3
right_child=1 5 -4 -5 -6 -7
leaf_value=2.1708502905924769e-05 -1.6154631328625959e-05 2.1349295637586062e-05 -9.5926664418666437e-05 3.4567838951610883e-05 -1.2862398142739763e-06 -1.5455846698765164e-05
leaf_weight=595 550 417 34 1481 535 63
leaf_count=595 550 417 34 1481 535 63
internal_value=0.000180974 -0.000196052 -0.000547591 0.000334614 0.000121773 0.000231653
internal_weight=3675 1064 584 2611 1130 480
internal_count=3675 1064 584 2611 1130 480
is_linear=0
shrinkage=0.0173253


Tree=136
num_leaves=6
num_cat=0
split_feature=5 0 5 0 4
split_gain=0.688965 0.602902 0.39392 0.42296 0.167482
threshold=0.023308038579634077 -0.013704985009946298 0.0087487305686718194 0.0022545057408387506 -0.0014928462555900857
decision_type=2 2 2 2 2
left_child=2 -2 4 -4 -1
right_child=1 -3 3 -5 -6
leaf_value=1.1160908602644718e-05 -9.3526614214105668e-05 -3.8383538688238237e-06 -7.3927883592048443e-06 1.8135972541508245e-05 3.4542372049073098e-05
leaf_weight=1055 33 65 619 431 1472
leaf_count=1055 33 65 619 431 1472
internal_value=0.000185688 -0.00124748 0.000224953 -5.71023e-05 0.00034215
internal_weight=3675 98 3577 1050 2527
internal_count=3675 98 3577 1050 2527
is_linear=0
shrinkage=0.0173253


Tree=137
num_leaves=6
num_cat=0
split_feature=5 0 5 4 1
split_gain=0.688965 0.602902 0.384068 0.547929 0.0861116
threshold=0.023308038579634077 -0.013704985009946298 0.0063861369829618349 -0.0009409347758434994 0.010931206903473651
decision_type=2 2 2 2 2
left_child=2 -2 4 -4 -1
right_child=1 -3 3 -5 -6
leaf_value=3.3643490249414391e-05 -9.1906235087293555e-05 -3.7718531348603367e-06 -4.0350933472554578e-06 1.5708034492587845e-05 -2.0668838419034201e-06
leaf_weight=1571 33 65 895 1073 38
leaf_count=1571 33 65 895 1073 38
internal_value=0.000185688 -0.00124748 0.000224953 6.26255e-05 0.000423499
internal_weight=3675 98 3577 1968 1609
internal_count=3675 98 3577 1968 1609
is_linear=0
shrinkage=0.0173253


Tree=138
num_leaves=7
num_cat=0
split_feature=6 0 7 4 5 3
split_gain=0.69158 0.532963 0.751089 0.331301 0.203829 0.159004
threshold=0.0070146018979856733 0.0022545057408387506 0.018818617246263068 -0.019148457194197492 0.0076515602334764682 0.010597288040705902
decision_type=2 2 2 2 2 2
left_child=3 2 -2 4 -1 -3
right_child=1 5 -4 -5 -6 -7
leaf_value=1.5209453083157172e-05 -1.623995756710209e-05 2.0565594455006786e-05 -9.4040290233091074e-05 2.0318317676803595e-05 -4.4837896821725472e-06 -1.5108007727457775e-05
leaf_weight=116 550 417 34 2377 118 63
leaf_count=116 550 417 34 2377 118 63
internal_value=0.000176259 -0.000196052 -0.000547591 0.000327979 -0.00029403 0.000231653
internal_weight=3675 1064 584 2611 234 480
internal_count=3675 1064 584 2611 234 480
is_linear=0
shrinkage=0.0173253


Tree=139
num_leaves=6
num_cat=0
split_feature=5 0 5 4 1
split_gain=0.688965 0.602902 0.384068 0.547929 0.0861116
threshold=0.023308038579634077 -0.013704985009946298 0.0063861369829618349 -0.0009409347758434994 0.010931206903473651
decision_type=2 2 2 2 2
left_child=2 -2 4 -4 -1
right_child=1 -3 3 -5 -6
leaf_value=3.2708584309074059e-05 -8.8684650826340567e-05 -3.4266638933073442e-06 -3.7136652599182519e-06 1.5590483446768635e-05 -2.3869028506369598e-06
leaf_weight=1571 33 65 895 1073 38
leaf_count=1571 33 65 895 1073 38
internal_value=0.000185688 -0.00124748 0.000224953 6.26255e-05 0.000423499
internal_weight=3675 98 3577 1968 1609
internal_count=3675 98 3577 1968 1609
is_linear=0
shrinkage=0.0173253


Tree=140
num_leaves=7
num_cat=0
split_feature=6 0 7 4 5 3
split_gain=0.69158 0.532963 0.751089 0.325735 0.301557 0.159004
threshold=0.0070146018979856733 0.0022545057408387506 0.018818617246263068 -0.0014928462555900857 0.0064810300505375859 0.010597288040705902
decision_type=2 2 2 2 2 2
left_child=3 2 -2 4 -1 -3
right_child=1 5 -4 -5 -6 -7
leaf_value=1.9637436777449968e-05 -1.6064637818212895e-05 2.01078830436124e-05 -9.2333768697551072e-05 3.2532189148870591e-05 -9.6939491312069124e-07 -1.4786203899448883e-05
leaf_weight=595 550 417 34 1481 535 63
leaf_count=595 550 417 34 1481 535 63
internal_value=0.000176259 -0.000196052 -0.000547591 0.000327979 0.000106441 0.000231653
internal_weight=3675 1064 584 2611 1130 480
internal_count=3675 1064 584 2611 1130 480
is_linear=0
shrinkage=0.0173253


Tree=141
num_leaves=6
num_cat=0
split_feature=5 0 6 7 4
split_gain=0.688965 0.602902 0.393746 0.930304 0.178196
threshold=0.023308038579634077 -0.013704985009946298 0.0059990409871090253 0.0057107190649512115 -0.0018324346500122597
decision_type=2 2 2 2 2
left_child=2 -2 4 -4 -1
right_child=1 -3 3 -5 -6
leaf_value=4.9813003154917463e-06 -8.5548447607291592e-05 -3.0906895885714163e-06 -1.5644556783690972e-05 3.1304815607270748e-06 3.0600165387707827e-05
leaf_weight=878 33 65 38 1404 1257
leaf_count=878 33 65 38 1404 1257
internal_value=0.000185688 -0.00124748 0.000224953 3.77262e-06 0.00037434
internal_weight=3675 98 3577 1442 2135
internal_count=3675 98 3577 1442 2135
is_linear=0
shrinkage=0.0173253


Tree=142
num_leaves=6
num_cat=0
split_feature=5 0 4 5 6
split_gain=0.684439 0.602902 0.40296 0.468585 0.323676
threshold=0.023308038579634077 -0.013704985009946298 -0.0014928462555900857 0.0063861369829618349 0.0082333302091105332
decision_type=2 2 2 2 2
left_child=2 -2 3 -1 -4
right_child=1 -3 4 -5 -6
leaf_value=1.9855929108763845e-05 -8.4066292821738338e-05 -3.0371423823685791e-06 2.8950804298325548e-05 -4.1307063065359634e-06 -6.1978087225057814e-06
leaf_weight=645 33 65 1691 869 372
leaf_count=645 33 65 1691 869 372
internal_value=0.000180974 -0.00124748 0.000220109 5.45501e-06 0.00037764
internal_weight=3675 98 3577 1514 2063
internal_count=3675 98 3577 1514 2063
is_linear=0
shrinkage=0.0173253


Tree=143
num_leaves=7
num_cat=0
split_feature=6 7 5 4 5 2
split_gain=0.584645 0.434721 0.426365 0.300663 0.268086 0.0103591
threshold=0.0070146018979856733 0.0065279289606253567 0.010876865058305702 -0.0014928462555900857 0.0064810300505375859 0.0083891150316386023
decision_type=2 2 2 2 2 2
left_child=3 -2 -3 4 -1 -5
right_child=1 2 -4 5 -6 -7
leaf_value=1.8866898664948621e-05 -5.9256150591487193e-05 1.7602682896753209e-05 -2.012859294468104e-05 3.078454542199033e-05 -9.6189733992939212e-07 3.3558721532390211e-05
leaf_weight=595 33 557 474 1400 535 81
leaf_count=595 33 557 474 1400 535 81
internal_value=0.000195117 -0.000147203 -8.45495e-05 0.000334614 0.000121773 0.000497012
internal_weight=3675 1064 1031 2611 1130 1481
internal_count=3675 1064 1031 2611 1130 1481
is_linear=0
shrinkage=0.0173253


Tree=144
num_leaves=7
num_cat=0
split_feature=6 0 5 4 5 3
split_gain=0.608293 0.454891 0.552959 0.325735 0.239671 0.159004
threshold=0.0070146018979856733 0.0022545057408387506 0.0083405949517016739 -0.0014928462555900857 0.0064810300505375859 0.010597288040705902
decision_type=2 2 2 2 2 2
left_child=3 2 -2 4 -1 -3
right_child=1 5 -4 -5 -6 -7
leaf_value=1.854002348571486e-05 1.9001670474013054e-05 1.9796941929668142e-05 -3.1368036919291316e-05 3.0403466057479515e-05 -9.4523215446475102e-07 -1.408735795150013e-05
leaf_weight=595 218 417 366 1481 535 63
leaf_count=595 218 417 366 1481 535 63
internal_value=0.000185688 -0.000163486 -0.000488258 0.000327979 0.000106441 0.000231653
internal_weight=3675 1064 584 2611 1130 480
internal_count=3675 1064 584 2611 1130 480
is_linear=0
shrinkage=0.0173253


Tree=145
num_leaves=7
num_cat=0
split_feature=6 7 5 4 5 2
split_gain=0.552882 0.434721 0.426365 0.306514 0.239671 0.0163163
threshold=0.0070146018979856733 0.0065279289606253567 0.010876865058305702 -0.0014928462555900857 0.0064810300505375859 0.0063784860040718505
decision_type=2 2 2 2 2 2
left_child=3 -2 -3 4 -1 -5
right_child=1 2 -4 5 -6 -7
leaf_value=1.8218811525682992e-05 -5.7686056954925039e-05 1.6968500523630407e-05 -1.9298584602080165e-05 2.9595129192866275e-05 -9.2885569877931767e-07 3.2877342156273031e-05
leaf_weight=595 33 557 474 1296 535 185
leaf_count=595 33 557 474 1296 535 185
internal_value=0.000185688 -0.000147203 -8.45495e-05 0.000321343 0.000106441 0.000485313
internal_weight=3675 1064 1031 2611 1130 1481
internal_count=3675 1064 1031 2611 1130 1481
is_linear=0
shrinkage=0.0173253


Tree=146
num_leaves=7
num_cat=0
split_feature=6 7 5 4 5 2
split_gain=0.552882 0.434721 0.426365 0.306514 0.239671 0.0163163
threshold=0.0070146018979856733 0.0065279289606253567 0.010876865058305702 -0.0014928462555900857 0.0064810300505375859 0.0063784860040718505
decision_type=2 2 2 2 2 2
left_child=3 -2 -3 4 -1 -5
right_child=1 2 -4 5 -6 -7
leaf_value=1.7903164667731336e-05 -5.6686627184230365e-05 1.6674515712003985e-05 -1.8964230323044213e-05 2.9082383917070813e-05 -9.1276297053539185e-07 3.2307731469275146e-05
leaf_weight=595 33 557 474 1296 535 185
leaf_count=595 33 557 474 1296 535 185
internal_value=0.000185688 -0.000147203 -8.45495e-05 0.000321343 0.000106441 0.000485313
internal_weight=3675 1064 1031 2611 1130 1481
internal_count=3675 1064 1031 2611 1130 1481
is_linear=0
shrinkage=0.0173253


Tree=147
num_leaves=7
num_cat=0
split_feature=6 0 5 4 5 3
split_gain=0.591978 0.454891 0.552959 0.306514 0.239671 0.159004
threshold=0.0070146018979856733 0.0022545057408387506 0.0083405949517016739 -0.0014928462555900857 0.0064810300505375859 0.010597288040705902
decision_type=2 2 2 2 2 2
left_child=3 2 -2 4 -1 -3
right_child=1 5 -4 -5 -6 -7
leaf_value=1.7592986494649397e-05 1.8089584088777398e-05 1.9499482705002221e-05 -3.0161659677273942e-05 2.886010900930902e-05 -8.9694905406241172e-07 -1.3180374114577536e-05
leaf_weight=595 218 417 366 1481 535 63
leaf_count=595 218 417 366 1481 535 63
internal_value=0.000180974 -0.000163486 -0.000488258 0.000321343 0.000106441 0.000231653
internal_weight=3675 1064 584 2611 1130 480
internal_count=3675 1064 584 2611 1130 480
is_linear=0
shrinkage=0.0173253


Tree=148
num_leaves=7
num_cat=0
split_feature=6 4 0 2 5 6
split_gain=0.592941 0.420608 0.399304 0.454924 0.324489 0.0754632
threshold=0.009620433864609439 -0.0014928462555900857 0.010597288040705902 -0.0050201711905507491 0.0063861369829618349 0.0082333302091105332
decision_type=2 2 2 2 2 2
left_child=1 4 3 -2 -1 -3
right_child=2 5 -4 -5 -6 -7
leaf_value=1.717811748724536e-05 9.923440619202328e-06 2.6815020671094126e-05 4.8681922980787519e-05 -3.6315236281610794e-05 -2.0560849050236617e-06 2.952004515843587e-06
leaf_weight=621 117 1693 111 248 732 153
leaf_count=621 117 1693 111 248 732 153
internal_value=0.000180974 0.000265863 -0.000389535 -0.000666258 3.3814e-05 0.000435941
internal_weight=3675 3199 476 365 1353 1846
internal_count=3675 3199 476 365 1353 1846
is_linear=0
shrinkage=0.0173253


Tree=149
num_leaves=7
num_cat=0
split_feature=6 7 5 4 5 2
split_gain=0.515122 0.441983 0.383415 0.306514 0.239671 0.0163163
threshold=0.0070146018979856733 0.0065279289606253567 0.010876865058305702 -0.0014928462555900857 0.0064810300505375859 0.0063784860040718505
decision_type=2 2 2 2 2 2
left_child=3 -2 -3 4 -1 -5
right_child=1 2 -4 5 -6 -7
leaf_value=1.6990565765727319e-05 -5.5146329916940891e-05 1.5607637344829797e-05 -1.7591258901485555e-05 2.7613932321470068e-05 -8.4578677658366733e-07 3.0783399674287067e-05
leaf_weight=595 33 557 474 1296 535 185
leaf_count=595 33 557 474 1296 535 185
internal_value=0.000190402 -0.000130919 -6.77451e-05 0.000321343 0.000106441 0.000485313
internal_weight=3675 1064 1031 2611 1130 1481
internal_count=3675 1064 1031 2611 1130 1481
is_linear=0
shrinkage=0.0173253


Tree=150
num_leaves=7
num_cat=0
split_feature=6 7 6 4 5 5
split_gain=0.529921 0.59169 0.364395 0.185527 0.157083 0.0130685
threshold=0.0058714698895394463 0.0057107190649512115 0.018293519976944412 -0.0018324346500122597 0.0064810300505375859 0.010516690983653302
decision_type=2 2 2 2 2 2
left_child=3 -2 -3 4 -1 -5
right_child=1 2 -4 5 -6 -7
leaf_value=1.651318455128052e-05 -1.5695804672681729e-05 2.9005514545164221e-06 -7.7371570616051834e-05 2.8612504068994051e-05 -7.0380904597355111e-07 3.3894922530283391e-05
leaf_weight=483 50 1490 70 1147 363 72
leaf_count=483 50 1490 70 1147 363 72
internal_value=0.000185688 -4.99283e-05 9.53355e-06 0.000369389 0.000172264 0.000506196
internal_weight=3675 1610 1560 2065 846 1219
internal_count=3675 1610 1560 2065 846 1219
is_linear=0
shrinkage=0.0173253


Tree=151
num_leaves=7
num_cat=0
split_feature=6 7 6 4 5 5
split_gain=0.557469 0.584845 0.3578 0.185527 0.157083 0.0130685
threshold=0.0058714698895394463 0.0057107190649512115 0.018293519976944412 -0.0018324346500122597 0.0064810300505375859 0.010516690983653302
decision_type=2 2 2 2 2 2
left_child=3 -2 -3 4 -1 -5
right_child=1 2 -4 5 -6 -7
leaf_value=1.6227088237531413e-05 -1.5423869732196112e-05 2.8502984535643842e-06 -7.6031082894044538e-05 2.8116783094287461e-05 -6.9161532446507548e-07 3.3307681931075435e-05
leaf_weight=483 50 1490 70 1147 363 72
leaf_count=483 50 1490 70 1147 363 72
internal_value=0.000180974 -6.06893e-05 -1.57242e-06 0.000369389 0.000172264 0.000506196
internal_weight=3675 1610 1560 2065 846 1219
internal_count=3675 1610 1560 2065 846 1219
is_linear=0
shrinkage=0.0173253


Tree=152
num_leaves=7
num_cat=0
split_feature=6 7 5 4 0 6
split_gain=0.575885 0.427518 0.369574 0.287878 0.26713 0.0211773
threshold=0.0070146018979856733 0.0065279289606253567 0.010762427398589741 -0.0014928462555900857 0.0025921739339398006 0.0058714698895394463
decision_type=2 2 2 2 2 2
left_child=3 -2 -3 4 -1 -5
right_child=1 2 -4 5 -6 -7
leaf_value=7.582244340020834e-06 -5.4290537098631517e-05 1.711935067148434e-05 -1.6999037821318324e-05 2.811957494991179e-05 -3.4014397187380084e-06 1.9231025528569556e-05
leaf_weight=941 33 550 481 1192 189 289
leaf_count=941 33 550 481 1192 189 289
internal_value=0.000176259 -0.000163486 -0.000101354 0.000314708 0.000106441 0.000473615
internal_weight=3675 1064 1031 2611 1130 1481
internal_count=3675 1064 1031 2611 1130 1481
is_linear=0
shrinkage=0.0173253


Tree=153
num_leaves=7
num_cat=0
split_feature=6 7 6 4 3 5
split_gain=0.53593 0.584845 0.3578 0.208981 0.156123 0.0130685
threshold=0.0058714698895394463 0.0057107190649512115 0.018293519976944412 -0.0018324346500122597 -0.0033886844529547994 0.010516690983653302
decision_type=2 2 2 2 2 2
left_child=3 -2 -3 4 -1 -5
right_child=1 2 -4 5 -6 -7
leaf_value=1.9009639920833852e-05 -1.5187503343222148e-05 2.7583013689057973e-06 -7.4419305679198594e-05 2.7142469830534055e-05 7.0517219477911589e-08 3.2243434650195409e-05
leaf_weight=245 50 1490 70 1147 601 72
leaf_count=245 50 1490 70 1147 601 72
internal_value=0.000176259 -6.06893e-05 -1.57242e-06 0.000360999 0.000151785 0.000506196
internal_weight=3675 1610 1560 2065 846 1219
internal_count=3675 1610 1560 2065 846 1219
is_linear=0
shrinkage=0.0173253


Tree=154
num_leaves=7
num_cat=0
split_feature=6 7 5 4 0 6
split_gain=0.537333 0.434721 0.348662 0.287878 0.26713 0.0211773
threshold=0.0070146018979856733 0.0065279289606253567 0.010876865058305702 -0.0014928462555900857 0.0025921739339398006 0.0058714698895394463
decision_type=2 2 2 2 2 2
left_child=3 -2 -3 4 -1 -5
right_child=1 2 -4 5 -6 -7
leaf_value=7.4140434685959099e-06 -5.3397724289827689e-05 1.4893207768364887e-05 -1.6955294786198645e-05 2.7162141981556956e-05 -3.1136550673809803e-06 1.8850053260764062e-05
leaf_weight=941 33 557 474 1192 189 289
leaf_count=941 33 557 474 1192 189 289
internal_value=0.000180974 -0.000147203 -8.45495e-05 0.000314708 0.000106441 0.000473615
internal_weight=3675 1064 1031 2611 1130 1481
internal_count=3675 1064 1031 2611 1130 1481
is_linear=0
shrinkage=0.0173253


Tree=155
num_leaves=7
num_cat=0
split_feature=6 7 5 4 0 6
split_gain=0.583163 0.420376 0.335011 0.302075 0.238884 0.0216603
threshold=0.0070146018979856733 0.0065279289606253567 0.010762427398589741 -0.00083927781408305794 0.0025921739339398006 0.0058714698895394463
decision_type=2 2 2 2 2 2
left_child=3 -2 -3 4 -1 -5
right_child=1 2 -4 5 -6 -7
leaf_value=7.2076201397620947e-06 -5.2472591282655767e-05 1.6516934172941631e-05 -1.6458556394900971e-05 2.7006928696355856e-05 -2.4407487635171947e-06 2.1763722027338097e-05
leaf_weight=993 33 550 481 1142 195 281
leaf_count=993 33 550 481 1142 195 281
internal_value=0.000162116 -0.000179769 -0.000118158 0.000301437 9.74839e-05 0.000471708
internal_weight=3675 1064 1031 2611 1188 1423
internal_count=3675 1064 1031 2611 1188 1423
is_linear=0
shrinkage=0.0173253


Tree=156
num_leaves=7
num_cat=0
split_feature=6 6 3 4 4 5
split_gain=0.519155 0.360497 0.329412 0.302007 0.0543806 0.0753264
threshold=0.0047048736997605195 0.018293519976944412 -0.0066933404136131991 -0.00083927781408305794 -0.0029838003905337438 0.0098146298823551231
decision_type=2 2 2 2 2 2
left_child=4 3 -3 -2 5 -1
right_child=1 2 -4 -5 -6 -7
leaf_value=1.5218899911783356e-05 -2.0456233132854498e-06 1.4236337643137306e-05 -8.0458172229287629e-05 1.2713400846212024e-05 3.5947681517642267e-05 -1.7387619518011984e-06
leaf_weight=407 1029 34 36 1255 880 34
leaf_count=407 1029 34 36 1255 880 34
internal_value=0.00016683 1.25719e-05 -0.00121212 5.01064e-05 0.000441717 0.00028469
internal_weight=3675 2354 70 2284 1321 441
internal_count=3675 2354 70 2284 1321 441
is_linear=0
shrinkage=0.0173253


Tree=157
num_leaves=7
num_cat=0
split_feature=6 7 6 4 3 5
split_gain=0.520741 0.817144 0.3578 0.220686 0.184767 0.0136171
threshold=0.0058714698895394463 0.0057107190649512115 0.018293519976944412 -0.00083927781408305794 -0.0017149672124692498 0.010516690983653302
decision_type=2 2 2 2 2 2
left_child=3 -2 -3 4 -1 -5
right_child=1 2 -4 5 -6 -7
leaf_value=1.5434097317131924e-05 -1.4957635091864311e-05 2.1781862981508602e-06 -7.2678628328709698e-05 2.6014014731499707e-05 -2.4481042054947464e-07 2.9813590125727792e-05
leaf_weight=390 50 1490 70 1073 533 69
leaf_count=390 50 1490 70 1073 533 69
internal_value=0.000162116 -7.14504e-05 -1.57242e-06 0.000344219 0.000144995 0.000505238
internal_weight=3675 1610 1560 2065 923 1142
internal_count=3675 1610 1560 2065 923 1142
is_linear=0
shrinkage=0.0173253


Tree=158
num_leaves=7
num_cat=0
split_feature=6 7 0 4 0 6
split_gain=0.492017 0.434721 0.331817 0.326077 0.226482 0.0216603
threshold=0.0070146018979856733 0.0065279289606253567 0.0022545057408387506 -0.00083927781408305794 0.0025921739339398006 0.0058714698895394463
decision_type=2 2 2 2 2 2
left_child=3 -2 -3 4 -1 -5
right_child=1 2 -4 5 -6 -7
leaf_value=7.0889647051883729e-06 -5.1565783203873594e-05 -1.7134792798848941e-05 1.7747940664597791e-05 2.5575036876842185e-05 -2.3147484308771998e-06 2.1128656828327512e-05
leaf_weight=993 33 567 464 1142 195 281
leaf_count=993 33 567 464 1142 195 281
internal_value=0.00016683 -0.000147203 -8.45495e-05 0.000294801 8.29003e-05 0.000471708
internal_weight=3675 1064 1031 2611 1188 1423
internal_count=3675 1064 1031 2611 1188 1423
is_linear=0
shrinkage=0.0173253


Tree=159
num_leaves=7
num_cat=0
split_feature=6 4 2 6 4 4
split_gain=0.53219 0.38026 0.517093 0.254558 0.0416298 0.0735122
threshold=0.0045387942382008771 -0.00083927781408305794 -0.0036844052859148495 0.0082333302091105332 -0.0029838003905337438 -0.0038254330750484961
decision_type=2 2 2 2 2 2
left_child=4 2 -2 -3 5 -1
right_child=1 3 -4 -5 -6 -7
leaf_value=1.4283174924185095e-05 1.0200759997124662e-05 1.4202105591489171e-05 -9.2349862703275214e-06 -4.9207872331862008e-06 3.8348616938427095e-05 -2.667179281940175e-06
leaf_weight=366 436 909 701 413 814 36
leaf_count=366 436 909 701 413 814 36
internal_value=0.000152687 6.07395e-06 -0.000226241 0.000205879 0.00044917 0.000304919
internal_weight=3675 2459 1137 1322 1216 402
internal_count=3675 2459 1137 1322 1216 402
is_linear=0
shrinkage=0.0173253


Tree=160
num_leaves=7
num_cat=0
split_feature=6 6 3 4 4 4
split_gain=0.498879 0.364505 0.329412 0.291023 0.0416298 0.0735122
threshold=0.0045387942382008771 0.018293519976944412 -0.0066933404136131991 -0.00083927781408305794 -0.0029838003905337438 -0.0038254330750484961
decision_type=2 2 2 2 2 2
left_child=4 3 -3 -2 5 -1
right_child=1 2 -4 -5 -6 -7
leaf_value=1.4035714255302415e-05 -1.4575780400116503e-06 1.537195499525929e-05 -7.7453916846485037e-05 1.1622550093423674e-05 3.7684214629509044e-05 -2.6209695300718117e-06
leaf_weight=366 1078 34 36 1311 814 36
leaf_count=366 1078 34 36 1311 814 36
internal_value=0.000162116 2.01653e-05 -0.00121212 5.62726e-05 0.00044917 0.000304919
internal_weight=3675 2459 70 2389 1216 402
internal_count=3675 2459 70 2389 1216 402
is_linear=0
shrinkage=0.0173253


Tree=161
num_leaves=7
num_cat=0
split_feature=6 6 3 5 4 4
split_gain=0.5154 0.360348 0.329412 0.280016 0.0416298 0.0735122
threshold=0.0045387942382008771 0.018293519976944412 -0.0066933404136131991 0.0048437947140252098 -0.0029838003905337438 -0.0038254330750484961
decision_type=2 2 2 2 2 2
left_child=4 3 -3 -2 5 -1
right_child=1 2 -4 -5 -6 -7
leaf_value=1.3792540923301686e-05 3.6854636957631303e-05 1.5105630856168923e-05 -7.611200244915025e-05 -1.7034672372740207e-07 3.7031323307514053e-05 -2.5755603772416196e-06
leaf_weight=366 387 34 36 2002 814 36
leaf_count=366 387 34 36 2002 814 36
internal_value=0.000157402 1.31196e-05 -0.00121212 4.90204e-05 0.00044917 0.000304919
internal_weight=3675 2459 70 2389 1216 402
internal_count=3675 2459 70 2389 1216 402
is_linear=0
shrinkage=0.0173253


Tree=162
num_leaves=7
num_cat=0
split_feature=6 6 3 4 4 4
split_gain=0.53219 0.356216 0.329412 0.295365 0.0416298 0.0735122
threshold=0.0045387942382008771 0.018293519976944412 -0.0066933404136131991 -0.00083927781408305794 -0.0029838003905337438 -0.0038254330750484961
decision_type=2 2 2 2 2 2
left_child=4 3 -3 -2 5 -1
right_child=1 2 -4 -5 -6 -7
leaf_value=1.3553580648671663e-05 -1.4293737119778837e-06 1.4843920869740584e-05 -7.4793337156871636e-05 1.1424136931007875e-05 3.6389743540835442e-05 -2.53093795280987e-06
leaf_weight=366 1078 34 36 1311 814 36
leaf_count=366 1078 34 36 1311 814 36
internal_value=0.000152687 6.07395e-06 -0.00121212 4.17683e-05 0.00044917 0.000304919
internal_weight=3675 2459 70 2389 1216 402
internal_count=3675 2459 70 2389 1216 402
is_linear=0
shrinkage=0.0173253


Tree=163
num_leaves=7
num_cat=0
split_feature=6 6 3 4 4 5
split_gain=0.573951 0.347616 0.329412 0.2619 0.0543806 0.0753264
threshold=0.0047048736997605195 0.018293519976944412 -0.0066933404136131991 0.0027041889798569579 -0.0029838003905337438 0.0098146298823551231
decision_type=2 2 2 2 2 2
left_child=4 3 -3 -2 5 -1
right_child=1 2 -4 -5 -6 -7
leaf_value=1.360059361351508e-05 -1.3202261203842056e-06 1.4586745094272892e-05 -7.349751817131352e-05 1.2727887507229085e-05 3.1937985239957174e-05 -1.6245656071075145e-06
leaf_weight=407 1187 34 36 1097 880 34
leaf_count=407 1187 34 36 1097 880 34
internal_value=0.000152687 -9.50796e-06 -0.00121212 2.73498e-05 0.000441717 0.00028469
internal_weight=3675 2354 70 2284 1321 441
internal_count=3675 2354 70 2284 1321 441
is_linear=0
shrinkage=0.0173253


Tree=164
num_leaves=7
num_cat=0
split_feature=6 6 3 5 4 4
split_gain=0.549249 0.352107 0.329412 0.269569 0.0416298 0.0735122
threshold=0.0045387942382008771 0.018293519976944412 -0.0066933404136131991 0.0047442341147110323 -0.0029838003905337438 -0.0038254330750484961
decision_type=2 2 2 2 2 2
left_child=4 3 -3 -2 5 -1
right_child=1 2 -4 -5 -6 -7
leaf_value=1.3083125713998859e-05 3.609902431358744e-05 1.4334024973080619e-05 -7.2224149672752794e-05 -1.4046143641550793e-07 3.5205943331352654e-05 -2.7227233512691976e-06
leaf_weight=366 359 34 36 2030 814 36
leaf_count=366 359 34 36 2030 814 36
internal_value=0.000147973 -9.71734e-07 -0.00121212 3.45162e-05 0.00044917 0.000304919
internal_weight=3675 2459 70 2389 1216 402
internal_count=3675 2459 70 2389 1216 402
is_linear=0
shrinkage=0.0173253


Tree=165
num_leaves=7
num_cat=0
split_feature=6 6 3 5 4 4
split_gain=0.549249 0.352107 0.329412 0.269569 0.0416298 0.0735122
threshold=0.0045387942382008771 0.018293519976944412 -0.0066933404136131991 0.0047442341147110323 -0.0029838003905337438 -0.0038254330750484961
decision_type=2 2 2 2 2 2
left_child=4 3 -3 -2 5 -1
right_child=1 2 -4 -5 -6 -7
leaf_value=1.2856456289487341e-05 3.5473596931365398e-05 1.4085683310498704e-05 -7.0972842699172268e-05 -1.380278961702732e-07 3.4595988868730312e-05 -2.6755512802651092e-06
leaf_weight=366 359 34 36 2030 814 36
leaf_count=366 359 34 36 2030 814 36
internal_value=0.000147973 -9.71734e-07 -0.00121212 3.45162e-05 0.00044917 0.000304919
internal_weight=3675 2459 70 2389 1216 402
internal_count=3675 2459 70 2389 1216 402
is_linear=0
shrinkage=0.0173253


Tree=166
num_leaves=7
num_cat=0
split_feature=6 6 3 5 4 4
split_gain=0.549249 0.352107 0.329412 0.269569 0.0416298 0.0735122
threshold=0.0045387942382008771 0.018293519976944412 -0.0066933404136131991 0.0047442341147110323 -0.0029838003905337438 -0.0038254330750484961
decision_type=2 2 2 2 2 2
left_child=4 3 -3 -2 5 -1
right_child=1 2 -4 -5 -6 -7
leaf_value=1.2633713986760899e-05 3.485900528273646e-05 1.3841644248302332e-05 -6.9743215027448985e-05 -1.3563651780432918e-07 3.3996602066317243e-05 -2.6291964807923935e-06
leaf_weight=366 359 34 36 2030 814 36
leaf_count=366 359 34 36 2030 814 36
internal_value=0.000147973 -9.71734e-07 -0.00121212 3.45162e-05 0.00044917 0.000304919
internal_weight=3675 2459 70 2389 1216 402
internal_count=3675 2459 70 2389 1216 402
is_linear=0
shrinkage=0.0173253


Tree=167
num_leaves=7
num_cat=0
split_feature=6 6 3 5 4 4
split_gain=0.549249 0.352107 0.329412 0.269569 0.0416298 0.0735122
threshold=0.0045387942382008771 0.018293519976944412 -0.0066933404136131991 0.0047442341147110323 -0.0029838003905337438 -0.0038254330750484961
decision_type=2 2 2 2 2 2
left_child=4 3 -3 -2 5 -1
right_child=1 2 -4 -5 -6 -7
leaf_value=1.2414830767152444e-05 3.4255061635078351e-05 1.3601833242534916e-05 -6.8534891056599997e-05 -1.3328657084934127e-07 3.3407599835950076e-05 -2.5836447933549478e-06
leaf_weight=366 359 34 36 2030 814 36
leaf_count=366 359 34 36 2030 814 36
internal_value=0.000147973 -9.71734e-07 -0.00121212 3.45162e-05 0.00044917 0.000304919
internal_weight=3675 2459 70 2389 1216 402
internal_count=3675 2459 70 2389 1216 402
is_linear=0
shrinkage=0.0173253


Tree=168
num_leaves=7
num_cat=0
split_feature=6 5 0 4 4 2
split_gain=0.5154 0.295088 0.278988 0.0416298 0.0735122 0.0249923
threshold=0.0045387942382008771 0.0047442341147110323 0.006473158662852101 -0.0029838003905337438 -0.0038254330750484961 0.0083891150316386023
decision_type=2 2 2 2 2 2
left_child=3 5 -3 4 -1 -2
right_child=1 2 -4 -5 -6 -7
leaf_value=1.2199739770786998e-05 3.8117082700625469e-05 -3.2846920239775654e-06 1.9554072203839488e-05 3.2828802261527669e-05 -2.538882303774553e-06 3.3348661036722844e-05
leaf_weight=366 323 1661 439 814 36 36
leaf_count=366 323 1661 439 814 36 36
internal_value=0.000157402 1.31196e-05 -6.53525e-05 0.00044917 0.000304919 0.000472149
internal_weight=3675 2459 2100 1216 402 359
internal_count=3675 2459 2100 1216 402 359
is_linear=0
shrinkage=0.0173253


Tree=169
num_leaves=7
num_cat=0
split_feature=6 7 1 6 4 6
split_gain=0.559638 0.442356 0.476317 0.347171 0.123429 0.205128
threshold=0.0052957402321999417 0.0057107190649512115 0.0031232354412039508 0.0070482595608196601 -0.021426826199638409 0.00438600295846912
decision_type=2 2 2 2 2 2
left_child=4 2 -2 -3 5 -1
right_child=1 3 -4 -5 -6 -7
leaf_value=3.5776820601101126e-05 -1.3877890276324855e-05 1.7773674828750752e-05 9.0187164284430571e-06 -6.3833552847532026e-06 1.4658436752161608e-05 -4.3579431641648357e-06
leaf_weight=49 151 689 59 1050 1635 42
leaf_count=49 151 689 59 1050 1635 42
internal_value=0.000152687 -4.85093e-05 -0.000799616 4.21937e-05 0.000379879 -0.000241144
internal_weight=3675 1949 210 1739 1726 91
internal_count=3675 1949 210 1739 1726 91
is_linear=0
shrinkage=0.0173253


Tree=170
num_leaves=7
num_cat=0
split_feature=6 7 6 4 3 5
split_gain=0.541974 0.578041 0.254264 0.198287 0.161354 0.0136171
threshold=0.0058714698895394463 0.0057107190649512115 0.015247896840417418 -0.00083927781408305794 -0.0017149672124692498 0.010516690983653302
decision_type=2 2 2 2 2 2
left_child=3 -2 -3 4 -1 -5
right_child=1 2 -4 5 -6 -7
leaf_value=1.2362987030136109e-05 -1.4370434632404944e-05 2.5903874320383062e-06 -3.1639843675326473e-05 2.2876775236402944e-05 -1.3095932457807316e-07 2.8495722143551894e-05
leaf_weight=390 50 1420 140 1073 533 69
leaf_count=390 50 1420 140 1073 533 69
internal_value=0.00016683 -7.14504e-05 -1.26784e-05 0.000352609 0.000163766 0.000505238
internal_weight=3675 1610 1560 2065 923 1142
internal_count=3675 1610 1560 2065 923 1142
is_linear=0
shrinkage=0.0173253


Tree=171
num_leaves=7
num_cat=0
split_feature=6 7 1 6 4 6
split_gain=0.536653 0.452889 0.476317 0.324657 0.123429 0.205128
threshold=0.0052957402321999417 0.0057107190649512115 0.0031232354412039508 0.0070482595608196601 -0.021426826199638409 0.00438600295846912
decision_type=2 2 2 2 2 2
left_child=4 2 -2 -3 5 -1
right_child=1 3 -4 -5 -6 -7
leaf_value=3.5038414934035047e-05 -1.3635182383232651e-05 1.7420860801409352e-05 9.0478295751478083e-06 -6.3176408783368859e-06 1.4406743462645089e-05 -4.4465146416196365e-06
leaf_weight=49 151 689 59 1050 1635 42
leaf_count=49 151 689 59 1050 1635 42
internal_value=0.000157402 -3.96199e-05 -0.000799616 5.21565e-05 0.000379879 -0.000241144
internal_weight=3675 1949 210 1739 1726 91
internal_count=3675 1949 210 1739 1726 91
is_linear=0
shrinkage=0.0173253


Tree=172
num_leaves=7
num_cat=0
split_feature=6 7 0 4 3 5
split_gain=0.563632 0.578041 0.25802 0.177087 0.13988 0.0136171
threshold=0.0058714698895394463 0.0057107190649512115 0.0058731031184796516 -0.00083927781408305794 -0.0033886844529547994 0.010516690983653302
decision_type=2 2 2 2 2 2
left_child=3 -2 -3 4 -1 -5
right_child=1 2 -4 5 -6 -7
leaf_value=1.9070569013577093e-05 -1.3885228174040621e-05 -5.0982028992650639e-06 2.8466161082403399e-05 2.2230826102226609e-05 1.9021390742933421e-07 2.8217587924694701e-05
leaf_weight=263 50 1141 419 1073 660 69
leaf_count=263 50 1141 419 1073 660 69
internal_value=0.000171545 -7.14504e-05 -1.26784e-05 0.000360999 0.000182537 0.000505238
internal_weight=3675 1610 1560 2065 923 1142
internal_count=3675 1610 1560 2065 923 1142
is_linear=0
shrinkage=0.0173253


Tree=173
num_leaves=7
num_cat=0
split_feature=6 7 1 6 4 6
split_gain=0.511278 0.277583 0.36468 0.294023 0.119471 0.205128
threshold=0.0052957402321999417 0.0057107190649512115 0.0031232354412039508 0.0070146018979856733 -0.021426826199638409 0.00438600295846912
decision_type=2 2 2 2 2 2
left_child=4 2 -2 -3 5 -1
right_child=1 3 -4 -5 -6 -7
leaf_value=3.442806743754342e-05 -1.340224391473462e-05 1.7739801120435768e-05 9.0687646960803395e-06 -5.7820586282242388e-06 1.4153846410440383e-05 -4.3727728417579572e-06
leaf_weight=49 151 675 59 1064 1635 42
leaf_count=49 151 675 59 1064 1635 42
internal_value=0.000152687 -3.96199e-05 -0.000634613 3.22309e-05 0.000369841 -0.000241144
internal_weight=3675 1949 210 1739 1726 91
internal_count=3675 1949 210 1739 1726 91
is_linear=0
shrinkage=0.0173253


Tree=174
num_leaves=7
num_cat=0
split_feature=6 7 5 4 4 6
split_gain=0.482269 0.331251 0.32021 0.0338123 0.0735122 0.00794581
threshold=0.0045387942382008771 0.0044586076118351969 0.0050146316388373488 -0.0029838003905337438 -0.0038254330750484961 0.0043053349197619949
decision_type=2 2 2 2 2 2
left_child=3 -2 -3 4 -1 -5
right_child=1 2 -4 5 -6 -7
leaf_value=1.0708513245777033e-05 -1.3190175761006524e-05 3.2812479637873862e-05 -6.0558567041871102e-07 3.179467717616516e-05 -3.2447056908194152e-06 1.6029874715704225e-05
leaf_weight=366 43 414 2002 705 36 109
leaf_count=366 43 414 2002 705 36 109
internal_value=0.000152687 1.31196e-05 3.99463e-05 0.000434922 0.000304919 0.000499124
internal_weight=3675 2459 2416 1216 402 814
internal_count=3675 2459 2416 1216 402 814
is_linear=0
shrinkage=0.0173253


Tree=175
num_leaves=7
num_cat=0
split_feature=6 7 1 6 4 6
split_gain=0.511278 0.359899 0.418638 0.291798 0.119471 0.205128
threshold=0.0052957402321999417 0.0057107190649512115 0.0031232354412039508 0.0070482595608196601 -0.021426826199638409 0.00438600295846912
decision_type=2 2 2 2 2 2
left_child=4 2 -2 -3 5 -1
right_child=1 3 -4 -5 -6 -7
leaf_value=3.3646061440539298e-05 -1.3159553693748293e-05 1.6525048237926828e-05 8.9221373563130643e-06 -6.0091896347459051e-06 1.3723097912071717e-05 -4.164356806972103e-06
leaf_weight=49 151 689 59 1050 1635 42
leaf_count=49 151 689 59 1050 1635 42
internal_value=0.000152687 -3.96199e-05 -0.000717115 4.21937e-05 0.000369841 -0.000241144
internal_weight=3675 1949 210 1739 1726 91
internal_count=3675 1949 210 1739 1726 91
is_linear=0
shrinkage=0.0173253


Tree=176
num_leaves=7
num_cat=0
split_feature=6 7 0 4 3 3
split_gain=0.505769 0.571276 0.273843 0.155041 0.162682 0.0188772
threshold=0.0058714698895394463 0.0057107190649512115 0.0058731031184796516 0.00031795604509671536 -0.0017149672124692498 -0.00088454707180549987
decision_type=2 2 2 2 2 2
left_child=3 -2 -3 4 -1 -5
right_child=1 2 -4 5 -6 -7
leaf_value=1.2384100773745409e-05 -1.3173978277330031e-05 -4.7950956741756706e-06 2.8187754743063802e-05 1.5937278593105233e-05 -2.2865545271400862e-08 2.4894213967984717e-05
leaf_weight=410 50 1141 419 330 583 742
leaf_count=410 50 1141 419 330 583 742
internal_value=0.000147973 -8.22115e-05 -2.37844e-05 0.000327439 0.000171459 0.000471924
internal_weight=3675 1610 1560 2065 993 1072
internal_count=3675 1610 1560 2065 993 1072
is_linear=0
shrinkage=0.0173253


Tree=177
num_leaves=7
num_cat=0
split_feature=6 7 5 6 7 1
split_gain=0.483984 0.427518 0.297568 0.18898 0.31798 0.0422081
threshold=0.0070146018979856733 0.0065279289606253567 0.010762427398589741 0.0043053349197619949 0.0044586076118351969 -0.0048697822047057996
decision_type=2 2 2 2 2 2
left_child=3 -2 -3 5 -5 -1
right_child=1 2 -4 4 -6 -7
leaf_value=3.936369358075792e-05 -5.0132467015897654e-05 1.6334398509823305e-05 -1.4903739883174834e-05 -4.1741789637533052e-06 3.4011876997167471e-06 2.5237623361703089e-05
leaf_weight=75 33 550 481 88 1472 976
leaf_count=75 33 550 481 88 1472 976
internal_value=0.000147973 -0.000163486 -0.000101354 0.000274895 0.000153911 0.00045447
internal_weight=3675 1064 1031 2611 1560 1051
internal_count=3675 1064 1031 2611 1560 1051
is_linear=0
shrinkage=0.0173253


Tree=178
num_leaves=7
num_cat=0
split_feature=5 0 7 6 1 4
split_gain=0.44888 0.272135 0.385038 0.132616 0.0751097 0.0747738
threshold=0.0063861369829618349 0.006473158662852101 0.018818617246263068 0.01391008485094169 0.010931206903473651 -0.010734562466713079
decision_type=2 2 2 2 2 2
left_child=4 2 -2 -3 5 -1
right_child=1 3 -4 -5 -6 -7
leaf_value=7.462212314343653e-06 -1.2266606777122455e-06 3.0061027032066515e-05 -6.8149326001331969e-05 -3.8045334253362617e-06 -8.2071178737014675e-06 2.4394377144467956e-05
leaf_weight=259 1631 341 36 58 38 1312
leaf_count=259 1631 341 36 58 38 1312
internal_value=0.000152687 -1.62908e-05 -0.000113572 0.000390143 0.00036966 0.00038807
internal_weight=3675 2066 1667 399 1609 1571
internal_count=3675 2066 1667 399 1609 1571
is_linear=0
shrinkage=0.0173253


Tree=179
num_leaves=7
num_cat=0
split_feature=6 5 0 4 1 0
split_gain=0.445035 0.262682 0.320372 0.143257 0.0681348 1.11022e-16
threshold=0.0040283817740967955 0.0087487305686718194 0.0022545057408387506 -0.00083927781408305794 -0.0048697822047057996 0.006084724499675751
decision_type=2 2 2 2 2 2
left_child=4 3 -3 -2 -1 -6
right_child=1 2 -4 -5 5 -7
leaf_value=2.1931734975979705e-05 1.8608548191926428e-07 -1.0789841835969677e-05 5.2626837671632729e-06 1.220867495058928e-05 2.8960477350497818e-05 6.4679620698336528e-05
leaf_weight=55 792 640 452 920 782 34
leaf_count=55 792 640 452 920 782 34
internal_value=0.000138544 3.22842e-05 -0.000177682 0.000166211 0.000480626 0.000520409
internal_weight=3675 2804 1092 1712 871 816
internal_count=3675 2804 1092 1712 871 816
is_linear=0
shrinkage=0.0173253


Tree=180
num_leaves=7
num_cat=0
split_feature=6 5 2 1 4 0
split_gain=0.432853 0.253485 0.219711 0.0681348 0.0462969 1.11022e-16
threshold=0.0040283817740967955 0.0047442341147110323 -0.0036844052859148495 -0.0048697822047057996 -0.0047532654877180313 0.006084724499675751
decision_type=2 2 2 2 2 2
left_child=3 4 -3 -1 -2 -5
right_child=1 2 -4 5 -6 -7
leaf_value=2.1551760507017337e-05 1.4640000984714362e-05 1.132789466973891e-05 -1.5455669494131993e-06 2.8458727625079201e-05 4.0068553326913351e-05 6.3559025152454994e-05
leaf_weight=55 137 625 1715 782 327 34
leaf_count=55 137 625 1715 782 327 34
internal_value=0.000143259 3.8463e-05 -3.48904e-05 0.000480626 0.000408391 0.000520409
internal_weight=3675 2804 2340 871 464 816
internal_count=3675 2804 2340 871 464 816
is_linear=0
shrinkage=0.0173253


Tree=181
num_leaves=7
num_cat=0
split_feature=6 5 2 1 4 0
split_gain=0.432853 0.253485 0.219711 0.0681348 0.0462969 1.11022e-16
threshold=0.0040283817740967955 0.0047442341147110323 -0.0036844052859148495 -0.0048697822047057996 -0.0047532654877180313 0.006084724499675751
decision_type=2 2 2 2 2 2
left_child=3 4 -3 -1 -2 -5
right_child=1 2 -4 5 -6 -7
leaf_value=2.1178369219787823e-05 1.4386358187832677e-05 1.1131635196135477e-05 -1.5187894974016631e-06 2.7965670877469982e-05 3.9374352558521846e-05 6.245784429026967e-05
leaf_weight=55 137 625 1715 782 327 34
leaf_count=55 137 625 1715 782 327 34
internal_value=0.000143259 3.8463e-05 -3.48904e-05 0.000480626 0.000408391 0.000520409
internal_weight=3675 2804 2340 871 464 816
internal_count=3675 2804 2340 871 464 816
is_linear=0
shrinkage=0.0173253


Tree=182
num_leaves=7
num_cat=0
split_feature=6 5 2 1 4 0
split_gain=0.432853 0.253485 0.219711 0.0681348 0.0462969 1.11022e-16
threshold=0.0040283817740967955 0.0047442341147110323 -0.0036844052859148495 -0.0048697822047057996 -0.0047532654877180313 0.006084724499675751
decision_type=2 2 2 2 2 2
left_child=3 4 -3 -1 -2 -5
right_child=1 2 -4 5 -6 -7
leaf_value=2.0811447058518254e-05 1.4137109835218944e-05 1.0938775981989081e-05 -1.4924759734888082e-06 2.7481156498991439e-05 3.8692179045092705e-05 6.1375741746046828e-05
leaf_weight=55 137 625 1715 782 327 34
leaf_count=55 137 625 1715 782 327 34
internal_value=0.000143259 3.8463e-05 -3.48904e-05 0.000480626 0.000408391 0.000520409
internal_weight=3675 2804 2340 871 464 816
internal_count=3675 2804 2340 871 464 816
is_linear=0
shrinkage=0.0173253


Tree=183
num_leaves=7
num_cat=0
split_feature=6 5 2 1 0 7
split_gain=0.460666 0.271975 0.226953 0.0422081 0.0643137 0.0238335
threshold=0.0043053349197619949 0.0047442341147110323 -0.0050201711905507491 -0.0048697822047057996 -0.0013304105790279998 0.0052572658893113031
decision_type=2 2 2 2 2 2
left_child=3 5 -3 4 -1 -2
right_child=1 2 -4 -5 -6 -7
leaf_value=-6.7060383949405547e-06 1.545029812931334e-05 8.5913432411365627e-06 -1.7079534933870601e-06 2.3176283772551464e-05 4.807905991276885e-05 4.1745209200075253e-05
leaf_weight=34 119 496 1719 976 41 290
leaf_count=34 119 496 1719 976 41 290
internal_value=0.000147973 2.52106e-05 -5.05841e-05 0.00045447 5.83999e-05 0.000435688
internal_weight=3675 2624 2215 1051 75 409
internal_count=3675 2624 2215 1051 75 409
is_linear=0
shrinkage=0.0173253


Tree=184
num_leaves=7
num_cat=0
split_feature=6 5 2 1 4 0
split_gain=0.432853 0.253485 0.219711 0.0681348 0.0462969 1.11022e-16
threshold=0.0040283817740967955 0.0047442341147110323 -0.0036844052859148495 -0.0048697822047057996 -0.0047532654877180313 0.006084724499675751
decision_type=2 2 2 2 2 2
left_child=3 4 -3 -1 -2 -5
right_child=1 2 -4 5 -6 -7
leaf_value=2.0132360582546514e-05 1.358573285123126e-05 1.060041029004966e-05 -1.4370274880653189e-06 2.6603499807113061e-05 3.7620287727310553e-05 5.9910850298502507e-05
leaf_weight=55 137 625 1715 782 327 34
leaf_count=55 137 625 1715 782 327 34
internal_value=0.000143259 3.8463e-05 -3.48904e-05 0.000480626 0.000408391 0.000520409
internal_weight=3675 2804 2340 871 464 816
internal_count=3675 2804 2340 871 464 816
is_linear=0
shrinkage=0.0173253


Tree=185
num_leaves=7
num_cat=0
split_feature=5 0 6 3 6 4
split_gain=0.39675 0.26245 0.385955 0.233991 0.188504 0.148926
threshold=0.0087487305686718194 0.0022545057408387506 0.0070763737474529081 0.010597288040705902 0.0045898225569199584 -0.00083927781408305794
decision_type=2 2 2 2 2 2
left_child=4 2 -2 -3 -1 -6
right_child=1 3 -4 -5 5 -7
leaf_value=1.9221297261705317e-05 4.8648686549428356e-07 1.5433945568691193e-05 -1.7279598636620887e-05 -1.4226229559585873e-05 -5.2101688511005289e-07 1.2188959675143707e-05
leaf_weight=1120 342 422 338 46 650 757
leaf_count=1120 342 422 338 46 650 757
internal_value=0.000138544 -0.000128537 -0.000345858 0.000187229 0.000259877 0.000126371
internal_weight=3675 1148 680 468 2527 1407
internal_count=3675 1148 680 468 2527 1407
is_linear=0
shrinkage=0.0173253


Tree=186
num_leaves=7
num_cat=0
split_feature=6 5 2 3 6 1
split_gain=0.450973 0.295452 0.27634 0.0350347 0.109827 0.0817819
threshold=0.00438600295846912 0.0047442341147110323 -0.0036844052859148495 -0.0016614639481374999 0.0040283817740967955 -0.0048697822047057996
decision_type=2 2 2 2 2 2
left_child=3 -2 -3 4 -1 -5
right_child=1 2 -4 5 -6 -7
leaf_value=2.5809375325964471e-05 2.9342309968364894e-05 1.104168627347735e-05 -1.8971979886089601e-06 7.8386649769240096e-06 -9.4463530377085131e-07 2.4414451210765715e-05
leaf_weight=249 391 599 1574 46 89 727
leaf_count=249 391 599 1574 46 89 727
internal_value=0.000119687 -6.64895e-06 -8.55393e-05 0.000411248 0.000264117 0.000475582
internal_weight=3675 2564 2173 1111 338 773
internal_count=3675 2564 2173 1111 338 773
is_linear=0
shrinkage=0.0173253


Tree=187
num_leaves=7
num_cat=0
split_feature=5 0 6 6 7 1
split_gain=0.445837 0.261063 0.391288 0.190951 0.151769 0.0328723
threshold=0.0087487305686718194 0.010597288040705902 0.0080372879628631006 0.0045387942382008771 0.0062252561368752509 -0.0048697822047057996
decision_type=2 2 2 2 2 2
left_child=3 2 -2 5 -5 -1
right_child=1 -3 -4 4 -6 -7
leaf_value=3.5810801583222675e-05 1.1716402991809385e-07 4.4939987682289536e-05 -1.5529251791614244e-05 -1.3205825368865718e-07 1.7905620998469318e-05 1.9595250342793893e-05
leaf_weight=80 614 148 386 679 754 1014
leaf_count=80 614 148 386 679 754 1014
internal_value=0.000124401 -0.00015872 -0.000259231 0.000253021 0.00012143 0.000425388
internal_weight=3675 1148 1000 2527 1433 1094
internal_count=3675 1148 1000 2527 1433 1094
is_linear=0
shrinkage=0.0173253


Tree=188
num_leaves=7
num_cat=0
split_feature=6 5 2 3 6 1
split_gain=0.436507 0.286415 0.262602 0.0350347 0.109827 0.0817819
threshold=0.00438600295846912 0.0047442341147110323 -0.0036844052859148495 -0.0016614639481374999 0.0040283817740967955 -0.0048697822047057996
decision_type=2 2 2 2 2 2
left_child=3 -2 -3 4 -1 -5
right_child=1 2 -4 5 -6 -7
leaf_value=2.5022725362073475e-05 2.8509208484886013e-05 1.0848517931772981e-05 -1.7584224376075112e-06 7.0824237176325351e-06 -1.0506741808233849e-06 2.3651968762600045e-05
leaf_weight=249 391 599 1574 46 89 727
leaf_count=249 391 599 1574 46 89 727
internal_value=0.000124401 1.082e-07 -7.75663e-05 0.000411248 0.000264117 0.000475582
internal_weight=3675 2564 2173 1111 338 773
internal_count=3675 2564 2173 1111 338 773
is_linear=0
shrinkage=0.0173253


Tree=189
num_leaves=7
num_cat=0
split_feature=5 0 6 5 6 4
split_gain=0.426295 0.239064 0.437518 0.114801 0.104263 0.0385394
threshold=0.0074576638778979945 0.010597288040705902 0.011140950624384582 0.0048437947140252098 0.0040873809728196701 -0.0034608704800342029
decision_type=2 2 2 2 2 2
left_child=3 2 -2 5 -5 -1
right_child=1 -3 -4 4 -6 -7
leaf_value=1.5726862223510171e-05 -2.0962515458530652e-07 4.6403708656867945e-05 -3.0161561864263223e-05 2.1335409235927746e-05 3.4028166528399612e-06 3.7097663162723623e-05
leaf_weight=283 1225 176 209 364 812 606
leaf_count=283 1225 176 209 364 812 606
internal_value=0.000129115 -8.22115e-05 -0.000156173 0.000293879 0.000181563 0.000442454
internal_weight=3675 1610 1434 2065 1176 889
internal_count=3675 1610 1434 2065 1176 889
is_linear=0
shrinkage=0.0173253


Tree=190
num_leaves=7
num_cat=0
split_feature=6 7 6 3 6 1
split_gain=0.422277 0.2619 0.25013 0.0350347 0.109827 0.0817819
threshold=0.00438600295846912 0.0044586076118351969 0.015989846888083654 -0.0016614639481374999 0.0040283817740967955 -0.0048697822047057996
decision_type=2 2 2 2 2 2
left_child=3 -2 -3 4 -1 -5
right_child=1 2 -4 5 -6 -7
leaf_value=2.3946469349163549e-05 -4.7741657957341807e-06 9.4854501998650078e-07 -3.277380322030819e-05 6.6872453916866601e-06 -1.051164068988449e-06 2.2923643788297734e-05
leaf_weight=249 65 2373 126 46 89 727
leaf_count=249 65 2373 126 46 89 727
internal_value=0.000129115 6.86535e-06 3.51053e-05 0.000411248 0.000264117 0.000475582
internal_weight=3675 2564 2499 1111 338 773
internal_count=3675 2564 2499 1111 338 773
is_linear=0
shrinkage=0.0173253


Tree=191
num_leaves=7
num_cat=0
split_feature=6 7 6 3 6 1
split_gain=0.422277 0.2619 0.25013 0.0350347 0.109827 0.0817819
threshold=0.00438600295846912 0.0044586076118351969 0.015989846888083654 -0.0016614639481374999 0.0040283817740967955 -0.0048697822047057996
decision_type=2 2 2 2 2 2
left_child=3 -2 -3 4 -1 -5
right_child=1 2 -4 5 -6 -7
leaf_value=2.3531588949394115e-05 -4.6914518146032296e-06 9.3211116782428238e-07 -3.2205986379180341e-05 6.5713866819534717e-06 -1.0329523082981297e-06 2.2526484175313138e-05
leaf_weight=249 65 2373 126 46 89 727
leaf_count=249 65 2373 126 46 89 727
internal_value=0.000129115 6.86535e-06 3.51053e-05 0.000411248 0.000264117 0.000475582
internal_weight=3675 2564 2499 1111 338 773
internal_count=3675 2564 2499 1111 338 773
is_linear=0
shrinkage=0.0173253


Tree=192
num_leaves=7
num_cat=0
split_feature=6 4 7 6 3 6
split_gain=0.436507 0.272297 0.801673 0.172505 0.0350347 0.109827
threshold=0.00438600295846912 0.0027041889798569579 0.0045921236667502818 0.0082333302091105332 -0.0016614639481374999 0.0040283817740967955
decision_type=2 2 2 2 2 2
left_child=4 2 -2 -3 5 -1
right_child=1 3 -4 -5 -6 -7
leaf_value=2.3123896488005205e-05 -1.937303041746353e-05 1.6609717250091422e-05 -7.1769453094974034e-07 -2.1145772785532785e-06 2.1326961319195046e-05 -1.0150560723077336e-06
leaf_weight=249 48 823 1311 382 773 89
leaf_count=249 48 823 1311 382 773 89
internal_value=0.000124401 1.082e-07 -0.000168015 0.000189718 0.000411248 0.000264117
internal_weight=3675 2564 1359 1205 1111 338
internal_count=3675 2564 1359 1205 1111 338
is_linear=0
shrinkage=0.0173253


Tree=193
num_leaves=7
num_cat=0
split_feature=6 5 0 3 6 1
split_gain=0.422277 0.277518 0.292839 0.0350347 0.109827 0.0817819
threshold=0.00438600295846912 0.0047442341147110323 0.006473158662852101 -0.0016614639481374999 0.0040283817740967955 -0.0048697822047057996
decision_type=2 2 2 2 2 2
left_child=3 -2 -3 4 -1 -5
right_child=1 2 -4 5 -6 -7
leaf_value=2.2723267431617578e-05 2.7716252208167881e-05 -2.3245672441819134e-06 1.8366806945328873e-05 6.0880386942874956e-06 -9.9746989444881484e-07 2.1766708914386664e-05
leaf_weight=249 391 1727 446 46 89 727
leaf_count=249 391 1727 446 46 89 727
internal_value=0.000129115 6.86535e-06 -6.95933e-05 0.000411248 0.000264117 0.000475582
internal_weight=3675 2564 2173 1111 338 773
internal_count=3675 2564 2173 1111 338 773
is_linear=0
shrinkage=0.0173253


Tree=194
num_leaves=7
num_cat=0
split_feature=6 7 5 3 6 1
split_gain=0.450973 0.255421 0.255089 0.0350347 0.109827 0.0817819
threshold=0.00438600295846912 0.0044586076118351969 0.0049871606311436339 -0.0016614639481374999 0.0040283817740967955 -0.0048697822047057996
decision_type=2 2 2 2 2 2
left_child=3 -2 -3 4 -1 -5
right_child=1 2 -4 5 -6 -7
leaf_value=2.2329579404433455e-05 -4.2342529166528093e-06 3.8440442727564487e-05 -5.5025872869263678e-07 5.9825614362220535e-06 -9.8018840286302622e-07 2.1389593575820851e-05
leaf_weight=249 65 437 2062 46 89 727
leaf_count=249 65 437 2062 46 89 727
internal_value=0.000119687 -6.64895e-06 2.12395e-05 0.000411248 0.000264117 0.000475582
internal_weight=3675 2564 2499 1111 338 773
internal_count=3675 2564 2499 1111 338 773
is_linear=0
shrinkage=0.0173253


Tree=195
num_leaves=7
num_cat=0
split_feature=6 7 5 3 6 1
split_gain=0.450973 0.255421 0.255089 0.0350347 0.109827 0.0817819
threshold=0.00438600295846912 0.0044586076118351969 0.0049871606311436339 -0.0016614639481374999 0.0040283817740967955 -0.0048697822047057996
decision_type=2 2 2 2 2 2
left_child=3 -2 -3 4 -1 -5
right_child=1 2 -4 5 -6 -7
leaf_value=2.1942712150855709e-05 -4.1608931024283607e-06 3.7774449506869384e-05 -5.4072531656376999e-07 5.8789116060899258e-06 -9.6320631876119589e-07 2.1019011883620274e-05
leaf_weight=249 65 437 2062 46 89 727
leaf_count=249 65 437 2062 46 89 727
internal_value=0.000119687 -6.64895e-06 2.12395e-05 0.000411248 0.000264117 0.000475582
internal_weight=3675 2564 2499 1111 338 773
internal_count=3675 2564 2499 1111 338 773
is_linear=0
shrinkage=0.0173253


Tree=196
num_leaves=6
num_cat=0
split_feature=6 7 5 5 4
split_gain=0.418642 0.31898 0.238341 0.112656 0.0287535
threshold=0.0045387942382008771 0.0044586076118351969 0.0049871606311436339 0.010040656755731877 -0.0029838003905337438
decision_type=2 2 2 2 2
left_child=3 -2 -3 4 -1
right_child=1 2 -4 -5 -6
leaf_value=7.1679291706929536e-06 -1.2071036077619259e-05 3.7543298024009682e-05 -8.7795878107785861e-07 -2.582668947058117e-07 2.3317596166580797e-05
leaf_weight=379 43 408 2008 59 778
leaf_count=379 43 408 2008 59 778
internal_value=0.000114972 -1.50631e-05 1.1262e-05 0.000377931 0.000415588
internal_weight=3675 2459 2416 1216 1157
internal_count=3675 2459 2416 1216 1157
is_linear=0
shrinkage=0.0173253


Tree=197
num_leaves=7
num_cat=0
split_feature=6 7 5 5 4 4
split_gain=0.406828 0.447968 0.249498 0.135459 0.239661 0.0320761
threshold=0.0047048736997605195 0.0045921236667502818 0.0050146316388373488 0.0098146298823551231 0.00066990310592473493 0.00080907403578311184
decision_type=2 2 2 2 2 2
left_child=3 -2 -3 5 -5 -1
right_child=1 2 -4 4 -6 -7
leaf_value=7.6796081915759442e-06 -1.8838639102505352e-05 3.6743550756756313e-05 -1.1321290519412319e-06 -7.7134416525113917e-07 3.0344618332998054e-05 2.2986809000359819e-05
leaf_weight=596 47 373 1934 37 46 642
leaf_count=596 47 373 1934 37 46 642
internal_value=0.000119687 -1.68679e-05 1.72456e-05 0.000363025 -0.000314547 0.000408452
internal_weight=3675 2354 2307 1321 83 1238
internal_count=3675 2354 2307 1321 83 1238
is_linear=0
shrinkage=0.0173253


Tree=198
num_leaves=6
num_cat=0
split_feature=6 7 5 5 4
split_gain=0.418642 0.31898 0.238341 0.112656 0.0287535
threshold=0.0045387942382008771 0.0044586076118351969 0.0049871606311436339 0.010040656755731877 -0.0029838003905337438
decision_type=2 2 2 2 2
left_child=3 -2 -3 4 -1
right_child=1 2 -4 -5 -6
leaf_value=6.9106907383114742e-06 -1.1535515863407747e-05 3.6256254114931171e-05 -8.449157698578561e-07 -2.4042854693380449e-07 2.2621477419443449e-05
leaf_weight=379 43 408 2008 59 778
leaf_count=379 43 408 2008 59 778
internal_value=0.000114972 -1.50631e-05 1.1262e-05 0.000377931 0.000415588
internal_weight=3675 2459 2416 1216 1157
internal_count=3675 2459 2416 1216 1157
is_linear=0
shrinkage=0.0173253


Tree=199
num_leaves=7
num_cat=0
split_feature=6 4 7 1 4 4
split_gain=0.390336 0.253235 0.57699 0.198877 0.046124 0.0674792
threshold=0.00438600295846912 0.0027041889798569579 0.0047217116792278675 0.0027031775613827504 -0.0029838003905337438 -0.0038254330750484961
decision_type=2 2 2 2 2 2
left_child=4 2 -2 -3 5 -1
right_child=1 3 -4 -5 -6 -7
leaf_value=7.3999067475591088e-06 -2.0035523061140188e-05 2.5619011444423083e-05 -8.975434202214729e-07 -3.5760448091453874e-07 2.1292732063904612e-05 -9.7726291293031331e-06
leaf_weight=332 71 615 1288 590 745 34
leaf_count=332 71 615 1288 590 745 34
internal_value=0.000124401 6.86535e-06 -0.000155266 0.000189718 0.000395654 0.000236387
internal_weight=3675 2564 1359 1205 1111 366
internal_count=3675 2564 1359 1205 1111 366
is_linear=0
shrinkage=0.0173253


Tree=200
num_leaves=7
num_cat=0
split_feature=6 6 0 4 5 4
split_gain=0.449548 0.218067 0.302786 0.230841 0.0681846 0.0287287
threshold=0.0045387942382008771 0.015989846888083654 -0.011216545659280897 0.011700313955634816 0.010516690983653302 -0.0029838003905337438
decision_type=2 2 2 2 2 2
left_child=4 3 -3 -2 5 -1
right_child=1 2 -4 -5 -6 -7
leaf_value=6.3364727268777758e-06 -1.1153478221479963e-06 -5.5006820415484451e-05 -2.7752315685597599e-06 1.6195050996163594e-05 8.7403221938391737e-06 2.0412275368845243e-05
leaf_weight=382 1571 43 83 762 43 791
leaf_count=382 1571 43 83 762 43 791
internal_value=0.000119687 -1.50631e-05 -0.000717115 2.28531e-05 0.000392178 0.000417018
internal_weight=3675 2459 126 2333 1216 1173
internal_count=3675 2459 126 2333 1216 1173
is_linear=0
shrinkage=0.0173253


Tree=201
num_leaves=7
num_cat=0
split_feature=5 0 6 4 1 6
split_gain=0.442573 0.265364 0.3953 0.116127 0.159686 0.0876416
threshold=0.0074576638778979945 0.010597288040705902 0.011140950624384582 0.0027041889798569579 -0.0020184553207440495 0.0084219068401703793
decision_type=2 2 2 2 2 2
left_child=3 2 -2 4 -1 -5
right_child=1 -3 -4 5 -6 -7
leaf_value=1.69538957505517e-05 -3.8740137736105341e-07 4.656661307066732e-05 -2.7941962364400374e-05 2.5370889562818792e-05 3.3175677995413959e-07 -4.5925216797576363e-06
leaf_weight=446 1225 176 209 866 675 78
leaf_count=446 1225 176 209 866 675 78
internal_value=0.000100829 -0.000114495 -0.000192419 0.000268709 0.000149483 0.00041029
internal_weight=3675 1610 1434 2065 1121 944
internal_count=3675 1610 1434 2065 1121 944
is_linear=0
shrinkage=0.0173253


Tree=202
num_leaves=7
num_cat=0
split_feature=6 0 7 3 1 1
split_gain=0.378339 0.241134 0.384968 0.0994999 0.055054 0.0406947
threshold=0.0040283817740967955 0.006473158662852101 0.018818617246263068 0.0034658080626929506 -0.0048697822047057996 0.0027031775613827504
decision_type=2 2 2 2 2 2
left_child=4 2 -2 -3 -1 -6
right_child=1 3 -4 -5 5 -7
leaf_value=1.659270664524019e-05 -2.9348395578879653e-07 2.2155976270807232e-05 -6.3607289536383275e-05 4.3381021808566441e-06 2.1325424730763973e-05 1.8819160259559841e-05
leaf_weight=55 2260 339 37 168 642 174
leaf_count=55 2260 339 37 168 642 174
internal_value=0.000105544 7.56902e-06 -6.79134e-05 0.000349547 0.000420952 0.000456713
internal_weight=3675 2804 2297 507 871 816
internal_count=3675 2804 2297 507 871 816
is_linear=0
shrinkage=0.0173253


Tree=203
num_leaves=7
num_cat=0
split_feature=5 0 6 6 1 1
split_gain=0.423405 0.265364 0.3953 0.110616 0.135804 0.0273997
threshold=0.0074576638778979945 0.010597288040705902 0.011140950624384582 0.0035942787179682402 -0.0020184553207440495 -0.0043273499094646992
decision_type=2 2 2 2 2 2
left_child=3 2 -2 5 -5 -1
right_child=1 -3 -4 4 -6 -7
leaf_value=3.0159968547913459e-05 -4.9178121969616701e-07 4.5684672259027801e-05 -2.7452774038297634e-05 2.1992249336372481e-05 3.8515795559229967e-06 2.4132623813739988e-05
leaf_weight=34 1225 176 209 515 1053 463
leaf_count=34 1225 176 209 515 1053 463
internal_value=9.61149e-05 -0.000114495 -0.000192419 0.000260319 0.000188929 0.000485549
internal_weight=3675 1610 1434 2065 1568 497
internal_count=3675 1610 1434 2065 1568 497
is_linear=0
shrinkage=0.0173253


Tree=204
num_leaves=7
num_cat=0
split_feature=6 0 7 3 1 1
split_gain=0.389734 0.249927 0.381662 0.0994999 0.055054 0.0406947
threshold=0.0040283817740967955 0.006473158662852101 0.018818617246263068 0.0034658080626929506 -0.0048697822047057996 0.0027031775613827504
decision_type=2 2 2 2 2 2
left_child=4 2 -2 -3 -1 -6
right_child=1 3 -4 -5 5 -7
leaf_value=1.5870722633942457e-05 -2.7987898024189085e-07 2.1694402230282718e-05 -6.2029644204704635e-05 3.4844444200469826e-06 2.0537849198108642e-05 1.80750065771397e-05
leaf_weight=55 2260 339 37 168 642 174
leaf_count=55 2260 339 37 168 642 174
internal_value=0.000100829 1.39023e-06 -7.54559e-05 0.000349547 0.000420952 0.000456713
internal_weight=3675 2804 2297 507 871 816
internal_count=3675 2804 2297 507 871 816
is_linear=0
shrinkage=0.0173253


Tree=205
num_leaves=7
num_cat=0
split_feature=6 5 0 7 1 1
split_gain=0.41303 0.22964 0.277113 0.149307 0.055054 0.0406947
threshold=0.0040283817740967955 0.0074576638778979945 0.0096662020922502513 0.0045921236667502818 -0.0048697822047057996 0.0027031775613827504
decision_type=2 2 2 2 2 2
left_child=4 3 -3 -2 -1 -6
right_child=1 2 -4 -5 5 -7
leaf_value=1.559575718266895e-05 -1.74083054147465e-06 -2.5418759800806577e-06 3.9285358335223894e-05 1.079409779100767e-05 2.0182024255338387e-05 1.776185118687249e-05
leaf_weight=55 132 1275 203 1194 642 174
leaf_count=55 132 1275 203 1194 642 174
internal_value=9.14005e-05 -1.09674e-05 -0.000159476 0.000154565 0.000420952 0.000456713
internal_weight=3675 2804 1478 1326 871 816
internal_count=3675 2804 1478 1326 871 816
is_linear=0
shrinkage=0.0173253


Tree=206
num_leaves=7
num_cat=0
split_feature=6 2 6 4 1 1
split_gain=0.41303 0.273382 0.406091 0.072729 0.055054 0.0406947
threshold=0.0040283817740967955 -0.0050201711905507491 0.009620433864609439 -0.013698672483897304 -0.0048697822047057996 0.0027031775613827504
decision_type=2 2 2 2 2 2
left_child=4 3 -3 -2 -1 -6
right_child=1 2 -4 -5 5 -7
leaf_value=1.5325555597612368e-05 3.0319789113838361e-06 2.6056566262249163e-08 -1.7997474888754003e-05 2.2670516317019004e-05 1.9832364095875095e-05 1.745412131598393e-05
leaf_weight=55 237 1886 320 361 642 174
leaf_count=55 237 1886 320 361 642 174
internal_value=9.14005e-05 -1.09674e-05 -0.000100036 0.000317604 0.000420952 0.000456713
internal_weight=3675 2804 2206 598 871 816
internal_count=3675 2804 2206 598 871 816
is_linear=0
shrinkage=0.0173253


Tree=207
num_leaves=7
num_cat=0
split_feature=6 5 0 7 1 1
split_gain=0.424931 0.228026 0.215586 0.0897988 0.055054 0.0406947
threshold=0.0040283817740967955 0.0047442341147110323 0.006473158662852101 0.0053018984017056906 -0.0048697822047057996 0.0027031775613827504
decision_type=2 2 2 2 2 2
left_child=4 3 -3 -2 -1 -6
right_child=1 2 -4 -5 5 -7
leaf_value=1.5060035343235152e-05 7.9792214646830564e-06 -1.965156688007333e-06 1.7562913736462516e-05 3.8450653270785367e-05 1.9488761912835236e-05 1.7151722965579397e-05
leaf_weight=55 174 1887 453 290 642 174
leaf_count=55 174 1887 453 290 642 174
internal_value=8.66861e-05 -1.71461e-05 -8.67183e-05 0.000333713 0.000420952 0.000456713
internal_weight=3675 2804 2340 464 871 816
internal_count=3675 2804 2340 464 871 816
is_linear=0
shrinkage=0.0173253


Tree=208
num_leaves=7
num_cat=0
split_feature=6 5 4 7 2 5
split_gain=0.401058 0.268779 0.255547 0.0645785 0.023361 0.0870241
threshold=0.0038296771305687686 0.0047442341147110323 0.0027041889798569579 0.0053018984017056906 -0.0029203771468681995 0.0038971104092579306
decision_type=2 2 2 2 2 2
left_child=4 3 -3 -2 5 -1
right_child=1 2 -4 -5 -6 -7
leaf_value=-2.9537016230371482e-06 1.2351687423990495e-05 -2.5047788549652045e-06 5.5596850554690758e-06 3.8070177494649125e-05 1.9048095480436933e-05 2.7037629724495069e-05
leaf_weight=33 221 1307 1132 294 604 84
leaf_count=33 221 1307 1132 294 604 84
internal_value=8.19717e-05 -7.44498e-06 -8.33851e-05 0.000352202 0.00044832 0.000224249
internal_weight=3675 2954 2439 515 721 117
internal_count=3675 2954 2439 515 721 117
is_linear=0
shrinkage=0.0173253


Tree=209
num_leaves=7
num_cat=0
split_feature=6 5 7 7 1 1
split_gain=0.449242 0.244371 0.2815 0.0897988 0.055054 0.0406947
threshold=0.0040283817740967955 0.0047442341147110323 0.0045363092710098704 0.0053018984017056906 -0.0048697822047057996 0.0027031775613827504
decision_type=2 2 2 2 2 2
left_child=4 3 -3 -2 -1 -6
right_child=1 2 -4 -5 5 -7
leaf_value=1.4613181607929037e-05 7.6269818303378047e-06 -4.4227048083438908e-06 -3.4372987104061018e-07 3.7124904894448563e-05 1.8821098276578266e-05 1.652454929210469e-05
leaf_weight=55 174 138 2202 290 642 174
leaf_count=55 174 138 2202 290 642 174
internal_value=7.72574e-05 -2.95037e-05 -0.000101526 0.000333713 0.000420952 0.000456713
internal_weight=3675 2804 2340 464 871 816
internal_count=3675 2804 2340 464 871 816
is_linear=0
shrinkage=0.0173253


Tree=210
num_leaves=7
num_cat=0
split_feature=5 6 2 4 6 4
split_gain=0.459156 0.222182 0.355623 0.3342 0.127713 0.148943
threshold=0.0074576638778979945 0.011140950624384582 -0.0036844052859148495 0.025549245250337214 0.0035942787179682402 0.0027041889798569579
decision_type=2 2 2 2 2 2
left_child=4 3 -3 -2 -1 -6
right_child=1 2 -4 -5 5 -7
leaf_value=2.1696265762112445e-05 -1.1233682828128667e-06 1.8696135923928063e-05 -2.6873994591957578e-05 4.9792418506255869e-05 8.6337013313280411e-07 2.0524942614289465e-05
leaf_weight=497 1081 107 174 248 852 716
leaf_count=497 1081 107 174 248 852 716
internal_value=7.2543e-05 -0.000146778 -0.000589399 -5.31914e-05 0.000243539 0.00016683
internal_weight=3675 1610 281 1329 2065 1568
internal_count=3675 1610 281 1329 2065 1568
is_linear=0
shrinkage=0.0173253


Tree=211
num_leaves=7
num_cat=0
split_feature=5 4 2 1 4 1
split_gain=0.439447 0.260985 0.346106 0.227302 0.0732565 0.198514
threshold=0.0059645953483993853 0.004236085992685293 -0.009286927632831548 0.0027031775613827504 0.00031795604509671536 0.0019410916865587502
decision_type=2 2 2 2 2 2
left_child=4 2 -2 -3 5 -1
right_child=1 3 -4 -5 -6 -7
leaf_value=1.4921033574473563e-05 2.3521402504946278e-05 2.3222016204102576e-05 -3.7786407852639479e-06 -7.7272591204149848e-07 2.3905288773972307e-05 -2.7191294573014865e-06
leaf_weight=501 155 513 1089 504 755 158
leaf_count=501 155 513 1089 504 755 158
internal_value=7.2543e-05 -7.72807e-05 -0.000245583 0.000128587 0.000312113 0.000178634
internal_weight=3675 2261 1244 1017 1414 659
internal_count=3675 2261 1244 1017 1414 659
is_linear=0
shrinkage=0.0173253


Tree=212
num_leaves=7
num_cat=0
split_feature=5 4 2 6 4 1
split_gain=0.429148 0.266411 0.335139 0.213503 0.0949907 0.305327
threshold=0.0059645953483993853 0.011700313955634816 -0.009286927632831548 0.011140950624384582 -0.012649129832898405 0.0013199106633862503
decision_type=2 2 2 2 2 2
left_child=4 2 -2 -3 5 -1
right_child=1 3 -4 -5 -6 -7
leaf_value=1.4326128333757727e-05 2.4157771451987865e-05 2.1694035255590269e-05 -2.4061445649740494e-06 -7.9498280935273922e-06 1.7006726829834477e-05 -1.9281472645642375e-05
leaf_weight=140 166 607 1366 122 1241 33
leaf_count=140 166 607 1366 122 1241 33
internal_value=6.31142e-05 -8.49434e-05 -0.000214674 0.000187686 0.00029986 -8.04698e-05
internal_weight=3675 2261 1532 729 1414 173
internal_count=3675 2261 1532 729 1414 173
is_linear=0
shrinkage=0.0173253


Tree=213
num_leaves=7
num_cat=0
split_feature=5 4 2 6 4 1
split_gain=0.429115 0.266851 0.327674 0.218806 0.0807887 0.129547
threshold=0.0064810300505375859 0.011700313955634816 -0.009286927632831548 0.011140950624384582 0.00080907403578311184 -0.0019604053415797494
decision_type=2 2 2 2 2 2
left_child=4 2 -2 -3 5 -1
right_child=1 3 -4 -5 -6 -7
leaf_value=2.1017521513896147e-05 2.2410649360720198e-05 2.0769831863880196e-05 -2.7800318517662972e-06 -7.8227149835424868e-06 2.1855327188446766e-05 -1.4903605003284482e-07
leaf_weight=334 152 551 1197 121 847 473
leaf_count=334 152 551 1197 121 847 473
internal_value=7.2543e-05 -9.68223e-05 -0.000237334 0.000185246 0.000279488 0.000155439
internal_weight=3675 2021 1349 672 1654 807
internal_count=3675 2021 1349 672 1654 807
is_linear=0
shrinkage=0.0173253


Tree=214
num_leaves=7
num_cat=0
split_feature=5 0 7 4 1 3
split_gain=0.368449 0.261642 0.376774 0.111023 0.149878 0.0815545
threshold=0.0074576638778979945 0.0066154638614827005 0.018818617246263068 0.0027041889798569579 -0.0020184553207440495 0.0028700261008738005
decision_type=2 2 2 2 2 2
left_child=3 2 -2 4 -1 -3
right_child=1 5 -4 -5 -6 -7
leaf_value=1.4495200062549747e-05 -1.6189898810480487e-06 2.9840745988495764e-05 -6.0055310812483505e-05 2.2686068271510819e-05 -3.2228479065084954e-07 2.2810693351652806e-06
leaf_weight=446 1239 213 34 944 675 124
leaf_count=446 1239 213 34 944 675 124
internal_value=8.19717e-05 -0.000114495 -0.000228133 0.000235149 0.000118572 0.000314767
internal_weight=3675 1610 1273 2065 1121 337
internal_count=3675 1610 1273 2065 1121 337
is_linear=0
shrinkage=0.0173253


Tree=215
num_leaves=7
num_cat=0
split_feature=5 4 2 1 4 1
split_gain=0.379405 0.223574 0.321392 0.227302 0.0894752 0.114666
threshold=0.0059645953483993853 0.004236085992685293 -0.009286927632831548 0.0027031775613827504 0.00031795604509671536 0.0025942039715296504
decision_type=2 2 2 2 2 2
left_child=4 2 -2 -3 5 -1
right_child=1 3 -4 -5 -6 -7
leaf_value=1.3318586702802057e-05 2.2321064587153238e-05 2.277792208188993e-05 -3.6024452890586459e-06 -7.2592646738420873e-07 2.2424780527564169e-05 -3.1326440497134727e-06
leaf_weight=536 155 513 1089 504 755 123
leaf_count=536 155 513 1089 504 755 123
internal_value=7.72574e-05 -6.19553e-05 -0.000217728 0.000128587 0.00029986 0.000152344
internal_weight=3675 2261 1244 1017 1414 659
internal_count=3675 2261 1244 1017 1414 659
is_linear=0
shrinkage=0.0173253


Tree=216
num_leaves=7
num_cat=0
split_feature=5 4 2 6 4 1
split_gain=0.36984 0.237301 0.314833 0.213503 0.107314 0.161441
threshold=0.0059645953483993853 0.011700313955634816 -0.009286927632831548 0.011140950624384582 0.00031795604509671536 0.0019410916865587502
decision_type=2 2 2 2 2 2
left_child=4 2 -2 -3 5 -1
right_child=1 3 -4 -5 -6 -7
leaf_value=1.4146161162704702e-05 2.2970806799831105e-05 2.0580681882382348e-05 -2.2258543168631643e-06 -7.6606318634915129e-06 2.2036263883445904e-05 -3.0616001075861113e-06
leaf_weight=501 166 607 1366 122 755 158
leaf_count=501 166 607 1366 122 755 158
internal_value=6.78286e-05 -6.9618e-05 -0.000192056 0.000187686 0.000287607 0.000126054
internal_weight=3675 2261 1532 729 1414 659
internal_count=3675 2261 1532 729 1414 659
is_linear=0
shrinkage=0.0173253


Tree=217
num_leaves=7
num_cat=0
split_feature=6 7 6 6 7 1
split_gain=0.345738 0.309928 0.221279 0.0755541 0.270839 0.0257616
threshold=0.0045387942382008771 0.0044586076118351969 0.015989846888083654 0.0034858550588229304 0.0040391278289387015 -0.004199656862010499
decision_type=2 2 2 2 2 2
left_child=3 -2 -3 5 -5 -1
right_child=1 2 -4 4 -6 -7
leaf_value=2.2419410325532676e-05 -1.0648607770227773e-05 8.7398298479738053e-07 -2.9511071998164662e-05 -6.5198286287381396e-07 8.3477566665301021e-06 2.6803556727362779e-05
leaf_weight=36 43 2290 126 170 550 460
leaf_count=36 43 2290 126 170 550 460
internal_value=8.19717e-05 -3.62001e-05 -1.02513e-05 0.000320939 0.00020759 0.000485478
internal_weight=3675 2459 2416 1216 720 496
internal_count=3675 2459 2416 1216 720 496
is_linear=0
shrinkage=0.0173253


Tree=218
num_leaves=7
num_cat=0
split_feature=5 4 2 6 4 7
split_gain=0.368228 0.238647 0.387483 0.192027 0.0901682 0.0975355
threshold=0.0049871606311436339 0.004236085992685293 -0.0036844052859148495 0.0053364135480586999 -0.0015679539148435162 0.005579627239053443
decision_type=2 2 2 2 2 2
left_child=4 2 -2 -3 5 -1
right_child=1 3 -4 -5 -6 -7
leaf_value=-7.0389936748297488e-07 5.0959433546124304e-06 2.5010444296956454e-05 -2.7313473531244107e-06 -2.8134094571281644e-07 2.8892032336792102e-05 1.9198876582535215e-05
leaf_weight=237 504 430 1003 774 593 134
leaf_count=237 504 430 1003 774 593 134
internal_value=6.78286e-05 -3.55868e-05 -0.000180882 0.000146274 0.000358658 0.000146817
internal_weight=3675 2711 1507 1204 964 371
internal_count=3675 2711 1507 1204 964 371
is_linear=0
shrinkage=0.0173253


Tree=219
num_leaves=7
num_cat=0
split_feature=5 4 2 7 4 7
split_gain=0.365873 0.245588 0.308902 0.182718 0.0917018 0.0993356
threshold=0.0049583897378915184 0.011700313955634816 -0.0036844052859148495 0.014658315423149911 -0.0015679539148435162 0.005579627239053443
decision_type=2 2 2 2 2 2
left_child=4 2 -2 -3 5 -1
right_child=1 3 -4 -5 -6 -7
leaf_value=-1.4138338913127937e-06 8.2983447465043718e-06 1.4615696935575606e-05 -1.7676273501424772e-06 -3.6229774363271898e-05 3.0238932774414861e-05 1.8858655007325446e-05
leaf_weight=233 573 801 1319 33 584 132
leaf_count=233 573 801 1319 33 584 132
internal_value=6.31142e-05 -3.8883e-05 -0.000148063 0.000208802 0.000356101 0.000140675
internal_weight=3675 2726 1892 834 949 365
internal_count=3675 2726 1892 834 949 365
is_linear=0
shrinkage=0.0173253


Tree=220
num_leaves=7
num_cat=0
split_feature=5 4 2 2 4 7
split_gain=0.332833 0.207751 0.288718 0.20273 0.0768177 0.0993356
threshold=0.0049583897378915184 0.0030455136241061853 -0.0036844052859148495 0.0015921333548367001 -0.0015679539148435162 0.005579627239053443
decision_type=2 2 2 2 2 2
left_child=4 2 -2 -3 5 -1
right_child=1 3 -4 -5 -6 -7
leaf_value=-1.3893387575424478e-06 4.2546972956224787e-06 2.437249608479082e-05 -3.0719811917553861e-06 -3.3484287228336528e-07 2.9715033391373301e-05 1.8531922652151498e-05
leaf_weight=233 487 566 973 700 584 132
leaf_count=233 487 566 973 700 584 132
internal_value=5.83999e-05 -3.8883e-05 -0.000179724 0.000123541 0.000337845 0.000140675
internal_weight=3675 2726 1460 1266 949 365
internal_count=3675 2726 1460 1266 949 365
is_linear=0
shrinkage=0.0173253


Tree=221
num_leaves=7
num_cat=0
split_feature=5 6 0 4 4 7
split_gain=0.321698 0.210505 0.298965 0.221194 0.0768177 0.0993356
threshold=0.0049583897378915184 0.015989846888083654 -0.011216545659280897 0.011700313955634816 -0.0015679539148435162 0.005579627239053443
decision_type=2 2 2 2 2 2
left_child=4 3 -3 -2 5 -1
right_child=1 2 -4 -5 -6 -7
leaf_value=-1.3652680099621011e-06 -5.0788519724836491e-07 -4.8503819242595488e-05 -1.7909101313777755e-06 1.4415251783768087e-05 2.9200210736191116e-05 1.8210851041705952e-05
leaf_weight=233 1798 43 82 803 584 132
leaf_count=233 1798 43 82 803 584 132
internal_value=6.31142e-05 -3.25274e-05 -0.000727015 8.48603e-07 0.000337845 0.000140675
internal_weight=3675 2726 125 2601 949 365
internal_count=3675 2726 125 2601 949 365
is_linear=0
shrinkage=0.0173253


Tree=222
num_leaves=6
num_cat=0
split_feature=6 7 5 0 6
split_gain=0.318121 0.298062 0.227158 0.0703379 0.0897553
threshold=0.0045387942382008771 0.0044586076118351969 0.0063861369829618349 -0.0062913659306445989 0.0034674367805397339
decision_type=2 2 2 2 2
left_child=3 -2 -3 -1 -5
right_child=1 2 -4 4 -6
leaf_value=-2.5356158934688079e-07 -1.0338679931518603e-05 1.106172840416354e-05 -1.7206546268211271e-06 2.7937116919738326e-05 4.1813601006802623e-06
leaf_weight=34 43 772 1644 477 705
leaf_count=34 43 772 1644 477 705
internal_value=4.89711e-05 -6.43829e-05 -3.89356e-05 0.000278196 0.000300544
internal_weight=3675 2459 2416 1216 1182
internal_count=3675 2459 2416 1216 1182
is_linear=0
shrinkage=0.0173253


Tree=223
num_leaves=7
num_cat=0
split_feature=5 2 6 1 0 2
split_gain=0.320055 0.219177 0.430542 0.0867958 0.0364656 0.0404598
threshold=0.0047442341147110323 -0.0036844052859148495 0.011140950624384582 -0.0025282713840577499 -0.0062913659306445989 0.0046581889920974005
decision_type=2 2 2 2 2 2
left_child=4 3 -3 -2 -1 -6
right_child=1 2 -4 -5 5 -7
leaf_value=2.6810353763645662e-05 2.8142055582117463e-05 -2.5238362948855957e-07 -2.1861014828693245e-05 2.5250778554467934e-06 2.1223174107670874e-05 1.7546991869161529e-05
leaf_weight=57 276 1947 193 415 673 114
leaf_count=57 276 1947 193 415 673 114
internal_value=3.95424e-05 -4.87385e-05 -0.000135363 0.000219535 0.00033566 0.000366308
internal_weight=3675 2831 2140 691 844 787
internal_count=3675 2831 2140 691 844 787
is_linear=0
shrinkage=0.0173253


Tree=224
num_leaves=7
num_cat=0
split_feature=5 4 2 6 0 2
split_gain=0.299998 0.224242 0.321175 0.201176 0.0364656 0.0404598
threshold=0.0047442341147110323 0.011700313955634816 -0.0036844052859148495 0.011140950624384582 -0.0062913659306445989 0.0046581889920974005
decision_type=2 2 2 2 2 2
left_child=4 2 -2 -3 -1 -6
right_child=1 3 -4 -5 5 -7
leaf_value=2.6345855631364218e-05 8.5421564127994797e-06 1.9490798029240209e-05 -1.778030136936177e-06 -6.5167038877666182e-06 2.0855475687090371e-05 1.7242984506101841e-05
leaf_weight=57 593 732 1380 126 673 114
leaf_count=57 593 732 1380 126 673 114
internal_value=4.89711e-05 -3.64988e-05 -0.000138182 0.000197326 0.00033566 0.000366308
internal_weight=3675 2831 1973 858 844 787
internal_count=3675 2831 1973 858 844 787
is_linear=0
shrinkage=0.0173253


Tree=225
num_leaves=7
num_cat=0
split_feature=5 4 2 7 0 2
split_gain=0.280589 0.239755 0.304665 0.177225 0.0364656 0.0404598
threshold=0.0047442341147110323 0.011700313955634816 -0.0036844052859148495 0.014658315423149911 -0.0062913659306445989 0.0046581889920974005
decision_type=2 2 2 2 2 2
left_child=4 2 -2 -3 -1 -6
right_child=1 3 -4 -5 5 -7
leaf_value=2.5889405080878789e-05 8.3941607640146558e-06 1.5313930760518206e-05 -1.7472251843037829e-06 -3.5236043207974145e-05 2.0494147761696468e-05 1.6944244169862686e-05
leaf_weight=57 593 824 1380 34 673 114
leaf_count=57 593 824 1380 34 673 114
internal_value=5.83999e-05 -2.42591e-05 -0.000129401 0.000217518 0.00033566 0.000366308
internal_weight=3675 2831 1973 858 844 787
internal_count=3675 2831 1973 858 844 787
is_linear=0
shrinkage=0.0173253


Tree=226
num_leaves=6
num_cat=0
split_feature=6 7 6 0 6
split_gain=0.292489 0.303966 0.212391 0.0703379 0.0897553
threshold=0.0045387942382008771 0.0044586076118351969 0.015989846888083654 -0.0062913659306445989 0.0034674367805397339
decision_type=2 2 2 2 2
left_child=3 -2 -3 -1 -5
right_child=1 2 -4 4 -6
leaf_value=-1.9629594432074343e-07 -1.0394799192100204e-05 1.9151995190808305e-07 -2.7678930965871357e-05 2.6667284261401744e-05 4.1743654999462202e-06
leaf_weight=34 43 2290 126 477 705
leaf_count=34 43 2290 126 477 705
internal_value=5.83999e-05 -5.02915e-05 -2.45934e-05 0.000278196 0.000300544
internal_weight=3675 2459 2416 1216 1182
internal_count=3675 2459 2416 1216 1182
is_linear=0
shrinkage=0.0173253


Tree=227
num_leaves=7
num_cat=0
split_feature=5 4 2 6 0 2
split_gain=0.299998 0.224242 0.321175 0.201176 0.0364656 0.0404598
threshold=0.0047442341147110323 0.011700313955634816 -0.0036844052859148495 0.011140950624384582 -0.0062913659306445989 0.0046581889920974005
decision_type=2 2 2 2 2 2
left_child=4 2 -2 -3 -1 -6
right_child=1 3 -4 -5 5 -7
leaf_value=2.5437544539511038e-05 8.2454110424679458e-06 1.8884476593847453e-05 -1.7202720832295264e-06 -5.647082726356821e-06 1.9677060554135926e-05 1.6647361461788505e-05
leaf_weight=57 593 732 1380 126 673 114
leaf_count=57 593 732 1380 126 673 114
internal_value=4.89711e-05 -3.64988e-05 -0.000138182 0.000197326 0.00033566 0.000366308
internal_weight=3675 2831 1973 858 844 787
internal_count=3675 2831 1973 858 844 787
is_linear=0
shrinkage=0.0173253


Tree=228
num_leaves=7
num_cat=0
split_feature=5 4 2 6 4 1
split_gain=0.267816 0.224242 0.321175 0.201176 0.0509319 0.092353
threshold=0.0047442341147110323 0.011700313955634816 -0.0036844052859148495 0.011140950624384582 -0.0015679539148435162 0.0019410916865587502
decision_type=2 2 2 2 2 2
left_child=4 2 -2 -3 5 -1
right_child=1 3 -4 -5 -6 -7
leaf_value=1.5324062187225778e-05 8.1025566041086674e-06 1.8557296871256499e-05 -1.6904678077350537e-06 -5.5492451744037119e-06 2.6950958223842665e-05 -2.2714984853307292e-06
leaf_weight=245 593 732 1380 126 522 77
leaf_count=245 593 732 1380 126 522 77
internal_value=4.42567e-05 -3.64988e-05 -0.000138182 0.000197326 0.000315132 0.000143771
internal_weight=3675 2831 1973 858 844 322
internal_count=3675 2831 1973 858 844 322
is_linear=0
shrinkage=0.0173253


Tree=229
num_leaves=7
num_cat=0
split_feature=6 7 1 6 7 1
split_gain=0.331638 0.301007 0.217457 0.0644564 0.181228 0.0224976
threshold=0.0045387942382008771 0.0044586076118351969 -0.0021756283971694494 0.0034674367805397339 0.0040757161255648537 -0.004199656862010499
decision_type=2 2 2 2 2 2
left_child=3 -2 -3 5 -5 -1
right_child=1 2 -4 4 -6 -7
leaf_value=2.1236785429779515e-05 -1.0249949723117328e-05 9.8070578206817255e-06 -1.7908520221771479e-06 -5.1684559052412161e-07 6.2808509206323195e-06 2.5883631774640659e-05
leaf_weight=35 43 845 1571 202 533 446
leaf_count=35 43 845 1571 202 533 446
internal_value=5.83999e-05 -5.73372e-05 -3.17645e-05 0.000292444 0.000190402 0.00044837
internal_weight=3675 2459 2416 1216 735 481
internal_count=3675 2459 2416 1216 735 481
is_linear=0
shrinkage=0.0173253


Tree=230
num_leaves=7
num_cat=0
split_feature=6 0 7 3 0 6
split_gain=0.263246 0.27347 0.369836 0.100199 0.0793001 0.0581102
threshold=0.0040283817740967955 0.0066154638614827005 0.018818617246263068 0.0034658080626929506 -0.0051067297625431492 0.0034674367805397339
decision_type=2 2 2 2 2 2
left_child=4 2 -2 -3 -1 -6
right_child=1 3 -4 -5 5 -7
leaf_value=-5.8824695517847779e-07 -6.4440779297888392e-07 2.3689765677321601e-05 -5.6865679090266244e-05 6.1165755347154637e-06 2.4738476714781876e-05 5.3763511801883575e-06
leaf_weight=34 2271 330 37 166 467 370
leaf_count=34 2271 330 37 166 467 370
internal_value=5.83999e-05 -2.33249e-05 -0.000102643 0.000345758 0.000321496 0.000354814
internal_weight=3675 2804 2308 496 871 837
internal_count=3675 2804 2308 496 871 837
is_linear=0
shrinkage=0.0173253


Tree=231
num_leaves=7
num_cat=0
split_feature=6 7 3 4 6 6
split_gain=0.280908 0.50689 0.991899 0.253475 0.238679 0.229698
threshold=0.009620433864609439 0.0099957689179024471 0.0028700261008738005 0.010200169713301782 0.015989846888083654 0.0034674367805397339
decision_type=2 2 2 2 2 2
left_child=3 2 -2 5 -3 -1
right_child=1 4 -4 -5 -6 -7
leaf_value=2.2783625997378986e-05 6.348501319671978e-06 1.276886911028551e-05 -6.2470644016143125e-05 1.9092877205562328e-05 -2.7093745784481937e-05 -3.3699589517721936e-07
leaf_weight=388 45 268 37 893 126 1918
leaf_count=388 45 268 37 893 126 1918
internal_value=3.95424e-05 -0.000353137 -0.00159244 9.79717e-05 -9.52122e-05 2.00114e-06
internal_weight=3675 476 82 3199 394 2306
internal_count=3675 476 82 3199 394 2306
is_linear=0
shrinkage=0.0173253


Tree=232
num_leaves=7
num_cat=0
split_feature=4 3 2 6 6 7
split_gain=0.259648 0.232387 0.328472 0.21261 0.177208 0.333566
threshold=0.0030455136241061853 -0.0021233678512866494 -0.0043273499094646992 0.013564567983344492 0.0053364135480586999 0.0054305681293523901
decision_type=2 2 2 2 2 2
left_child=1 3 -3 -1 -2 -6
right_child=4 2 -4 -5 5 -7
leaf_value=6.4537597709818708e-06 2.2100097801208675e-05 7.7614630374200595e-06 -3.0049592630195908e-06 -8.3208061345319795e-06 -3.6853989008095951e-06 7.5198422335020057e-06
leaf_weight=728 764 316 880 66 45 876
leaf_count=728 764 316 880 66 45 876
internal_value=5.36855e-05 -8.03188e-05 -0.000232866 0.000149463 0.000211946 5.01228e-05
internal_weight=3675 1990 1196 794 1685 921
internal_count=3675 1990 1196 794 1685 921
is_linear=0
shrinkage=0.0173253


Tree=233
num_leaves=7
num_cat=0
split_feature=4 2 6 6 7 4
split_gain=0.275348 0.225566 0.456413 0.177208 0.333566 0.0328943
threshold=0.0030455136241061853 -0.009832994248619548 0.013564567983344492 0.0053364135480586999 0.0054305681293523901 0.010200169713301782
decision_type=2 2 2 2 2 2
left_child=1 -1 -3 5 -5 -2
right_child=3 2 -4 4 -6 -7
leaf_value=2.4409045506158232e-05 1.8519398338273462e-05 -5.6613815992321668e-07 -2.4923162272726271e-05 -3.6215481616052708e-06 7.3895585116493917e-06 2.5658359415740138e-05
leaf_weight=167 381 1756 67 45 876 383
leaf_count=167 381 1756 67 45 876 383
internal_value=4.89711e-05 -8.9025e-05 -0.000144854 0.000211946 5.01228e-05 0.000407023
internal_weight=3675 1990 1823 1685 921 764
internal_count=3675 1990 1823 1685 921 764
is_linear=0
shrinkage=0.0173253


Tree=234
num_leaves=7
num_cat=0
split_feature=4 3 2 6 7 0
split_gain=0.278239 0.232387 0.328472 0.15902 0.240009 0.144595
threshold=0.0030455136241061853 -0.0021233678512866494 -0.0043273499094646992 0.0053364135480586999 0.0060133508463057683 -0.014850585700372997
decision_type=2 2 2 2 2 2
left_child=1 5 -3 -2 -5 -1
right_child=3 2 -4 4 -6 -7
leaf_value=-7.0404271464812328e-06 2.1396351768711815e-05 7.6368016847120837e-06 -2.9430888342376484e-06 -3.419439699156762e-06 7.6203392666831292e-06 5.4754161031359172e-06
leaf_weight=36 764 316 880 117 804 758
leaf_count=36 764 316 880 117 804 758
internal_value=5.83999e-05 -8.03188e-05 -0.000232866 0.000222228 6.89343e-05 0.000149463
internal_weight=3675 1990 1196 1685 921 794
internal_count=3675 1990 1196 1685 921 794
is_linear=0
shrinkage=0.0173253


Tree=235
num_leaves=7
num_cat=0
split_feature=5 4 2 6 0 2
split_gain=0.280589 0.249832 0.341593 0.17986 0.0364656 0.0404598
threshold=0.0047442341147110323 0.004236085992685293 -0.0036844052859148495 0.0082333302091105332 -0.0062913659306445989 0.0046581889920974005
decision_type=2 2 2 2 2 2
left_child=4 2 -2 -3 -1 -6
right_child=1 3 -4 -5 5 -7
leaf_value=2.4229988471804339e-05 6.4379683928265421e-06 1.16394092883745e-05 -2.2128571999396715e-06 -4.8901206287256919e-06 1.6915379941575692e-05 1.580706013190777e-05
leaf_weight=57 527 898 1057 349 673 114
leaf_count=57 527 898 1057 349 673 114
internal_value=5.83999e-05 -2.42591e-05 -0.000168667 0.000159175 0.00033566 0.000366308
internal_weight=3675 2831 1584 1247 844 787
internal_count=3675 2831 1584 1247 844 787
is_linear=0
shrinkage=0.0173253


Tree=236
num_leaves=7
num_cat=0
split_feature=5 4 2 6 4 1
split_gain=0.267816 0.224242 0.321175 0.18295 0.0509319 0.092353
threshold=0.0047442341147110323 0.011700313955634816 -0.0036844052859148495 0.0070763737474529081 -0.0015679539148435162 0.0019410916865587502
decision_type=2 2 2 2 2 2
left_child=4 2 -2 -3 5 -1
right_child=1 3 -4 -5 -6 -7
leaf_value=1.4107414238097866e-05 7.6416960612510149e-06 2.1352035864073828e-05 -1.8775862871774057e-06 -4.0278501718005162e-07 2.4779879936970786e-05 -2.2592141847388847e-06
leaf_weight=245 593 443 1380 415 522 77
leaf_count=245 593 443 1380 415 522 77
internal_value=4.42567e-05 -3.64988e-05 -0.000138182 0.000197326 0.000315132 0.000143771
internal_weight=3675 2831 1973 858 844 322
internal_count=3675 2831 1973 858 844 322
is_linear=0
shrinkage=0.0173253


Tree=237
num_leaves=7
num_cat=0
split_feature=5 4 2 6 4 1
split_gain=0.258575 0.242662 0.308794 0.179659 0.0509319 0.092353
threshold=0.0047442341147110323 0.010200169713301782 -0.0036844052859148495 0.015989846888083654 -0.0015679539148435162 0.0019410916865587502
decision_type=2 2 2 2 2 2
left_child=4 2 -2 -3 5 -1
right_child=1 3 -4 -5 -6 -7
leaf_value=1.3862998680485838e-05 7.2061185384310276e-06 1.2287654923336791e-05 -1.9308428091507214e-06 -3.4407769722545607e-05 2.4350560426666939e-05 -2.2200725613762787e-06
leaf_weight=245 580 888 1330 33 522 77
leaf_count=245 580 888 1330 33 522 77
internal_value=4.89711e-05 -3.03789e-05 -0.000141764 0.000200614 0.000315132 0.000143771
internal_weight=3675 2831 1910 921 844 322
internal_count=3675 2831 1910 921 844 322
is_linear=0
shrinkage=0.0173253


Tree=238
num_leaves=7
num_cat=0
split_feature=5 4 2 6 4 1
split_gain=0.258575 0.212657 0.304665 0.18295 0.0509319 0.092353
threshold=0.0047442341147110323 0.011700313955634816 -0.0036844052859148495 0.0070763737474529081 -0.0015679539148435162 0.0019410916865587502
decision_type=2 2 2 2 2 2
left_child=4 2 -2 -3 5 -1
right_child=1 3 -4 -5 -6 -7
leaf_value=1.362281770220881e-05 7.3844528256408343e-06 2.0769217238141884e-05 -1.8116040096675284e-06 -6.0869426860156455e-07 2.3928679017047849e-05 -2.181609079417799e-06
leaf_weight=245 593 443 1380 415 522 77
leaf_count=245 593 443 1380 415 522 77
internal_value=4.89711e-05 -3.03789e-05 -0.000129401 0.000197326 0.000315132 0.000143771
internal_weight=3675 2831 1973 858 844 322
internal_count=3675 2831 1973 858 844 322
is_linear=0
shrinkage=0.0173253


Tree=239
num_leaves=7
num_cat=0
split_feature=6 7 6 2 2 0
split_gain=0.267666 0.303966 0.212391 0.0735316 0.112091 2.77556e-17
threshold=0.0045387942382008771 0.0044586076118351969 0.015989846888083654 0.0027031775613827504 0.0023225415045408002 0.0050339586363362014
decision_type=2 2 2 2 2 2
left_child=3 -2 -3 4 -1 -5
right_child=1 2 -4 5 -6 -7
leaf_value=7.5013696721007816e-06 -9.8887640319854794e-06 1.9567705080297279e-07 -2.6042710556807257e-05 1.8686813449758931e-05 -6.4542557645262703e-06 3.5769265833443544e-05
leaf_weight=909 43 2290 126 227 44 36
leaf_count=909 43 2290 126 227 44 36
internal_value=5.36855e-05 -5.02915e-05 -2.45934e-05 0.000263948 0.000193173 0.000520409
internal_weight=3675 2459 2416 1216 953 263
internal_count=3675 2459 2416 1216 953 263
is_linear=0
shrinkage=0.0173253


Tree=240
num_leaves=7
num_cat=0
split_feature=5 4 2 6 4 1
split_gain=0.249496 0.20138 0.288591 0.18295 0.0509319 0.092353
threshold=0.0047442341147110323 0.011700313955634816 -0.0036844052859148495 0.0070763737474529081 -0.0015679539148435162 0.0019410916865587502
decision_type=2 2 2 2 2 2
left_child=4 2 -2 -3 5 -1
right_child=1 3 -4 -5 -6 -7
leaf_value=1.3298494260533597e-05 7.1903844331985297e-06 2.0352857195821117e-05 -1.800654661126693e-06 -6.0153861045698186e-07 2.338414316189547e-05 -2.0219036935212025e-06
leaf_weight=245 593 443 1380 415 522 77
leaf_count=245 593 443 1380 415 522 77
internal_value=5.36855e-05 -2.42591e-05 -0.00012062 0.000197326 0.000315132 0.000143771
internal_weight=3675 2831 1973 858 844 322
internal_count=3675 2831 1973 858 844 322
is_linear=0
shrinkage=0.0173253


Tree=241
num_leaves=7
num_cat=0
split_feature=5 4 2 6 4 1
split_gain=0.249496 0.20138 0.288591 0.18295 0.0509319 0.092353
threshold=0.0047442341147110323 0.011700313955634816 -0.0036844052859148495 0.0070763737474529081 -0.0015679539148435162 0.0019410916865587502
decision_type=2 2 2 2 2 2
left_child=4 2 -2 -3 5 -1
right_child=1 3 -4 -5 -6 -7
leaf_value=1.3068093505637573e-05 7.0658086753010266e-06 2.0000237299888637e-05 -1.7694577312259929e-06 -5.911167576341498e-07 2.2979005246914629e-05 -1.9868735518985578e-06
leaf_weight=245 593 443 1380 415 522 77
leaf_count=245 593 443 1380 415 522 77
internal_value=5.36855e-05 -2.42591e-05 -0.00012062 0.000197326 0.000315132 0.000143771
internal_weight=3675 2831 1973 858 844 322
internal_count=3675 2831 1973 858 844 322
is_linear=0
shrinkage=0.0173253


Tree=242
num_leaves=7
num_cat=0
split_feature=5 0 6 3 4 1
split_gain=0.231825 0.184939 0.263321 0.0852925 0.0509319 0.092353
threshold=0.0047442341147110323 0.006473158662852101 0.0070482595608196601 0.0034658080626929506 -0.0015679539148435162 0.0019410916865587502
decision_type=2 2 2 2 2 2
left_child=4 2 -2 -3 5 -1
right_child=1 3 -4 -5 -6 -7
leaf_value=1.2841684519043786e-05 3.4494849012319375e-07 1.844606237136212e-05 -1.2020056400387612e-05 5.2605817167216359e-06 2.2580886478584516e-05 -1.9524503189165467e-06
leaf_weight=245 1669 315 689 158 522 77
leaf_count=245 1669 315 689 158 522 77
internal_value=6.31142e-05 -1.20193e-05 -7.47362e-05 0.000300637 0.000315132 0.000143771
internal_weight=3675 2831 2358 473 844 322
internal_count=3675 2831 2358 473 844 322
is_linear=0
shrinkage=0.0173253


Tree=243
num_leaves=7
num_cat=0
split_feature=6 7 0 6 4 7
split_gain=0.246678 0.510566 0.500202 0.201388 0.173197 0.148448
threshold=0.0052957402321999417 0.0057107190649512115 0.0025921739339398006 0.011312306723436178 0.0030455136241061853 0.0045921236667502818
decision_type=2 2 2 2 2 2
left_child=4 2 -2 -3 5 -1
right_child=1 3 -4 -5 -6 -7
leaf_value=-1.9443280106639555e-07 -2.9100036227313286e-06 4.1774576680147159e-06 -1.315883778940903e-05 -7.5076514380701491e-06 1.9098218297864102e-05 2.2168010104733908e-06
leaf_weight=523 145 1431 65 308 756 447
leaf_count=523 145 1431 65 308 756 447
internal_value=5.83999e-05 -7.51773e-05 -0.000882118 2.22681e-05 0.000209235 5.60184e-05
internal_weight=3675 1949 210 1739 1726 970
internal_count=3675 1949 210 1739 1726 970
is_linear=0
shrinkage=0.0173253


Tree=244
num_leaves=7
num_cat=0
split_feature=5 4 2 6 4 1
split_gain=0.249496 0.229974 0.292229 0.179659 0.0509319 0.092353
threshold=0.0047442341147110323 0.010200169713301782 -0.0036844052859148495 0.015989846888083654 -0.0015679539148435162 0.0019410916865587502
decision_type=2 2 2 2 2 2
left_child=4 2 -2 -3 5 -1
right_child=1 3 -4 -5 -6 -7
leaf_value=1.2664269671626034e-05 6.6435102672308259e-06 1.131942688293628e-05 -1.850586198097963e-06 -3.3278688273538385e-05 2.2075881837673865e-05 -1.9366788687256125e-06
leaf_weight=245 580 888 1330 33 522 77
leaf_count=245 580 888 1330 33 522 77
internal_value=5.36855e-05 -2.42591e-05 -0.000132693 0.000200614 0.000315132 0.000143771
internal_weight=3675 2831 1910 921 844 322
internal_count=3675 2831 1910 921 844 322
is_linear=0
shrinkage=0.0173253


Tree=245
num_leaves=7
num_cat=0
split_feature=5 2 4 1 4 1
split_gain=0.267816 0.199634 0.324622 0.0867958 0.0509319 0.092353
threshold=0.0047442341147110323 -0.0036844052859148495 0.0055248812366548205 -0.0025282713840577499 -0.0015679539148435162 0.0019410916865587502
decision_type=2 2 2 2 2 2
left_child=4 3 -3 -2 5 -1
right_child=1 2 -4 -5 -6 -7
leaf_value=1.2444857064801148e-05 2.6597794708729447e-05 -1.8852209887450005e-06 5.3515838227878682e-06 6.8621549284478891e-07 2.1693409977270069e-05 -1.9031252750176608e-06
leaf_weight=245 276 1106 1034 415 522 77
leaf_count=245 276 1106 1034 415 522 77
internal_value=4.42567e-05 -3.64988e-05 -0.000119171 0.000219535 0.000315132 0.000143771
internal_weight=3675 2831 2140 691 844 322
internal_count=3675 2831 2140 691 844 322
is_linear=0
shrinkage=0.0173253


Tree=246
num_leaves=7
num_cat=0
split_feature=6 7 0 5 4 7
split_gain=0.278481 0.488316 0.500202 0.235318 0.13517 0.126456
threshold=0.0052957402321999417 0.0057107190649512115 0.0025921739339398006 0.0074576638778979945 0.0030455136241061853 0.0045921236667502818
decision_type=2 2 2 2 2 2
left_child=4 2 -2 -3 5 -1
right_child=1 3 -4 -5 -6 -7
leaf_value=-1.2634011008978378e-07 -2.7948627806612538e-06 1.3890770692360952e-05 -1.2881010216618515e-05 -1.9748660708596473e-06 1.8391881940822822e-05 2.2134879979116671e-06
leaf_weight=523 145 663 65 1076 756 447
leaf_count=523 145 663 65 1076 756 447
internal_value=4.89711e-05 -9.2956e-05 -0.000882118 2.34245e-06 0.000209235 7.38795e-05
internal_weight=3675 1949 210 1739 1726 970
internal_count=3675 1949 210 1739 1726 970
is_linear=0
shrinkage=0.0173253


Tree=247
num_leaves=7
num_cat=0
split_feature=6 1 4 4 0 2
split_gain=0.256792 0.194406 0.276773 0.204946 0.0866071 0.00461454
threshold=0.0034858550588229304 -0.0058918970599300497 0.0027041889798569579 -0.052868809435686316 -0.004199656862010499 0.0016357925112888002
decision_type=2 2 2 2 2 2
left_child=4 3 -3 -2 -1 -6
right_child=1 2 -4 -5 5 -7
leaf_value=2.57485537169616e-06 -6.3922236834468531e-06 -2.2941119936557178e-06 5.4136617497870465e-06 1.9075085236124883e-05 2.4353697678504072e-05 1.6051543151339968e-05
leaf_weight=39 34 1307 1338 500 310 147
leaf_count=39 34 1307 1338 500 310 147
internal_value=4.89711e-05 -8.23461e-06 -6.9111e-05 0.000293298 0.000415618 0.000482498
internal_weight=3675 3179 2645 534 496 457
internal_count=3675 3179 2645 534 496 457
is_linear=0
shrinkage=0.0173253


Tree=248
num_leaves=7
num_cat=0
split_feature=6 7 3 5 4 3
split_gain=0.246678 0.411502 0.425276 0.21741 0.13517 0.142931
threshold=0.0052957402321999417 0.0057107190649512115 -0.0026018369205065995 0.0074576638778979945 0.0030455136241061853 -0.0017149672124692498
decision_type=2 2 2 2 2 2
left_child=4 2 -2 -3 5 -1
right_child=1 3 -4 -5 -6 -7
leaf_value=6.4237604211859387e-06 4.3481573018431173e-06 1.3689854794206784e-05 -1.048824245871268e-05 -2.0344443287312391e-06 1.794477457510026e-05 -3.4617062076754055e-07
leaf_weight=378 72 663 138 1076 756 592
leaf_count=378 72 663 138 1076 756 592
internal_value=5.83999e-05 -7.51773e-05 -0.000799616 1.23053e-05 0.000209235 7.38795e-05
internal_weight=3675 1949 210 1739 1726 970
internal_count=3675 1949 210 1739 1726 970
is_linear=0
shrinkage=0.0173253


Tree=249
num_leaves=7
num_cat=0
split_feature=6 0 7 1 0 2
split_gain=0.243459 0.227462 0.205392 0.114797 0.0861155 0.00473056
threshold=0.0034674367805397339 0.006473158662852101 0.018818617246263068 0.010931206903473651 -0.004199656862010499 0.0016357925112888002
decision_type=2 2 2 2 2 2
left_child=4 2 -2 -3 -1 -6
right_child=1 3 -4 -5 5 -7
leaf_value=2.5362426807418863e-06 -2.3314160241319159e-07 1.789873862071153e-05 -5.3724794525520736e-05 -5.8448556952035948e-07 2.6200887007830399e-05 1.4974085555425411e-05
leaf_weight=39 2630 435 37 92 299 143
leaf_count=39 2630 435 37 92 299 143
internal_value=4.89711e-05 -5.75194e-06 -7.07443e-05 0.000323156 0.00041235 0.000481211
internal_weight=3675 3194 2667 527 481 442
internal_count=3675 3194 2667 527 481 442
is_linear=0
shrinkage=0.0173253


Tree=250
num_leaves=7
num_cat=0
split_feature=6 1 4 4 0 2
split_gain=0.262779 0.213445 0.259927 0.205053 0.0861155 0.00473056
threshold=0.0034674367805397339 -0.0058918970599300497 0.011700313955634816 -0.052868809435686316 -0.004199656862010499 0.0016357925112888002
decision_type=2 2 2 2 2 2
left_child=4 3 -3 -2 -1 -6
right_child=1 2 -4 -5 5 -7
leaf_value=2.4923014482388438e-06 -6.2340672638573868e-06 -1.3507308983678866e-06 7.7817406235999687e-06 1.8802280441125574e-05 2.5746948086078568e-05 1.4714654634280715e-05
leaf_weight=39 34 1792 867 501 299 143
leaf_count=39 34 1792 867 501 299 143
internal_value=3.4828e-05 -2.20249e-05 -8.55543e-05 0.000293722 0.00041235 0.000481211
internal_weight=3675 3194 2659 535 481 442
internal_count=3675 3194 2659 535 481 442
is_linear=0
shrinkage=0.0173253


Tree=251
num_leaves=7
num_cat=0
split_feature=6 1 4 4 0 2
split_gain=0.262779 0.213445 0.255916 0.205053 0.0861155 0.00473056
threshold=0.0034674367805397339 -0.0058918970599300497 0.0027041889798569579 -0.052868809435686316 -0.004199656862010499 0.0016357925112888002
decision_type=2 2 2 2 2 2
left_child=4 3 -3 -2 -1 -6
right_child=1 2 -4 -5 5 -7
leaf_value=2.4491215119353168e-06 -6.1260600131472493e-06 -2.1412487793183077e-06 5.3290366970414154e-06 1.8476524793716801e-05 2.5300873804352844e-05 1.4459718438546591e-05
leaf_weight=39 34 1314 1345 501 299 143
leaf_count=39 34 1314 1345 501 299 143
internal_value=3.4828e-05 -2.20249e-05 -8.55543e-05 0.000293722 0.00041235 0.000481211
internal_weight=3675 3194 2659 535 481 442
internal_count=3675 3194 2659 535 481 442
is_linear=0
shrinkage=0.0173253


Tree=252
num_leaves=7
num_cat=0
split_feature=6 7 0 1 4 6
split_gain=0.274264 0.466562 0.500202 0.260665 0.105833 0.119382
threshold=0.0052957402321999417 0.0057107190649512115 0.0025921739339398006 -0.0022174642313759997 0.0081810013210252362 0.0034674367805397339
decision_type=2 2 2 2 2 2
left_child=4 2 -2 -3 5 -1
right_child=1 3 -4 -5 -6 -7
leaf_value=2.0870393364882505e-05 -2.4604434638907877e-06 1.8522161933777548e-05 -1.239179272015708e-05 -2.5259798821824095e-06 1.8981013353287107e-05 1.3690592436668888e-08
leaf_weight=356 145 618 65 1121 472 898
leaf_count=356 145 618 65 1121 472 898
internal_value=3.01136e-05 -0.000110735 -0.000882118 -1.75832e-05 0.00018916 0.000105927
internal_weight=3675 1949 210 1739 1726 1254
internal_count=3675 1949 210 1739 1726 1254
is_linear=0
shrinkage=0.0173253


Tree=253
num_leaves=7
num_cat=0
split_feature=5 0 6 1 4 1
split_gain=0.226612 0.194224 0.345043 0.176124 0.200068 0.0260705
threshold=0.0064810300505375859 0.012298879269830351 0.011140950624384582 -0.0019604053415797494 -0.016437786391995949 -0.0072581293523846487
decision_type=2 2 2 2 2 2
left_child=3 2 -2 5 -5 -1
right_child=1 -3 -4 4 -6 -7
leaf_value=1.521834002558231e-05 -2.8333234946426425e-07 4.7436220849838212e-05 -1.9563813754097457e-05 -1.0324964505467619e-05 6.6009297790660435e-06 1.8118235515564687e-05
leaf_weight=118 1646 146 229 61 1082 393
leaf_count=118 1646 146 229 61 1082 393
internal_value=3.4828e-05 -8.82496e-05 -0.000135644 0.000185215 6.56756e-05 0.000452599
internal_weight=3675 2021 1875 1654 1143 511
internal_count=3675 2021 1875 1654 1143 511
is_linear=0
shrinkage=0.0173253


Tree=254
num_leaves=7
num_cat=0
split_feature=6 1 4 4 0 2
split_gain=0.215556 0.195832 0.205053 0.20069 0.0961373 0.00563632
threshold=0.0034068797265191775 -0.0058918970599300497 -0.052868809435686316 0.0027041889798569579 -0.004199656862010499 0.0016357925112888002
decision_type=2 2 2 2 2 2
left_child=4 2 -2 -3 -1 -6
right_child=1 3 -4 -5 5 -7
leaf_value=-6.3438541164880525e-07 -6.0018770654424411e-06 -1.9413139449503834e-06 1.7835390834097946e-05 5.1308904385424294e-06 2.5172371147921193e-05 1.9007879011695154e-05
leaf_weight=35 34 1333 501 1371 278 123
leaf_count=35 34 1333 501 1371 278 123
internal_value=3.95424e-05 -9.13985e-06 0.000293722 -6.90626e-05 0.000401198 0.000477203
internal_weight=3675 3239 535 2704 436 401
internal_count=3675 3239 535 2704 436 401
is_linear=0
shrinkage=0.0173253


Tree=255
num_leaves=7
num_cat=0
split_feature=6 1 4 4 0 2
split_gain=0.215556 0.195832 0.205053 0.20069 0.0961373 0.00563632
threshold=0.0034068797265191775 -0.0058918970599300497 -0.052868809435686316 0.0027041889798569579 -0.004199656862010499 0.0016357925112888002
decision_type=2 2 2 2 2 2
left_child=4 2 -2 -3 -1 -6
right_child=1 3 -4 -5 5 -7
leaf_value=-6.2339447727116851e-07 -5.8978925857277483e-06 -1.9076800470335295e-06 1.75263868648112e-05 5.0419960865076071e-06 2.4736251599242971e-05 1.8678561301925281e-05
leaf_weight=35 34 1333 501 1371 278 123
leaf_count=35 34 1333 501 1371 278 123
internal_value=3.95424e-05 -9.13985e-06 0.000293722 -6.90626e-05 0.000401198 0.000477203
internal_weight=3675 3239 535 2704 436 401
internal_count=3675 3239 535 2704 436 401
is_linear=0
shrinkage=0.0173253


Tree=256
num_leaves=7
num_cat=0
split_feature=6 7 0 1 6 7
split_gain=0.242709 0.488316 0.500202 0.231909 0.087378 0.251448
threshold=0.0052957402321999417 0.0057107190649512115 0.0025921739339398006 -0.0021756283971694494 0.0034068797265191775 0.0045921236667502818
decision_type=2 2 2 2 2 2
left_child=4 2 -2 -3 -1 -6
right_child=1 3 -4 -5 5 -7
leaf_value=2.1637103430320257e-05 -2.3462215745364622e-06 1.7337121967991899e-05 -1.2092005935091688e-05 -2.677314637277744e-06 -3.5307243790761578e-07 6.3354320916897448e-06
leaf_weight=436 145 623 65 1116 562 728
leaf_count=436 145 623 65 1116 562 728
internal_value=3.95424e-05 -9.2956e-05 -0.000882118 2.34245e-06 0.00018916 0.000117494
internal_weight=3675 1949 210 1739 1726 1290
internal_count=3675 1949 210 1739 1726 1290
is_linear=0
shrinkage=0.0173253


Tree=257
num_leaves=7
num_cat=0
split_feature=6 7 3 1 6 7
split_gain=0.213083 0.323113 0.36275 0.231909 0.087378 0.251448
threshold=0.0052957402321999417 0.0057107190649512115 -0.0026018369205065995 -0.0021756283971694494 0.0034068797265191775 0.0045921236667502818
decision_type=2 2 2 2 2 2
left_child=4 2 -2 -3 -1 -6
right_child=1 3 -4 -5 5 -7
leaf_value=2.1262233549080849e-05 4.5216364989923763e-06 1.7036750669490504e-05 -1.0246656877351269e-05 -2.6309292870690676e-06 -3.469553426460581e-07 6.2256686622427228e-06
leaf_weight=436 72 623 138 1116 562 728
leaf_count=436 72 623 138 1116 562 728
internal_value=4.89711e-05 -7.51773e-05 -0.000717115 2.34245e-06 0.00018916 0.000117494
internal_weight=3675 1949 210 1739 1726 1290
internal_count=3675 1949 210 1739 1726 1290
is_linear=0
shrinkage=0.0173253


Tree=258
num_leaves=6
num_cat=0
split_feature=6 7 1 0 6
split_gain=0.232372 0.493493 0.238169 0.0628114 0.113536
threshold=0.0045387942382008771 0.0044586076118351969 -0.0022174642313759997 -0.0062913659306445989 0.0034068797265191775
decision_type=2 2 2 2 2
left_child=3 -2 -3 -1 -5
right_child=1 2 -4 4 -6
leaf_value=-1.9986845392215304e-06 -8.5215068401996489e-06 1.0271777939212305e-05 -1.7214518577473955e-06 2.2888386924238758e-05 2.0540427186074309e-06
leaf_weight=34 43 840 1576 432 750
leaf_count=34 43 840 1576 432 750
internal_value=3.95424e-05 -5.73372e-05 -2.45934e-05 0.000235453 0.000256571
internal_weight=3675 2459 2416 1216 1182
internal_count=3675 2459 2416 1216 1182
is_linear=0
shrinkage=0.0173253


Tree=259
num_leaves=7
num_cat=0
split_feature=5 0 6 1 6 1
split_gain=0.226612 0.194224 0.315677 0.13429 0.174172 0.0287792
threshold=0.0064810300505375859 0.012298879269830351 0.011312306723436178 -0.0019604053415797494 0.0034068797265191775 -0.0057558855902970487
decision_type=2 2 2 2 2 2
left_child=3 2 -2 5 -5 -1
right_child=1 -3 -4 4 -6 -7
leaf_value=1.5421381421726302e-05 -3.1427793470140829e-07 4.6559916030294728e-05 -2.0335789860794904e-05 2.2134641904134279e-05 -1.0069189297366684e-07 1.681732902549239e-05
leaf_weight=194 1658 146 217 278 865 317
leaf_count=194 1658 146 217 278 865 317
internal_value=3.4828e-05 -8.82496e-05 -0.000135644 0.000185215 8.08334e-05 0.000418694
internal_weight=3675 2021 1875 1654 1143 511
internal_count=3675 2021 1875 1654 1143 511
is_linear=0
shrinkage=0.0173253


Tree=260
num_leaves=7
num_cat=0
split_feature=6 0 1 0 3 2
split_gain=0.209973 0.229027 0.231936 0.0961373 0.0828625 0.00563632
threshold=0.0034068797265191775 0.0068576959529008507 -0.0021226501817658496 -0.004199656862010499 0.014121784386475602 0.0016357925112888002
decision_type=2 2 2 2 2 2
left_child=3 2 -2 -1 -3 -5
right_child=1 4 -4 5 -6 -7
leaf_value=-1.3249386443683674e-06 3.8705998537053345e-06 1.90447703418423e-05 -1.7566175983807705e-06 2.2825393683616386e-05 -1.8022953628185373e-06 1.6831665435557851e-05
leaf_weight=35 947 452 1805 278 35 123
leaf_count=35 947 452 1805 278 35 123
internal_value=4.42567e-05 -3.79088e-06 -6.50767e-05 0.000401198 0.00034253 0.000477203
internal_weight=3675 3239 2752 436 487 401
internal_count=3675 3239 2752 436 487 401
is_linear=0
shrinkage=0.0173253


Tree=261
num_leaves=7
num_cat=0
split_feature=6 1 4 4 0 2
split_gain=0.215556 0.195832 0.205053 0.20069 0.0961373 0.00563632
threshold=0.0034068797265191775 -0.0058918970599300497 -0.052868809435686316 0.0027041889798569579 -0.004199656862010499 0.0016357925112888002
decision_type=2 2 2 2 2 2
left_child=4 2 -2 -3 -1 -6
right_child=1 3 -4 -5 5 -7
leaf_value=-1.3019836497747805e-06 -6.2839453510955199e-06 -1.9019384867407989e-06 1.6285775253333545e-05 5.0906885545103323e-06 2.2429936285773123e-05 1.654005133650765e-05
leaf_weight=35 34 1333 501 1371 278 123
leaf_count=35 34 1333 501 1371 278 123
internal_value=3.95424e-05 -9.13985e-06 0.000293722 -6.90626e-05 0.000401198 0.000477203
internal_weight=3675 3239 535 2704 436 401
internal_count=3675 3239 535 2704 436 401
is_linear=0
shrinkage=0.0173253


Tree=262
num_leaves=7
num_cat=0
split_feature=5 0 6 1 4 1
split_gain=0.229776 0.188791 0.325136 0.122511 0.167125 0.0287792
threshold=0.0064810300505375859 0.012298879269830351 0.011312306723436178 -0.0019604053415797494 -0.017995270827315338 -0.0057558855902970487
decision_type=2 2 2 2 2 2
left_child=3 2 -2 5 -5 -1
right_child=1 -3 -4 4 -6 -7
leaf_value=1.4804985174065324e-05 -3.6659683473144224e-07 4.5696277798023521e-05 -1.9920079983355472e-05 -1.3252261018270477e-05 5.4475702576462372e-06 1.621246741505244e-05
leaf_weight=194 1658 146 217 49 1094 317
leaf_count=194 1658 146 217 49 1094 317
internal_value=4.42567e-05 -7.9677e-05 -0.000126404 0.00019569 9.59911e-05 0.000418694
internal_weight=3675 2021 1875 1654 1143 511
internal_count=3675 2021 1875 1654 1143 511
is_linear=0
shrinkage=0.0173253


Tree=263
num_leaves=7
num_cat=0
split_feature=6 0 7 0 3 2
split_gain=0.204463 0.222007 0.209153 0.0961373 0.0828625 0.00563632
threshold=0.0034068797265191775 0.0068576959529008507 0.018818617246263068 -0.004199656862010499 0.014121784386475602 0.0016357925112888002
decision_type=2 2 2 2 2 2
left_child=3 2 -2 -1 -3 -5
right_child=1 4 -4 5 -6 -7
leaf_value=-1.2730749481049966e-06 -3.3854873243501439e-07 1.8196520605641848e-05 -5.145449080625552e-05 2.2015409850941571e-05 -1.5141459590649113e-06 1.6159108613638973e-05
leaf_weight=35 2715 452 37 278 35 123
leaf_count=35 2715 452 37 278 35 123
internal_value=4.89711e-05 1.5581e-06 -5.87811e-05 0.000401198 0.00034253 0.000477203
internal_weight=3675 3239 2752 436 487 401
internal_count=3675 3239 2752 436 487 401
is_linear=0
shrinkage=0.0173253


Tree=264
num_leaves=7
num_cat=0
split_feature=6 7 3 1 7 6
split_gain=0.225745 0.391553 0.425276 0.242801 0.100028 0.523509
threshold=0.0052957402321999417 0.0057107190649512115 -0.0026018369205065995 -0.0022174642313759997 0.0045921236667502818 0.0047048736997605195
decision_type=2 2 2 2 2 2
left_child=4 2 -2 -3 5 -1
right_child=1 3 -4 -5 -6 -7
leaf_value=5.3280228267757577e-06 4.5403159951509744e-06 1.6127975859709507e-05 -1.0448321620559772e-05 -2.1991793860475279e-06 6.2526886673118775e-06 -1.3488720024241212e-05
leaf_weight=944 72 618 138 1121 736 46
leaf_count=944 72 618 138 1121 736 46
internal_value=3.4828e-05 -9.2956e-05 -0.000799616 -7.62036e-06 0.000179122 6.54e-05
internal_weight=3675 1949 210 1739 1726 990
internal_count=3675 1949 210 1739 1726 990
is_linear=0
shrinkage=0.0173253


Tree=265
num_leaves=7
num_cat=0
split_feature=6 1 4 4 0 2
split_gain=0.232745 0.238495 0.21261 0.177919 0.0961373 0.00563632
threshold=0.0034068797265191775 -0.0022174642313759997 0.014357988118823306 -0.0014928462555900857 -0.004199656862010499 0.0016357925112888002
decision_type=2 2 2 2 2 2
left_child=4 3 -3 -2 -1 -6
right_child=1 2 -4 -5 5 -7
leaf_value=-1.3433282440050088e-06 6.3011902303879287e-08 -1.728006680261901e-06 8.7606907742102095e-06 2.3972311121613092e-05 2.1541675952428622e-05 1.5786837046089116e-05
leaf_weight=35 648 1495 696 400 278 123
leaf_count=35 648 1495 696 400 278 123
internal_value=2.53992e-05 -2.51868e-05 -0.000128006 0.000189773 0.000401198 0.000477203
internal_weight=3675 3239 2191 1048 436 401
internal_count=3675 3239 2191 1048 436 401
is_linear=0
shrinkage=0.0173253


Tree=266
num_leaves=7
num_cat=0
split_feature=6 1 6 4 0 2
split_gain=0.232745 0.238495 0.228099 0.177919 0.0961373 0.00563632
threshold=0.0034068797265191775 -0.0022174642313759997 0.006960153048948735 -0.0014928462555900857 -0.004199656862010499 0.0016357925112888002
decision_type=2 2 2 2 2 2
left_child=4 3 -3 -2 -1 -6
right_child=1 2 -4 -5 5 -7
leaf_value=-1.32005464359369e-06 6.1920200523680898e-08 1.1031813568489137e-09 -1.1695843746960135e-05 2.3556983004698866e-05 2.1168459383399862e-05 1.5513324940013023e-05
leaf_weight=35 648 1506 685 400 278 123
leaf_count=35 648 1506 685 400 278 123
internal_value=2.53992e-05 -2.51868e-05 -0.000128006 0.000189773 0.000401198 0.000477203
internal_weight=3675 3239 2191 1048 436 401
internal_count=3675 3239 2191 1048 436 401
is_linear=0
shrinkage=0.0173253


Tree=267
num_leaves=7
num_cat=0
split_feature=6 1 4 4 0 2
split_gain=0.221212 0.225133 0.186348 0.178072 0.0961373 0.00563632
threshold=0.0034068797265191775 -0.0021756283971694494 0.014357988118823306 -0.0014928462555900857 -0.004199656862010499 0.0016357925112888002
decision_type=2 2 2 2 2 2
left_child=4 3 -3 -2 -1 -6
right_child=1 2 -4 -5 5 -7
leaf_value=-1.2971842659081094e-06 6.609786133618907e-08 -1.7685882295723288e-06 8.2348844683519631e-06 2.1181936611155952e-05 2.0801708913281196e-05 1.5244551520473801e-05
leaf_weight=35 652 1489 692 406 278 123
leaf_count=35 652 1489 692 406 278 123
internal_value=3.4828e-05 -1.44888e-05 -0.000115092 0.000192898 0.000401198 0.000477203
internal_weight=3675 3239 2181 1058 436 401
internal_count=3675 3239 2181 1058 436 401
is_linear=0
shrinkage=0.0173253


Tree=268
num_leaves=7
num_cat=0
split_feature=6 7 3 5 6 7
split_gain=0.216839 0.392233 0.445435 0.238707 0.0928289 0.238615
threshold=0.0052423300298717335 0.0057107190649512115 -0.00078024087166744989 0.0074576638778979945 0.0034068797265191775 0.0045921236667502818
decision_type=2 2 2 2 2 2
left_child=4 2 -2 -3 -1 -6
right_child=1 3 -4 -5 5 -7
leaf_value=1.9027330031526263e-05 1.7832783080489685e-06 1.3659297285249107e-05 -1.0299767233242013e-05 -2.0957266901280923e-06 -4.4589173462480678e-07 6.2154497179793324e-06
leaf_weight=436 95 670 136 1078 562 698
leaf_count=436 95 670 136 1078 562 698
internal_value=3.95424e-05 -8.36579e-05 -0.000754615 5.00984e-06 0.0001833 0.000107901
internal_weight=3675 1979 231 1748 1696 1260
internal_count=3675 1979 231 1748 1696 1260
is_linear=0
shrinkage=0.0173253


Tree=269
num_leaves=7
num_cat=0
split_feature=6 1 4 5 0 2
split_gain=0.226942 0.213821 0.202954 0.15627 0.0961373 0.00563632
threshold=0.0034068797265191775 -0.0026728295375107996 0.014357988118823306 0.024246726433516216 -0.004199656862010499 0.0016357925112888002
decision_type=2 2 2 2 2 2
left_child=4 3 -3 -2 -1 -6
right_child=1 2 -4 -5 5 -7
leaf_value=-1.6043648300219097e-06 7.309031889042066e-06 -1.5771491657338429e-06 9.6056018485841977e-06 -5.5070110226944369e-06 2.0111657809758857e-05 1.4650779983141053e-05
leaf_weight=35 927 1564 712 36 278 123
leaf_count=35 927 1564 712 36 278 123
internal_value=3.01136e-05 -1.98378e-05 -0.000111403 0.000196571 0.000401198 0.000477203
internal_weight=3675 3239 2276 963 436 401
internal_count=3675 3239 2276 963 436 401
is_linear=0
shrinkage=0.0173253


Tree=270
num_leaves=7
num_cat=0
split_feature=5 2 6 1 1 1
split_gain=0.244833 0.204619 0.334091 0.113162 0.150191 0.0359119
threshold=0.0060367283499378113 -0.009286927632831548 0.011140950624384582 -0.0017149672124692498 -0.0010105801069142499 -0.0057558855902970487
decision_type=2 2 2 2 2 2
left_child=3 -2 -3 5 -5 -1
right_child=1 2 -4 4 -6 -7
leaf_value=9.3609815381563457e-06 2.1650117677439077e-05 -1.0709211158005867e-07 -1.595988152039392e-05 -2.018265126498933e-06 5.9017494285850769e-06 1.7134679788429106e-05
leaf_weight=165 201 1820 210 96 865 318
leaf_count=165 201 1820 210 96 865 318
internal_value=2.06849e-05 -9.30835e-05 -0.000145294 0.000196459 8.77261e-05 0.000412798
internal_weight=3675 2231 2030 1444 961 483
internal_count=3675 2231 2030 1444 961 483
is_linear=0
shrinkage=0.0173253


Tree=271
num_leaves=7
num_cat=0
split_feature=6 0 1 1 0 2
split_gain=0.232745 0.256688 0.228899 0.115013 0.0961373 0.00563632
threshold=0.0034068797265191775 0.006473158662852101 -0.0058918970599300497 0.010931206903473651 -0.004199656862010499 0.0016357925112888002
decision_type=2 2 2 2 2 2
left_child=4 2 -2 -3 -1 -6
right_child=1 3 -4 -5 5 -7
leaf_value=-1.5747132797342011e-06 9.3262384104963113e-06 1.652897810088916e-05 -1.1377240312013096e-06 -4.1653981899464371e-07 1.9672893982018825e-05 1.4294700700876923e-05
leaf_weight=35 462 437 2248 92 278 123
leaf_count=35 462 437 2248 92 278 123
internal_value=2.53992e-05 -2.51868e-05 -9.33299e-05 0.000323902 0.000401198 0.000477203
internal_weight=3675 3239 2710 529 436 401
internal_count=3675 3239 2710 529 436 401
is_linear=0
shrinkage=0.0173253


Tree=272
num_leaves=7
num_cat=0
split_feature=6 1 4 4 0 2
split_gain=0.24457 0.231946 0.29757 0.205053 0.0961373 0.00563632
threshold=0.0034068797265191775 -0.0058918970599300497 0.0027041889798569579 -0.052868809435686316 -0.004199656862010499 0.0016357925112888002
decision_type=2 2 2 2 2 2
left_child=4 3 -3 -2 -1 -6
right_child=1 2 -4 -5 5 -7
leaf_value=-1.547430858033845e-06 -5.8524070945408142e-06 -1.9548638598619331e-06 4.2375046953000592e-06 1.522678759455006e-05 1.9332054670767005e-05 1.4047040344149994e-05
leaf_weight=35 34 1333 1371 501 278 123
leaf_count=35 34 1333 1371 501 278 123
internal_value=1.59705e-05 -3.58847e-05 -0.000101099 0.000293722 0.000401198 0.000477203
internal_weight=3675 3239 2704 535 436 401
internal_count=3675 3239 2704 535 436 401
is_linear=0
shrinkage=0.0173253


Tree=273
num_leaves=7
num_cat=0
split_feature=6 1 6 5 0 2
split_gain=0.226942 0.21202 0.218699 0.160069 0.0961373 0.00563632
threshold=0.0034068797265191775 -0.0031584395526739997 0.006960153048948735 0.024246726433516216 -0.004199656862010499 0.0016357925112888002
decision_type=2 2 2 2 2 2
left_child=4 3 -3 -2 -1 -6
right_child=1 2 -4 -5 5 -7
leaf_value=-1.5206211131969133e-06 8.2273439107611271e-06 1.8680688302068638e-08 -1.0575317082387737e-05 -5.1952753623705594e-06 1.8997120511863419e-05 1.3803670783962123e-05
leaf_weight=35 852 1643 708 36 278 123
leaf_count=35 852 1643 708 36 278 123
internal_value=3.01136e-05 -1.98378e-05 -0.000105986 0.000208241 0.000401198 0.000477203
internal_weight=3675 3239 2351 888 436 401
internal_count=3675 3239 2351 888 436 401
is_linear=0
shrinkage=0.0173253


Tree=274
num_leaves=7
num_cat=0
split_feature=6 1 4 4 0 2
split_gain=0.232745 0.217134 0.29698 0.205053 0.0961373 0.00563632
threshold=0.0034068797265191775 -0.0058918970599300497 0.0027041889798569579 -0.052868809435686316 -0.004199656862010499 0.0016357925112888002
decision_type=2 2 2 2 2 2
left_child=4 3 -3 -2 -1 -6
right_child=1 2 -4 -5 5 -7
leaf_value=-1.4942758559424008e-06 -5.6610023890112721e-06 -1.9225848558363081e-06 4.3195389117772189e-06 1.4820437108669007e-05 1.8667989196615674e-05 1.3564517680862359e-05
leaf_weight=35 34 1333 1371 501 278 123
leaf_count=35 34 1333 1371 501 278 123
internal_value=2.53992e-05 -2.51868e-05 -8.82845e-05 0.000293722 0.000401198 0.000477203
internal_weight=3675 3239 2704 535 436 401
internal_count=3675 3239 2704 535 436 401
is_linear=0
shrinkage=0.0173253


Tree=275
num_leaves=7
num_cat=0
split_feature=6 1 4 4 0 2
split_gain=0.215556 0.195832 0.236634 0.205053 0.0961373 0.00563632
threshold=0.0034068797265191775 -0.0058918970599300497 0.0027041889798569579 -0.052868809435686316 -0.004199656862010499 0.0016357925112888002
decision_type=2 2 2 2 2 2
left_child=4 3 -3 -2 -1 -6
right_child=1 2 -4 -5 5 -7
leaf_value=-1.4683870388712977e-06 -5.5629236743580779e-06 -1.8892754455032058e-06 4.2447014898421557e-06 1.4563668197029127e-05 1.8344560188862842e-05 1.3329507983355017e-05
leaf_weight=35 34 1333 1371 501 278 123
leaf_count=35 34 1333 1371 501 278 123
internal_value=3.95424e-05 -9.13985e-06 -6.90626e-05 0.000293722 0.000401198 0.000477203
internal_weight=3675 3239 2704 535 436 401
internal_count=3675 3239 2704 535 436 401
is_linear=0
shrinkage=0.0173253


Tree=276
num_leaves=7
num_cat=0
split_feature=6 7 3 0 6 7
split_gain=0.227655 0.314226 0.36275 0.217672 0.087378 0.26713
threshold=0.0052957402321999417 0.0057107190649512115 -0.0026018369205065995 0.0058731031184796516 0.0034068797265191775 0.0044586076118351969
decision_type=2 2 2 2 2 2
left_child=4 2 -2 -3 -1 -6
right_child=1 3 -4 -5 5 -7
leaf_value=1.6607726289589717e-05 4.6259859460508286e-06 -2.1561268081611944e-06 -1.007813357587654e-05 2.0960976568869207e-05 -5.8238211622771428e-07 5.8529507946273911e-06
leaf_weight=436 72 1297 138 442 475 815
leaf_count=436 72 1297 138 442 475 815
internal_value=4.42567e-05 -8.40667e-05 -0.000717115 -7.62036e-06 0.00018916 0.000117494
internal_weight=3675 1949 210 1739 1726 1290
internal_count=3675 1949 210 1739 1726 1290
is_linear=0
shrinkage=0.0173253


Tree=277
num_leaves=7
num_cat=0
split_feature=5 2 6 1 3 1
split_gain=0.265544 0.204619 0.305804 0.100958 0.136187 0.0359119
threshold=0.0060367283499378113 -0.009286927632831548 0.011312306723436178 -0.0017149672124692498 -0.00069370098755459984 -0.0057558855902970487
decision_type=2 2 2 2 2 2
left_child=3 -2 -3 5 -5 -1
right_child=1 2 -4 4 -6 -7
leaf_value=8.0982300100628838e-06 2.1615220561388996e-05 -1.3625770640329223e-07 -1.7039870686128604e-05 1.1922379515494721e-05 -3.7980239165563912e-07 1.6841019924921156e-05
leaf_weight=165 201 1832 198 403 558 318
leaf_count=165 201 1832 198 403 558 318
internal_value=2.53992e-05 -9.30835e-05 -0.000145294 0.000208457 0.000105755 0.000412798
internal_weight=3675 2231 2030 1444 961 483
internal_count=3675 2231 2030 1444 961 483
is_linear=0
shrinkage=0.0173253


Tree=278
num_leaves=7
num_cat=0
split_feature=6 1 4 4 0 2
split_gain=0.24457 0.199205 0.288114 0.201646 0.0961373 0.00563632
threshold=0.0034068797265191775 -0.0060633027745422485 0.0027041889798569579 -0.052868809435686316 -0.004199656862010499 0.0016357925112888002
decision_type=2 2 2 2 2 2
left_child=4 3 -3 -2 -1 -6
right_child=1 2 -4 -5 5 -7
leaf_value=-1.7283203249904086e-06 -5.1339672815581368e-06 -1.6418419273255385e-06 4.2218180773668731e-06 1.5101909531375865e-05 1.7647127748295766e-05 1.2675770168998956e-05
leaf_weight=35 34 1352 1382 471 278 123
leaf_count=35 34 1352 1382 471 278 123
internal_value=1.59705e-05 -3.58847e-05 -9.42793e-05 0.000280256 0.000401198 0.000477203
internal_weight=3675 3239 2734 505 436 401
internal_count=3675 3239 2734 505 436 401
is_linear=0
shrinkage=0.0173253


Tree=279
num_leaves=7
num_cat=0
split_feature=6 0 2 1 0 2
split_gain=0.232745 0.210783 0.211735 0.108262 0.0961373 0.00563632
threshold=0.0034068797265191775 0.006473158662852101 -0.009832994248619548 0.0083891150316386023 -0.004199656862010499 0.0016357925112888002
decision_type=2 2 2 2 2 2
left_child=4 2 -2 -3 -1 -6
right_child=1 3 -4 -5 5 -7
leaf_value=-1.6983766110797449e-06 2.3239293346979861e-05 1.6018693282276766e-05 -9.1857081454642634e-07 -3.2609645408143522e-07 1.7341385498436672e-05 1.245615831230228e-05
leaf_weight=35 162 398 2548 131 278 123
leaf_count=35 162 398 2548 131 278 123
internal_value=2.53992e-05 -2.51868e-05 -8.69368e-05 0.000291151 0.000401198 0.000477203
internal_weight=3675 3239 2710 529 436 401
internal_count=3675 3239 2710 529 436 401
is_linear=0
shrinkage=0.0173253


Tree=280
num_leaves=7
num_cat=0
split_feature=6 2 7 4 0 2
split_gain=0.232745 0.209196 0.269831 0.189538 0.0961373 0.00563632
threshold=0.0034068797265191775 -9.8276512545447781e-05 0.0043753186308270716 0.0023926729051162205 -0.004199656862010499 0.0016357925112888002
decision_type=2 2 2 2 2 2
left_child=4 3 -3 -2 -1 -6
right_child=1 2 -4 -5 5 -7
leaf_value=-1.6689516817889311e-06 -3.8602876684854102e-08 -3.6302858116202027e-06 -3.0150705146120166e-07 2.2468415145395083e-05 1.7040940332878325e-05 1.2240351302724061e-05
leaf_weight=35 998 224 1491 526 278 123
leaf_count=35 998 224 1491 526 278 123
internal_value=2.53992e-05 -2.51868e-05 -0.000156441 0.000122517 0.000401198 0.000477203
internal_weight=3675 3239 1715 1524 436 401
internal_count=3675 3239 1715 1524 436 401
is_linear=0
shrinkage=0.0173253


Tree=281
num_leaves=7
num_cat=0
split_feature=6 7 3 5 6 7
split_gain=0.246216 0.372028 0.434941 0.227618 0.0928289 0.238615
threshold=0.0052423300298717335 0.0057107190649512115 -0.0026018369205065995 0.0074576638778979945 0.0034068797265191775 0.0045921236667502818
decision_type=2 2 2 2 2 2
left_child=4 2 -2 -3 -1 -6
right_child=1 3 -4 -5 5 -7
leaf_value=1.5237672135200107e-05 3.2015162048316619e-06 1.2959814660374413e-05 -9.480507345592879e-06 -2.1623472535928496e-06 -5.0772818194134845e-07 6.1666136486007233e-06
leaf_weight=436 78 670 153 1078 562 698
leaf_count=436 78 670 153 1078 562 698
internal_value=3.01136e-05 -0.000101167 -0.000754615 -1.48132e-05 0.0001833 0.000107901
internal_weight=3675 1979 231 1748 1696 1260
internal_count=3675 1979 231 1748 1696 1260
is_linear=0
shrinkage=0.0173253


Tree=282
num_leaves=7
num_cat=0
split_feature=5 2 6 1 1 1
split_gain=0.200489 0.192743 0.322157 0.126061 0.234619 0.0359119
threshold=0.0060367283499378113 -0.009286927632831548 0.011312306723436178 -0.0017149672124692498 -0.0010105801069142499 -0.0057558855902970487
decision_type=2 2 2 2 2 2
left_child=3 -2 -3 5 -5 -1
right_child=1 2 -4 4 -6 -7
leaf_value=7.6363276595538195e-06 2.0904679090386211e-05 -1.0377703055221288e-07 -1.6657978636404905e-05 -1.9906701205958914e-06 5.2795695818763766e-06 1.6574852226742607e-05
leaf_weight=165 201 1832 198 96 865 318
leaf_count=165 201 1832 198 96 865 318
internal_value=2.53992e-05 -7.75521e-05 -0.000128224 0.00018446 6.96977e-05 0.000412798
internal_weight=3675 2231 2030 1444 961 483
internal_count=3675 2231 2030 1444 961 483
is_linear=0
shrinkage=0.0173253


Tree=283
num_leaves=7
num_cat=0
split_feature=5 0 6 3 3 3
split_gain=0.192181 0.224806 0.227638 0.086507 0.0771452 0.209174
threshold=0.0046773408434430536 0.0068576959529008507 0.0070482595608196601 0.013113923673456502 -0.00069370098755459984 4.1366719937712896e-05
decision_type=2 2 2 2 2 2
left_child=4 2 -2 -3 -1 -6
right_child=1 3 -4 -5 5 -7
leaf_value=1.6252900061394437e-05 6.658695190622359e-08 1.7565083877805931e-05 -1.1209649489296975e-05 -3.3486182566825491e-06 -1.6144052113693176e-05 1.0485463250451082e-05
leaf_weight=332 1716 407 705 33 46 436
leaf_count=332 1716 407 705 33 46 436
internal_value=3.01136e-05 -3.67148e-05 -0.000102187 0.00032353 0.000264998 0.000125017
internal_weight=3675 2861 2421 440 814 482
internal_count=3675 2861 2421 440 814 482
is_linear=0
shrinkage=0.0173253


Tree=284
num_leaves=7
num_cat=0
split_feature=5 4 2 2 3 3
split_gain=0.199973 0.203862 0.295561 0.201587 0.0771452 0.209174
threshold=0.0046773408434430536 0.004236085992685293 -0.0036844052859148495 0.0016926292234983502 -0.00069370098755459984 4.1366719937712896e-05
decision_type=2 2 2 2 2 2
left_child=4 2 -2 -3 -1 -6
right_child=1 3 -4 -5 5 -7
leaf_value=1.5971313261413012e-05 4.2787327262850873e-06 1.7275985437695738e-05 -1.7917135820432553e-06 -5.8174642609296762e-07 -1.5864351139943513e-05 1.0303799176232689e-05
leaf_weight=332 531 562 1069 699 46 436
leaf_count=332 531 562 1069 699 46 436
internal_value=2.53992e-05 -4.27705e-05 -0.000172604 0.000121967 0.000264998 0.000125017
internal_weight=3675 2861 1600 1261 814 482
internal_count=3675 2861 1600 1261 814 482
is_linear=0
shrinkage=0.0173253


Tree=285
num_leaves=7
num_cat=0
split_feature=6 1 4 4 7 3
split_gain=0.199939 0.225276 0.274848 0.204729 0.0935954 0.169057
threshold=0.0035557066116390394 -0.0058918970599300497 0.0081810013210252362 -0.052868809435686316 0.0031362424982274905 0.00020720718492905002
decision_type=2 2 2 2 2 2
left_child=4 3 -3 -2 5 -1
right_child=1 2 -4 -5 -6 -7
leaf_value=-1.6331214699180227e-06 -4.472600144548031e-06 -1.6087216552440868e-06 5.2522280708223248e-06 1.4389010545842573e-05 1.422102494673437e-05 1.9378056353275558e-05
leaf_weight=50 34 1594 1008 498 435 56
leaf_count=50 34 1594 1008 498 435 56
internal_value=2.06849e-05 -3.24098e-05 -9.88287e-05 0.000292444 0.000328261 -0.000133377
internal_weight=3675 3134 2602 532 541 106
internal_count=3675 3134 2602 532 541 106
is_linear=0
shrinkage=0.0173253


Tree=286
num_leaves=7
num_cat=0
split_feature=4 2 6 2 1 0
split_gain=0.198606 0.238655 0.321211 0.213589 0.277764 0.0755928
threshold=-0.00083927781408305794 -0.009832994248619548 0.013564567983344492 0.00039574722625235003 -0.00084073547838314983 -0.0069804472306175492
decision_type=2 2 2 2 2 2
left_child=1 -1 -3 5 -5 -2
right_child=3 2 -4 4 -6 -7
leaf_value=2.2160603326818339e-05 5.7061128841122323e-07 -3.6694247916420736e-07 -2.3484014339653479e-05 1.5400740038407959e-05 -1.3895807542709576e-06 1.4595530540010783e-05
leaf_weight=155 37 1416 63 331 902 771
leaf_count=155 37 1416 63 331 902 771
internal_value=1.59705e-05 -0.000126375 -0.000194159 0.000129931 -1.35431e-05 0.000348871
internal_weight=3675 1634 1479 2041 1233 808
internal_count=3675 1634 1479 2041 1233 808
is_linear=0
shrinkage=0.0173253


Tree=287
num_leaves=7
num_cat=0
split_feature=6 4 2 6 0 3
split_gain=0.202122 0.203491 0.2823 0.207974 0.0875635 0.0230454
threshold=0.0034068797265191775 0.010200169713301782 -0.009832994248619548 0.0115815878744834 -0.004199656862010499 -0.0039362487846028487
decision_type=2 2 2 2 2 2
left_child=4 2 -2 -3 -1 -6
right_child=1 3 -4 -5 5 -7
leaf_value=-1.8594372310937585e-06 2.3209696482995932e-05 1.0728460854923032e-05 -1.3493907172021517e-06 -4.5030013859234287e-06 1.0862565153693489e-05 1.5698613234931183e-05
leaf_weight=35 184 910 2029 116 33 368
leaf_count=35 184 910 2029 116 33 368
internal_value=1.12561e-05 -3.58847e-05 -0.000129389 0.000165797 0.000361461 0.000433998
internal_weight=3675 3239 2213 1026 436 401
internal_count=3675 3239 2213 1026 436 401
is_linear=0
shrinkage=0.0173253


Tree=288
num_leaves=7
num_cat=0
split_feature=6 1 4 4 0 3
split_gain=0.196717 0.192521 0.229608 0.201646 0.0875635 0.0230454
threshold=0.0034068797265191775 -0.0060633027745422485 0.0027041889798569579 -0.052868809435686316 -0.004199656862010499 -0.0039362487846028487
decision_type=2 2 2 2 2 2
left_child=4 3 -3 -2 -1 -6
right_child=1 2 -4 -5 5 -7
leaf_value=-1.8272218739764324e-06 -3.9648640363009342e-06 -1.4961041935133928e-06 3.9414063526453665e-06 1.4714509940717121e-05 1.067436766588123e-05 1.5426629635187634e-05
leaf_weight=35 34 1352 1382 471 33 368
leaf_count=35 34 1352 1382 471 33 368
internal_value=1.59705e-05 -3.05357e-05 -8.79423e-05 0.000280256 0.000361461 0.000433998
internal_weight=3675 3239 2734 505 436 401
internal_count=3675 3239 2734 505 436 401
is_linear=0
shrinkage=0.0173253


Tree=289
num_leaves=7
num_cat=0
split_feature=6 1 4 4 0 3
split_gain=0.191385 0.185951 0.211451 0.201646 0.0875635 0.0230454
threshold=0.0034068797265191775 -0.0060633027745422485 0.0027041889798569579 -0.052868809435686316 -0.004199656862010499 -0.0039362487846028487
decision_type=2 2 2 2 2 2
left_child=4 3 -3 -2 -1 -6
right_child=1 2 -4 -5 5 -7
leaf_value=-1.7955646584391778e-06 -3.8961714723814731e-06 -1.4701836998969416e-06 3.8731202007539752e-06 1.4459576251846228e-05 1.0489430760990018e-05 1.5159358240109711e-05
leaf_weight=35 34 1352 1382 471 33 368
leaf_count=35 34 1352 1382 471 33 368
internal_value=2.06849e-05 -2.51868e-05 -8.16053e-05 0.000280256 0.000361461 0.000433998
internal_weight=3675 3239 2734 505 436 401
internal_count=3675 3239 2734 505 436 401
is_linear=0
shrinkage=0.0173253


Tree=290
num_leaves=7
num_cat=0
split_feature=6 7 0 1 4 3
split_gain=0.19366 0.488316 0.500202 0.231909 0.10782 0.132159
threshold=0.0052957402321999417 0.0057107190649512115 0.0025921739339398006 -0.0021756283971694494 0.0030455136241061853 -0.0017149672124692498
decision_type=2 2 2 2 2 2
left_child=4 2 -2 -3 5 -1
right_child=1 3 -4 -5 -6 -7
leaf_value=5.4612921325808202e-06 -1.5855740151062418e-06 1.3670337203511305e-05 -1.0614396369243317e-05 -2.3819912783805547e-06 1.3733891569593963e-05 -6.055400552706339e-07
leaf_weight=378 145 623 65 1116 756 592
leaf_count=378 145 623 65 1116 756 592
internal_value=2.53992e-05 -9.2956e-05 -0.000882118 2.34245e-06 0.000159046 3.81572e-05
internal_weight=3675 1949 210 1739 1726 970
internal_count=3675 1949 210 1739 1726 970
is_linear=0
shrinkage=0.0173253


Tree=291
num_leaves=7
num_cat=0
split_feature=6 0 2 1 0 3
split_gain=0.191385 0.210657 0.251759 0.113931 0.0875635 0.0230454
threshold=0.0034068797265191775 0.0068576959529008507 -9.8276512545447781e-05 0.010931206903473651 -0.004199656862010499 -0.0039362487846028487
decision_type=2 2 2 2 2 2
left_child=4 2 -2 -3 -1 -6
right_child=1 3 -4 -5 5 -7
leaf_value=-1.7539647353362364e-06 2.1123270782016894e-06 2.0416373960372389e-05 -2.2792440173359917e-06 -6.941274297201828e-07 1.0213079279099119e-05 1.4663859792407758e-05
leaf_weight=35 1323 397 1429 90 33 368
leaf_count=35 1323 397 1429 90 33 368
internal_value=2.06849e-05 -2.51868e-05 -8.39633e-05 0.000306955 0.000361461 0.000433998
internal_weight=3675 3239 2752 487 436 401
internal_count=3675 3239 2752 487 436 401
is_linear=0
shrinkage=0.0173253


Tree=292
num_leaves=7
num_cat=0
split_feature=6 7 3 5 4 3
split_gain=0.209778 0.451285 0.499112 0.227618 0.111135 0.136567
threshold=0.0052423300298717335 0.0057107190649512115 -0.0026018369205065995 0.0074576638778979945 0.0030455136241061853 -0.0017149672124692498
decision_type=2 2 2 2 2 2
left_child=4 2 -2 -3 5 -1
right_child=1 3 -4 -5 -6 -7
leaf_value=5.6221294737282819e-06 3.217524934990066e-06 1.1832911386178843e-05 -9.040671646664507e-06 -2.0416482936667062e-06 1.3996354468866841e-05 -6.3701212414761946e-07
leaf_weight=372 78 670 153 1078 745 579
leaf_count=372 78 670 153 1078 745 579
internal_value=1.12561e-05 -0.000109922 -0.000829617 -1.48132e-05 0.000152654 2.85223e-05
internal_weight=3675 1979 231 1748 1696 951
internal_count=3675 1979 231 1748 1696 951
is_linear=0
shrinkage=0.0173253


Tree=293
num_leaves=7
num_cat=0
split_feature=2 6 0 4 4 2
split_gain=0.201624 0.269682 0.33348 0.216486 0.181707 0.155842
threshold=-9.8276512545447781e-05 0.0070763737474529081 0.0026416208590876004 0.014357988118823306 0.0023926729051162205 -0.009832994248619548
decision_type=2 2 2 2 2 2
left_child=4 3 -3 -2 5 -1
right_child=1 2 -4 -5 -6 -7
leaf_value=2.2180220631435421e-05 -2.46044876498225e-07 -1.4470735953245425e-05 2.357626491090459e-06 2.8860210393173205e-05 2.1745588801036657e-05 -2.9699431070644383e-07
leaf_weight=165 1049 317 257 333 592 962
leaf_count=165 1049 317 257 333 592 962
internal_value=2.06849e-05 -9.96185e-05 -0.00041528 3.14884e-05 0.000157575 2.84738e-05
internal_weight=3675 1956 574 1382 1719 1127
internal_count=3675 1956 574 1382 1719 1127
is_linear=0
shrinkage=0.0173253


Tree=294
num_leaves=7
num_cat=0
split_feature=6 0 0 4 6 6
split_gain=0.18801 0.249 0.327445 0.202704 0.196843 0.0540719
threshold=0.011312306723436178 0.012298879269830351 0.0056422749124113514 0.016296583301509862 0.0034068797265191775 0.0070763737474529081
decision_type=2 2 2 2 2 2
left_child=3 2 -2 4 -1 -5
right_child=1 -3 -4 5 -6 -7
leaf_value=1.2740714836305263e-05 -1.5412428246129463e-05 3.3286431094468634e-05 -1.1500044361912467e-05 2.9631610122018406e-05 -2.6021546654113986e-07 6.5523219419171976e-06
leaf_weight=409 197 71 40 378 2292 288
leaf_count=409 197 71 40 378 2292 288
internal_value=3.01136e-05 -0.000379608 -0.000649234 6.75934e-05 8.41204e-07 0.000338311
internal_weight=3675 308 237 3367 2701 666
internal_count=3675 308 237 3367 2701 666
is_linear=0
shrinkage=0.0173253


Tree=295
num_leaves=7
num_cat=0
split_feature=6 7 4 1 2 6
split_gain=0.202463 0.318512 0.207097 0.195686 0.178442 0.0567488
threshold=0.011140950624384582 0.010706774096030417 0.016296583301509862 -0.0082000066009861976 0.011338856056420201 0.0070763737474529081
decision_type=2 2 2 2 2 2
left_child=2 -2 3 -1 -3 -4
right_child=1 4 5 -5 -6 -7
leaf_value=2.1090543198838313e-05 -3.449846891664219e-05 3.7932787182980669e-06 2.9118232802214705e-05 -1.5695247420188126e-07 -1.4065569975928021e-05 1.0838004018695123e-05
leaf_weight=196 35 217 378 2499 70 280
leaf_count=196 35 217 378 2499 70 280
internal_value=2.06849e-05 -0.000394283 6.05356e-05 -6.74422e-06 -0.000203995 0.000336097
internal_weight=3675 322 3353 2695 287 658
internal_count=3675 322 3353 2695 287 658
is_linear=0
shrinkage=0.0173253


Tree=296
num_leaves=7
num_cat=0
split_feature=6 0 1 0 2 7
split_gain=0.164104 0.187716 0.254517 0.172138 0.186915 0.0464081
threshold=0.015989846888083654 0.0098929220330802019 -0.0095213935295954972 0.0058731031184796516 4.1366719937712896e-05 0.0058073027305565912
decision_type=2 2 2 2 2 2
left_child=3 2 -2 4 -1 -5
right_child=1 -3 -4 5 -6 -7
leaf_value=4.3402522391922678e-06 8.0622562031328227e-06 1.7709838960601666e-05 -4.6831880615988719e-05 9.1154244907735109e-08 -1.2545883493226188e-06 3.1805248101428214e-05
leaf_weight=1471 39 34 53 159 1517 402
leaf_count=1471 39 34 53 159 1517 402
internal_value=3.4828e-05 -0.000579612 -0.000986142 5.66424e-05 4.35969e-06 0.000335111
internal_weight=3675 126 92 3549 2988 561
internal_count=3675 126 92 3549 2988 561
is_linear=0
shrinkage=0.0173253


Tree=297
num_leaves=7
num_cat=0
split_feature=4 2 6 2 3 7
split_gain=0.189315 0.225566 0.303717 0.208472 0.209501 0.0766152
threshold=0.0030455136241061853 -0.009832994248619548 0.013564567983344492 0.00039574722625235003 -0.00033572182602699993 0.012071889550523405
decision_type=2 2 2 2 2 2
left_child=1 -1 -3 5 -5 -2
right_child=3 2 -4 4 -6 -7
leaf_value=2.1885715309704818e-05 2.1635554397777271e-05 -3.9606833723653615e-07 -1.8393406658149095e-05 -1.9610784296457273e-06 2.8117191545840575e-06 -1.5518155490988445e-05
leaf_weight=167 587 1756 67 342 714 42
leaf_count=167 587 1756 67 342 714 42
internal_value=2.53992e-05 -8.9025e-05 -0.000144854 0.000160535 1.18052e-05 0.000410232
internal_weight=3675 1990 1823 1685 1056 629
internal_count=3675 1990 1823 1685 1056 629
is_linear=0
shrinkage=0.0173253


Tree=298
num_leaves=7
num_cat=0
split_feature=5 2 6 1 3 3
split_gain=0.18264 0.184707 0.315571 0.102679 0.0785817 0.205115
threshold=0.0046041997355731968 -0.0036844052859148495 0.011312306723436178 -0.0025282713840577499 -0.00069370098755459984 4.1366719937712896e-05
decision_type=2 2 2 2 2 2
left_child=4 3 -3 -2 -1 -6
right_child=1 2 -4 -5 5 -7
leaf_value=1.4292005090518974e-05 2.0376432126206718e-05 -1.6490148509481077e-07 -1.606205602870951e-05 7.8554072785888132e-07 -1.5640752517051611e-05 9.8300906814946491e-06
leaf_weight=317 280 2004 182 425 46 421
leaf_count=317 280 2004 182 425 46 421
internal_value=2.06849e-05 -4.29192e-05 -0.000121564 0.000200934 0.000255225 0.000112317
internal_weight=3675 2891 2186 705 784 467
internal_count=3675 2891 2186 705 784 467
is_linear=0
shrinkage=0.0173253


Tree=299
num_leaves=7
num_cat=0
split_feature=4 3 2 2 3 6
split_gain=0.176336 0.22118 0.357629 0.208472 0.209501 0.163888
threshold=0.0030455136241061853 -0.0014893876550602998 -0.0043273499094646992 0.00039574722625235003 -0.00033572182602699993 0.0068246398545956126
decision_type=2 2 2 2 2 2
left_child=1 5 -3 -2 -5 -1
right_child=3 2 -4 4 -6 -7
leaf_value=5.2414042758791506e-06 2.0782059971292155e-05 4.7270712762489468e-06 -2.8372827033732179e-06 -1.8573808531206068e-06 2.7127880174380492e-06 -9.3696010126381232e-06
leaf_weight=631 629 286 797 342 714 276
leaf_count=631 629 286 797 342 714 276
internal_value=3.01136e-05 -8.03188e-05 -0.000247473 0.000160535 1.18052e-05 0.000119271
internal_weight=3675 1990 1083 1685 1056 907
internal_count=3675 1990 1083 1685 1056 907
is_linear=0
shrinkage=0.0173253


Tree=300
num_leaves=7
num_cat=0
split_feature=4 2 6 2 1 3
split_gain=0.182425 0.228078 0.263559 0.166198 0.256291 0.119699
threshold=-0.0075836187860009252 -0.009832994248619548 0.013564567983344492 0.00039574722625235003 0.00079158164220370002 -0.0012746133425421996
decision_type=2 2 2 2 2 2
left_child=1 -1 -3 5 -5 -2
right_child=3 2 -4 4 -6 -7
leaf_value=1.9901036711102709e-05 1.5432815141590285e-05 -1.0896498826198615e-06 -2.9872041800801896e-05 4.9228911808579932e-06 -2.5088657240193674e-06 3.3749086787800962e-06
leaf_weight=130 377 863 53 640 828 784
leaf_count=130 377 863 53 640 828 784
internal_value=3.4828e-05 -0.000158691 -0.00025507 0.000111823 -1.06811e-05 0.000266722
internal_weight=3675 1046 916 2629 1468 1161
internal_count=3675 1046 916 2629 1468 1161
is_linear=0
shrinkage=0.0173253


Tree=301
num_leaves=7
num_cat=0
split_feature=4 2 6 2 3 7
split_gain=0.189315 0.225566 0.213238 0.208472 0.209501 0.0766152
threshold=0.0030455136241061853 -0.009832994248619548 0.016400753950310102 0.00039574722625235003 -0.00033572182602699993 0.012071889550523405
decision_type=2 2 2 2 2 2
left_child=1 -1 -3 5 -5 -2
right_child=3 2 -4 4 -6 -7
leaf_value=2.0989578756916983e-05 2.0619589178196154e-05 -4.7757082831241862e-07 -3.3684764685188283e-05 -1.7817342056335498e-06 2.6556018328813491e-06 -1.5613852638554417e-05
leaf_weight=167 587 1775 48 342 714 42
leaf_count=167 587 1775 48 342 714 42
internal_value=2.53992e-05 -8.9025e-05 -0.000144854 0.000160535 1.18052e-05 0.000410232
internal_weight=3675 1990 1823 1685 1056 629
internal_count=3675 1990 1823 1685 1056 629
is_linear=0
shrinkage=0.0173253


Tree=302
num_leaves=7
num_cat=0
split_feature=6 1 4 4 0 3
split_gain=0.180941 0.202811 0.255988 0.205053 0.0875635 0.0230454
threshold=0.0034068797265191775 -0.0058918970599300497 0.0027041889798569579 -0.052868809435686316 -0.004199656862010499 -0.0039362487846028487
decision_type=2 2 2 2 2 2
left_child=4 3 -3 -2 -1 -6
right_child=1 2 -4 -5 5 -7
leaf_value=-1.9902848477124479e-06 -8.6965088158332727e-07 -1.4674004575836275e-06 2.5198330157791124e-06 1.3183040259515566e-05 9.692772842062634e-06 1.3801457278863708e-05
leaf_weight=35 34 1333 1371 501 33 368
leaf_count=35 34 1333 1371 501 33 368
internal_value=3.01136e-05 -1.44888e-05 -7.54699e-05 0.000293722 0.000361461 0.000433998
internal_weight=3675 3239 2704 535 436 401
internal_count=3675 3239 2704 535 436 401
is_linear=0
shrinkage=0.0173253


Tree=303
num_leaves=7
num_cat=0
split_feature=4 3 2 2 3 6
split_gain=0.202754 0.261455 0.402498 0.208472 0.209501 0.163888
threshold=0.0030455136241061853 -0.0014893876550602998 -0.0043273499094646992 0.00039574722625235003 -0.00033572182602699993 0.0068246398545956126
decision_type=2 2 2 2 2 2
left_child=1 5 -3 -2 -5 -1
right_child=3 2 -4 4 -6 -7
leaf_value=5.1812984040340427e-06 1.975440698399036e-05 4.6203990908512644e-06 -2.8059235617294541e-06 -1.79452200850158e-06 2.4848592423698314e-06 -9.1365057322831408e-06
leaf_weight=631 629 286 797 342 714 276
leaf_count=631 629 286 797 342 714 276
internal_value=2.06849e-05 -9.77312e-05 -0.000279468 0.000160535 1.18052e-05 0.000119271
internal_weight=3675 1990 1083 1685 1056 907
internal_count=3675 1990 1083 1685 1056 907
is_linear=0
shrinkage=0.0173253


Tree=304
num_leaves=7
num_cat=0
split_feature=4 1 0 2 1 3
split_gain=0.196124 0.278801 0.261403 0.180641 0.28005 0.119699
threshold=-0.0075836187860009252 -0.0058918970599300497 -0.0031584395526739997 0.00039574722625235003 0.00079158164220370002 -0.0012746133425421996
decision_type=2 2 2 2 2 2
left_child=1 -1 -3 5 -5 -2
right_child=3 2 -4 4 -6 -7
leaf_value=6.7810969028061689e-06 1.4464943774825589e-05 4.7178140840784407e-07 -3.01026274846716e-06 4.9411811911550497e-06 -2.4369166077838249e-06 2.9471912923937239e-06
leaf_weight=290 377 338 418 640 828 784
leaf_count=290 377 338 418 640 828 784
internal_value=2.53992e-05 -0.000175255 -0.000350441 0.000105233 -2.24831e-05 0.000266722
internal_weight=3675 1046 756 2629 1468 1161
internal_count=3675 1046 756 2629 1468 1161
is_linear=0
shrinkage=0.0173253


Tree=305
num_leaves=7
num_cat=0
split_feature=4 2 3 2 3 7
split_gain=0.216654 0.238639 0.242646 0.208472 0.209501 0.0766152
threshold=0.0030455136241061853 -0.009832994248619548 -0.0014893876550602998 0.00039574722625235003 -0.00033572182602699993 0.012071889550523405
decision_type=2 2 2 2 2 2
left_child=1 -1 -3 5 -5 -2
right_child=3 2 -4 4 -6 -7
leaf_value=2.020828308411866e-05 1.9516253013990358e-05 5.4720688959423928e-07 -1.6969772108771345e-06 -1.7212109529498395e-06 2.4840286205728301e-06 -1.5780307075511569e-05
leaf_weight=167 587 822 1001 342 714 42
leaf_count=167 587 822 1001 342 714 42
internal_value=1.59705e-05 -0.000106437 -0.000163861 0.000160535 1.18052e-05 0.000410232
internal_weight=3675 1990 1823 1685 1056 629
internal_count=3675 1990 1823 1685 1056 629
is_linear=0
shrinkage=0.0173253


Tree=306
num_leaves=7
num_cat=0
split_feature=4 2 2 1 6 7
split_gain=0.186931 0.232056 0.225995 0.230297 0.225165 0.0766152
threshold=0.0030455136241061853 -0.009832994248619548 0.00039574722625235003 0.0027031775613827504 0.0075154891945466594 0.012071889550523405
decision_type=2 2 2 2 2 2
left_child=1 -1 5 -4 -3 -2
right_child=2 4 3 -5 -6 -7
leaf_value=1.9858167981873483e-05 1.9178127558651421e-05 -1.104914542218403e-07 1.0507214223434793e-05 -2.2254427325254293e-06 -1.2687180100700787e-05 -1.5506908103307714e-05
leaf_weight=167 587 1527 554 502 296 42
leaf_count=167 587 1527 554 502 296 42
internal_value=1.59705e-05 -9.77312e-05 0.000150253 -4.60133e-06 -0.000154357 0.000410232
internal_weight=3675 1990 1685 1056 1823 629
internal_count=3675 1990 1685 1056 1823 629
is_linear=0
shrinkage=0.0173253


Tree=307
num_leaves=7
num_cat=0
split_feature=5 2 4 1 3 3
split_gain=0.175372 0.213929 0.353466 0.134568 0.0785817 0.205115
threshold=0.0046041997355731968 -0.0036844052859148495 0.006128136046364501 -0.0025282713840577499 -0.00069370098755459984 4.1366719937712896e-05
decision_type=2 2 2 2 2 2
left_child=4 3 -3 -2 -1 -6
right_child=1 2 -4 -5 5 -7
leaf_value=1.351872913501309e-05 1.9401719637446252e-05 -1.4562172496353119e-06 2.4877780750591842e-06 7.1490398353027457e-07 -1.5310648003423375e-05 9.5368698689102992e-06
leaf_weight=317 280 1164 1022 425 46 421
leaf_count=317 280 1164 1022 425 46 421
internal_value=2.53992e-05 -3.69264e-05 -0.000121564 0.000225509 0.000255225 0.000112317
internal_weight=3675 2891 2186 705 784 467
internal_count=3675 2891 2186 705 784 467
is_linear=0
shrinkage=0.0173253


Tree=308
num_leaves=7
num_cat=0
split_feature=2 1 4 4 2 4
split_gain=0.158698 0.231584 0.212736 0.202497 0.175931 0.104504
threshold=-9.8276512545447781e-05 -0.0021226501817658496 0.0023926729051162205 0.014357988118823306 -0.009832994248619548 -0.0028251620801103736
decision_type=2 2 2 2 2 2
left_child=2 5 4 -3 -1 -2
right_child=1 3 -4 -5 -6 -7
leaf_value=1.9179643068943108e-05 -6.3803523710262984e-08 -2.7401896507007232e-06 1.8321067347271782e-05 1.9297339049823792e-06 -2.5413433815293426e-07 1.4252083229482249e-05
leaf_weight=165 250 877 592 557 962 272
leaf_count=165 250 877 592 557 962 272
internal_value=1.59705e-05 -9.07609e-05 0.000137417 -0.0002045 -2.27209e-06 0.000221696
internal_weight=3675 1956 1719 1434 1127 522
internal_count=3675 1956 1719 1434 1127 522
is_linear=0
shrinkage=0.0173253


Tree=309
num_leaves=7
num_cat=0
split_feature=6 0 1 0 2 1
split_gain=0.161595 0.187716 0.254517 0.169169 0.183794 0.0886535
threshold=0.015989846888083654 0.0098929220330802019 -0.0095213935295954972 0.0068576959529008507 4.1366719937712896e-05 0.010931206903473651
decision_type=2 2 2 2 2 2
left_child=3 2 -2 4 -1 -5
right_child=1 -3 -4 5 -6 -7
leaf_value=2.771484887926167e-06 9.179275648461152e-06 1.7457531968109434e-05 -4.4917268249784206e-05 2.1868451544128407e-05 -1.0131411507223347e-06 7.5609711158729628e-06
leaf_weight=1514 39 34 53 375 1586 74
leaf_count=1514 39 34 53 375 1586 74
internal_value=3.01136e-05 -0.000579612 -0.000986142 5.17607e-05 6.23759e-06 0.000366063
internal_weight=3675 126 92 3549 3100 449
internal_count=3675 126 92 3549 3100 449
is_linear=0
shrinkage=0.0173253


Tree=310
num_leaves=7
num_cat=0
split_feature=1 4 2 4 4 4
split_gain=0.154218 0.225242 0.251748 0.194444 0.0856594 0.0220126
threshold=-0.0058918970599300497 -0.0075836187860009252 0.00039574722625235003 -0.013929028811401825 -0.039202415612257922 -0.011896167767610511
decision_type=2 2 2 2 2 2
left_child=4 3 -3 -2 -1 -6
right_child=1 2 -4 -5 5 -7
leaf_value=-1.9566958193718373e-06 -5.5217485458198353e-08 7.7518933545721764e-06 -1.9893663757726233e-07 -4.5576628609731764e-06 1.6652519140308503e-05 7.5996897011583656e-06
leaf_weight=63 432 1024 1355 324 189 288
leaf_count=63 432 1024 1355 324 189 288
internal_value=2.53992e-05 -2.11806e-05 6.16042e-05 -0.00028169 0.000295821 0.000375123
internal_weight=3675 3135 2379 756 540 477
internal_count=3675 3135 2379 756 540 477
is_linear=0
shrinkage=0.0173253


Tree=311
num_leaves=7
num_cat=0
split_feature=5 4 2 6 7 3
split_gain=0.163841 0.174476 0.266928 0.260864 0.13474 0.0606061
threshold=0.0048092065065173236 0.013244076092628225 -0.009832994248619548 0.0115815878744834 0.0031362424982274905 0.00062205543940870012
decision_type=2 2 2 2 2 2
left_child=4 2 -2 -3 5 -1
right_child=1 3 -4 -5 -6 -7
leaf_value=-2.1328023748115779e-06 1.9601542554686156e-05 1.1434616879351177e-05 -1.143247820568207e-06 -4.7443696491236509e-06 1.1038798719401052e-05 1.9259942784146367e-06
leaf_weight=33 171 685 1840 105 808 33
leaf_count=33 171 685 1840 105 808 33
internal_value=1.59705e-05 -4.86489e-05 -0.000134353 0.000169516 0.000223063 -0.000529611
internal_weight=3675 2801 2011 790 874 66
internal_count=3675 2801 2011 790 874 66
is_linear=0
shrinkage=0.0173253


Tree=312
num_leaves=6
num_cat=0
split_feature=0 7 1 1 3
split_gain=0.155772 0.220288 0.194885 0.0792654 0.0688084
threshold=0.0068576959529008507 0.018818617246263068 -0.0082000066009861976 0.017222603313408701 0.0034658080626929506
decision_type=2 2 2 2 2
left_child=1 2 -1 4 -2
right_child=3 -3 -4 -5 -6
leaf_value=1.6557296551967039e-05 2.5648164976701709e-05 -4.4488943936551683e-05 -1.0847965819495435e-07 -9.1893674514569509e-08 1.27467757158993e-06
leaf_weight=254 302 37 2894 34 154
leaf_count=254 302 37 2894 34 154
internal_value=2.06849e-05 -2.35577e-05 -7.93684e-06 0.000308262 0.000368432
internal_weight=3675 3185 3148 490 456
internal_count=3675 3185 3148 490 456
is_linear=0
shrinkage=0.0173253


Tree=313
num_leaves=7
num_cat=0
split_feature=2 4 1 0 6 2
split_gain=0.180855 0.213514 0.206267 0.266063 0.242586 0.168704
threshold=4.1366719937712896e-05 0.0023926729051162205 0.0018811237563041503 0.0058731031184796516 0.0053175518186881548 -0.009832994248619548
decision_type=2 2 2 2 2 2
left_child=1 5 4 -4 -2 -1
right_child=2 -3 3 -5 -6 -7
leaf_value=1.9166701693153793e-05 3.8541381015009845e-06 1.7882838988026259e-05 -5.1002231708090197e-06 1.1407002107612539e-05 -7.448714353141985e-07 -3.7430040925279154e-07
leaf_weight=165 604 615 574 219 514 984
leaf_count=165 604 615 574 219 514 984
internal_value=2.06849e-05 0.000147187 -9.60866e-05 -0.000309809 5.55071e-05 7.73572e-06
internal_weight=3675 1764 1911 793 1118 1149
internal_count=3675 1764 1911 793 1118 1149
is_linear=0
shrinkage=0.0173253


Tree=314
num_leaves=7
num_cat=0
split_feature=2 4 6 7 1 2
split_gain=0.20345 0.226147 0.193934 0.54844 0.223223 0.170005
threshold=0.00021070067830630002 0.0023926729051162205 0.0053175518186881548 0.0060133508463057683 0.0035706516732948003 -0.009832994248619548
decision_type=2 2 2 2 2 2
left_child=1 5 4 -4 -2 -1
right_child=2 -3 3 -5 -6 -7
leaf_value=1.8834632328573562e-05 3.3118457113321836e-06 1.744640111793284e-05 -8.5798005600496521e-06 -9.1034546127132778e-07 -1.0740812839560084e-06 -3.9757339093049957e-07
leaf_weight=165 690 633 161 841 174 1011
leaf_count=165 690 633 161 841 174 1011
internal_value=1.59705e-05 0.000146894 -0.000110954 -0.000274966 7.92544e-05 4.77385e-06
internal_weight=3675 1809 1866 1002 864 1176
internal_count=3675 1809 1866 1002 864 1176
is_linear=0
shrinkage=0.0173253


Tree=315
num_leaves=7
num_cat=0
split_feature=4 3 2 2 2 6
split_gain=0.178651 0.24482 0.357629 0.220712 0.266838 0.125759
threshold=0.0030455136241061853 -0.0014893876550602998 -0.0043273499094646992 0.0020842619572550001 0.0032649360611079503 0.0068246398545956126
decision_type=2 2 2 2 2 2
left_child=1 5 -3 -2 -5 -1
right_child=3 2 -4 4 -6 -7
leaf_value=5.1331872885125285e-06 9.9894329830807217e-06 3.9915597174237125e-06 -2.6300916735219029e-06 -7.7512612773895359e-06 1.4345350613949744e-06 -8.5238420018106019e-06
leaf_weight=631 874 286 797 139 672 276
leaf_count=631 874 286 797 139 672 276
internal_value=3.95424e-05 -7.16126e-05 -0.000247473 0.000170817 -3.50273e-05 0.000138373
internal_weight=3675 1990 1083 1685 811 907
internal_count=3675 1990 1083 1685 811 907
is_linear=0
shrinkage=0.0173253


Tree=316
num_leaves=7
num_cat=0
split_feature=1 6 4 7 3 7
split_gain=0.199044 0.256861 0.297158 0.102555 0.0430433 0.0236023
threshold=-0.0058918970599300497 0.0034674367805397339 0.0027041889798569579 0.0031362424982274905 -0.0090726236265221989 0.0059839290260510977
decision_type=2 2 2 2 2 2
left_child=4 3 -3 -2 -1 -6
right_child=1 2 -4 -5 5 -7
leaf_value=-1.5940165141110889e-05 2.247620245746898e-07 -1.369661916323252e-06 1.9431006843685898e-06 1.2649543042225765e-05 2.3535218628095889e-06 1.5571249901139445e-05
leaf_weight=52 105 1314 1345 371 169 319
leaf_count=52 105 1314 1345 371 169 319
internal_value=2.06849e-05 -3.22334e-05 -9.85858e-05 0.00033842 0.000327905 0.000378398
internal_weight=3675 3135 2659 476 540 488
internal_count=3675 3135 2659 476 540 488
is_linear=0
shrinkage=0.0173253


Tree=317
num_leaves=7
num_cat=0
split_feature=2 2 4 5 2 7
split_gain=0.210618 0.256599 0.242687 0.215164 0.17033 0.0753421
threshold=0.00039574722625235003 0.00052878479590785007 0.0023926729051162205 0.0067509701287602588 -0.009832994248619548 0.012071889550523405
decision_type=2 2 2 2 2 2
left_child=2 -2 4 -3 -1 -4
right_child=1 3 5 -5 -6 -7
leaf_value=1.864203120829849e-05 -4.1720151901098274e-06 2.2801509685016419e-06 1.6652355505394029e-05 -1.2908392836721627e-06 -4.4463039675957885e-07 -1.4390068267043173e-05
leaf_weight=165 45 829 620 932 1041 43
leaf_count=165 45 829 620 932 1041 43
internal_value=2.06849e-05 -0.000112743 0.000149615 -7.97305e-05 3.23464e-06 0.000415882
internal_weight=3675 1806 1869 1761 1206 663
internal_count=3675 1806 1869 1761 1206 663
is_linear=0
shrinkage=0.0173253


Tree=318
num_leaves=7
num_cat=0
split_feature=2 4 5 2 2 7
split_gain=0.195497 0.242687 0.177912 0.268815 0.17033 0.0951626
threshold=0.00039574722625235003 0.0023926729051162205 0.0056810474548573521 0.0036544159772247506 -0.009832994248619548 0.0031362424982274905
decision_type=2 2 2 2 2 2
left_child=1 4 5 -4 -1 -2
right_child=2 -3 3 -5 -6 -7
leaf_value=1.8319051931168284e-05 -4.2835133486856353e-07 1.5678210303714464e-05 -7.9660089826086459e-06 4.8731104303723279e-08 -4.3692702996811054e-07 5.3040589200141326e-06
leaf_weight=165 45 663 491 689 1041 581
leaf_count=165 45 663 491 689 1041 581
internal_value=2.53992e-05 0.000149615 -0.00010315 -0.000228398 3.23464e-06 0.000132941
internal_weight=3675 1869 1806 1180 1206 626
internal_count=3675 1869 1806 1180 1206 626
is_linear=0
shrinkage=0.0173253


Tree=319
num_leaves=7
num_cat=0
split_feature=1 6 7 4 5 2
split_gain=0.157868 0.224789 0.341113 0.216878 0.0436396 0.061309
threshold=-0.0082000066009861976 0.006960153048948735 0.0065712414994404536 0.014357988118823306 0.016074336395193099 -0.0052932613334869495
decision_type=2 2 2 2 2 2
left_child=4 3 -3 -2 -1 -6
right_child=1 2 -4 -5 5 -7
leaf_value=2.7203275789264388e-05 2.1943644073947025e-08 -4.7482624430001714e-05 -2.4364940074811866e-06 2.8533604027534607e-05 1.3218749785252466e-05 -1.3342057673957997e-05
leaf_weight=244 2054 36 836 434 37 34
leaf_count=244 2054 36 836 434 37 34
internal_value=3.95424e-05 4.77385e-06 -0.000234594 8.86681e-05 0.000410406 3.23712e-05
internal_weight=3675 3360 872 2488 315 71
internal_count=3675 3360 872 2488 315 71
is_linear=0
shrinkage=0.0173253


Tree=320
num_leaves=7
num_cat=0
split_feature=1 6 7 4 5 2
split_gain=0.157868 0.224789 0.341113 0.216878 0.0436396 0.061309
threshold=-0.0082000066009861976 0.006960153048948735 0.0065712414994404536 0.014357988118823306 0.016074336395193099 -0.0052932613334869495
decision_type=2 2 2 2 2 2
left_child=4 3 -3 -2 -1 -6
right_child=1 2 -4 -5 5 -7
leaf_value=2.6731970154603776e-05 2.1563463275978566e-08 -4.6659972459125285e-05 -2.3942809533093681e-06 2.8039250021806417e-05 1.2989730629426489e-05 -1.311090216870134e-05
leaf_weight=244 2054 36 836 434 37 34
leaf_count=244 2054 36 836 434 37 34
internal_value=3.95424e-05 4.77385e-06 -0.000234594 8.86681e-05 0.000410406 3.23712e-05
internal_weight=3675 3360 872 2488 315 71
internal_count=3675 3360 872 2488 315 71
is_linear=0
shrinkage=0.0173253


Tree=321
num_leaves=7
num_cat=0
split_feature=4 3 2 1 2 6
split_gain=0.149628 0.286466 0.289513 0.241397 0.22409 0.18388
threshold=0.0030455136241061853 -0.0013304105790279998 -0.0053778098687719987 0.0017609760317306002 0.0021705872079635503 0.0068246398545956126
decision_type=2 2 2 2 2 2
left_child=1 5 -3 -2 -5 -1
right_child=3 2 -4 4 -6 -7
leaf_value=4.8351461549556285e-06 1.2182981196800616e-05 3.8808702672224692e-06 -2.4483942149154475e-06 7.8961012117493988e-06 -2.0283928992117583e-06 -7.8646648771995642e-06
leaf_weight=654 799 223 833 429 457 280
leaf_count=654 799 223 833 429 457 280
internal_value=3.01136e-05 -7.16126e-05 -0.000267106 0.000150253 -4.66732e-05 0.000149417
internal_weight=3675 1990 1056 1685 886 934
internal_count=3675 1990 1056 1685 886 934
is_linear=0
shrinkage=0.0173253


Tree=322
num_leaves=7
num_cat=0
split_feature=1 4 0 2 5 2
split_gain=0.165998 0.249954 0.202196 0.157785 0.0436396 0.061309
threshold=-0.0082000066009861976 -0.0075836187860009252 -0.0031584395526739997 0.0015921333548367001 0.016074336395193099 -0.0052932613334869495
decision_type=2 2 2 2 2 2
left_child=4 2 -2 -3 -1 -6
right_child=1 3 -4 -5 5 -7
leaf_value=2.6234390911052043e-05 5.7309976239957196e-07 4.0797862525389781e-06 -2.3550723209369752e-06 -3.402916371462235e-07 1.2884383250906155e-05 -1.2840509850272369e-05
leaf_weight=244 391 1341 476 1152 37 34
leaf_count=244 391 1341 476 1152 37 34
internal_value=3.01136e-05 -5.53884e-06 -0.000258931 8.25844e-05 0.000410406 3.23712e-05
internal_weight=3675 3360 867 2493 315 71
internal_count=3675 3360 867 2493 315 71
is_linear=0
shrinkage=0.0173253


Tree=323
num_leaves=5
num_cat=0
split_feature=2 6 4 3
split_gain=0.142682 0.261177 0.176749 0.0249673
threshold=-0.009832994248619548 0.01932879728132712 0.010200169713301782 0.010597288040705902
decision_type=2 2 2 2
left_child=3 2 -2 -1
right_child=1 -3 -4 -5
leaf_value=1.8406066515321401e-05 -1.6765636177441717e-07 -4.3629051527911541e-05 3.4787482948879322e-06 3.8000902866331776e-05
leaf_weight=191 2355 34 1061 34
leaf_count=191 2355 34 1061 34
internal_value=2.06849e-05 -6.88398e-06 8.15506e-06 0.000443407
internal_weight=3675 3450 3416 225
internal_count=3675 3450 3416 225
is_linear=0
shrinkage=0.0173253


Tree=324
num_leaves=7
num_cat=0
split_feature=1 4 2 2 5 2
split_gain=0.170139 0.202818 0.181034 0.140055 0.0436396 0.061309
threshold=-0.0082000066009861976 -0.0075836187860009252 -0.009832994248619548 0.00039574722625235003 0.016074336395193099 -0.0052932613334869495
decision_type=2 2 2 2 2 2
left_child=4 2 -2 -3 -1 -6
right_child=1 3 -4 -5 5 -7
leaf_value=2.5557229334859279e-05 1.3471089915107627e-05 5.5635000659350938e-06 -1.9088022360052739e-06 -1.1071245539955023e-07 1.263788434245339e-05 -1.2608539768167046e-05
leaf_weight=244 85 1084 782 1409 37 34
leaf_count=244 85 1084 782 1409 37 34
internal_value=2.53992e-05 -1.06952e-05 -0.000238948 6.86853e-05 0.000410406 3.23712e-05
internal_weight=3675 3360 867 2493 315 71
internal_count=3675 3360 867 2493 315 71
is_linear=0
shrinkage=0.0173253


Tree=325
num_leaves=7
num_cat=0
split_feature=1 6 0 4 5 2
split_gain=0.170139 0.163318 0.364268 0.230033 0.0436396 0.061309
threshold=-0.0082000066009861976 0.006960153048948735 0.0041458057714138007 0.016618178315777856 0.016074336395193099 -0.0052932613334869495
decision_type=2 2 2 2 2 2
left_child=4 3 -3 -2 -1 -6
right_child=1 2 -4 -5 5 -7
leaf_value=2.5114441992439804e-05 -1.1479294476289595e-08 -1.1345690344208928e-05 6.9114899654461811e-06 3.000140015902405e-05 1.2418928870070987e-05 -1.2390092700114849e-05
leaf_weight=244 2136 525 347 352 37 34
leaf_count=244 2136 525 347 352 37 34
internal_value=2.53992e-05 -1.06952e-05 -0.000214726 6.08139e-05 0.000410406 3.23712e-05
internal_weight=3675 3360 872 2488 315 71
internal_count=3675 3360 872 2488 315 71
is_linear=0
shrinkage=0.0173253


Tree=326
num_leaves=6
num_cat=0
split_feature=2 4 3 1 3
split_gain=0.145882 0.196244 0.373938 0.225101 0.0249673
threshold=-0.009832994248619548 0.0030455136241061853 -0.0013304105790279998 0.0017609760317306002 0.010597288040705902
decision_type=2 2 2 2 2
left_child=4 2 -2 -3 -1
right_child=1 3 -4 -5 -6
leaf_value=1.8147227994397827e-05 1.0855499463464849e-06 1.2116552319648815e-05 -1.9848108436902519e-06 -4.4084223578597932e-07 3.7126391541978476e-05
leaf_weight=191 846 772 977 855 34
leaf_count=191 846 772 977 855 34
internal_value=1.59705e-05 -1.19058e-05 -0.00013535 0.000126409 0.000443407
internal_weight=3675 3450 1823 1627 225
internal_count=3675 3450 1823 1627 225
is_linear=0
shrinkage=0.0173253


Tree=327
num_leaves=6
num_cat=0
split_feature=2 6 0 4 3
split_gain=0.149118 0.204438 0.260628 0.183273 0.0249673
threshold=-0.009832994248619548 0.0087614225638239698 0.012298879269830351 0.0030455136241061853 0.010597288040705902
decision_type=2 2 2 2 2
left_child=4 3 -3 -2 -1
right_child=1 2 -4 -5 -6
leaf_value=1.7832821344497028e-05 -2.3863315230562506e-07 -1.1841874799493509e-05 3.3719115637756173e-05 6.4648827791231849e-06 3.6483164687098915e-05
leaf_weight=191 1625 393 85 1347 34
leaf_count=191 1625 393 85 1347 34
internal_value=1.12561e-05 -1.69276e-05 -0.000349482 3.65586e-05 0.000443407
internal_weight=3675 3450 478 2972 225
internal_count=3675 3450 478 2972 225
is_linear=0
shrinkage=0.0173253


Tree=328
num_leaves=5
num_cat=0
split_feature=1 6 4 3
split_gain=0.149538 0.189486 0.162777 0.0261364
threshold=-0.0095213935295954972 0.018293519976944412 0.010200169713301782 0.010597288040705902
decision_type=2 2 2 2
left_child=3 2 -2 -1
right_child=1 -3 -4 -5
leaf_value=2.1123547140848566e-05 -2.7859835808254394e-07 -4.2213425193316547e-05 3.2382464225385544e-06 3.0888654689989138e-05
leaf_weight=207 2335 41 1059 33
leaf_count=207 2335 41 1059 33
internal_value=3.01136e-05 9.0096e-07 1.5044e-05 0.00044822
internal_weight=3675 3435 3394 240
internal_count=3675 3435 3394 240
is_linear=0
shrinkage=0.0173253


Tree=329
num_leaves=5
num_cat=0
split_feature=2 6 6 3
split_gain=0.142682 0.261177 0.151481 0.0249673
threshold=-0.009832994248619548 0.01932879728132712 0.006960153048948735 0.010597288040705902
decision_type=2 2 2 2
left_child=3 2 -2 -1
right_child=1 -3 -4 -5
leaf_value=1.7528688699970041e-05 4.3726983210523344e-07 -4.1728690056470865e-05 -5.3720304435184358e-06 3.5801879838089766e-05
leaf_weight=191 2535 34 881 34
leaf_count=191 2535 34 881 34
internal_value=2.06849e-05 -6.88398e-06 8.15506e-06 0.000443407
internal_weight=3675 3450 3416 225
internal_count=3675 3450 3416 225
is_linear=0
shrinkage=0.0173253


Tree=330
num_leaves=7
num_cat=0
split_feature=0 5 2 1 1 3
split_gain=0.150706 0.17147 0.202479 0.12202 0.0792654 0.0879892
threshold=0.0068576959529008507 0.0046041997355731968 -0.009832994248619548 0.0027031775613827504 0.017222603313408701 0.004547829071406051
decision_type=2 2 2 2 2 2
left_child=1 3 -3 -1 5 -2
right_child=4 2 -4 -5 -6 -7
leaf_value=1.1488793686509607e-05 2.312339480367657e-05 1.6222239176257607e-05 -6.7769319298753598e-07 -7.278293718043397e-07 -1.1013906954018155e-07 -8.5809572497892605e-08
leaf_weight=565 326 154 2296 170 34 130
leaf_count=565 326 154 2296 170 34 130
internal_value=2.53992e-05 -1.81181e-05 -8.77457e-05 0.000213974 0.000308262 0.000368432
internal_weight=3675 3185 2450 735 490 456
internal_count=3675 3185 2450 735 490 456
is_linear=0
shrinkage=0.0173253


Tree=331
num_leaves=7
num_cat=0
split_feature=6 2 4 7 0 3
split_gain=0.149677 0.169241 0.210624 0.154471 0.262698 0.0249475
threshold=0.0035557066116390394 -0.009832994248619548 0.010200169713301782 0.0031362424982274905 -0.0005633634624661499 0.010597288040705902
decision_type=2 2 2 2 2 2
left_child=3 5 -3 4 -1 -2
right_child=1 2 -4 -5 -6 -7
leaf_value=-3.2725128735655554e-06 1.6936526352389596e-05 -8.599937738617513e-07 2.7856969812432651e-06 1.1067296281032625e-05 1.6455277173463388e-05 3.5183505081969682e-05
leaf_weight=33 190 1951 959 435 73 34
leaf_count=33 190 1951 959 435 73 34
internal_value=3.01136e-05 -1.58252e-05 -5.11486e-05 0.000296236 -0.000296824 0.000443063
internal_weight=3675 3134 2910 541 106 224
internal_count=3675 3134 2910 541 106 224
is_linear=0
shrinkage=0.0173253


Tree=332
num_leaves=6
num_cat=0
split_feature=2 6 0 4 3
split_gain=0.145882 0.212351 0.222148 0.217616 0.0249673
threshold=-0.009832994248619548 0.007356065808545943 0.0022545057408387506 0.016618178315777856 0.010597288040705902
decision_type=2 2 2 2 2
left_child=4 3 -3 -2 -1
right_child=1 2 -4 -5 -6
leaf_value=1.6650512006486052e-05 -1.727196009071985e-08 -1.2023786342796644e-05 5.7404039796215026e-07 3.0520991291226736e-05 3.4573939369343754e-05
leaf_weight=191 2278 430 342 400 34
leaf_count=191 2278 430 342 400 34
internal_value=1.59705e-05 -1.19058e-05 -0.000265066 6.10739e-05 0.000443407
internal_weight=3675 3450 772 2678 225
internal_count=3675 3450 772 2678 225
is_linear=0
shrinkage=0.0173253


Tree=333
num_leaves=6
num_cat=0
split_feature=1 6 0 4 3
split_gain=0.156359 0.198537 0.283756 0.216046 0.0261364
threshold=-0.0095213935295954972 0.007356065808545943 0.0022545057408387506 0.016618178315777856 0.010597288040705902
decision_type=2 2 2 2 2
left_child=4 3 -3 -2 -1
right_child=1 2 -4 -5 -6
leaf_value=1.9871494959652454e-05 -1.5016279636492403e-08 -1.338139368928209e-05 1.2191106314510296e-06 2.9765414340437012e-05 3.0673058874542356e-05
leaf_weight=207 2279 394 364 398 33
leaf_count=207 2279 394 364 398 33
internal_value=2.06849e-05 -9.18657e-06 -0.000256717 6.09023e-05 0.00044822
internal_weight=3675 3435 758 2677 240
internal_count=3675 3435 758 2677 240
is_linear=0
shrinkage=0.0173253


Tree=334
num_leaves=6
num_cat=0
split_feature=2 6 0 4 3
split_gain=0.149118 0.204438 0.260628 0.180763 0.0249673
threshold=-0.009832994248619548 0.0087614225638239698 0.012298879269830351 0.028558709412865927 0.010597288040705902
decision_type=2 2 2 2 2
left_child=4 3 -3 -2 -1
right_child=1 2 -4 -5 -6
leaf_value=1.6593873464304369e-05 8.5550373886492488e-09 -1.11552530986156e-05 3.2902299527932416e-05 6.0010521095527456e-05 3.395381309198856e-05
leaf_weight=191 2757 393 85 215 34
leaf_count=191 2757 393 85 215 34
internal_value=1.12561e-05 -1.69276e-05 -0.000349482 3.65586e-05 0.000443407
internal_weight=3675 3450 478 2972 225
internal_count=3675 3450 478 2972 225
is_linear=0
shrinkage=0.0173253


Tree=335
num_leaves=6
num_cat=0
split_feature=2 4 3 1 3
split_gain=0.142682 0.182252 0.347759 0.180455 0.0249673
threshold=-0.009832994248619548 0.0030455136241061853 -0.0013304105790279998 0.0017609760317306002 0.010597288040705902
decision_type=2 2 2 2 2
left_child=4 2 -2 -3 -1
right_child=1 3 -4 -5 -6
leaf_value=1.6306379188792957e-05 1.253719239557083e-06 1.1487370289959392e-05 -1.548376347372032e-06 -4.8408420881356958e-07 3.336555219457183e-05
leaf_weight=191 846 772 977 855 34
leaf_count=191 846 772 977 855 34
internal_value=2.06849e-05 -6.88398e-06 -0.000125846 0.000126409 0.000443407
internal_weight=3675 3450 1823 1627 225
internal_count=3675 3450 1823 1627 225
is_linear=0
shrinkage=0.0173253


Tree=336
num_leaves=6
num_cat=0
split_feature=2 4 3 1 3
split_gain=0.142682 0.182252 0.347759 0.180455 0.0249673
threshold=-0.009832994248619548 0.0030455136241061853 -0.0013304105790279998 0.0017609760317306002 0.010597288040705902
decision_type=2 2 2 2 2
left_child=4 2 -2 -3 -1
right_child=1 3 -4 -5 -6
leaf_value=1.6023865845468947e-05 1.2319981444043234e-06 1.1288347849168372e-05 -1.5215502216236133e-06 -4.7569729184696685e-07 3.2787483109264456e-05
leaf_weight=191 846 772 977 855 34
leaf_count=191 846 772 977 855 34
internal_value=2.06849e-05 -6.88398e-06 -0.000125846 0.000126409 0.000443407
internal_weight=3675 3450 1823 1627 225
internal_count=3675 3450 1823 1627 225
is_linear=0
shrinkage=0.0173253


Tree=337
num_leaves=7
num_cat=0
split_feature=2 4 6 1 1 1
split_gain=0.150798 0.231731 0.381236 0.147156 0.0555465 0.285041
threshold=-0.0050201711905507491 0.010200169713301782 0.0075154891945466594 0.0017609760317306002 -0.0025282713840577499 -0.0016040412246097499
decision_type=2 2 2 2 2 2
left_child=4 2 -2 -3 -1 -6
right_child=1 3 -4 -5 5 -7
leaf_value=1.9794050251113672e-05 -4.4693347152015048e-08 2.0864495843880297e-05 -1.2864295829609294e-05 3.4921421679184261e-08 -7.1881182040153154e-06 2.4098615890958048e-06
leaf_weight=253 1753 399 273 605 38 354
leaf_count=253 1753 399 273 605 38 354
internal_value=1.12561e-05 -3.99485e-05 -0.000146608 0.000175283 0.000251799 0.000122633
internal_weight=3675 3030 2026 1004 645 392
internal_count=3675 3030 2026 1004 645 392
is_linear=0
shrinkage=0.0173253


Tree=338
num_leaves=5
num_cat=0
split_feature=1 6 4 3
split_gain=0.163331 0.183012 0.172999 0.0261364
threshold=-0.0095213935295954972 0.018293519976944412 0.0030455136241061853 0.010597288040705902
decision_type=2 2 2 2
left_child=3 2 -2 -1
right_child=1 -3 -4 -5
leaf_value=1.8593861047188946e-05 -4.182561490187695e-07 -4.0273795739958984e-05 2.0204259325306558e-06 3.0610972122524229e-05
leaf_weight=207 1776 41 1618 33
leaf_count=207 1776 41 1618 33
internal_value=1.12561e-05 -1.92741e-05 -5.37477e-06 0.00044822
internal_weight=3675 3435 3394 240
internal_count=3675 3435 3394 240
is_linear=0
shrinkage=0.0173253


Tree=339
num_leaves=6
num_cat=0
split_feature=2 4 3 1 3
split_gain=0.155696 0.178958 0.296243 0.17831 0.0249673
threshold=-0.009832994248619548 0.0030455136241061853 -0.0014893876550602998 0.0017609760317306002 0.010597288040705902
decision_type=2 2 2 2 2
left_child=4 2 -2 -3 -1
right_child=1 3 -4 -5 -6
leaf_value=1.5711741923566311e-05 1.4794374181543232e-06 1.1055824909289234e-05 -1.3660397841645972e-06 -5.0306524491816976e-07 3.2150552605275581e-05
leaf_weight=191 822 772 1001 855 34
leaf_count=191 822 772 1001 855 34
internal_value=1.82737e-06 -2.69713e-05 -0.000144854 0.000105112 0.000443407
internal_weight=3675 3450 1823 1627 225
internal_count=3675 3450 1823 1627 225
is_linear=0
shrinkage=0.0173253


Tree=340
num_leaves=6
num_cat=0
split_feature=2 6 7 7 3
split_gain=0.145882 0.178761 0.43945 0.138664 0.0249673
threshold=-0.009832994248619548 0.0052957402321999417 0.0058281043065857704 0.0046160651956380977 0.010597288040705902
decision_type=2 2 2 2 2
left_child=4 3 -3 -2 -1
right_child=1 2 -4 -5 -6
leaf_value=1.5439530865005776e-05 -8.8629665433288041e-10 -8.3418063314551088e-06 -1.8803256486735322e-07 3.5967670769881152e-06 3.1593533784538611e-05
leaf_weight=191 999 247 1497 707 34
leaf_count=191 999 247 1497 707 34
internal_value=1.59705e-05 -1.19058e-05 -0.000135252 0.000114188 0.000443407
internal_weight=3675 3450 1744 1706 225
internal_count=3675 3450 1744 1706 225
is_linear=0
shrinkage=0.0173253


Tree=341
num_leaves=7
num_cat=0
split_feature=1 6 7 4 2 2
split_gain=0.157479 0.231357 0.933209 0.107088 0.0890536 0.329066
threshold=-0.0031584395526739997 0.0047668717076714525 0.0047343615605960655 -0.012649129832898405 -0.0036844052859148495 -0.0029203771468681995
decision_type=2 2 2 2 2 2
left_child=4 3 -3 -2 -1 -6
right_child=1 2 -4 -5 5 -7
leaf_value=1.8772470131324891e-05 -5.6773515141871438e-08 -1.4888714693515158e-05 -9.4274808831420152e-07 3.034561497265755e-06 -3.3872738336256138e-05 3.2784382821368509e-06
leaf_weight=291 91 43 1553 1043 48 606
leaf_count=291 91 43 1553 1043 48 606
internal_value=1.59705e-05 -5.0756e-05 -0.000185197 0.000138457 0.000208736 9.65474e-05
internal_weight=3675 2730 1596 1134 945 654
internal_count=3675 2730 1596 1134 945 654
is_linear=0
shrinkage=0.0173253


Tree=342
num_leaves=5
num_cat=0
split_feature=2 6 4 3
split_gain=0.159038 0.252569 0.1901 0.0249673
threshold=-0.009832994248619548 0.01932879728132712 0.016618178315777856 0.010597288040705902
decision_type=2 2 2 2
left_child=3 2 -2 -1
right_child=1 -3 -4 -5
leaf_value=1.518836937033747e-05 -1.6512872882521541e-07 -3.9660051953438333e-05 1.3698499145611728e-05 3.1062498915160618e-05
leaf_weight=191 2694 34 722 34
leaf_count=191 2694 34 722 34
internal_value=-2.88701e-06 -3.19931e-05 -1.7204e-05 0.000443407
internal_weight=3675 3450 3416 225
internal_count=3675 3450 3416 225
is_linear=0
shrinkage=0.0173253


Tree=343
num_leaves=7
num_cat=0
split_feature=2 6 0 3 1 1
split_gain=0.175369 0.187633 0.288309 0.20883 0.0555465 0.285041
threshold=-0.0050201711905507491 0.0084219068401703793 0.0022073227485360507 -0.0024028007439300496 -0.0025282713840577499 -0.0016040412246097499
decision_type=2 2 2 2 2 2
left_child=4 3 -3 -2 -1 -6
right_child=1 2 -4 -5 5 -7
leaf_value=1.8687376046982235e-05 6.4406369637166993e-06 -3.1191393955122986e-05 2.2452237189739337e-07 -1.5189846574769379e-07 -7.0175200156216549e-06 1.6887601676620823e-06
leaf_weight=253 703 254 205 1868 38 354
leaf_count=253 703 254 205 1868 38 354
internal_value=-7.60138e-06 -6.28202e-05 -0.000385491 -5.21394e-06 0.000251799 0.000122633
internal_weight=3675 3030 459 2571 645 392
internal_count=3675 3030 459 2571 645 392
is_linear=0
shrinkage=0.0173253


Tree=344
num_leaves=5
num_cat=0
split_feature=1 6 2 3
split_gain=0.174075 0.17823 0.159495 0.0261364
threshold=-0.0095213935295954972 0.018293519976944412 -0.009832994248619548 0.010597288040705902
decision_type=2 2 2 2
left_child=3 2 -2 -1
right_child=1 -3 -4 -5
leaf_value=1.7057124574796289e-05 1.4883298562081285e-05 -4.0270779585655476e-05 -9.2523595565027954e-08 3.0597869370479691e-05
leaf_weight=207 156 41 3238 33
leaf_count=207 156 41 3238 33
internal_value=-2.88701e-06 -3.44054e-05 -2.06888e-05 0.00044822
internal_weight=3675 3435 3394 240
internal_count=3675 3435 3394 240
is_linear=0
shrinkage=0.0173253


Tree=345
num_leaves=5
num_cat=0
split_feature=2 6 1 3
split_gain=0.162415 0.250865 0.164299 0.0249673
threshold=-0.009832994248619548 0.01932879728132712 -0.0087098285158336997 0.010597288040705902
decision_type=2 2 2 2
left_child=3 2 -2 -1
right_child=1 -3 -4 -5
leaf_value=1.4638109584024934e-05 1.4070411688929352e-05 -3.7734823116398047e-05 -9.8033635812171879e-08 3.0246911468905615e-05
leaf_weight=191 216 34 3200 34
leaf_count=191 216 34 3200 34
internal_value=-7.60138e-06 -3.7015e-05 -2.22758e-05 0.000443407
internal_weight=3675 3450 3416 225
internal_count=3675 3450 3416 225
is_linear=0
shrinkage=0.0173253


Tree=346
num_leaves=6
num_cat=0
split_feature=2 5 4 1 3
split_gain=0.162415 0.16162 0.168962 0.157032 0.0249673
threshold=-0.009832994248619548 0.0041445741621724099 0.010200169713301782 0.0027031775613827504 0.010597288040705902
decision_type=2 2 2 2 2
left_child=4 3 -3 -2 -1
right_child=1 2 -4 -5 -6
leaf_value=1.4384499556277729e-05 1.5174857742091549e-05 -8.2923688844326073e-07 1.8053673382296685e-06 -7.3788186253064329e-07 2.972287385237705e-05
leaf_weight=191 421 1952 950 127 34
leaf_count=191 421 1952 950 127 34
internal_value=-7.60138e-06 -3.7015e-05 -8.8545e-05 0.000235869 0.000443407
internal_weight=3675 3450 2902 548 225
internal_count=3675 3450 2902 548 225
is_linear=0
shrinkage=0.0173253


Tree=347
num_leaves=6
num_cat=0
split_feature=2 5 4 1 3
split_gain=0.165829 0.167623 0.174034 0.157032 0.0249673
threshold=-0.009832994248619548 0.0041445741621724099 0.014357988118823306 0.0027031775613827504 0.010597288040705902
decision_type=2 2 2 2 2
left_child=4 3 -3 -2 -1
right_child=1 2 -4 -5 -6
leaf_value=1.4135283405062513e-05 1.4911948377262645e-05 -7.5231392089652166e-07 9.4731815702418441e-06 -7.2509781835086749e-07 2.9207915358648139e-05
leaf_weight=191 421 2145 757 127 34
leaf_count=191 421 2145 757 127 34
internal_value=-1.23158e-05 -4.20368e-05 -9.45151e-05 0.000235869 0.000443407
internal_weight=3675 3450 2902 548 225
internal_count=3675 3450 2902 548 225
is_linear=0
shrinkage=0.0173253


Tree=348
num_leaves=7
num_cat=0
split_feature=2 6 7 4 1 1
split_gain=0.162852 0.24919 0.25247 0.178564 0.0555465 0.285041
threshold=-0.0050201711905507491 0.0084219068401703793 0.0099957689179024471 0.028558709412865927 -0.0025282713840577499 -0.0016040412246097499
decision_type=2 2 2 2 2 2
left_child=4 3 -3 -2 -1 -6
right_child=1 2 -4 -5 5 -7
leaf_value=1.7804215164638535e-05 -4.1985201599358783e-08 -2.1438569105719677e-05 -1.0196244989322261e-06 5.9503362792880057e-05 -6.8652368398153652e-06 1.6371713419109351e-06
leaf_weight=253 2377 179 280 194 38 354
leaf_count=253 2377 179 280 194 38 354
internal_value=1.82737e-06 -5.13844e-05 -0.000423237 1.50023e-05 0.000251799 0.000122633
internal_weight=3675 3030 459 2571 645 392
internal_count=3675 3030 459 2571 645 392
is_linear=0
shrinkage=0.0173253


Tree=349
num_leaves=7
num_cat=0
split_feature=1 2 6 1 5 2
split_gain=0.182868 0.143887 0.176142 0.148124 0.0436396 0.061309
threshold=-0.0082000066009861976 4.1366719937712896e-05 0.0070763737474529081 0.0039807172367611514 0.016074336395193099 -0.0052932613334869495
decision_type=2 2 2 2 2 2
left_child=4 3 -3 -2 -1 -6
right_child=1 2 -4 -5 5 -7
leaf_value=1.8665521197485064e-05 5.9688520322408856e-08 -7.1570299157575681e-08 -7.9283577677578404e-06 1.8254224968343235e-05 9.6285674471242637e-06 -1.2655469333193176e-05
leaf_weight=244 1215 1303 505 337 37 34
leaf_count=244 1215 1303 505 337 37 34
internal_value=1.12561e-05 -2.61642e-05 -0.000131208 9.6206e-05 0.000410406 3.23712e-05
internal_weight=3675 3360 1808 1552 315 71
internal_count=3675 3360 1808 1552 315 71
is_linear=0
shrinkage=0.0173253


Tree=350
num_leaves=5
num_cat=0
split_feature=2 6 4 3
split_gain=0.152389 0.255995 0.15422 0.0249673
threshold=-0.009832994248619548 0.01932879728132712 0.028558709412865927 0.010597288040705902
decision_type=2 2 2 2
left_child=3 2 -2 -1
right_child=1 -3 -4 -5
leaf_value=1.376866121853156e-05 -1.2050273363965931e-07 -3.7118762299955153e-05 2.9109691911618144e-05 2.8361307526443538e-05
leaf_weight=191 3052 34 364 34
leaf_count=191 3052 34 364 34
internal_value=6.54174e-06 -2.19495e-05 -7.06039e-06 0.000443407
internal_weight=3675 3450 3416 225
internal_count=3675 3450 3416 225
is_linear=0
shrinkage=0.0173253


Tree=351
num_leaves=7
num_cat=0
split_feature=1 3 3 6 7 4
split_gain=0.170225 0.2622 0.5101 0.177149 0.127782 0.240783
threshold=-0.0021756283971694494 0.004547829071406051 0.0053422642294543507 0.0068246398545956126 0.0057107190649512115 -0.021426826199638409
decision_type=2 2 2 2 2 2
left_child=4 3 -3 -2 5 -1
right_child=1 2 -4 -5 -6 -7
leaf_value=-1.1713458385496957e-06 8.1954692427507047e-07 -1.9667638017176607e-05 -7.5784902872019235e-07 -6.4922467757244167e-06 1.1246192669176825e-05 4.3879013399565386e-07
leaf_weight=69 1524 89 443 474 647 429
leaf_count=69 1524 89 443 474 647 429
internal_value=-2.88701e-06 -8.22115e-05 -0.000424017 8.79983e-06 0.000172389 -3.62284e-05
internal_weight=3675 2530 532 1998 1145 498
internal_count=3675 2530 532 1998 1145 498
is_linear=0
shrinkage=0.0173253


Tree=352
num_leaves=6
num_cat=0
split_feature=2 5 4 1 3
split_gain=0.162415 0.16162 0.164955 0.157032 0.0249673
threshold=-0.009832994248619548 0.0041445741621724099 0.014357988118823306 0.0027031775613827504 0.010597288040705902
decision_type=2 2 2 2 2
left_child=4 3 -3 -2 -1
right_child=1 2 -4 -5 -6
leaf_value=1.3642594962629611e-05 1.4796683581893503e-05 -7.3393460732030608e-07 9.2989118239247976e-06 -7.0123355977900554e-07 2.7883068595703018e-05
leaf_weight=191 421 2145 757 127 34
leaf_count=191 421 2145 757 127 34
internal_value=-7.60138e-06 -3.7015e-05 -8.8545e-05 0.000235869 0.000443407
internal_weight=3675 3450 2902 548 225
internal_count=3675 3450 2902 548 225
is_linear=0
shrinkage=0.0173253


Tree=353
num_leaves=7
num_cat=0
split_feature=3 4 4 0 6 0
split_gain=0.163404 0.299388 0.509944 0.157585 0.223178 0.037255
threshold=-0.0013304105790279998 0.030159652476323937 0.027486791906291393 0.0041458057714138007 0.007356065808545943 0.0015883415045030503
decision_type=2 2 2 2 2 2
left_child=3 2 -2 4 -1 -3
right_child=1 5 -4 -5 -6 -7
leaf_value=3.878749092563656e-06 -3.3457085363510539e-07 1.8286518399128133e-05 -2.6218146208940201e-06 1.2448778769954279e-05 -9.7796551595213177e-06 3.8631925505867023e-05
leaf_weight=851 1955 79 39 323 208 220
leaf_count=851 1955 79 39 323 208 220
internal_value=-1.70301e-05 -0.000106718 -0.000183379 0.00013178 2.96061e-05 0.00040452
internal_weight=3675 2293 1994 1382 1059 299
internal_count=3675 2293 1994 1382 1059 299
is_linear=0
shrinkage=0.0173253


Tree=354
num_leaves=7
num_cat=0
split_feature=2 1 1 4 4 3
split_gain=0.188803 0.209886 0.277787 0.164527 0.144431 0.156956
threshold=4.1366719937712896e-05 0.0035706516732948003 0.0043436748157602506 0.0093260718632205714 0.0027041889798569579 -0.0013304105790279998
decision_type=2 2 2 2 2 2
left_child=4 3 -3 -2 5 -1
right_child=1 2 -4 -5 -6 -7
leaf_value=2.9334888429305753e-06 -3.0214055802853298e-07 -6.5003997643974736e-06 -1.4357941616097479e-06 1.7026392040471724e-05 1.5828162378418425e-05 -3.6525959893284803e-07
leaf_weight=543 895 97 514 405 597 624
leaf_count=543 895 97 514 405 597 624
internal_value=-3.11733e-05 -0.000150483 -0.000415329 -2.60056e-05 9.80792e-05 -1.40488e-05
internal_weight=3675 1911 611 1300 1764 1167
internal_count=3675 1911 611 1300 1764 1167
is_linear=0
shrinkage=0.0173253


Tree=355
num_leaves=7
num_cat=0
split_feature=1 6 0 4 2 2
split_gain=0.151545 0.291454 0.423419 0.224227 0.116839 0.304298
threshold=-0.0031584395526739997 0.006960153048948735 0.0022545057408387506 0.018113559038266811 -0.0036844052859148495 -0.0029203771468681995
decision_type=2 2 2 2 2 2
left_child=4 3 -3 -2 -1 -6
right_child=1 2 -4 -5 5 -7
leaf_value=1.7304693919369739e-05 -6.9420620886489801e-08 -1.2283255342292318e-05 3.1997989378826707e-06 2.8477821596576185e-05 -3.2082072223435256e-05 3.2949099204628387e-06
leaf_weight=291 1724 351 357 298 48 606
leaf_count=291 1724 351 357 298 48 606
internal_value=-1.70301e-05 -8.24874e-05 -0.000385011 2.34407e-05 0.000172069 4.35647e-05
internal_weight=3675 2730 708 2022 945 654
internal_count=3675 2730 708 2022 945 654
is_linear=0
shrinkage=0.0173253


Tree=356
num_leaves=7
num_cat=0
split_feature=2 6 7 7 1 3
split_gain=0.176389 0.185202 0.388955 0.244604 0.133103 0.123791
threshold=4.1366719937712896e-05 0.0053175518186881548 0.0060133508463057683 0.004442125900379716 0.0039807172367611514 -0.0013304105790279998
decision_type=2 2 2 2 2 2
left_child=4 3 -3 -2 5 -1
right_child=1 2 -4 -5 -6 -7
leaf_value=3.3712799677295733e-06 -2.0677812781141554e-07 -7.8429248611851599e-06 -6.0043718210656648e-07 9.3591829395738997e-06 1.7704201913376029e-05 -1.4793073194454254e-07
leaf_weight=552 467 164 861 419 337 875
leaf_count=552 467 164 861 419 337 875
internal_value=-1.70301e-05 -0.000132351 -0.000290924 5.10995e-05 0.000107901 3.47652e-05
internal_weight=3675 1911 1025 886 1764 1427
internal_count=3675 1911 1025 886 1764 1427
is_linear=0
shrinkage=0.0173253


Tree=357
num_leaves=7
num_cat=0
split_feature=2 1 4 4 1 3
split_gain=0.189953 0.180426 0.230217 0.164527 0.133103 0.123791
threshold=4.1366719937712896e-05 0.0035706516732948003 0.030159652476323937 0.0093260718632205714 0.0039807172367611514 -0.0013304105790279998
decision_type=2 2 2 2 2 2
left_child=4 3 -3 -2 5 -1
right_child=1 2 -4 -5 -6 -7
leaf_value=3.312871441597695e-06 -2.1811003048289191e-07 -6.1422539035636087e-06 2.1064130589325188e-05 1.6337948160725094e-05 1.7397470834972738e-05 -1.4536778371562348e-07
leaf_weight=552 895 409 202 405 337 875
leaf_count=552 895 409 202 405 337 875
internal_value=-2.17445e-05 -0.000141417 -0.000386974 -2.60056e-05 0.000107901 3.47652e-05
internal_weight=3675 1911 611 1300 1764 1427
internal_count=3675 1911 611 1300 1764 1427
is_linear=0
shrinkage=0.0173253


Tree=358
num_leaves=7
num_cat=0
split_feature=2 6 7 7 1 3
split_gain=0.163328 0.206984 0.388955 0.21414 0.133103 0.123791
threshold=4.1366719937712896e-05 0.0053175518186881548 0.0060133508463057683 0.004442125900379716 0.0039807172367611514 -0.0013304105790279998
decision_type=2 2 2 2 2 2
left_child=4 3 -3 -2 5 -1
right_child=1 2 -4 -5 -6 -7
leaf_value=3.2554748622509006e-06 -1.9915505620144728e-07 -7.6926011186997897e-06 -5.1647467805046145e-07 9.2008108669502722e-06 1.7096053972647566e-05 -1.4284923940154399e-07
leaf_weight=552 467 164 861 419 337 875
leaf_count=552 467 164 861 419 337 875
internal_value=-1.23158e-05 -0.000123285 -0.000290924 7.0654e-05 0.000107901 3.47652e-05
internal_weight=3675 1911 1025 886 1764 1427
internal_count=3675 1911 1025 886 1764 1427
is_linear=0
shrinkage=0.0173253


Tree=359
num_leaves=7
num_cat=0
split_feature=2 6 7 2 1 3
split_gain=0.176389 0.185202 0.388955 0.211769 0.133103 0.123791
threshold=4.1366719937712896e-05 0.0053175518186881548 0.0060133508463057683 0.0032649360611079503 0.0039807172367611514 -0.0013304105790279998
decision_type=2 2 2 2 2 2
left_child=4 3 -3 -2 5 -1
right_child=1 2 -4 -5 -6 -7
leaf_value=3.1990726973806985e-06 -1.6710814410609073e-07 -7.5593242927569876e-06 -5.0752658562915627e-07 1.0325366410068184e-05 1.6799859255871926e-05 -1.4037432968998667e-07
leaf_weight=552 527 164 861 359 337 875
leaf_count=552 527 164 861 359 337 875
internal_value=-1.70301e-05 -0.000132351 -0.000290924 5.10995e-05 0.000107901 3.47652e-05
internal_weight=3675 1911 1025 886 1764 1427
internal_count=3675 1911 1025 886 1764 1427
is_linear=0
shrinkage=0.0173253


Tree=360
num_leaves=7
num_cat=0
split_feature=1 6 7 7 5 4
split_gain=0.204555 0.238792 0.676894 0.150162 0.451919 0.107572
threshold=-0.0026728295375107996 0.0047668717076714525 0.0047343615605960655 0.0044586076118351969 0.0076161667907217482 -0.012649129832898405
decision_type=2 2 2 2 2 2
left_child=3 5 -3 4 -1 -2
right_child=1 2 -4 -5 -6 -7
leaf_value=6.2979077135017923e-06 -9.8868887644174906e-08 -1.5024400186150579e-05 -1.0977345519714739e-06 7.3743708583185378e-06 -2.5584129428778896e-06 2.8501305656092249e-06
leaf_weight=140 85 41 1506 860 33 1010
leaf_count=140 85 41 1506 860 33 1010
internal_value=-2.17445e-05 -0.000102569 -0.000241144 0.000184971 -0.000280763 9.32087e-05
internal_weight=3675 2642 1547 1033 173 1095
internal_count=3675 2642 1547 1033 173 1095
is_linear=0
shrinkage=0.0173253


Tree=361
num_leaves=7
num_cat=0
split_feature=2 1 6 1 6 4
split_gain=0.176389 0.200984 0.235286 0.133103 0.158323 0.0911941
threshold=4.1366719937712896e-05 -0.0022174642313759997 0.0070763737474529081 0.0039807172367611514 0.016400753950310102 -0.021426826199638409
decision_type=2 2 2 2 2 2
left_child=3 5 -3 4 -1 -2
right_child=1 2 -4 -5 -6 -7
leaf_value=4.2900786834836951e-07 -1.3045477725306991e-07 -1.6513228914512781e-07 -8.014154683527729e-06 1.652781481878203e-05 -2.8795204447054956e-05 6.8056566309937445e-06
leaf_weight=1380 49 992 426 337 47 444
leaf_count=1380 49 992 426 337 47 444
internal_value=-1.70301e-05 -0.000132351 -0.000237116 0.000107901 3.47652e-05 0.000168982
internal_weight=3675 1911 1418 1764 1427 493
internal_count=3675 1911 1418 1764 1427 493
is_linear=0
shrinkage=0.0173253


Tree=362
num_leaves=7
num_cat=0
split_feature=2 0 1 1 4 1
split_gain=0.162262 0.188767 0.217397 0.172627 0.144431 0.121639
threshold=4.1366719937712896e-05 0.0068576959529008507 -0.0021226501817658496 0.010931206903473651 0.0027041889798569579 0.0039807172367611514
decision_type=2 2 2 2 2 2
left_child=4 2 -2 -3 5 -1
right_child=1 3 -4 -5 -6 -7
leaf_value=-7.456910296884057e-08 1.3534863215313945e-06 1.7910752009762448e-05 -3.6956964386964843e-06 -1.3625007784935896e-07 1.550973963775371e-05 1.924960757747437e-05
leaf_weight=999 466 216 1159 70 597 168
leaf_count=999 466 216 1159 70 597 168
internal_value=-2.17445e-05 -0.000132351 -0.00020459 0.000278096 9.80792e-05 -1.40488e-05
internal_weight=3675 1911 1625 286 1764 1167
internal_count=3675 1911 1625 286 1764 1167
is_linear=0
shrinkage=0.0173253


Tree=363
num_leaves=7
num_cat=0
split_feature=2 1 6 4 4 1
split_gain=0.175282 0.167704 0.235286 0.144431 0.122793 0.121639
threshold=4.1366719937712896e-05 -0.0022174642313759997 0.0070763737474529081 0.0027041889798569579 -0.0064869856094893928 0.0039807172367611514
decision_type=2 2 2 2 2 2
left_child=3 4 -3 5 -2 -1
right_child=1 2 -4 -5 -6 -7
leaf_value=-7.3277168913800639e-08 -1.4750352283725764e-07 -9.8242170911301051e-08 -7.8112776896798514e-06 1.5241028334746708e-05 1.6467592933549207e-05 1.8916101841380282e-05
leaf_weight=999 189 992 426 597 304 168
leaf_count=999 189 992 426 597 304 168
internal_value=-2.64589e-05 -0.000141417 -0.000237116 9.80792e-05 0.000133839 -1.40488e-05
internal_weight=3675 1911 1418 1764 493 1167
internal_count=3675 1911 1418 1764 493 1167
is_linear=0
shrinkage=0.0173253


Tree=364
num_leaves=7
num_cat=0
split_feature=2 0 1 4 6 1
split_gain=0.162262 0.188767 0.217397 0.144431 0.139729 0.121639
threshold=4.1366719937712896e-05 0.0068576959529008507 -0.0021226501817658496 0.0027041889798569579 0.011760657311159545 0.0039807172367611514
decision_type=2 2 2 2 2 2
left_child=3 2 -2 5 -3 -1
right_child=1 4 -4 -5 -6 -7
leaf_value=-7.200761803807467e-08 1.0541110456849735e-06 2.3131313265804101e-05 -3.6010157460750768e-06 1.4976972542795984e-05 -6.1290070747778504e-08 1.8588374201050475e-05
leaf_weight=999 466 239 1159 597 47 168
leaf_count=999 466 239 1159 597 47 168
internal_value=-2.17445e-05 -0.000132351 -0.00020459 9.80792e-05 0.000278096 -1.40488e-05
internal_weight=3675 1911 1625 1764 286 1167
internal_count=3675 1911 1625 1764 286 1167
is_linear=0
shrinkage=0.0173253


Tree=365
num_leaves=7
num_cat=0
split_feature=2 4 3 6 4 1
split_gain=0.137731 0.15962 0.203149 0.174843 0.144431 0.121639
threshold=4.1366719937712896e-05 0.014357988118823306 0.0039111632593676008 0.0115815878744834 0.0027041889798569579 0.0039807172367611514
decision_type=2 2 2 2 2 2
left_child=4 2 -2 -3 5 -1
right_child=1 3 -4 -5 -6 -7
leaf_value=-7.076006254575469e-08 -2.5492537658867326e-07 1.3940793638381163e-05 -7.1062809071496448e-06 -3.5657062211984721e-06 1.4717491603652519e-05 1.8266324549089359e-05
leaf_weight=999 1030 563 247 71 597 168
leaf_count=999 1030 563 247 71 597 168
internal_value=-1.23158e-05 -0.000114219 -0.000225788 0.000110503 9.80792e-05 -1.40488e-05
internal_weight=3675 1911 1277 634 1764 1167
internal_count=3675 1911 1277 634 1764 1167
is_linear=0
shrinkage=0.0173253


Tree=366
num_leaves=7
num_cat=0
split_feature=5 1 4 1 4 5
split_gain=0.166523 0.166898 0.203507 0.100499 0.160038 0.0585217
threshold=0.0041445741621724099 -0.0058918970599300497 0.014357988118823306 0.0019410916865587502 -0.0015679539148435162 0.0025224077305205221
decision_type=2 2 2 2 2 2
left_child=3 -2 -3 5 -5 -1
right_child=1 2 -4 4 -6 -7
leaf_value=2.8775593837263112e-06 6.9504123662457604e-06 -8.2653211996433916e-07 4.9971994043042366e-06 -2.5942923912873296e-06 1.1428187087265023e-05 1.5272766313586916e-05
leaf_weight=58 494 1895 727 48 128 325
leaf_count=58 494 1895 727 48 128 325
internal_value=-2.88701e-06 -5.22835e-05 -0.000107321 0.000272461 -7.02276e-05 0.000429937
internal_weight=3675 3116 2622 559 176 383
internal_count=3675 3116 2622 559 176 383
is_linear=0
shrinkage=0.0173253


Tree=367
num_leaves=7
num_cat=0
split_feature=2 6 0 4 1 1
split_gain=0.169052 0.171886 0.328148 0.238375 0.0555465 0.285041
threshold=-0.0050201711905507491 0.0070482595608196601 0.0022545057408387506 0.018113559038266811 -0.0025282713840577499 -0.0016040412246097499
decision_type=2 2 2 2 2 2
left_child=4 3 -3 -2 -1 -6
right_child=1 2 -4 -5 5 -7
leaf_value=1.666130248914161e-05 -1.2710581320404215e-07 -1.0742306292342736e-05 4.3463458254011947e-07 2.642621059616468e-05 -6.3911249149111644e-06 1.6354948793488516e-06
leaf_weight=253 1966 413 341 310 38 354
leaf_count=253 1966 413 341 310 38 354
internal_value=-2.88701e-06 -5.71023e-05 -0.000283817 1.80045e-05 0.000251799 0.000122633
internal_weight=3675 3030 754 2276 645 392
internal_count=3675 3030 754 2276 645 392
is_linear=0
shrinkage=0.0173253


Tree=368
num_leaves=6
num_cat=0
split_feature=0 6 1 0 1
split_gain=0.127762 0.19865 0.143161 1.38778e-17 1.38778e-17
threshold=0.014872976537839751 0.018293519976944412 -0.0087098285158336997 0.021251645489157155 0.0047386425464274002
decision_type=2 2 2 2 2
left_child=1 2 -1 4 -2
right_child=3 -3 -4 -5 -6
leaf_value=1.5996099666349207e-05 6.9779407083536338e-05 -3.7272051637512481e-05 -1.0883921633619247e-07 2.1561333836234724e-05 6.2270869977510576e-05
leaf_weight=245 37 54 3250 42 47
leaf_count=245 37 54 3250 42 47
internal_value=-2.17445e-05 -4.09925e-05 -2.48807e-05 0.000520409 0.000520409
internal_weight=3675 3549 3495 126 84
internal_count=3675 3549 3495 126 84
is_linear=0
shrinkage=0.0173253


Tree=369
num_leaves=7
num_cat=0
split_feature=1 6 7 2 2 4
split_gain=0.135845 0.268888 0.970651 0.148842 0.26607 0.119381
threshold=-0.0026728295375107996 0.0047668717076714525 0.0047343615605960655 -0.0036844052859148495 -0.0031584395526739997 -0.012649129832898405
decision_type=2 2 2 2 2 2
left_child=3 5 -3 -1 -5 -2
right_child=1 2 -4 4 -6 -7
leaf_value=1.6261354984701911e-05 -2.0178217374802831e-08 -1.4772878415906289e-05 -1.0464810649762815e-06 -3.7298649327357183e-05 1.4250444724046921e-06 2.800309991410526e-06
leaf_weight=315 85 41 1506 35 683 1010
leaf_count=315 85 41 1506 35 683 1010
internal_value=-1.70301e-05 -8.28958e-05 -0.000229945 0.000151428 1.3679e-05 0.000124853
internal_weight=3675 2642 1547 1033 718 1095
internal_count=3675 2642 1547 1033 718 1095
is_linear=0
shrinkage=0.0173253


Tree=370
num_leaves=7
num_cat=0
split_feature=2 1 4 4 1 4
split_gain=0.206412 0.156839 0.198148 0.122793 0.116753 0.0972241
threshold=4.1366719937712896e-05 -0.0022174642313759997 0.030159652476323937 -0.0064869856094893928 0.0039807172367611514 0.0027041889798569579
decision_type=2 2 2 2 2 2
left_child=4 3 -3 -2 5 -1
right_child=1 2 -4 -5 -6 -7
leaf_value=-2.8989262008339072e-08 -1.6507572603324935e-07 -1.8126164491610001e-06 2.8171235527667355e-05 1.5579800792322879e-05 1.523077003923661e-05 1.6379823721319737e-05
leaf_weight=999 189 1149 269 304 337 428
leaf_count=999 189 1149 269 304 337 428
internal_value=-7.60138e-06 -0.000132351 -0.000224898 0.000133839 0.000127544 5.90474e-05
internal_weight=3675 1911 1418 493 1764 1427
internal_count=3675 1911 1418 493 1764 1427
is_linear=0
shrinkage=0.0173253


Tree=371
num_leaves=6
num_cat=0
split_feature=2 4 3 3 3
split_gain=0.155696 0.139875 0.194298 0.163401 0.0249673
threshold=-0.009832994248619548 0.014357988118823306 -0.0024028007439300496 -0.009832994248619548 0.010597288040705902
decision_type=2 2 2 2 2
left_child=4 2 -2 -3 -1
right_child=1 3 -4 -5 -6
leaf_value=1.2708424078438008e-05 2.4266163355072692e-06 -4.0496402554276612e-06 -8.3619779966882303e-07 1.5943264577583291e-05 2.3190161619327703e-05
leaf_weight=191 870 34 1744 802 34
leaf_count=191 870 34 1744 802 34
internal_value=1.82737e-06 -2.69713e-05 -8.93581e-05 0.000168099 0.000443407
internal_weight=3675 3450 2614 836 225
internal_count=3675 3450 2614 836 225
is_linear=0
shrinkage=0.0173253


Tree=372
num_leaves=7
num_cat=0
split_feature=2 6 7 7 4 4
split_gain=0.189953 0.247497 0.464576 0.21414 0.0977768 0.119212
threshold=4.1366719937712896e-05 0.0053175518186881548 0.0060133508463057683 0.004442125900379716 0.0027041889798569579 0.0015183966240199809
decision_type=2 2 2 2 2 2
left_child=4 3 -3 -2 5 -1
right_child=1 2 -4 -5 -6 -7
leaf_value=1.7767633584975564e-07 -1.8940771823706769e-07 -7.5551633298129928e-06 -6.5925433624394521e-07 8.9165607860177243e-06 1.4189412668820713e-05 -3.0916483607682143e-06
leaf_weight=1114 467 164 861 419 597 53
leaf_count=1114 467 164 861 419 597 53
internal_value=-2.17445e-05 -0.000141417 -0.000324729 7.0654e-05 0.000107901 1.56433e-05
internal_weight=3675 1911 1025 886 1764 1167
internal_count=3675 1911 1025 886 1764 1167
is_linear=0
shrinkage=0.0173253


Tree=373
num_leaves=7
num_cat=0
split_feature=2 6 7 2 4 4
split_gain=0.202827 0.200957 0.464576 0.175963 0.108717 0.114844
threshold=4.1366719937712896e-05 0.0053175518186881548 0.0060133508463057683 0.0032649360611079503 0.0027041889798569579 0.0015183966240199809
decision_type=2 2 2 2 2 2
left_child=4 3 -3 -2 5 -1
right_child=1 2 -4 -5 -6 -7
leaf_value=1.7459803532149954e-07 -1.4373353793303863e-07 -7.4242676584348019e-06 -6.4783253962824121e-07 9.6814776717150021e-06 1.3943576461624709e-05 -3.0380845435240336e-06
leaf_weight=1114 527 164 861 359 597 53
leaf_count=1114 527 164 861 359 597 53
internal_value=-3.58876e-05 -0.000159549 -0.000324729 3.1545e-05 9.80792e-05 7.97232e-07
internal_weight=3675 1911 1025 886 1764 1167
internal_count=3675 1911 1025 886 1764 1167
is_linear=0
shrinkage=0.0173253


Tree=374
num_leaves=7
num_cat=0
split_feature=2 1 2 2 4 1
split_gain=0.197 0.33143 0.561254 0.170749 0.168263 0.24951
threshold=0.0016357925112888002 0.0041458057714138007 0.0032649360611079503 0.0018811237563041503 -0.0075836187860009252 -0.0058918970599300497
decision_type=2 2 2 2 2 2
left_child=4 3 -3 -2 5 -1
right_child=1 2 -4 -5 -6 -7
leaf_value=7.3469857776261086e-06 -3.2837531128533039e-06 -9.8191823787238212e-06 -2.1797299549505498e-06 1.104373464412607e-06 2.7576105304669963e-06 -9.4004370545735347e-07
leaf_weight=226 44 90 356 956 1443 560
leaf_count=226 44 90 356 956 1443 560
internal_value=-1.70301e-05 -0.000174522 -0.00056728 6.48772e-07 8.51379e-05 -0.000118821
internal_weight=3675 1446 446 1000 2229 786
internal_count=3675 1446 446 1000 2229 786
is_linear=0
shrinkage=0.0173253


Tree=375
num_leaves=7
num_cat=0
split_feature=2 6 0 2 4 4
split_gain=0.182386 0.198416 0.326142 0.304376 0.11008 0.131788
threshold=0.00039574722625235003 0.011312306723436178 0.0058731031184796516 0.018030210344123002 0.0027041889798569579 0.0020009213776029018
decision_type=2 2 2 2 2 2
left_child=4 2 -2 -3 5 -1
right_child=1 3 -4 -5 -6 -7
leaf_value=3.5706580503368541e-08 -9.5147236336412372e-07 -2.4990030339176212e-05 1.8512610976971525e-05 3.2076239106460843e-05 1.2256309254061889e-05 -9.6816933880508984e-07
leaf_weight=1192 1362 111 290 43 644 33
leaf_count=1192 1362 111 290 43 644 33
internal_value=1.82737e-06 -0.000122336 -6.68906e-05 -0.000717115 0.000121806 2.53992e-05
internal_weight=3675 1806 1652 154 1869 1225
internal_count=3675 1806 1652 154 1869 1225
is_linear=0
shrinkage=0.0173253


Tree=376
num_leaves=7
num_cat=0
split_feature=1 6 7 1 2 2
split_gain=0.163774 0.187625 1.26336 0.123815 0.0814582 0.201536
threshold=-0.0034614871622923493 0.0047668717076714525 0.0046698672380729731 -0.0026018369205065995 -0.0036844052859148495 -0.0029203771468681995
decision_type=2 2 2 2 2 2
left_child=4 3 -3 -2 -1 -6
right_child=1 2 -4 -5 5 -7
leaf_value=1.6563164760593278e-05 -6.9121240099392723e-07 -1.5471715718689174e-05 -7.2392896342213369e-07 2.4983053116971926e-06 -3.2261865331056899e-05 3.4110728643594906e-06
leaf_weight=272 81 35 1589 1085 45 568
leaf_count=272 81 35 1589 1085 45 568
internal_value=1.82737e-06 -6.33121e-05 -0.0001837 0.000104363 0.000207182 9.64609e-05
internal_weight=3675 2790 1624 1166 885 613
internal_count=3675 2790 1624 1166 885 613
is_linear=0
shrinkage=0.0173253


Tree=377
num_leaves=6
num_cat=0
split_feature=0 7 2 2 3
split_gain=0.167979 0.211523 0.196872 0.0650145 0.142747
threshold=0.0066154638614827005 0.018818617246263068 0.0001093273743592 0.0031232354412039508 0.0034658080626929506
decision_type=2 2 2 2 2
left_child=1 2 -1 4 -2
right_child=3 -3 -4 -5 -6
leaf_value=1.4201784628162717e-06 1.4986322149306566e-05 -3.5739564776843942e-05 -6.9113991850048805e-07 2.3819409626904635e-05 -5.6249459379003149e-06
leaf_weight=1541 219 37 1579 211 88
leaf_count=1541 219 37 1579 211 88
internal_value=-2.88701e-06 -5.03339e-05 -3.48904e-05 0.000286283 0.000125369
internal_weight=3675 3157 3120 518 307
internal_count=3675 3157 3120 518 307
is_linear=0
shrinkage=0.0173253


Tree=378
num_leaves=7
num_cat=0
split_feature=1 6 7 7 5 4
split_gain=0.223641 0.271857 0.946012 0.150162 0.451919 0.107572
threshold=-0.0026728295375107996 0.0047668717076714525 0.0047343615605960655 0.0044586076118351969 0.0076161667907217482 -0.012649129832898405
decision_type=2 2 2 2 2 2
left_child=3 5 -3 4 -1 -2
right_child=1 2 -4 -5 -6 -7
leaf_value=6.1470044526803024e-06 -6.316331814054239e-08 -1.4084239406391215e-05 -9.8191797697888174e-07 6.4412673572205857e-06 -2.5558320843068755e-06 2.7299735992054107e-06
leaf_weight=140 85 41 1506 860 33 1010
leaf_count=140 85 41 1506 860 33 1010
internal_value=-3.11733e-05 -0.000115684 -0.000263543 0.000184971 -0.000280763 9.32087e-05
internal_weight=3675 2642 1547 1033 173 1095
internal_count=3675 2642 1547 1033 173 1095
is_linear=0
shrinkage=0.0173253


Tree=379
num_leaves=7
num_cat=0
split_feature=1 6 4 2 2 0
split_gain=0.185885 0.243751 0.178028 0.0947411 0.191458 0.0266266
threshold=-0.0034614871622923493 0.015989846888083654 0.016618178315777856 -0.0036844052859148495 -0.0029203771468681995 0.0089641908328184014
decision_type=2 2 2 2 2 2
left_child=3 2 -2 5 -5 -1
right_child=1 -3 -4 4 -6 -7
leaf_value=1.6159824155387713e-05 -2.8522510862035905e-07 -3.2537354804803773e-05 1.4235700653518795e-05 -3.1400753833819197e-05 3.2169152364588969e-06 4.0449295073916207e-05
leaf_weight=239 2079 61 650 45 568 33
leaf_count=239 2079 61 650 45 568 33
internal_value=-3.11733e-05 -0.000100571 -7.63597e-05 0.000187606 6.81978e-05 0.000456713
internal_weight=3675 2790 2729 885 613 272
internal_count=3675 2790 2729 885 613 272
is_linear=0
shrinkage=0.0173253


Tree=380
num_leaves=7
num_cat=0
split_feature=1 6 7 4 2 2
split_gain=0.17796 0.190617 0.910295 0.130969 0.0947411 0.191458
threshold=-0.0034614871622923493 0.0047668717076714525 0.0047343615605960655 -0.010976580815995946 -0.0036844052859148495 -0.0029203771468681995
decision_type=2 2 2 2 2 2
left_child=4 3 -3 -2 -1 -6
right_child=1 2 -4 -5 5 -7
leaf_value=1.586512437925387e-05 -5.463451801660136e-08 -1.3516399836364182e-05 -5.4859052618505358e-07 2.685461034225605e-06 -3.0856725521599861e-05 3.1611811296949672e-06
leaf_weight=272 124 43 1581 1042 45 568
leaf_count=272 124 43 1581 1042 45 568
internal_value=-2.64589e-05 -9.43611e-05 -0.000215704 7.46454e-05 0.000187606 6.81978e-05
internal_weight=3675 2790 1624 1166 885 613
internal_count=3675 2790 1624 1166 885 613
is_linear=0
shrinkage=0.0173253


Tree=381
num_leaves=7
num_cat=0
split_feature=5 7 1 1 2 2
split_gain=0.196254 0.213489 0.172201 0.212481 0.0714966 0.0526381
threshold=0.0041445741621724099 0.0031362424982274905 -0.0034614871622923493 -5.4256283497954994e-05 -0.0036844052859148495 0.0057393807435530009
decision_type=2 2 2 2 2 2
left_child=1 -1 4 -4 -2 -3
right_child=2 5 3 -5 -6 -7
leaf_value=-7.7684078450010916e-07 1.486573659577023e-05 1.3296313512533479e-05 -1.2458709091150316e-06 -1.4534019645813116e-07 2.716404599257917e-07 4.2288061777048355e-06
leaf_weight=54 252 452 689 1647 528 53
leaf_count=54 252 452 689 1647 528 53
internal_value=-2.64589e-05 0.000272461 -8.00841e-05 -0.000154508 0.000142805 0.000383178
internal_weight=3675 559 3116 2336 780 505
internal_count=3675 559 3116 2336 780 505
is_linear=0
shrinkage=0.0173253


Tree=382
num_leaves=7
num_cat=0
split_feature=0 2 6 4 2 3
split_gain=0.155173 0.214423 0.284124 0.198291 0.0648594 0.0923797
threshold=0.0058731031184796516 4.1366719937712896e-05 0.0070763737474529081 0.0027041889798569579 0.0031232354412039508 0.0034658080626929506
decision_type=2 2 2 2 2 2
left_child=1 3 -3 -1 5 -2
right_child=4 2 -4 -5 -6 -7
leaf_value=-7.3344291488227046e-08 5.2011287000037426e-06 -1.3566267947227435e-07 -8.5059674834505371e-06 1.4682688249181773e-05 2.1029071569551993e-05 -2.9365485593628111e-06
leaf_weight=1050 260 1179 377 467 245 97
leaf_count=1050 260 1179 377 467 245 97
internal_value=-2.17445e-05 -7.1573e-05 -0.00021447 7.49981e-05 0.000232612 8.36356e-05
internal_weight=3675 3073 1556 1517 602 357
internal_count=3675 3073 1556 1517 602 357
is_linear=0
shrinkage=0.0173253


Tree=383
num_leaves=7
num_cat=0
split_feature=1 6 1 7 3 3
split_gain=0.164242 0.218676 0.320921 0.14357 0.0936427 0.240695
threshold=-0.0026728295375107996 0.0050566411506879549 -0.00078024087166744989 0.0046160651956380977 0.0022073227485360507 0.0013855474920313503
decision_type=2 2 2 2 2 2
left_child=4 3 -3 -2 5 -1
right_child=1 2 -4 -5 -6 -7
leaf_value=2.9976611129148168e-06 -5.5962983689210785e-08 -6.2908862835958916e-06 -8.9028265911867595e-07 6.4180985444316127e-06 7.131822921478741e-06 -8.7515463549796379e-06
leaf_weight=597 804 197 1195 446 381 55
leaf_count=597 804 197 1195 446 381 55
internal_value=-1.70301e-05 -8.94534e-05 -0.000238819 7.68802e-05 0.0001682 4.2102e-05
internal_weight=3675 2642 1392 1250 1033 652
internal_count=3675 2642 1392 1250 1033 652
is_linear=0
shrinkage=0.0173253


Tree=384
num_leaves=7
num_cat=0
split_feature=0 2 4 6 6 0
split_gain=0.149474 0.206803 0.242433 0.205479 0.0685809 0.293878
threshold=0.0058731031184796516 0.00039574722625235003 0.0027041889798569579 0.0070763737474529081 0.011760657311159545 0.012298879269830351
decision_type=2 2 2 2 2 2
left_child=1 2 -1 -3 -2 -6
right_child=4 3 -4 -5 5 -7
leaf_value=-9.9975416661517439e-08 1.4096523095757176e-05 -2.2755818246316011e-07 1.3519548838715285e-05 -8.0138390587405552e-06 -2.4585958450644703e-06 2.2916442804020216e-05
leaf_weight=1107 504 1095 506 365 35 63
leaf_count=1107 504 1095 506 365 35 63
internal_value=-1.70301e-05 -6.59351e-05 6.92841e-05 -0.000215324 0.000232612 -0.000186748
internal_weight=3675 3073 1613 1460 602 98
internal_count=3675 3073 1613 1460 602 98
is_linear=0
shrinkage=0.0173253


Tree=385
num_leaves=7
num_cat=0
split_feature=2 4 6 6 4 4
split_gain=0.174178 0.165394 0.292662 0.24585 0.120237 0.223815
threshold=4.1366719937712896e-05 0.030159652476323937 0.0053175518186881548 0.0115815878744834 0.0027041889798569579 0.0015183966240199809
decision_type=2 2 2 2 2 2
left_child=4 2 -2 -3 5 -1
right_child=1 3 -4 -5 -6 -7
leaf_value=1.2845949081760282e-07 5.9582633723048258e-08 5.3460153804046335e-05 -5.1127270051713385e-06 -1.9126509437937682e-05 1.2973051722952011e-05 -3.0415091157897644e-06
leaf_weight=1114 863 246 753 49 597 53
leaf_count=1114 863 246 753 49 597 53
internal_value=-3.58876e-05 -0.000150483 -0.000219349 0.000226759 8.82576e-05 -1.40488e-05
internal_weight=3675 1911 1616 295 1764 1167
internal_count=3675 1911 1616 295 1764 1167
is_linear=0
shrinkage=0.0173253


Tree=386
num_leaves=7
num_cat=0
split_feature=2 4 6 6 4 4
split_gain=0.174178 0.165394 0.292662 0.24585 0.120237 0.223815
threshold=4.1366719937712896e-05 0.030159652476323937 0.0053175518186881548 0.0115815878744834 0.0027041889798569579 0.0015183966240199809
decision_type=2 2 2 2 2 2
left_child=4 2 -2 -3 5 -1
right_child=1 3 -4 -5 -6 -7
leaf_value=1.2623388819840204e-07 5.8550345140631053e-08 5.2533939185157921e-05 -5.0241473405498608e-06 -1.8795136417301445e-05 1.2748289366273497e-05 -2.9888139773348172e-06
leaf_weight=1114 863 246 753 49 597 53
leaf_count=1114 863 246 753 49 597 53
internal_value=-3.58876e-05 -0.000150483 -0.000219349 0.000226759 8.82576e-05 -1.40488e-05
internal_weight=3675 1911 1616 295 1764 1167
internal_count=3675 1911 1616 295 1764 1167
is_linear=0
shrinkage=0.0173253


Tree=387
num_leaves=7
num_cat=0
split_feature=2 4 6 3 4 4
split_gain=0.189953 0.163455 0.205244 0.176361 0.110157 0.113708
threshold=4.1366719937712896e-05 0.010200169713301782 0.0115815878744834 0.0011509908886889503 0.0023926729051162205 0.0015183966240199809
decision_type=2 2 2 2 2 2
left_child=4 3 -3 -2 5 -1
right_child=1 2 -4 -5 -6 -7
leaf_value=1.2404684487121131e-07 -2.1307520688424599e-07 4.0030550468273789e-06 -2.3661447670183052e-06 -4.9289619776118612e-06 9.8042309626727216e-06 -6.3069812903357558e-06
leaf_weight=1114 736 697 80 398 615 35
leaf_count=1114 736 697 80 398 615 35
internal_value=-2.17445e-05 -0.000141417 5.21565e-05 -0.000274051 0.000107901 7.73572e-06
internal_weight=3675 1911 777 1134 1764 1149
internal_count=3675 1911 777 1134 1764 1149
is_linear=0
shrinkage=0.0173253


Tree=388
num_leaves=7
num_cat=0
split_feature=5 7 1 5 2 2
split_gain=0.190113 0.213489 0.163717 0.201899 0.0714966 0.0526381
threshold=0.0041445741621724099 0.0031362424982274905 -0.0034614871622923493 0.0042570617069920338 -0.0036844052859148495 0.0057393807435530009
decision_type=2 2 2 2 2 2
left_child=1 -1 4 -4 -2 -3
right_child=2 5 3 -5 -6 -7
leaf_value=-7.3591050725695381e-07 1.4646447846757154e-05 1.3015644757607061e-05 -1.1248642147591909e-05 -1.7711028104235553e-07 6.0657343174397711e-07 4.3082037048827959e-06
leaf_weight=54 252 452 49 2287 528 53
leaf_count=54 252 452 49 2287 528 53
internal_value=-2.17445e-05 0.000272461 -7.4524e-05 -0.000147091 0.000142805 0.000383178
internal_weight=3675 559 3116 2336 780 505
internal_count=3675 559 3116 2336 780 505
is_linear=0
shrinkage=0.0173253


Tree=389
num_leaves=7
num_cat=0
split_feature=2 4 6 6 4 1
split_gain=0.188803 0.165394 0.24585 0.241194 0.108717 0.130393
threshold=4.1366719937712896e-05 0.030159652476323937 0.0115815878744834 0.0053175518186881548 0.0027041889798569579 0.00029602295067185006
decision_type=2 2 2 2 2 2
left_child=4 3 -3 -2 5 -1
right_child=1 2 -4 -5 -6 -7
leaf_value=-6.9981582381351275e-07 -8.8118737880340326e-10 5.1411013031149544e-05 -1.8425441818381567e-05 -4.9123703645504929e-06 1.2361573782077934e-05 2.277563514765213e-06
leaf_weight=735 863 246 49 753 597 432
leaf_count=735 863 246 49 753 597 432
internal_value=-3.11733e-05 -0.000150483 0.000226759 -0.000219349 9.80792e-05 7.97232e-07
internal_weight=3675 1911 295 1616 1764 1167
internal_count=3675 1911 295 1616 1764 1167
is_linear=0
shrinkage=0.0173253


Tree=390
num_leaves=7
num_cat=0
split_feature=1 6 7 7 5 5
split_gain=0.155988 0.187392 0.418598 0.139542 0.451919 0.0614441
threshold=-0.0026728295375107996 0.0028292128175385648 0.0033468141538930238 0.0044586076118351969 0.0076161667907217482 0.024246726433516216
decision_type=2 2 2 2 2 2
left_child=3 -2 -3 4 -1 -5
right_child=1 2 -4 5 -6 -7
leaf_value=5.9168962508878343e-06 2.1518704256919759e-05 -1.7696929876805574e-06 -1.3522549344219753e-07 6.2856750299190593e-06 -2.5397202146414842e-06 -5.1535758792686248e-07
leaf_weight=140 146 34 2462 824 33 36
leaf_count=140 146 34 2462 824 33 36
internal_value=-1.23158e-05 -8.28958e-05 -0.000118185 0.0001682 -0.000280763 0.000258514
internal_weight=3675 2642 2496 1033 173 860
internal_count=3675 2642 2496 1033 173 860
is_linear=0
shrinkage=0.0173253


Tree=391
num_leaves=6
num_cat=0
split_feature=0 7 1 1 3
split_gain=0.153229 0.209601 0.180297 0.0724716 0.0713198
threshold=0.0068576959529008507 0.018818617246263068 -0.0031584395526739997 0.017222603313408701 0.004547829071406051
decision_type=2 2 2 2 2
left_child=1 2 -1 4 -2
right_child=3 -3 -4 -5 -6
leaf_value=2.8342423239452712e-06 2.03442202907116e-05 -3.3257929939647209e-05 -1.5882042011689921e-07 -3.9695691164865867e-07 -2.9657683172029476e-07
leaf_weight=816 326 37 2332 34 130
leaf_count=816 326 37 2332 34 130
internal_value=-1.23158e-05 -5.61957e-05 -4.09584e-05 0.000272904 0.000330438
internal_weight=3675 3185 3148 490 456
internal_count=3675 3185 3148 490 456
is_linear=0
shrinkage=0.0173253


Tree=392
num_leaves=7
num_cat=0
split_feature=1 4 0 2 2 2
split_gain=0.133001 0.208568 0.19444 0.182229 0.0662225 0.191458
threshold=-0.0034614871622923493 -0.0075836187860009252 -0.0060633027745422485 0.00039574722625235003 -0.0036844052859148495 -0.0029203771468681995
decision_type=2 2 2 2 2 2
left_child=4 2 -2 -3 -1 -6
right_child=1 3 -4 -5 5 -7
leaf_value=1.487392326989993e-05 3.5914925618501588e-06 2.909487802139078e-06 -4.5265241557118239e-06 -2.831363741738748e-07 -3.0019224417625828e-05 3.0042675510621764e-06
leaf_weight=272 152 934 459 1245 45 568
leaf_count=272 152 934 459 1245 45 568
internal_value=-1.70301e-05 -7.57317e-05 -0.000358618 3.59066e-06 0.000168029 6.81978e-05
internal_weight=3675 2790 611 2179 885 613
internal_count=3675 2790 611 2179 885 613
is_linear=0
shrinkage=0.0173253


Tree=393
num_leaves=7
num_cat=0
split_feature=2 2 5 5 7 6
split_gain=0.142774 0.256599 0.148696 0.127839 0.155942 0.148618
threshold=0.00039574722625235003 0.00052878479590785007 0.01468819877101284 0.014273654548950044 0.0063370756087026857 0.0080372879628631006
decision_type=2 2 2 2 2 2
left_child=3 -2 -3 4 -1 -5
right_child=1 2 -4 5 -6 -7
leaf_value=7.2548939027550594e-08 -5.1654335296723592e-06 -3.9507213169525783e-07 4.2106283565737055e-06 2.0060987657317368e-05 1.3492841053840949e-05 -9.9490188703458673e-06
leaf_weight=1144 45 1596 165 46 542 137
leaf_count=1144 45 1596 165 46 542 137
internal_value=-2.88701e-06 -0.000112743 -7.97305e-05 0.000103266 0.000150473 -0.000331657
internal_weight=3675 1806 1761 1869 1686 183
internal_count=3675 1806 1761 1869 1686 183
is_linear=0
shrinkage=0.0173253


Tree=394
num_leaves=7
num_cat=0
split_feature=6 7 1 7 0 6
split_gain=0.150314 0.715003 0.297414 0.144062 0.20002 0.0911226
threshold=0.0045387942382008771 0.0044586076118351969 -0.0027367369801654493 0.0031362424982274905 -0.0005633634624661499 0.0034674367805397339
decision_type=2 2 2 2 2 2
left_child=3 -2 -3 4 -1 -5
right_child=1 2 -4 5 -6 -7
leaf_value=-3.0746103419156429e-06 -5.0444385690834107e-06 5.722411617745149e-06 -1.3936444068411829e-06 1.0015906710751455e-05 1.1095071146593411e-05 2.5141047581219795e-07
leaf_weight=33 43 781 1635 375 73 735
leaf_count=33 43 781 1635 375 73 735
internal_value=-7.60138e-06 -8.55199e-05 -4.61067e-05 0.000149966 -0.00046027 0.000208241
internal_weight=3675 2459 2416 1216 106 1110
internal_count=3675 2459 2416 1216 106 1110
is_linear=0
shrinkage=0.0173253


Tree=395
num_leaves=7
num_cat=0
split_feature=1 6 7 5 3 3
split_gain=0.129823 0.237026 0.39924 0.140473 0.0928994 0.238953
threshold=-0.0027367369801654493 0.0050566411506879549 0.004957339151387889 0.0061797632140510516 0.0022073227485360507 0.0013855474920313503
decision_type=2 2 2 2 2 2
left_child=4 3 -3 -2 5 -1
right_child=1 2 -4 -5 -6 -7
leaf_value=2.852307640990727e-06 -9.2006485923159076e-08 -2.9476180021348458e-06 -1.3739023449723605e-06 2.4677832925838381e-06 7.8749348464700272e-06 -8.2907919759983966e-06
leaf_weight=591 776 33 1368 479 373 55
leaf_count=591 776 33 1368 479 373 55
internal_value=-2.88701e-06 -6.66695e-05 -0.000221575 0.000106257 0.000163361 3.76595e-05
internal_weight=3675 2656 1401 1255 1019 646
internal_count=3675 2656 1401 1255 1019 646
is_linear=0
shrinkage=0.0173253


Tree=396
num_leaves=7
num_cat=0
split_feature=2 5 5 5 6 7
split_gain=0.169264 0.189553 0.22405 0.187774 0.261162 0.106267
threshold=0.00039574722625235003 0.014273654548950044 0.017367996804263635 0.01468819877101284 0.011312306723436178 0.0063370756087026857
decision_type=2 2 2 2 2 2
left_child=1 5 -3 4 -2 -1
right_child=3 2 -4 -5 -6 -7
leaf_value=7.0863391536926012e-08 -3.0644982251141677e-07 -9.9744162497484262e-06 1.2154926451221777e-06 4.9375742958128293e-06 -1.8812034428601699e-05 1.3307021828351414e-05
leaf_weight=1144 1553 71 112 169 84 542
leaf_count=1144 1553 71 112 169 84 542
internal_value=-1.23158e-05 0.000103266 -0.000426331 -0.000131929 -0.000188692 0.000160749
internal_weight=3675 1869 183 1806 1637 1686
internal_count=3675 1869 183 1806 1637 1686
is_linear=0
shrinkage=0.0173253


Tree=397
num_leaves=7
num_cat=0
split_feature=2 0 1 5 6 7
split_gain=0.168799 0.169464 0.223922 0.133347 0.148618 0.106267
threshold=0.00039574722625235003 0.0068576959529008507 0.0035706516732948003 0.014273654548950044 0.0080372879628631006 0.0063370756087026857
decision_type=2 2 2 2 2 2
left_child=3 2 -2 5 -5 -1
right_child=1 -3 -4 4 -6 -7
leaf_value=6.9635660142327819e-08 -8.7498233447878563e-08 1.3053860949985028e-05 -5.381008763824465e-06 1.9681095741291543e-05 -9.8152912454837102e-06 1.3076473330558764e-05
leaf_weight=1144 1099 278 429 46 137 542
leaf_count=1144 1099 278 429 46 137 542
internal_value=-2.88701e-06 -0.000122336 -0.000193921 0.000112536 -0.000331657 0.000160749
internal_weight=3675 1806 1528 1869 183 1686
internal_count=3675 1806 1528 1869 183 1686
is_linear=0
shrinkage=0.0173253


Tree=398
num_leaves=7
num_cat=0
split_feature=2 6 7 7 5 6
split_gain=0.142774 0.148203 0.496276 0.217181 0.127839 0.148618
threshold=0.00039574722625235003 0.0053175518186881548 0.0060133508463057683 0.0043217205807067 0.014273654548950044 0.0080372879628631006
decision_type=2 2 2 2 2 2
left_child=4 3 -3 -2 -1 -6
right_child=1 2 -4 -5 5 -7
leaf_value=1.3390081174196948e-06 -8.0549157109585891e-07 -6.8926614175479509e-06 -3.5409756262371792e-07 5.238852520906158e-06 1.9340114331882545e-05 -9.6452381200562047e-06
leaf_weight=1686 387 155 826 438 46 137
leaf_count=1686 387 155 826 438 46 137
internal_value=-2.88701e-06 -0.000112743 -0.00025667 5.83999e-05 0.000103266 -0.000331657
internal_weight=3675 1806 981 825 1869 183
internal_count=3675 1806 981 825 1869 183
is_linear=0
shrinkage=0.0173253


Tree=399
num_leaves=7
num_cat=0
split_feature=2 1 0 4 4 3
split_gain=0.146234 0.182918 0.308628 0.180682 0.139696 0.123194
threshold=0.0016357925112888002 0.0037519375283393002 0.0048505373491007009 0.0093260718632205714 0.0027041889798569579 -0.0013304105790279998
decision_type=2 2 2 2 2 2
left_child=4 3 -3 -2 5 -1
right_child=1 2 -4 -5 -6 -7
leaf_value=1.8610838523757296e-06 -4.3376376003724369e-07 -5.9987571488831174e-06 2.9953012555124297e-07 1.9895354914018566e-05 7.7796519738703852e-06 -5.1179783516396461e-07
leaf_weight=661 621 298 184 343 816 752
leaf_count=661 621 298 184 343 816 752
internal_value=-2.88701e-06 -0.000138577 -0.000414153 -7.89014e-07 8.51379e-05 -1.9092e-05
internal_weight=3675 1446 482 964 2229 1413
internal_count=3675 1446 482 964 2229 1413
is_linear=0
shrinkage=0.0173253


Tree=400
num_leaves=6
num_cat=0
split_feature=5 5 6 7 3
split_gain=0.178122 0.150728 0.16842 0.101681 0.0580064
threshold=0.0041445741621724099 0.0042570617069920338 0.0052628517283828885 0.0031362424982274905 0.004547829071406051
decision_type=2 2 2 2 2
left_child=3 -2 -3 -1 -5
right_child=1 2 -4 4 -6
leaf_value=-7.4758854949143922e-07 -8.7034388702235313e-06 1.2277017742651051e-07 -3.4527447112931767e-07 1.2939857068816035e-05 3.2555705611355948e-06
leaf_weight=54 60 1258 1798 413 92
leaf_count=54 60 1258 1798 413 92
internal_value=-1.23158e-05 -6.34038e-05 -4.65197e-05 0.000272461 0.000348871
internal_weight=3675 3116 3056 559 505
internal_count=3675 3116 3056 559 505
is_linear=0
shrinkage=0.0173253


Tree=401
num_leaves=7
num_cat=0
split_feature=6 7 3 1 7 6
split_gain=0.15948 0.417414 0.687837 0.300897 0.126937 0.473978
threshold=0.0052628517283828885 0.0058281043065857704 -0.00098409758607324979 -0.0022174642313759997 0.0045921236667502818 0.0047048736997605195
decision_type=2 2 2 2 2 2
left_child=4 2 -2 -3 5 -1
right_child=1 3 -4 -5 -6 -7
leaf_value=1.8407156659658976e-07 2.0550250740803283e-06 8.5051700261492428e-06 -9.3315013223059803e-06 -1.0484083385850035e-06 3.9237926811741454e-06 -1.0833356646674691e-05
leaf_weight=944 104 600 168 1092 721 46
leaf_count=944 104 600 168 1092 721 46
internal_value=-1.70301e-05 -0.000123557 -0.000753512 -2.22878e-05 0.000105249 -2.21017e-05
internal_weight=3675 1964 272 1692 1711 990
internal_count=3675 1964 272 1692 1711 990
is_linear=0
shrinkage=0.0173253


Tree=402
num_leaves=7
num_cat=0
split_feature=6 7 7 6 1 1
split_gain=0.171798 0.358219 0.244527 0.213353 0.212105 0.0431994
threshold=0.006960153048948735 0.0064986583638031014 0.0061785421127324306 0.005000229962312734 -0.0022174642313759997 0.0068576959529008507
decision_type=2 2 2 2 2 2
left_child=2 -2 3 -1 -3 -4
right_child=1 4 5 -5 -6 -7
leaf_value=5.9777166318667678e-07 -4.4893008115041637e-05 5.8249777861433855e-06 1.1293493067126653e-05 -1.3932950893704456e-06 -4.4525466611102294e-06 4.0009684593062536e-06
leaf_weight=1520 36 378 434 575 664 68
leaf_count=1520 36 378 434 575 664 68
internal_value=-2.88701e-06 -0.000186748 7.34325e-05 -8.86155e-06 -0.000128044 0.000416871
internal_weight=3675 1078 2597 2095 1042 502
internal_count=3675 1078 2597 2095 1042 502
is_linear=0
shrinkage=0.0173253


Tree=403
num_leaves=7
num_cat=0
split_feature=5 2 6 7 3 3
split_gain=0.160869 0.180939 0.23611 0.101681 0.0580064 0.0256301
threshold=0.0041445741621724099 -0.009832994248619548 0.01932879728132712 0.0031362424982274905 0.004547829071406051 0.010597288040705902
decision_type=2 2 2 2 2 2
left_child=3 5 -3 -1 -5 -2
right_child=1 2 -4 4 -6 -7
leaf_value=-7.4818202301132515e-07 1.1849998724691648e-05 -1.2698316845019321e-07 -3.2729980008388539e-05 1.2637332241844213e-05 3.1533756185875593e-06 2.0261384739832483e-05
leaf_weight=54 181 2868 34 413 92 33
leaf_count=54 181 2868 34 413 92 33
internal_value=1.82737e-06 -4.67234e-05 -8.25749e-05 0.000272461 0.000348871 0.000439449
internal_weight=3675 3116 2902 559 505 214
internal_count=3675 3116 2902 559 505 214
is_linear=0
shrinkage=0.0173253


Tree=404
num_leaves=7
num_cat=0
split_feature=1 6 0 4 2 2
split_gain=0.134037 0.224935 0.41238 0.213031 0.0947411 0.191458
threshold=-0.0034614871622923493 0.006960153048948735 0.0022545057408387506 0.018113559038266811 -0.0036844052859148495 -0.0029203771468681995
decision_type=2 2 2 2 2 2
left_child=4 3 -3 -2 -1 -6
right_child=1 2 -4 -5 5 -7
leaf_value=1.4438353178065513e-05 -4.1255626140863481e-08 -9.993157361496408e-06 2.9882088720036206e-07 2.4220880824048263e-05 -2.9070699097862226e-05 3.0136923120706363e-06
leaf_weight=272 1770 358 363 299 45 568
leaf_count=272 1770 358 363 299 45 568
internal_value=1.82737e-06 -5.71023e-05 -0.000320627 3.473e-05 0.000187606 6.81978e-05
internal_weight=3675 2790 721 2069 885 613
internal_count=3675 2790 721 2069 885 613
is_linear=0
shrinkage=0.0173253


Tree=405
num_leaves=7
num_cat=0
split_feature=2 6 7 2 4 4
split_gain=0.130989 0.223455 0.319229 0.232574 0.139696 0.225089
threshold=0.0016357925112888002 0.007356065808545943 0.0077456221597107791 0.0023845768142516503 0.0027041889798569579 0.0020009213776029018
decision_type=2 2 2 2 2 2
left_child=4 3 -3 -2 5 -1
right_child=1 2 -4 -5 -6 -7
leaf_value=5.3104349360974164e-09 -2.9408634556519263e-06 -7.5170360062562611e-06 -4.096082549094244e-06 4.5530428634591872e-06 7.3990475097432495e-06 -2.1254223366522839e-07
leaf_weight=1376 178 55 392 821 816 37
leaf_count=1376 178 55 392 821 816 37
internal_value=1.82737e-06 -0.000126595 -0.000448569 1.74712e-05 8.51379e-05 -1.9092e-05
internal_weight=3675 1446 447 999 2229 1413
internal_count=3675 1446 447 999 2229 1413
is_linear=0
shrinkage=0.0173253


Tree=406
num_leaves=7
num_cat=0
split_feature=1 6 7 1 2 2
split_gain=0.155222 0.216449 0.918121 0.123815 0.0947411 0.191458
threshold=-0.0034614871622923493 0.0047668717076714525 0.0047343615605960655 -0.0026018369205065995 -0.0036844052859148495 -0.0029203771468681995
decision_type=2 2 2 2 2 2
left_child=4 3 -3 -2 -1 -6
right_child=1 2 -4 -5 5 -7
leaf_value=1.4188111990251049e-05 -7.1495347099327109e-07 -1.2820154231589616e-05 -2.7180939524440259e-07 2.3044916825068059e-06 -2.8567131749703272e-05 2.9589263165216197e-06
leaf_weight=272 81 43 1581 1085 45 568
leaf_count=272 81 43 1581 1085 45 568
internal_value=-1.23158e-05 -7.57317e-05 -0.000205036 0.000104363 0.000187606 6.81978e-05
internal_weight=3675 2790 1624 1166 885 613
internal_count=3675 2790 1624 1166 885 613
is_linear=0
shrinkage=0.0173253


Tree=407
num_leaves=7
num_cat=0
split_feature=5 7 1 5 2 3
split_gain=0.152167 0.2009 0.155447 0.20463 0.0714966 0.0580064
threshold=0.0041445741621724099 0.0031362424982274905 -0.0034614871622923493 0.0042570617069920338 -0.0036844052859148495 0.004547829071406051
decision_type=2 2 2 2 2 2
left_child=1 -1 4 -4 -2 -3
right_child=2 5 3 -5 -6 -7
leaf_value=-8.5331378292472246e-07 1.3346972057590779e-05 1.2341244100029887e-05 -1.1290426489254046e-05 -1.9922881060752431e-07 9.7923736972913338e-08 3.0462884257241079e-06
leaf_weight=54 252 413 49 2287 528 92
leaf_count=54 252 413 49 2287 528 92
internal_value=-2.17445e-05 0.000241468 -6.89639e-05 -0.000139675 0.000142805 0.000348871
internal_weight=3675 559 3116 2336 780 505
internal_count=3675 559 3116 2336 780 505
is_linear=0
shrinkage=0.0173253


Tree=408
num_leaves=7
num_cat=0
split_feature=5 1 5 3 3 2
split_gain=0.152167 0.155447 0.20463 0.102805 0.308206 0.0714966
threshold=0.0041445741621724099 -0.0034614871622923493 0.0042570617069920338 -0.00069370098755459984 4.1366719937712896e-05 -0.0036844052859148495
decision_type=2 2 2 2 2 2
left_child=3 5 -3 -1 -5 -2
right_child=1 2 -4 4 -6 -7
leaf_value=1.1033885469916502e-05 1.3115731409033196e-05 -1.1094816164110526e-05 -1.9577710641742629e-07 -1.8655531916951051e-05 9.2821332149403574e-06 9.6227176258679053e-08
leaf_weight=232 252 49 2287 34 293 528
leaf_count=232 252 49 2287 34 293 528
internal_value=-2.17445e-05 -6.89639e-05 -0.000139675 0.000241468 4.35647e-05 0.000142805
internal_weight=3675 3116 2336 559 327 780
internal_count=3675 3116 2336 559 327 780
is_linear=0
shrinkage=0.0173253


Tree=409
num_leaves=7
num_cat=0
split_feature=1 6 7 4 2 2
split_gain=0.146899 0.176866 0.918121 0.130969 0.0662225 0.191458
threshold=-0.0034614871622923493 0.0047668717076714525 0.0047343615605960655 -0.010976580815995946 -0.0036844052859148495 -0.0029203771468681995
decision_type=2 2 2 2 2 2
left_child=4 3 -3 -2 -1 -6
right_child=1 2 -4 -5 5 -7
leaf_value=1.3483823340354895e-05 -1.3599566821093752e-07 -1.2591197267390403e-05 -2.6025660225046646e-07 2.5751734468623998e-06 -2.7965762687930272e-05 2.9042982240662784e-06
leaf_weight=272 124 43 1581 1042 45 568
leaf_count=272 124 43 1581 1042 45 568
internal_value=-2.64589e-05 -8.81513e-05 -0.000205036 7.46454e-05 0.000168029 6.81978e-05
internal_weight=3675 2790 1624 1166 885 613
internal_count=3675 2790 1624 1166 885 613
is_linear=0
shrinkage=0.0173253


Tree=410
num_leaves=7
num_cat=0
split_feature=2 0 1 6 5 5
split_gain=0.135777 0.242668 0.219363 0.119206 0.1037 0.102121
threshold=4.1366719937712896e-05 0.0058731031184796516 0.0018251981201532501 0.011760657311159545 0.0041445741621724099 0.0051376080945332078
decision_type=2 2 2 2 2 2
left_child=4 2 -2 -3 -1 -6
right_child=1 3 -4 -5 5 -7
leaf_value=9.6780776772092586e-06 -7.1686712332918861e-08 1.7853547987428502e-05 -4.0192198152645385e-06 -5.9384301190938026e-08 -1.3836619534035713e-06 7.3841856721388144e-07
leaf_weight=269 974 304 582 51 228 1267
leaf_count=269 974 304 582 51 228 1267
internal_value=-3.11733e-05 -0.000132351 -0.000225605 0.00027639 7.8436e-05 2.20881e-05
internal_weight=3675 1911 1556 355 1764 1495
internal_count=3675 1911 1556 355 1764 1495
is_linear=0
shrinkage=0.0173253


Tree=411
num_leaves=7
num_cat=0
split_feature=5 7 4 3 6 3
split_gain=0.163264 0.2009 0.153116 0.172254 0.165643 0.0580064
threshold=0.0041445741621724099 0.0031362424982274905 0.030159652476323937 -0.0024028007439300496 0.0115815878744834 0.004547829071406051
decision_type=2 2 2 2 2 2
left_child=1 -1 3 -2 -4 -3
right_child=2 5 4 -5 -6 -7
leaf_value=-8.1732310910916441e-07 1.2622024300502535e-06 1.1725709367227904e-05 5.1808538597413558e-05 -8.9852235989017769e-07 -1.3114679430326641e-06 2.9068378218287431e-06
leaf_weight=54 895 413 273 1880 68 92
leaf_count=54 895 413 273 1880 68 92
internal_value=-3.11733e-05 0.000241468 -8.00841e-05 -0.000122658 0.000266372 0.000348871
internal_weight=3675 559 3116 2775 341 505
internal_count=3675 559 3116 2775 341 505
is_linear=0
shrinkage=0.0173253


Tree=412
num_leaves=7
num_cat=0
split_feature=5 7 4 6 2 4
split_gain=0.136442 0.18173 0.165442 0.259616 0.226548 0.144946
threshold=0.0046041997355731968 0.0032579985093029091 0.014357988118823306 0.0115815878744834 -0.009832994248619548 0.0048170084822618383
decision_type=2 2 2 2 2 2
left_child=1 5 4 -4 -2 -1
right_child=2 -3 3 -5 -6 -7
leaf_value=1.5856331501068304e-05 1.132602017281228e-05 8.4334803474357643e-06 1.8491553019528106e-05 -2.0342646669324728e-06 -9.799307705373297e-07 -1.1045486407768789e-06
leaf_weight=39 178 710 654 100 1959 35
leaf_count=39 178 710 654 100 1959 35
internal_value=-3.58876e-05 0.00016683 -9.0862e-05 0.000129784 -0.000168713 -0.000650222
internal_weight=3675 784 2891 754 2137 74
internal_count=3675 784 2891 754 2137 74
is_linear=0
shrinkage=0.0173253


Tree=413
num_leaves=7
num_cat=0
split_feature=4 4 1 6 0 5
split_gain=0.145911 0.307925 0.159552 0.159353 0.0761461 0.0237591
threshold=0.029137955590815962 0.027486791906291393 -0.0026728295375107996 0.0115815878744834 0.0066154638614827005 0.0054126206042622912
decision_type=2 2 2 2 2 2
left_child=1 2 -1 5 -5 -2
right_child=3 -3 -4 4 -6 -7
leaf_value=2.6787745097060048e-06 2.987289495620964e-05 -1.0613866525525618e-05 -2.2012900045212935e-07 -2.9585862319579341e-05 2.989287962411963e-06 5.1054187415903824e-05
leaf_weight=988 37 42 2267 33 39 269
leaf_count=988 37 42 2267 33 39 269
internal_value=-3.11733e-05 -6.81376e-05 -4.91183e-05 0.000291238 -0.00044211 0.00046379
internal_weight=3675 3297 3255 378 72 306
internal_count=3675 3297 3255 378 72 306
is_linear=0
shrinkage=0.0173253


Tree=414
num_leaves=7
num_cat=0
split_feature=4 3 6 6 5 0
split_gain=0.140002 0.215386 0.273102 0.167659 0.186411 0.137996
threshold=0.014357988118823306 -0.0024028007439300496 0.0041705504327496732 0.0115815878744834 0.01468819877101284 0.0041458057714138007
decision_type=2 2 2 2 2 2
left_child=1 5 -3 -2 -5 -1
right_child=3 2 -4 4 -6 -7
leaf_value=2.3531074876150957e-08 1.5540742424766054e-05 1.6895185620163749e-06 -1.4087550064823239e-06 -1.7491340898318914e-05 3.4062974407080658e-07 1.0413486673345947e-05
leaf_weight=750 766 616 1237 48 54 204
leaf_count=750 766 616 1237 48 54 204
internal_value=-3.11733e-05 -9.06379e-05 -0.000199532 0.000161128 -0.000498728 0.000120873
internal_weight=3675 2807 1853 868 102 954
internal_count=3675 2807 1853 868 102 954
is_linear=0
shrinkage=0.0173253


Tree=415
num_leaves=7
num_cat=0
split_feature=4 6 1 7 6 0
split_gain=0.141675 0.224293 0.405122 0.186983 0.159353 0.0761461
threshold=0.029137955590815962 0.0052628517283828885 -0.0022174642313759997 0.0046160651956380977 0.0115815878744834 0.0066154638614827005
decision_type=2 2 2 2 2 2
left_child=1 3 -3 -1 -2 -6
right_child=4 2 -4 -5 5 -7
leaf_value=-1.4480083782660528e-07 4.8271214526692599e-05 3.3444992915525759e-06 -5.2874849417559152e-06 3.8322917796107909e-06 -2.8782221992821965e-05 3.1968488927945482e-06
leaf_weight=988 306 655 961 693 33 39
leaf_count=988 306 655 961 693 33 39
internal_value=-2.64589e-05 -6.28827e-05 -0.000208627 7.72265e-05 0.000291238 -0.00044211
internal_weight=3675 3297 1616 1681 378 72
internal_count=3675 3297 1616 1681 378 72
is_linear=0
shrinkage=0.0173253


Tree=416
num_leaves=7
num_cat=0
split_feature=4 3 3 5 6 1
split_gain=0.180722 0.189518 0.282278 0.171489 0.0899034 0.125833
threshold=0.029137955590815962 -0.0013304105790279998 -0.0011814229539044497 0.0044108142972441857 0.0097814383492799434 0.0069547327034386501
decision_type=2 2 2 2 2 2
left_child=1 3 -3 -1 -2 -6
right_child=4 2 -4 -5 5 -7
leaf_value=1.0418218590208289e-05 5.1385910085982321e-05 -6.3339584522047697e-06 -2.4297840802230234e-07 2.4464535746285755e-08 1.821273188054934e-05 -2.8615371682308571e-05
leaf_weight=237 257 41 1942 1077 59 62
leaf_count=237 257 41 1942 1077 59 62
internal_value=-2.17445e-05 -6.28827e-05 -0.000169809 9.84828e-05 0.000337072 -5.23295e-05
internal_weight=3675 3297 1983 1314 378 121
internal_count=3675 3297 1983 1314 378 121
is_linear=0
shrinkage=0.0173253


Tree=417
num_leaves=7
num_cat=0
split_feature=4 3 3 5 6 1
split_gain=0.180722 0.189518 0.282278 0.171489 0.0899034 0.125833
threshold=0.029137955590815962 -0.0013304105790279998 -0.0011814229539044497 0.0044108142972441857 0.0097814383492799434 0.0069547327034386501
decision_type=2 2 2 2 2 2
left_child=1 3 -3 -1 -2 -6
right_child=4 2 -4 -5 5 -7
leaf_value=1.0237719551683349e-05 5.0495632416730282e-05 -6.2242205540429381e-06 -2.3876872777317046e-07 2.4040679677044152e-08 1.7897190354434562e-05 -2.8119601025265059e-05
leaf_weight=237 257 41 1942 1077 59 62
leaf_count=237 257 41 1942 1077 59 62
internal_value=-2.17445e-05 -6.28827e-05 -0.000169809 9.84828e-05 0.000337072 -5.23295e-05
internal_weight=3675 3297 1983 1314 378 121
internal_count=3675 3297 1983 1314 378 121
is_linear=0
shrinkage=0.0173253


Tree=418
num_leaves=7
num_cat=0
split_feature=4 3 3 5 0 1
split_gain=0.224517 0.189518 0.282278 0.171489 0.0719352 0.168961
threshold=0.029137955590815962 -0.0013304105790279998 -0.0011814229539044497 0.0044108142972441857 0.0015883415045030503 0.0069547327034386501
decision_type=2 2 2 2 2 2
left_child=1 3 -3 -1 5 -2
right_child=4 2 -4 -5 -6 -7
leaf_value=1.0060347717932071e-05 1.4465395739570558e-05 -6.1163839007951531e-06 -2.3463198160876882e-07 2.3624167052570813e-08 2.6975662536390095e-05 -3.0111011067223578e-05
leaf_weight=237 60 41 1942 1077 284 34
leaf_count=237 60 41 1942 1077 284 34
internal_value=-1.70301e-05 -6.28827e-05 -0.000169809 9.84828e-05 0.000382906 -3.25274e-05
internal_weight=3675 3297 1983 1314 378 94
internal_count=3675 3297 1983 1314 378 94
is_linear=0
shrinkage=0.0173253


Tree=419
num_leaves=7
num_cat=0
split_feature=4 3 3 5 6 1
split_gain=0.180722 0.189518 0.282278 0.171489 0.0899034 0.125833
threshold=0.029137955590815962 -0.0013304105790279998 -0.0011814229539044497 0.0044108142972441857 0.0097814383492799434 0.0069547327034386501
decision_type=2 2 2 2 2 2
left_child=1 3 -3 -1 -2 -6
right_child=4 2 -4 -5 5 -7
leaf_value=9.8860489091107667e-06 4.9220697416582729e-05 -6.0104155527725277e-06 -2.3056690592227327e-07 2.3214870645308472e-08 1.7336497984278415e-05 -2.7110736659020022e-05
leaf_weight=237 257 41 1942 1077 59 62
leaf_count=237 257 41 1942 1077 59 62
internal_value=-2.17445e-05 -6.28827e-05 -0.000169809 9.84828e-05 0.000337072 -5.23295e-05
internal_weight=3675 3297 1983 1314 378 121
internal_count=3675 3297 1983 1314 378 121
is_linear=0
shrinkage=0.0173253


Tree=420
num_leaves=7
num_cat=0
split_feature=4 3 3 5 0 1
split_gain=0.224517 0.189518 0.282278 0.171489 0.0719352 0.168961
threshold=0.029137955590815962 -0.0013304105790279998 -0.0011814229539044497 0.0044108142972441857 0.0015883415045030503 0.0069547327034386501
decision_type=2 2 2 2 2 2
left_child=1 3 -3 -1 5 -2
right_child=4 2 -4 -5 -6 -7
leaf_value=9.7147698840591925e-06 1.3487845908151612e-05 -5.9062831409770668e-06 -2.2657225899926818e-07 2.2812665431937989e-08 2.5789900146776727e-05 -2.9119625605508333e-05
leaf_weight=237 60 41 1942 1077 284 34
leaf_count=237 60 41 1942 1077 284 34
internal_value=-1.70301e-05 -6.28827e-05 -0.000169809 9.84828e-05 0.000382906 -3.25274e-05
internal_weight=3675 3297 1983 1314 378 94
internal_count=3675 3297 1983 1314 378 94
is_linear=0
shrinkage=0.0173253


Tree=421
num_leaves=7
num_cat=0
split_feature=4 3 3 5 6 1
split_gain=0.180722 0.189518 0.282278 0.171489 0.0899034 0.125833
threshold=0.029137955590815962 -0.0013304105790279998 -0.0011814229539044497 0.0044108142972441857 0.0097814383492799434 0.0069547327034386501
decision_type=2 2 2 2 2 2
left_child=1 3 -3 -1 -2 -6
right_child=4 2 -4 -5 5 -7
leaf_value=9.5464583240376134e-06 4.7987275030579914e-05 -5.8039548572141916e-06 -2.226468206384058e-07 2.2417428555208947e-08 1.6802456162486056e-05 -2.6136527274106974e-05
leaf_weight=237 257 41 1942 1077 59 62
leaf_count=237 257 41 1942 1077 59 62
internal_value=-2.17445e-05 -6.28827e-05 -0.000169809 9.84828e-05 0.000337072 -5.23295e-05
internal_weight=3675 3297 1983 1314 378 121
internal_count=3675 3297 1983 1314 378 121
is_linear=0
shrinkage=0.0173253


Tree=422
num_leaves=7
num_cat=0
split_feature=4 3 3 5 0 1
split_gain=0.224517 0.189518 0.282278 0.171489 0.0719352 0.168961
threshold=0.029137955590815962 -0.0013304105790279998 -0.0011814229539044497 0.0044108142972441857 0.0015883415045030503 0.0069547327034386501
decision_type=2 2 2 2 2 2
left_child=1 3 -3 -1 5 -2
right_child=4 2 -4 -5 -6 -7
leaf_value=9.3810628167455411e-06 1.2545841753252019e-05 -5.7033994443767226e-06 -2.1878939177877507e-07 2.2029039286401395e-08 2.5153029097426777e-05 -2.8162294716259029e-05
leaf_weight=237 60 41 1942 1077 284 34
leaf_count=237 60 41 1942 1077 284 34
internal_value=-1.70301e-05 -6.28827e-05 -0.000169809 9.84828e-05 0.000382906 -3.25274e-05
internal_weight=3675 3297 1983 1314 378 94
internal_count=3675 3297 1983 1314 378 94
is_linear=0
shrinkage=0.0173253


Tree=423
num_leaves=7
num_cat=0
split_feature=4 3 3 5 6 1
split_gain=0.180722 0.189518 0.282278 0.171489 0.0899034 0.125833
threshold=0.029137955590815962 -0.0013304105790279998 -0.0011814229539044497 0.0044108142972441857 0.0097814383492799434 0.0069547327034386501
decision_type=2 2 2 2 2 2
left_child=1 3 -3 -1 -2 -6
right_child=4 2 -4 -5 5 -7
leaf_value=9.2185328406173613e-06 4.6787897101251721e-05 -5.604586186897064e-06 -2.1499879413354001e-07 2.164737898847884e-08 1.6293987319154918e-05 -2.5195782455073375e-05
leaf_weight=237 257 41 1942 1077 59 62
leaf_count=237 257 41 1942 1077 59 62
internal_value=-2.17445e-05 -6.28827e-05 -0.000169809 9.84828e-05 0.000337072 -5.23295e-05
internal_weight=3675 3297 1983 1314 378 121
internal_count=3675 3297 1983 1314 378 121
is_linear=0
shrinkage=0.0173253


Tree=424
num_leaves=7
num_cat=0
split_feature=4 5 2 7 0 1
split_gain=0.219255 0.190661 0.243366 0.137094 0.0719352 0.168961
threshold=0.029137955590815962 0.0059645953483993853 0.00049150223610530013 0.0036592793741729106 0.0015883415045030503 0.0069547327034386501
decision_type=2 2 2 2 2 2
left_child=1 3 -3 -1 5 -2
right_child=4 2 -4 -5 -6 -7
leaf_value=-5.0178199416611747e-07 1.1638211036189589e-05 2.1272331079842351e-08 -2.6045356311929757e-06 4.0152562678745761e-06 2.4529454641770434e-05 -2.723784860835952e-05
leaf_weight=239 60 1077 861 1120 284 34
leaf_count=239 60 1077 861 1120 284 34
internal_value=-1.23158e-05 -5.76278e-05 -0.000167956 9.97053e-05 0.000382906 -3.25274e-05
internal_weight=3675 3297 1938 1359 378 94
internal_count=3675 3297 1938 1359 378 94
is_linear=0
shrinkage=0.0173253


Tree=425
num_leaves=7
num_cat=0
split_feature=0 7 0 3 3 1
split_gain=0.17774 0.228264 0.134507 0.110121 0.289062 0.0254945
threshold=0.0041458057714138007 0.018818617246263068 -0.0095213935295954972 -0.0012746133425421996 -0.00073531677524204988 0.012298879269830351
decision_type=2 2 2 2 2 2
left_child=1 2 -1 5 -5 -2
right_child=3 -3 -4 4 -6 -7
leaf_value=2.000794066744233e-05 1.0069651395113372e-05 -2.8102205456151644e-05 -1.5424858395299888e-07 -2.1945165273030559e-06 5.8309327814835205e-07 2.6026429263412852e-05
leaf_weight=218 290 35 2568 35 494 35
leaf_count=218 290 35 2568 35 494 35
internal_value=-2.88701e-06 -6.91807e-05 -5.17128e-05 0.0002161 6.18933e-05 0.0004671
internal_weight=3675 2821 2786 854 529 325
internal_count=3675 2821 2786 854 529 325
is_linear=0
shrinkage=0.0173253


Tree=426
num_leaves=7
num_cat=0
split_feature=4 6 7 7 6 1
split_gain=0.171349 0.166036 0.386897 0.260868 0.0899034 0.125833
threshold=0.029137955590815962 0.006960153048948735 0.0064986583638031014 0.0061785421127324306 0.0097814383492799434 0.0069547327034386501
decision_type=2 2 2 2 2 2
left_child=1 3 -3 -1 -2 -6
right_child=4 2 -4 -5 5 -7
leaf_value=-6.128301008728348e-08 4.5615493236391722e-05 -4.5125351626757143e-05 -2.4913290260713492e-06 8.2825673458618422e-06 1.5553472383295588e-05 -2.4203471027629846e-05
leaf_weight=2045 257 33 781 438 59 62
leaf_count=2045 257 33 781 438 59 62
internal_value=-1.23158e-05 -5.23729e-05 -0.000267106 1.80229e-05 0.000337072 -5.23295e-05
internal_weight=3675 3297 814 2483 378 121
internal_count=3675 3297 814 2483 378 121
is_linear=0
shrinkage=0.0173253


Tree=427
num_leaves=7
num_cat=0
split_feature=4 1 3 3 6 1
split_gain=0.180331 0.151603 0.345182 0.0962291 0.0871837 0.118154
threshold=0.028558709412865927 -0.0027367369801654493 0.0039111632593676008 0.0022073227485360507 0.0097814383492799434 0.0069547327034386501
decision_type=2 2 2 2 2 2
left_child=1 3 -3 -1 -2 -6
right_child=4 2 -4 -5 5 -7
leaf_value=3.0351691728552742e-08 4.1706770579496564e-05 -9.7177514779920044e-09 -6.3396432328772919e-06 5.7956591958808327e-06 1.5601247690753753e-05 -2.3595831495507396e-05
leaf_weight=640 267 1832 472 339 60 65
leaf_count=640 267 1832 472 339 60 65
internal_value=-7.60138e-06 -4.95382e-05 -0.000126283 0.000131075 0.00034362 -3.40019e-05
internal_weight=3675 3283 2304 979 392 125
internal_count=3675 3283 2304 979 392 125
is_linear=0
shrinkage=0.0173253


Tree=428
num_leaves=7
num_cat=0
split_feature=4 6 7 7 0 1
split_gain=0.214055 0.181548 0.475555 0.146358 0.0719352 0.168961
threshold=0.029137955590815962 0.0050566411506879549 0.0050579514975674002 0.0046160651956380977 0.0015883415045030503 0.0069547327034386501
decision_type=2 2 2 2 2 2
left_child=1 3 -3 -1 5 -2
right_child=4 2 -4 -5 -6 -7
leaf_value=-2.1133085559451152e-08 1.0148028817592477e-05 -4.0337532127464566e-06 -4.7040756769890161e-07 5.1959284924195491e-06 2.3914387232946001e-05 -2.5455169313174889e-05
leaf_weight=983 60 77 1671 566 284 34
leaf_count=983 60 77 1671 566 284 34
internal_value=-7.60138e-06 -5.23729e-05 -0.000173397 8.41996e-05 0.000382906 -3.25274e-05
internal_weight=3675 3297 1748 1549 378 94
internal_count=3675 3297 1748 1549 378 94
is_linear=0
shrinkage=0.0173253


Tree=429
num_leaves=7
num_cat=0
split_feature=4 4 1 6 1 0
split_gain=0.157758 0.169319 0.144176 0.0899034 0.125833 2.77556e-17
threshold=0.029137955590815962 0.027486791906291393 -0.0026728295375107996 0.0097814383492799434 0.0069547327034386501 0.011338856056420201
decision_type=2 2 2 2 2 2
left_child=1 2 -1 5 -5 -2
right_child=3 -3 -4 4 -6 -7
leaf_value=2.3868969545120366e-06 4.4176253765506891e-05 -9.9914654549421346e-06 -1.5430292757421084e-07 1.4837888773792027e-05 -2.2934313386175264e-05 4.3653254359395556e-05
leaf_weight=988 195 42 2267 59 62 62
leaf_count=988 195 42 2267 59 62 62
internal_value=1.82737e-06 -3.66083e-05 -2.25049e-05 0.000337072 -5.23295e-05 0.000520409
internal_weight=3675 3297 3255 378 121 257
internal_count=3675 3297 3255 378 121 257
is_linear=0
shrinkage=0.0173253


Tree=430
num_leaves=7
num_cat=0
split_feature=4 3 6 4 0 1
split_gain=0.219255 0.184316 0.334857 0.122309 0.0719352 0.168961
threshold=0.029137955590815962 -0.0024028007439300496 0.0041705504327496732 -0.0082280281027608589 0.0015883415045030503 0.0069547327034386501
decision_type=2 2 2 2 2 2
left_child=1 3 -3 -1 5 -2
right_child=4 2 -4 -5 -6 -7
leaf_value=-1.46860548628918e-07 9.3226281529212728e-06 4.8306050651712226e-06 -1.1074997957422833e-06 5.2799370784573208e-06 2.3897407133565893e-05 -2.4616805726701409e-05
leaf_weight=467 60 725 1540 565 284 34
leaf_count=467 60 725 1540 565 284 34
internal_value=-1.23158e-05 -5.76278e-05 -0.000145068 0.000134282 0.000382906 -3.25274e-05
internal_weight=3675 3297 2265 1032 378 94
internal_count=3675 3297 2265 1032 378 94
is_linear=0
shrinkage=0.0173253


Tree=431
num_leaves=7
num_cat=0
split_feature=4 6 1 7 6 1
split_gain=0.171349 0.166036 0.436672 0.209857 0.0899034 0.125833
threshold=0.029137955590815962 0.006960153048948735 -0.0022174642313759997 0.0061785421127324306 0.0097814383492799434 0.0069547327034386501
decision_type=2 2 2 2 2 2
left_child=1 3 -3 -1 -2 -6
right_child=4 2 -4 -5 5 -7
leaf_value=-5.9473546262417651e-08 4.2667551206778256e-05 4.3258541930394045e-06 -7.5140654817265715e-06 8.0669170305316774e-06 1.4419299929857028e-05 -2.211047472255515e-05
leaf_weight=2045 257 360 454 438 59 62
leaf_count=2045 257 360 454 438 59 62
internal_value=-1.23158e-05 -5.23729e-05 -0.000267106 1.80229e-05 0.000337072 -5.23295e-05
internal_weight=3675 3297 814 2483 378 121
internal_count=3675 3297 814 2483 378 121
is_linear=0
shrinkage=0.0173253


Tree=432
num_leaves=7
num_cat=0
split_feature=0 7 2 4 3 0
split_gain=0.203918 0.228264 0.188339 0.0933913 0.189773 5.55112e-17
threshold=0.0041458057714138007 0.018818617246263068 0.0016357925112888002 0.027836044673367064 -0.0012746133425421996 0.0093545238389610517
decision_type=2 2 2 2 2 2
left_child=1 2 -1 4 -2 -5
right_child=3 -3 -4 5 -6 -7
leaf_value=1.2918346347050476e-07 9.7546031290602228e-06 -2.7256120193304302e-05 -1.2428747321537854e-06 2.6884724264028832e-05 -8.1572406401818053e-07 2.2376527291409914e-05
leaf_weight=1758 275 35 1028 110 332 137
leaf_count=1758 275 35 1028 110 332 137
internal_value=1.82737e-06 -6.91807e-05 -5.17128e-05 0.000236387 0.000120813 0.000520409
internal_weight=3675 2821 2786 854 607 247
internal_count=3675 2821 2786 854 607 247
is_linear=0
shrinkage=0.0173253


Tree=433
num_leaves=7
num_cat=0
split_feature=4 2 6 5 6 1
split_gain=0.171349 0.190819 0.2421 0.138805 0.0899034 0.125833
threshold=0.029137955590815962 0.0015921333548367001 0.0070763737474529081 0.0087487305686718194 0.0097814383492799434 0.0069547327034386501
decision_type=2 2 2 2 2 2
left_child=1 3 -3 -1 -2 -6
right_child=4 2 -4 -5 5 -7
leaf_value=1.4260899622058438e-06 4.1664835729982356e-05 -4.3568181974542837e-08 -5.7747255238914203e-06 -8.7881436089933602e-07 1.4184885136891616e-05 -2.1630282826311692e-05
leaf_weight=1523 257 866 313 595 59 62
leaf_count=1523 257 866 313 595 59 62
internal_value=-1.23158e-05 -5.23729e-05 -0.000229033 4.59662e-05 0.000337072 -5.23295e-05
internal_weight=3675 3297 1179 2118 378 121
internal_count=3675 3297 1179 2118 378 121
is_linear=0
shrinkage=0.0173253


Tree=434
num_leaves=7
num_cat=0
split_feature=4 4 1 6 1 0
split_gain=0.180722 0.161277 0.147912 0.0899034 0.125833 2.77556e-17
threshold=0.029137955590815962 0.027486791906291393 -0.0027367369801654493 0.0097814383492799434 0.0069547327034386501 0.011338856056420201
decision_type=2 2 2 2 2 2
left_child=1 2 -1 5 -5 -2
right_child=3 -3 -4 4 -6 -7
leaf_value=2.6029773261724492e-06 4.1197777952965596e-05 -9.7759126604873595e-06 -2.092963759792102e-07 1.393912737066448e-05 -2.1255531114263584e-05 4.0634150315927847e-05
leaf_weight=975 195 42 2280 59 62 62
leaf_count=975 195 42 2280 59 62 62
internal_value=-2.17445e-05 -6.28827e-05 -4.91183e-05 0.000337072 -5.23295e-05 0.000520409
internal_weight=3675 3297 3255 378 121 257
internal_count=3675 3297 3255 378 121 257
is_linear=0
shrinkage=0.0173253


Tree=435
num_leaves=7
num_cat=0
split_feature=4 5 2 7 0 1
split_gain=0.229841 0.160872 0.188692 0.181001 0.0719352 0.168961
threshold=0.029137955590815962 0.0046041997355731968 0.00015564013090320003 0.0032579985093029091 0.0015883415045030503 0.0069547327034386501
decision_type=2 2 2 2 2 2
left_child=1 3 -3 -1 5 -2
right_child=4 2 -4 -5 -6 -7
leaf_value=-1.0421345198329869e-06 7.3115329411756807e-06 5.2667159750999275e-08 -1.6139985824536127e-06 7.0050273945479506e-06 2.4221778033413026e-05 -2.2595958384607887e-05
leaf_weight=73 60 1348 1193 683 284 34
leaf_count=73 60 1348 1193 683 284 34
internal_value=-2.17445e-05 -6.81376e-05 -0.000134149 0.000153735 0.000382906 -3.25274e-05
internal_weight=3675 3297 2541 756 378 94
internal_count=3675 3297 2541 756 378 94
is_linear=0
shrinkage=0.0173253


Tree=436
num_leaves=7
num_cat=0
split_feature=0 7 5 4 3 3
split_gain=0.17774 0.228264 0.158568 0.063482 0.18605 0.0253632
threshold=0.0041458057714138007 0.018818617246263068 0.0046041997355731968 0.027836044673367064 0.0039111632593676008 -0.0033886844529547994
decision_type=2 2 2 2 2 2
left_child=1 2 -1 4 -2 -5
right_child=3 -3 -4 5 -6 -7
leaf_value=6.1478501014652466e-06 2.8668825737416254e-06 -2.6630926931603424e-05 -1.8811015383007138e-07 1.8170787531007862e-05 -8.378678948738092e-06 2.2698758612197476e-05
leaf_weight=665 487 35 2121 34 120 213
leaf_count=665 487 35 2121 34 120 213
internal_value=-2.88701e-06 -6.91807e-05 -5.17128e-05 0.0002161 0.000120813 0.000450266
internal_weight=3675 2821 2786 854 607 247
internal_count=3675 2821 2786 854 607 247
is_linear=0
shrinkage=0.0173253


Tree=437
num_leaves=7
num_cat=0
split_feature=4 3 3 5 6 1
split_gain=0.171349 0.165635 0.290024 0.171489 0.0899034 0.125833
threshold=0.029137955590815962 -0.0013304105790279998 -0.0011070144169055998 0.0044108142972441857 0.0097814383492799434 0.0069547327034386501
decision_type=2 2 2 2 2 2
left_child=1 3 -3 -1 -2 -6
right_child=4 2 -4 -5 5 -7
leaf_value=8.4391200745408966e-06 3.9630329994852846e-05 -8.615435460346694e-06 -2.0367174782272928e-07 4.2151452827985125e-08 1.357421181245408e-05 -2.0415694960807939e-05
leaf_weight=237 257 54 1929 1077 59 62
leaf_count=237 257 54 1929 1077 59 62
internal_value=-1.23158e-05 -5.23729e-05 -0.000152335 9.84828e-05 0.000337072 -5.23295e-05
internal_weight=3675 3297 1983 1314 378 121
internal_count=3675 3297 1983 1314 378 121
is_linear=0
shrinkage=0.0173253


Tree=438
num_leaves=7
num_cat=0
split_feature=4 4 1 6 1 0
split_gain=0.166756 0.166079 0.162286 0.0899034 0.125833 2.77556e-17
threshold=0.029137955590815962 0.027486791906291393 -0.0026728295375107996 0.0097814383492799434 0.0069547327034386501 0.011338856056420201
decision_type=2 2 2 2 2 2
left_child=1 2 -1 5 -5 -2
right_child=3 -3 -4 4 -6 -7
leaf_value=2.3300226623988144e-06 3.9103591747354183e-05 -9.5226612801916357e-06 -1.9412057741310366e-07 1.3339034160951878e-05 -2.0061986380081139e-05 3.8430628372456319e-05
leaf_weight=988 195 42 2267 59 62 62
leaf_count=988 195 42 2267 59 62 62
internal_value=-7.60138e-06 -4.71181e-05 -3.31503e-05 0.000337072 -5.23295e-05 0.000520409
internal_weight=3675 3297 3255 378 121 257
internal_count=3675 3297 3255 378 121 257
is_linear=0
shrinkage=0.0173253


Tree=439
num_leaves=7
num_cat=0
split_feature=4 3 0 5 0 1
split_gain=0.237578 0.162975 0.238964 0.152727 0.0635468 0.151128
threshold=0.027836044673367064 0.0012712137089520004 -0.0053778098687719987 0.0046041997355731968 0.0015883415045030503 0.0069547327034386501
decision_type=2 2 2 2 2 2
left_child=1 3 -3 -1 5 -2
right_child=4 2 -4 -5 -6 -7
leaf_value=8.2964279454161303e-06 2.1002927310391321e-06 1.4420530762094068e-05 -1.4362271487592997e-06 -2.3205378630060068e-08 2.2519293561547764e-05 -2.0565691861945485e-05
leaf_weight=448 67 232 1032 1557 301 38
leaf_count=448 67 232 1032 1557 301 38
internal_value=-2.88701e-06 -5.19791e-05 -0.000206049 4.51502e-05 0.000392389 2.53992e-05
internal_weight=3675 3269 1264 2005 406 105
internal_count=3675 3269 1264 2005 406 105
is_linear=0
shrinkage=0.0173253


Tree=440
num_leaves=7
num_cat=0
split_feature=4 3 1 5 6 1
split_gain=0.174188 0.187023 0.383351 0.126683 0.0865754 0.12017
threshold=0.027836044673367064 0.0036544159772247506 0.0013863087235233002 0.0041445741621724099 0.0097814383492799434 0.0069547327034386501
decision_type=2 2 2 2 2 2
left_child=1 3 -3 -1 -2 -6
right_child=4 2 -4 -5 5 -7
leaf_value=8.387011730410774e-06 3.1842682352456112e-05 2.7751104850920327e-07 -8.1186316241394767e-06 -5.2707437961804628e-09 1.4025417757915501e-05 -1.9251687846742871e-05
leaf_weight=421 279 482 261 2105 62 65
leaf_count=421 279 482 261 2105 62 65
internal_value=1.12561e-05 -3.07795e-05 -0.000272406 4.02926e-05 0.000349716 -2.5271e-05
internal_weight=3675 3269 743 2526 406 127
internal_count=3675 3269 743 2526 406 127
is_linear=0
shrinkage=0.0173253


Tree=441
num_leaves=6
num_cat=0
split_feature=4 4 3 0 1
split_gain=0.193881 0.170951 0.167264 0.0719352 0.168961
threshold=0.029137955590815962 0.027486791906291393 0.004547829071406051 0.0015883415045030503 0.0069547327034386501
decision_type=2 2 2 2 2
left_child=1 2 -1 4 -2
right_child=3 -3 -4 -5 -6
leaf_value=3.7203918987933087e-08 5.5107827686605603e-06 -9.4934586141562884e-06 -3.3540972275479439e-06 2.4053541125876324e-05 -2.0355963561243003e-05
leaf_weight=2673 60 42 582 284 34
leaf_count=2673 60 42 582 284 34
internal_value=1.12561e-05 -3.13534e-05 -1.71822e-05 0.000382906 -3.25274e-05
internal_weight=3675 3297 3255 378 94
internal_count=3675 3297 3255 378 94
is_linear=0
shrinkage=0.0173253


Tree=442
num_leaves=6
num_cat=0
split_feature=2 4 5 1 3
split_gain=0.149118 0.180602 0.189879 0.164123 0.0249673
threshold=-0.009832994248619548 0.0030455136241061853 0.0046041997355731968 -0.00084073547838314983 0.010597288040705902
decision_type=2 2 2 2 2
left_child=4 2 -2 -3 -1
right_child=1 3 -4 -5 -6
leaf_value=1.1582638041275391e-05 6.0287123319459752e-06 8.4294160457733451e-06 -9.0800744097509969e-07 1.6407972152818165e-08 2.2817913704850623e-05
leaf_weight=191 418 439 1405 1188 34
leaf_count=191 418 439 1405 1188 34
internal_value=1.12561e-05 -1.69276e-05 -0.00013535 0.00011576 0.000443407
internal_weight=3675 3450 1823 1627 225
internal_count=3675 3450 1823 1627 225
is_linear=0
shrinkage=0.0173253


Tree=443
num_leaves=7
num_cat=0
split_feature=4 6 7 7 6 1
split_gain=0.144728 0.176087 0.379806 0.144166 0.0899034 0.125833
threshold=0.029137955590815962 0.0052423300298717335 0.0057107190649512115 0.0045921236667502818 0.0097814383492799434 0.0069547327034386501
decision_type=2 2 2 2 2 2
left_child=1 3 -3 -1 -2 -6
right_child=4 2 -4 -5 5 -7
leaf_value=-2.8971620089525312e-08 3.7116917548929625e-05 -8.2562729002458348e-06 -1.4682996023873027e-07 2.6248283506959917e-06 1.2587029344129718e-05 -1.86721673712949e-05
leaf_weight=973 257 220 1411 693 59 62
leaf_count=973 257 220 1411 693 59 62
internal_value=1.59705e-05 -2.08437e-05 -0.00014881 0.000104434 0.000337072 -5.23295e-05
internal_weight=3675 3297 1631 1666 378 121
internal_count=3675 3297 1631 1666 378 121
is_linear=0
shrinkage=0.0173253


Tree=444
num_leaves=6
num_cat=0
split_feature=4 4 5 0 1
split_gain=0.188993 0.172591 0.140191 0.0719352 0.168961
threshold=0.029137955590815962 0.027486791906291393 0.0087487305686718194 0.0015883415045030503 0.0069547327034386501
decision_type=2 2 2 2 2
left_child=1 2 -1 4 -2
right_child=3 -3 -4 -5 -6
leaf_value=1.4341407799493663e-07 4.7230099407096997e-06 -9.4387317065070453e-06 -9.1170609830363578e-07 2.3762736950730326e-05 -1.9680072723996711e-05
leaf_weight=2361 60 42 894 284 34
leaf_count=2361 60 42 894 284 34
internal_value=1.59705e-05 -2.60985e-05 -1.18595e-05 0.000382906 -3.25274e-05
internal_weight=3675 3297 3255 378 94
internal_count=3675 3297 3255 378 94
is_linear=0
shrinkage=0.0173253


Tree=445
num_leaves=7
num_cat=0
split_feature=0 6 1 4 4 3
split_gain=0.141535 0.173114 0.392505 0.121744 0.063482 0.18605
threshold=0.0041458057714138007 0.0052628517283828885 -0.0021226501817658496 0.0089129380397251091 0.027836044673367064 0.0039111632593676008
decision_type=2 2 2 2 2 2
left_child=1 3 -3 -1 5 -2
right_child=4 2 -4 -5 -6 -7
leaf_value=6.1701479146210667e-09 2.8869361190666519e-06 3.1806434163081197e-06 -5.9672321314221231e-06 1.4061333557883596e-05 2.0637054910622055e-05 -8.0586130618844202e-06
leaf_weight=1192 487 522 810 297 247 120
leaf_count=1192 487 522 810 297 247 120
internal_value=2.06849e-05 -3.84729e-05 -0.00018197 8.98934e-05 0.0002161 0.000120813
internal_weight=3675 2821 1332 1489 854 607
internal_count=3675 2821 1332 1489 854 607
is_linear=0
shrinkage=0.0173253


Tree=446
num_leaves=7
num_cat=0
split_feature=0 2 6 4 2 3
split_gain=0.150065 0.24061 0.273409 0.251159 0.0488018 0.0808139
threshold=0.0058731031184796516 0.0016357925112888002 0.007356065808545943 0.0027041889798569579 0.0031232354412039508 0.004547829071406051
decision_type=2 2 2 2 2 2
left_child=1 3 -3 -1 5 -2
right_child=4 2 -4 -5 -6 -7
leaf_value=-9.5649151721174879e-08 3.5829400832020354e-06 -1.257208192475958e-07 -6.8628732521356836e-06 6.0473804376367816e-06 1.4781565012906619e-05 -7.4198059505509342e-06
leaf_weight=1284 278 861 283 645 245 79
leaf_count=1284 278 861 283 645 245 79
internal_value=1.12561e-05 -3.77455e-05 -0.000236817 8.03147e-05 0.000261392 0.000132166
internal_weight=3675 3073 1144 1929 602 357
internal_count=3675 3073 1144 1929 602 357
is_linear=0
shrinkage=0.0173253


Tree=447
num_leaves=7
num_cat=0
split_feature=4 2 1 5 6 1
split_gain=0.16937 0.158654 0.205683 0.120855 0.0865754 0.12017
threshold=0.027836044673367064 0.00039574722625235003 0.0035706516732948003 0.014273654548950044 0.0097814383492799434 0.0069547327034386501
decision_type=2 2 2 2 2 2
left_child=1 3 -3 -1 -2 -6
right_child=4 2 -4 -5 5 -7
leaf_value=1.0279474499164968e-06 3.060866800354157e-05 -1.5109642373388024e-08 -3.3834466295667596e-06 -8.0554516957000778e-06 1.342577427915244e-05 -1.7679005782079888e-05
leaf_weight=1634 279 1112 369 154 62 65
leaf_count=1634 279 1112 369 154 62 65
internal_value=1.59705e-05 -2.54797e-05 -0.000158098 8.43685e-05 0.000349716 -2.5271e-05
internal_weight=3675 3269 1481 1788 406 127
internal_count=3675 3269 1481 1788 406 127
is_linear=0
shrinkage=0.0173253


Tree=448
num_leaves=7
num_cat=0
split_feature=0 2 4 1 2 3
split_gain=0.167515 0.205171 0.226139 0.175362 0.0488018 0.0808139
threshold=0.0058731031184796516 0.00039574722625235003 0.0027041889798569579 0.0018251981201532501 0.0031232354412039508 0.004547829071406051
decision_type=2 2 2 2 2 2
left_child=1 2 -1 -3 5 -2
right_child=4 3 -4 -5 -6 -7
leaf_value=-6.0092516862127629e-08 3.503054951279698e-06 -3.2047472981342284e-08 8.7446391138789136e-06 -3.5199498805243867e-06 1.4169793519177964e-05 -7.3090649151462436e-06
leaf_weight=1107 278 904 506 556 245 79
leaf_count=1107 278 904 506 556 245 79
internal_value=-2.88701e-06 -5.46592e-05 8.00252e-05 -0.000203458 0.000261392 0.000132166
internal_weight=3675 3073 1613 1460 602 357
internal_count=3675 3073 1613 1460 602 357
is_linear=0
shrinkage=0.0173253


Tree=449
num_leaves=7
num_cat=0
split_feature=4 4 1 6 1 0
split_gain=0.153352 0.170951 0.165044 0.0899034 0.125833 2.77556e-17
threshold=0.029137955590815962 0.027486791906291393 -0.0026728295375107996 0.0097814383492799434 0.0069547327034386501 0.011338856056420201
decision_type=2 2 2 2 2 2
left_child=1 2 -1 5 -5 -2
right_child=3 -3 -4 4 -6 -7
leaf_value=2.462208181045787e-06 3.5542844308926965e-05 -9.4928560224579011e-06 -2.2474059857407535e-07 1.2180487715398023e-05 -1.7418137697210718e-05 3.3961745970075034e-05
leaf_weight=988 195 42 2267 59 62 62
leaf_count=988 195 42 2267 59 62 62
internal_value=6.54174e-06 -3.13534e-05 -1.71822e-05 0.000337072 -5.23295e-05 0.000520409
internal_weight=3675 3297 3255 378 121 257
internal_count=3675 3297 3255 378 121 257
is_linear=0
shrinkage=0.0173253


Tree=450
num_leaves=7
num_cat=0
split_feature=4 4 2 6 1 0
split_gain=0.157758 0.169319 0.148871 0.0899034 0.125833 2.77556e-17
threshold=0.029137955590815962 0.027486791906291393 -0.009832994248619548 0.0097814383492799434 0.0069547327034386501 0.011338856056420201
decision_type=2 2 2 2 2 2
left_child=1 2 -1 5 -5 -2
right_child=3 -3 -4 4 -6 -7
leaf_value=1.1336909578588356e-05 3.4927052926873163e-05 -9.3283891925413431e-06 -6.1343867617286077e-08 1.1969456788915007e-05 -1.7116362774749755e-05 3.3373347632955456e-05
leaf_weight=201 195 42 3054 59 62 62
leaf_count=201 195 42 3054 59 62 62
internal_value=1.82737e-06 -3.66083e-05 -2.25049e-05 0.000337072 -5.23295e-05 0.000520409
internal_weight=3675 3297 3255 378 121 257
internal_count=3675 3297 3255 378 121 257
is_linear=0
shrinkage=0.0173253


Tree=451
num_leaves=6
num_cat=0
split_feature=4 4 1 0 1
split_gain=0.203843 0.167695 0.153097 0.0719352 0.168961
threshold=0.029137955590815962 0.027486791906291393 -0.0026728295375107996 0.0015883415045030503 0.0069547327034386501
decision_type=2 2 2 2 2
left_child=1 2 -1 4 -2
right_child=3 -3 -4 -5 -6
leaf_value=2.4206124229562292e-06 3.4384393038552732e-06 -9.1667718041499433e-06 -2.1978409179344434e-07 2.3774455534565994e-05 -1.8151222950042159e-05
leaf_weight=988 60 42 2267 284 34
leaf_count=988 60 42 2267 284 34
internal_value=1.82737e-06 -4.18632e-05 -2.78276e-05 0.000382906 -3.25274e-05
internal_weight=3675 3297 3255 378 94
internal_count=3675 3297 3255 378 94
is_linear=0
shrinkage=0.0173253


Tree=452
num_leaves=7
num_cat=0
split_feature=4 3 1 5 6 1
split_gain=0.174188 0.146513 0.475192 0.173456 0.0865754 0.12017
threshold=0.027836044673367064 0.004547829071406051 -0.0021756283971694494 0.0046041997355731968 0.0097814383492799434 0.0069547327034386501
decision_type=2 2 2 2 2 2
left_child=1 3 -3 -1 -2 -6
right_child=4 2 -4 -5 5 -7
leaf_value=7.1411220518860547e-06 2.9058883129004348e-05 4.7433221519481182e-06 -7.815254457400682e-06 -4.9792671444485753e-08 1.2690243142686205e-05 -1.6398929594291972e-05
leaf_weight=633 279 218 367 2051 62 65
leaf_count=633 279 218 367 2051 62 65
internal_value=1.12561e-05 -3.07795e-05 -0.000279222 2.33705e-05 0.000349716 -2.5271e-05
internal_weight=3675 3269 585 2684 406 127
internal_count=3675 3269 585 2684 406 127
is_linear=0
shrinkage=0.0173253


Tree=453
num_leaves=6
num_cat=0
split_feature=4 4 3 0 1
split_gain=0.203843 0.167695 0.154152 0.0719352 0.168961
threshold=0.029137955590815962 0.027486791906291393 0.004547829071406051 0.0015883415045030503 0.0069547327034386501
decision_type=2 2 2 2 2
left_child=1 2 -1 4 -2
right_child=3 -3 -4 -5 -6
leaf_value=3.1725315653541597e-08 3.094404990222821e-06 -9.123859067461355e-06 -2.8486332914424992e-06 2.3646672139611455e-05 -1.7552630276914404e-05
leaf_weight=2673 60 42 582 284 34
leaf_count=2673 60 42 582 284 34
internal_value=1.82737e-06 -4.18632e-05 -2.78276e-05 0.000382906 -3.25274e-05
internal_weight=3675 3297 3255 378 94
internal_count=3675 3297 3255 378 94
is_linear=0
shrinkage=0.0173253


Tree=454
num_leaves=7
num_cat=0
split_feature=5 5 4 3 3 0
split_gain=0.136254 0.154651 0.163789 0.102805 0.308206 2.77556e-17
threshold=0.0041445741621724099 0.0042570617069920338 0.0030455136241061853 -0.00069370098755459984 4.1366719937712896e-05 0.0039807172367611514
decision_type=2 2 2 2 2 2
left_child=3 -2 -3 5 -5 -1
right_child=1 2 -4 4 -6 -7
leaf_value=7.8562397492231808e-06 -8.5301347947487641e-06 -3.9898496185224642e-07 8.4606416884401155e-07 -1.9243730541759487e-05 6.708158894959871e-06 3.1667502364735979e-05
leaf_weight=196 60 1648 1408 34 293 36
leaf_count=196 60 1648 1408 34 293 36
internal_value=-7.60138e-06 -5.22835e-05 -3.51811e-05 0.000241468 4.35647e-05 0.000520409
internal_weight=3675 3116 3056 559 327 232
internal_count=3675 3116 3056 559 327 232
is_linear=0
shrinkage=0.0173253


Tree=455
num_leaves=7
num_cat=0
split_feature=4 4 3 1 0 0
split_gain=0.125355 0.167695 0.154152 0.0751054 0.151435 2.77556e-17
threshold=0.029137955590815962 0.027486791906291393 0.004547829071406051 0.0069547327034386501 0.0015883415045030503 0.014121784386475602
decision_type=2 2 2 2 2 2
left_child=1 2 -1 5 -5 -2
right_child=3 -3 -4 4 -6 -7
leaf_value=2.0370991563665984e-08 2.6960548289088511e-05 -8.980443568221279e-06 -2.8041933498346079e-06 -1.7263183564556697e-05 4.5895484043997594e-06 7.2924050673526148e-05
leaf_weight=2673 165 42 582 34 143 36
leaf_count=2673 165 42 582 34 143 36
internal_value=-7.60138e-06 -4.18632e-05 -2.78276e-05 0.000291238 3.09926e-05 0.000520409
internal_weight=3675 3297 3255 378 177 201
internal_count=3675 3297 3255 378 177 201
is_linear=0
shrinkage=0.0173253


Tree=456
num_leaves=7
num_cat=0
split_feature=4 4 1 1 0 0
split_gain=0.121431 0.169319 0.144176 0.0751054 0.151435 2.77556e-17
threshold=0.029137955590815962 0.027486791906291393 -0.0026728295375107996 0.0069547327034386501 0.0015883415045030503 0.014121784386475602
decision_type=2 2 2 2 2 2
left_child=1 2 -1 5 -5 -2
right_child=3 -3 -4 4 -6 -7
leaf_value=2.3957674112204556e-06 2.6493447987616687e-05 -8.8248544513721719e-06 -2.0910362715868454e-07 -1.6964093273035023e-05 4.5100329798495032e-06 7.1660617686596223e-05
leaf_weight=988 165 42 2267 34 143 36
leaf_count=988 165 42 2267 34 143 36
internal_value=-2.88701e-06 -3.66083e-05 -2.25049e-05 0.000291238 3.09926e-05 0.000520409
internal_weight=3675 3297 3255 378 177 201
internal_count=3675 3297 3255 378 177 201
is_linear=0
shrinkage=0.0173253


Tree=457
num_leaves=7
num_cat=0
split_feature=4 2 6 1 2 2
split_gain=0.12997 0.165024 0.223773 0.124343 0.141891 0.0988974
threshold=0.016618178315777856 -0.009832994248619548 0.006960153048948735 0.0050339586363362014 0.0021705872079635503 -0.0069804472306175492
decision_type=2 2 2 2 2 2
left_child=1 -1 -3 5 -5 -2
right_child=3 2 -4 4 -6 -7
leaf_value=1.1153649212951559e-05 -1.1559655438585829e-05 -1.4954746389352266e-08 -5.7058114827893674e-06 2.9966015737622974e-05 -1.1716477089159981e-06 1.8607752439106752e-05
leaf_weight=195 34 2181 543 94 240 388
leaf_count=195 34 2181 543 94 240 388
internal_value=-2.88701e-06 -5.53217e-05 -9.01756e-05 0.000199569 -5.0186e-05 0.000397243
internal_weight=3675 2919 2724 756 334 422
internal_count=3675 2919 2724 756 334 422
is_linear=0
shrinkage=0.0173253


Tree=458
num_leaves=7
num_cat=0
split_feature=0 6 1 7 0 1
split_gain=0.119029 0.173077 0.417717 0.273955 1.38778e-17 1.38778e-17
threshold=0.014872976537839751 0.006960153048948735 -0.0022174642313759997 0.0061785421127324306 0.021251645489157155 0.0047386425464274002
decision_type=2 2 2 2 2 2
left_child=1 3 -3 -1 5 -2
right_child=4 2 -4 -5 -6 -7
leaf_value=-3.5357113766254429e-08 5.6983620270089963e-05 4.226555966713234e-06 -6.2662214725837126e-06 8.9857775621391007e-06 2.1573386388687886e-05 4.4167637790367393e-05
leaf_weight=2090 37 368 591 500 42 47
leaf_count=2090 37 368 591 500 42 47
internal_value=-2.88701e-06 -2.14655e-05 -0.000220299 5.21565e-05 0.000520409 0.000520409
internal_weight=3675 3549 959 2590 126 84
internal_count=3675 3549 959 2590 126 84
is_linear=0
shrinkage=0.0173253


Tree=459
num_leaves=7
num_cat=0
split_feature=0 6 1 7 3 3
split_gain=0.124294 0.176625 0.377446 0.162006 0.0723552 0.353418
threshold=0.0041458057714138007 0.0052628517283828885 -0.0021226501817658496 0.0045921236667502818 -0.0019638958830411495 -0.00088454707180549987
decision_type=2 2 2 2 2 2
left_child=1 3 -3 -1 -2 -6
right_child=4 2 -4 -5 5 -7
leaf_value=-1.2464209133724603e-07 9.4083784289933643e-06 3.1233076214648523e-06 -5.4954289754059741e-06 2.3166022949562744e-06 -9.2600543343463963e-07 8.8340799777426369e-07
leaf_weight=852 287 522 810 637 61 506
leaf_count=852 287 522 810 637 61 506
internal_value=-7.60138e-06 -6.30392e-05 -0.000207984 6.66223e-05 0.000175525 6.20666e-05
internal_weight=3675 2821 1332 1489 854 567
internal_count=3675 2821 1332 1489 854 567
is_linear=0
shrinkage=0.0173253


Tree=460
num_leaves=7
num_cat=0
split_feature=3 4 1 5 6 7
split_gain=0.196366 0.215174 0.305527 0.216362 0.0795869 0.128177
threshold=-0.0025282713840577499 0.0030455136241061853 0.0017609760317306002 0.0093424978587294174 0.0068246398545956126 0.0066024586595150236
decision_type=2 2 2 2 2 2
left_child=4 3 -3 -2 -1 -6
right_child=1 2 -4 -5 5 -7
leaf_value=4.3864635631370554e-06 -2.0071741078717823e-07 6.7493668703798608e-06 -4.0495005867316777e-07 -5.8466467807052082e-06 -4.4082860728974818e-05 2.1238196531282505e-07
leaf_weight=677 968 668 691 288 33 350
leaf_count=677 968 668 691 288 33 350
internal_value=-2.17445e-05 -0.000102376 4.87109e-05 -0.000265852 0.000177171 -2.24215e-05
internal_weight=3675 2615 1359 1256 1060 383
internal_count=3675 2615 1359 1256 1060 383
is_linear=0
shrinkage=0.0173253


Tree=461
num_leaves=7
num_cat=0
split_feature=3 4 6 4 3 5
split_gain=0.145017 0.198012 0.26871 0.0976287 0.13129 0.127731
threshold=-0.0025282713840577499 0.029137955590815962 0.0045387942382008771 -0.0082280281027608589 -0.0090726236265221989 0.0090759783817190194
decision_type=2 2 2 2 2 2
left_child=3 2 -2 5 -5 -1
right_child=1 -3 -4 4 -6 -7
leaf_value=-1.126863619919241e-06 7.3632182670675352e-07 1.834589135119396e-05 -1.336403687541023e-06 -5.8153530885015429e-07 6.9469835166362705e-06 2.3494406041562554e-06
leaf_weight=284 932 323 1360 114 487 175
leaf_count=284 932 323 1360 114 487 175
internal_value=-2.64589e-05 -9.57503e-05 -0.000152346 0.000144482 0.000289789 -4.57786e-05
internal_weight=3675 2615 2292 1060 601 459
internal_count=3675 2615 2292 1060 601 459
is_linear=0
shrinkage=0.0173253


Tree=462
num_leaves=7
num_cat=0
split_feature=0 1 6 3 3 6
split_gain=0.137423 0.161128 0.247245 0.0723552 0.353418 0.0644941
threshold=0.0041458057714138007 -0.010845978127219848 0.006960153048948735 -0.0019638958830411495 -0.00088454707180549987 0.011760657311159545
decision_type=2 2 2 2 2 2
left_child=1 -1 -3 5 -5 -2
right_child=3 2 -4 4 -6 -7
leaf_value=1.5482291398278857e-05 1.0200695475638177e-05 -8.14748552489981e-09 -5.9544779721248438e-06 -8.8973267930322116e-07 6.8799719360840492e-07 3.3418698926682351e-06
leaf_weight=130 236 2123 568 61 506 51
leaf_count=130 236 2123 568 61 506 51
internal_value=-1.70301e-05 -7.53223e-05 -0.000104102 0.000175525 6.20666e-05 0.000399675
internal_weight=3675 2821 2691 854 567 287
internal_count=3675 2821 2691 854 567 287
is_linear=0
shrinkage=0.0173253


Tree=463
num_leaves=7
num_cat=0
split_feature=4 2 3 6 7 6
split_gain=0.148763 0.177315 0.163234 0.12182 0.223396 0.0251748
threshold=0.016618178315777856 -0.009832994248619548 0.0036544159772247506 0.0070763737474529081 0.0077456221597107791 0.0058302403373993528
decision_type=2 2 2 2 2 2
left_child=1 5 -3 -2 -5 -1
right_child=3 2 -4 4 -6 -7
leaf_value=1.0611384513346541e-05 1.7561551201134516e-05 -4.1989484698901114e-08 -1.7313257338758629e-06 -5.9210331702496515e-06 1.5148324516207663e-06 1.1524992838319987e-05
leaf_weight=33 367 2161 563 56 333 162
leaf_count=33 367 2161 563 56 333 162
internal_value=-1.70301e-05 -7.31278e-05 -0.000109256 0.000199569 -1.40488e-05 0.000431561
internal_weight=3675 2919 2724 756 389 195
internal_count=3675 2919 2724 756 389 195
is_linear=0
shrinkage=0.0173253


Tree=464
num_leaves=7
num_cat=0
split_feature=4 2 6 6 7 6
split_gain=0.142358 0.173169 0.164809 0.12182 0.223396 0.0251748
threshold=0.016618178315777856 -0.009832994248619548 0.006960153048948735 0.0070763737474529081 0.0077456221597107791 0.0058302403373993528
decision_type=2 2 2 2 2 2
left_child=1 5 -3 -2 -5 -1
right_child=3 2 -4 4 -6 -7
leaf_value=1.0427538812136376e-05 1.7257291592894918e-05 -1.4372876305839347e-08 -5.2520726687667923e-06 -5.8184493374138796e-06 1.4885874848180324e-06 1.1325318574595248e-05
leaf_weight=33 367 2181 543 56 333 162
leaf_count=33 367 2181 543 56 333 162
internal_value=-1.23158e-05 -6.71924e-05 -0.000102896 0.000199569 -1.40488e-05 0.000431561
internal_weight=3675 2919 2724 756 389 195
internal_count=3675 2919 2724 756 389 195
is_linear=0
shrinkage=0.0173253


Tree=465
num_leaves=7
num_cat=0
split_feature=4 5 7 1 1 7
split_gain=0.141247 0.169453 0.219386 0.143187 0.211855 0.184395
threshold=0.0030455136241061853 0.0046041997355731968 0.0045363092710098704 -0.00084073547838314983 -5.4256283497954994e-05 0.0098677481219780743
decision_type=2 2 2 2 2 2
left_child=1 -1 -3 5 -5 -2
right_child=3 2 -4 4 -6 -7
leaf_value=5.81627979087481e-06 9.7267791029531251e-06 -1.4761311013924357e-06 -1.9803038828213935e-07 -4.7261244582086716e-06 1.1116629077576976e-07 -1.0183305051231614e-05
leaf_weight=430 387 308 1252 93 1132 73
leaf_count=430 387 308 1252 93 1132 73
internal_value=-7.60138e-06 -0.000106437 -0.000190374 0.000109125 1.12561e-05 0.000369754
internal_weight=3675 1990 1560 1685 1225 460
internal_count=3675 1990 1560 1685 1225 460
is_linear=0
shrinkage=0.0173253


Tree=466
num_leaves=7
num_cat=0
split_feature=4 2 3 1 2 2
split_gain=0.123988 0.161025 0.180679 0.124343 0.141891 0.0988974
threshold=0.016618178315777856 -0.009832994248619548 0.004547829071406051 0.0050339586363362014 0.0021705872079635503 -0.0069804472306175492
decision_type=2 2 2 2 2 2
left_child=1 -1 -3 5 -5 -2
right_child=3 2 -4 4 -6 -7
leaf_value=1.0805266407550595e-05 -1.1369457392611868e-05 -1.619898002742368e-08 -3.5377631516420392e-06 2.88327454109836e-05 -1.7016048837211647e-06 1.7483489302223791e-05
leaf_weight=195 34 2296 428 94 240 388
leaf_count=195 34 2296 428 94 240 388
internal_value=1.82737e-06 -4.93863e-05 -8.38154e-05 0.000199569 -5.0186e-05 0.000397243
internal_weight=3675 2919 2724 756 334 422
internal_count=3675 2919 2724 756 334 422
is_linear=0
shrinkage=0.0173253


Tree=467
num_leaves=7
num_cat=0
split_feature=2 4 2 6 4 3
split_gain=0.134287 0.173568 0.165757 0.375614 0.132562 0.106087
threshold=0.0015921333548367001 0.0027041889798569579 0.0036544159772247506 0.0084219068401703793 0.0015183966240199809 -0.0013304105790279998
decision_type=2 2 2 2 2 2
left_child=1 4 3 -2 -1 -4
right_child=2 -3 5 -5 -6 -7
leaf_value=3.5901036060212071e-09 -2.9027125683074934e-07 4.2310733936774523e-06 7.1105457798460733e-06 -1.860181884530617e-05 -4.5638199255535566e-07 -2.2384118557727986e-07
leaf_weight=1340 442 808 326 53 66 640
leaf_count=1340 442 808 326 53 66 640
internal_value=-2.88701e-06 8.21889e-05 -0.000131811 -0.000389609 -3.41005e-05 2.9007e-07
internal_weight=3675 2214 1461 495 1406 966
internal_count=3675 2214 1461 495 1406 966
is_linear=0
shrinkage=0.0173253


Tree=468
num_leaves=6
num_cat=0
split_feature=6 1 1 3 3
split_gain=0.121272 0.138281 0.312735 0.155704 0.116713
threshold=0.018293519976944412 -0.0012746133425421996 -0.0010105801069142499 -0.011844497680753697 -0.0066933404136131991
decision_type=2 2 2 2 2
left_child=1 3 -3 -1 -2
right_child=4 2 -4 -5 -6
leaf_value=-2.6061876961628963e-06 9.417475045537927e-06 -8.7344520023578157e-06 -3.1942893106574088e-08 2.1496200417136328e-06 -2.4264871255122217e-05
leaf_weight=34 34 70 2181 1320 36
leaf_count=34 34 70 2181 1320 36
internal_value=-2.88701e-06 1.09815e-05 -7.22392e-05 0.000149334 -0.000717115
internal_weight=3675 3605 2251 1354 70
internal_count=3675 3605 2251 1354 70
is_linear=0
shrinkage=0.0173253


Tree=469
num_leaves=7
num_cat=0
split_feature=1 4 0 3 7 4
split_gain=0.139864 0.168179 0.176011 0.159983 0.0824322 0.291266
threshold=-0.0034614871622923493 -0.0071600129396474392 -0.0060633027745422485 -0.0024028007439300496 0.0059573111930611104 -0.025463261997005507
decision_type=2 2 2 2 2 2
left_child=4 2 -2 -3 5 -1
right_child=1 3 -4 -5 -6 -7
leaf_value=-1.2113993546204065e-05 3.7687103164025826e-06 5.6455637523359244e-06 -2.6687985532609229e-06 -9.1609099228437399e-08 9.0691833438928826e-06 2.1313606863137388e-06
leaf_weight=33 153 522 478 1637 503 349
leaf_count=33 153 522 478 1637 503 349
internal_value=-2.17445e-05 -8.19415e-05 -0.000330756 -9.22161e-06 0.000168029 -2.38425e-05
internal_weight=3675 2790 631 2159 885 382
internal_count=3675 2790 631 2159 885 382
is_linear=0
shrinkage=0.0173253


Tree=470
num_leaves=7
num_cat=0
split_feature=3 3 4 6 7 2
split_gain=0.143353 0.299892 0.224111 0.174236 0.554176 0.103113
threshold=-0.0013304105790279998 -0.0011814229539044497 0.0030455136241061853 0.0073255955011117223 0.0073364718188774257 -0.0082000066009861976
decision_type=2 2 2 2 2 2
left_child=3 -2 -3 5 -5 -1
right_child=1 2 -4 4 -6 -7
leaf_value=-9.371406466824314e-06 -4.1410298068400506e-06 -8.3782915594364514e-07 1.0425035388820602e-06 -3.7587999385025633e-05 1.2005761366645913e-07 2.9653527331519835e-06
leaf_weight=50 42 1031 1220 39 325 968
leaf_count=50 42 1031 1220 39 325 968
internal_value=-7.60138e-06 -9.16069e-05 -6.45425e-05 0.00013178 -0.000193547 0.000248105
internal_weight=3675 2293 2251 1382 364 1018
internal_count=3675 2293 2251 1382 364 1018
is_linear=0
shrinkage=0.0173253


Tree=471
num_leaves=7
num_cat=0
split_feature=2 0 6 5 4 4
split_gain=0.1612 0.191611 0.284883 0.136089 0.120237 0.223815
threshold=4.1366719937712896e-05 0.0016329582692411503 0.0070763737474529081 0.012383753046958761 0.0027041889798569579 0.0015183966240199809
decision_type=2 2 2 2 2 2
left_child=4 2 -2 -3 5 -1
right_child=1 3 -4 -5 -6 -7
leaf_value=2.603372948432503e-07 -5.1514958133651034e-08 -6.2352532249984252e-09 -6.7690351504041937e-06 9.6033808645960523e-06 6.8837412771208279e-06 -2.6922053162167397e-06
leaf_weight=1114 804 669 283 155 597 53
leaf_count=1114 804 669 283 155 597 53
internal_value=-3.11733e-05 -0.000141417 -0.000292463 5.78392e-05 8.82576e-05 -1.40488e-05
internal_weight=3675 1911 1087 824 1764 1167
internal_count=3675 1911 1087 824 1764 1167
is_linear=0
shrinkage=0.0173253


Tree=472
num_leaves=7
num_cat=0
split_feature=2 4 3 1 4 4
split_gain=0.162262 0.186564 0.209422 0.178799 0.108717 0.114844
threshold=4.1366719937712896e-05 0.010200169713301782 0.004547829071406051 0.0027031775613827504 0.0027041889798569579 0.0015183966240199809
decision_type=2 2 2 2 2 2
left_child=4 2 -2 -3 5 -1
right_child=1 3 -4 -5 -6 -7
leaf_value=2.558268662124663e-07 -1.3067483756167251e-07 1.1491300494088775e-05 -4.2585013137946134e-06 -4.1932308223880843e-07 6.7644782120184606e-06 -2.6455619801337794e-06
leaf_weight=1114 969 344 165 433 597 53
leaf_count=1114 969 344 165 433 597 53
internal_value=-2.17445e-05 -0.000132351 -0.000274051 7.44542e-05 9.80792e-05 7.97232e-07
internal_weight=3675 1911 1134 777 1764 1167
internal_count=3675 1911 1134 777 1764 1167
is_linear=0
shrinkage=0.0173253


Tree=473
num_leaves=7
num_cat=0
split_feature=2 0 0 4 4 4
split_gain=0.131603 0.162199 0.34171 0.126211 0.10131 0.121636
threshold=0.00039574722625235003 0.0016329582692411503 0.00056179427013325009 -0.0047532654877180313 0.0027041889798569579 0.0020009213776029018
decision_type=2 2 2 2 2 2
left_child=4 2 -2 -3 5 -1
right_child=1 3 -4 -5 -6 -7
leaf_value=7.3050014822005288e-08 -3.3865805744933249e-07 -1.9218288299863142e-06 -5.4949407060724329e-06 9.2468313398277964e-07 5.2189988088118593e-06 -8.1964171417177539e-07
leaf_weight=1192 896 100 127 683 644 33
leaf_count=1192 896 100 127 683 644 33
internal_value=-2.64589e-05 -0.000131929 -0.000275574 5.57446e-05 7.54564e-05 -1.70301e-05
internal_weight=3675 1806 1023 783 1869 1225
internal_count=3675 1806 1023 783 1869 1225
is_linear=0
shrinkage=0.0173253


Tree=474
num_leaves=7
num_cat=0
split_feature=2 2 6 1 1 3
split_gain=0.144602 0.180585 0.356778 0.161529 0.197915 0.121573
threshold=0.0015921333548367001 0.0036544159772247506 0.0084219068401703793 0.0039111632593676008 0.0035706516732948003 -0.0013304105790279998
decision_type=2 2 2 2 2 2
left_child=3 2 -2 4 -1 -3
right_child=1 5 -4 -5 -6 -7
leaf_value=7.3660337232472511e-08 -2.603078048415094e-07 6.902294328301158e-06 -1.8216982182083992e-05 1.0701050844609664e-05 -7.9661483404998734e-06 -2.6553892873751774e-07
leaf_weight=1733 442 326 53 441 40 640
leaf_count=1733 442 326 53 441 40 640
internal_value=-2.17445e-05 -0.000155528 -0.000424609 6.65382e-05 -7.26635e-06 -1.76451e-05
internal_weight=3675 1461 495 2214 1773 966
internal_count=3675 1461 495 2214 1773 966
is_linear=0
shrinkage=0.0173253


Tree=475
num_leaves=7
num_cat=0
split_feature=2 1 0 2 1 5
split_gain=0.160458 0.187289 0.354991 0.189756 0.153979 0.148697
threshold=0.0015921333548367001 0.0037519375283393002 0.0048505373491007009 0.0018811237563041503 0.0039807172367611514 0.0041445741621724099
decision_type=2 2 2 2 2 2
left_child=4 3 -3 -2 5 -1
right_child=1 2 -4 -5 -6 -7
leaf_value=8.8025282188224585e-06 -1.9071279286122869e-06 -4.491816561093693e-06 9.6367030017763321e-07 2.5442093036538439e-06 1.2063233275677954e-05 -1.4972466570888997e-07
leaf_weight=300 57 298 186 920 432 1482
leaf_count=300 57 298 186 920 432 1482
internal_value=-2.64589e-05 -0.000167387 -0.000446087 -2.93203e-05 6.65382e-05 -4.60133e-06
internal_weight=3675 1461 484 977 2214 1782
internal_count=3675 1461 484 977 2214 1782
is_linear=0
shrinkage=0.0173253


Tree=476
num_leaves=7
num_cat=0
split_feature=5 5 6 3 3 0
split_gain=0.146765 0.150728 0.163564 0.102805 0.308206 2.77556e-17
threshold=0.0041445741621724099 0.0042570617069920338 0.0070482595608196601 -0.00069370098755459984 4.1366719937712896e-05 0.0039807172367611514
decision_type=2 2 2 2 2 2
left_child=3 -2 -3 5 -5 -1
right_child=1 2 -4 4 -6 -7
leaf_value=7.0533119492476596e-06 -8.0281766429001447e-06 7.4340809685005973e-08 -1.4770339417151431e-06 -1.9276558739741418e-05 6.1066434264170179e-06 3.0486320689423099e-05
leaf_weight=196 60 2062 994 34 293 36
leaf_count=196 60 2062 994 34 293 36
internal_value=-1.70301e-05 -6.34038e-05 -4.65197e-05 0.000241468 4.35647e-05 0.000520409
internal_weight=3675 3116 3056 559 327 232
internal_count=3675 3116 3056 559 327 232
is_linear=0
shrinkage=0.0173253


Tree=477
num_leaves=7
num_cat=0
split_feature=0 6 7 7 0 1
split_gain=0.12555 0.212893 0.378312 0.259158 1.38778e-17 1.38778e-17
threshold=0.014872976537839751 0.0073255955011117223 0.0077456221597107791 0.0064430616256729058 0.021251645489157155 0.0047386425464274002
decision_type=2 2 2 2 2 2
left_child=1 3 -3 -1 5 -2
right_child=4 2 -4 -5 -6 -7
leaf_value=-4.3379001911977992e-08 5.4612017700746107e-05 -5.7894490807062266e-06 -7.6531659192278019e-07 8.5212841700050187e-06 2.0522726839271222e-05 4.3587484550692886e-05
leaf_weight=2260 37 154 668 467 42 47
leaf_count=2260 37 154 668 467 42 47
internal_value=-1.70301e-05 -3.61108e-05 -0.000280519 3.75612e-05 0.000520409 0.000520409
internal_weight=3675 3549 822 2727 126 84
internal_count=3675 3549 822 2727 126 84
is_linear=0
shrinkage=0.0173253


Tree=478
num_leaves=7
num_cat=0
split_feature=1 3 4 6 7 5
split_gain=0.128348 0.242097 0.337391 0.211636 0.129311 0.451919
threshold=-0.0026728295375107996 0.0039111632593676008 0.03588522298274982 0.006960153048948735 0.0044586076118351969 0.0076161667907217482
decision_type=2 2 2 2 2 2
left_child=4 3 -3 -2 5 -1
right_child=1 2 -4 -5 -6 -7
leaf_value=4.9262652831708382e-06 2.9308027334793859e-07 -4.7899976330188144e-06 2.1607817262619963e-05 -1.9653465647599876e-06 3.4001465834611099e-06 -2.755172862622376e-06
leaf_weight=140 1567 506 137 432 860 33
leaf_count=140 1567 506 137 432 860 33
internal_value=-1.23158e-05 -7.63381e-05 -0.000368761 1.77228e-05 0.000151428 -0.000280763
internal_weight=3675 2642 643 1999 1033 173
internal_count=3675 2642 643 1999 1033 173
is_linear=0
shrinkage=0.0173253


Tree=479
num_leaves=7
num_cat=0
split_feature=1 6 1 3 7 4
split_gain=0.1251 0.229885 0.45489 0.162649 0.104381 0.274237
threshold=-0.0026728295375107996 0.006960153048948735 -0.0016614639481374999 0.004547829071406051 0.0059573111930611104 -0.026778636178150166
decision_type=2 2 2 2 2 2
left_child=4 3 -3 -2 5 -1
right_child=1 2 -4 -5 -6 -7
leaf_value=-1.1128295959435657e-05 2.702694315041439e-07 -3.6770941410767784e-05 -2.1673188462678822e-06 -1.471749761750651e-06 8.436037874494199e-06 1.7611465380216826e-07
leaf_weight=34 1640 39 656 307 550 449
leaf_count=34 1640 39 656 307 550 449
internal_value=6.54174e-06 -5.66651e-05 -0.000327161 3.9891e-05 0.0001682 -1.76451e-05
internal_weight=3675 2642 695 1947 1033 483
internal_count=3675 2642 695 1947 1033 483
is_linear=0
shrinkage=0.0173253


Tree=480
num_leaves=7
num_cat=0
split_feature=2 2 6 1 1 6
split_gain=0.129273 0.181358 0.375614 0.130328 0.145273 0.128825
threshold=0.0015921333548367001 0.0036544159772247506 0.0084219068401703793 0.0039807172367611514 0.0025942039715296504 0.0053175518186881548
decision_type=2 2 2 2 2 2
left_child=3 2 -2 4 -1 -3
right_child=1 5 -4 -5 -6 -7
leaf_value=7.0261824823214097e-08 -1.7440391577159584e-07 9.2857890427709338e-06 -1.7694931892019623e-05 1.1729536694091339e-05 -7.696256339586758e-06 -4.0491633742822159e-07
leaf_weight=1602 442 319 53 432 180 647
leaf_count=1602 442 319 53 432 180 647
internal_value=6.54174e-06 -0.000119953 -0.000389609 9.00143e-05 2.45659e-05 1.82252e-05
internal_weight=3675 1461 495 2214 1782 966
internal_count=3675 1461 495 2214 1782 966
is_linear=0
shrinkage=0.0173253


Tree=481
num_leaves=7
num_cat=0
split_feature=4 2 3 5 0 2
split_gain=0.133391 0.200556 0.251098 0.125818 0.0887279 0.0171703
threshold=0.033433576868928457 0.0015921333548367001 0.0039111632593676008 0.0087487305686718194 -0.0024737152764991496 0.013113923673456502
decision_type=2 2 2 2 2 2
left_child=1 3 -3 -1 -2 -6
right_child=4 2 -4 -5 5 -7
leaf_value=9.3168179424705996e-07 -1.3587837751203008e-05 -6.5639830285674146e-08 -7.4587678308983835e-06 -7.082832266689918e-07 3.0493421367212275e-05 9.9404177532990383e-06
leaf_weight=1536 35 924 299 608 225 48
leaf_count=1536 35 924 299 608 225 48
internal_value=6.54174e-06 -2.50279e-05 -0.00020207 7.59622e-05 0.000351655 0.000456946
internal_weight=3675 3367 1223 2144 308 273
internal_count=3675 3367 1223 2144 308 273
is_linear=0
shrinkage=0.0173253


Tree=482
num_leaves=7
num_cat=0
split_feature=5 5 0 3 3 0
split_gain=0.126133 0.158625 0.139639 0.102805 0.308206 2.77556e-17
threshold=0.0041445741621724099 0.0042570617069920338 0.0041458057714138007 -0.00069370098755459984 4.1366719937712896e-05 0.0039807172367611514
decision_type=2 2 2 2 2 2
left_child=3 -2 -3 5 -5 -1
right_child=1 2 -4 4 -6 -7
leaf_value=6.908383801067028e-06 -7.5042571099440729e-06 -2.4082965407435031e-07 4.5135899285065421e-07 -1.9046681093975297e-05 5.8647081729061147e-06 2.9789076480946277e-05
leaf_weight=196 60 2294 762 34 293 36
leaf_count=196 60 2294 762 34 293 36
internal_value=1.82737e-06 -4.11633e-05 -2.38425e-05 0.000241468 4.35647e-05 0.000520409
internal_weight=3675 3116 3056 559 327 232
internal_count=3675 3116 3056 559 327 232
is_linear=0
shrinkage=0.0173253


Tree=483
num_leaves=7
num_cat=0
split_feature=2 6 7 7 1 1
split_gain=0.135274 0.218151 0.334962 0.247494 0.0714577 0.288584
threshold=-0.0050201711905507491 0.0070482595608196601 0.0067207060065732254 0.0061649341299089251 -0.0025282713840577499 0.00029602295067185006
decision_type=2 2 2 2 2 2
left_child=4 3 -3 -2 -1 -6
right_child=1 2 -4 -5 5 -7
leaf_value=1.1297970616654752e-05 -6.5894081157442961e-08 -3.732432259803109e-05 -1.0564899271149436e-06 7.2492348897360299e-06 -5.5774478701678027e-06 1.0138479043143815e-05
leaf_weight=253 1836 46 708 440 121 271
leaf_count=253 1836 46 708 440 121 271
internal_value=-2.88701e-06 -5.13844e-05 -0.000306795 3.32289e-05 0.000224938 7.8436e-05
internal_weight=3675 3030 754 2276 645 392
internal_count=3675 3030 754 2276 645 392
is_linear=0
shrinkage=0.0173253


Tree=484
num_leaves=7
num_cat=0
split_feature=2 4 3 1 1 6
split_gain=0.126218 0.177827 0.232454 0.152779 0.0997536 0.158323
threshold=4.1366719937712896e-05 0.010200169713301782 0.004547829071406051 0.0027031775613827504 0.0039807172367611514 0.016400753950310102
decision_type=2 2 2 2 2 2
left_child=4 2 -2 -3 5 -1
right_child=1 3 -4 -5 -6 -7
leaf_value=2.488268927633843e-07 -2.0927849748510086e-07 1.1201394947602282e-05 -4.040808626001739e-06 -2.3602665448768127e-07 1.0534783660756317e-05 -2.2567652429488475e-05
leaf_weight=1380 969 344 165 433 337 47
leaf_count=1380 969 344 165 433 337 47
internal_value=-7.60138e-06 -0.000105153 -0.000243495 9.67519e-05 9.80792e-05 3.47652e-05
internal_weight=3675 1911 1134 777 1764 1427
internal_count=3675 1911 1134 777 1764 1427
is_linear=0
shrinkage=0.0173253


Tree=485
num_leaves=7
num_cat=0
split_feature=2 6 0 7 4 7
split_gain=0.146702 0.199054 0.348723 0.203586 0.0864604 0.184394
threshold=-0.0050201711905507491 0.0070482595608196601 0.0041458057714138007 0.0061785421127324306 -0.013391464664005525 0.0073364718188774257
decision_type=2 2 2 2 2 2
left_child=4 3 -3 -2 5 -1
right_child=1 2 -4 -5 -6 -7
leaf_value=-4.4725024477325844e-06 -9.2373099655298561e-08 -5.3214293314933825e-06 1.9226151716016819e-06 7.8600856683388162e-06 1.3038582018077692e-05 3.0537138291078148e-06
leaf_weight=147 1848 463 291 428 390 108
leaf_count=147 1848 463 291 428 390 108
internal_value=-1.23158e-05 -6.28202e-05 -0.000306795 1.80045e-05 0.000224938 -2.31311e-05
internal_weight=3675 3030 754 2276 645 255
internal_count=3675 3030 754 2276 645 255
is_linear=0
shrinkage=0.0173253


Tree=486
num_leaves=7
num_cat=0
split_feature=1 6 7 5 3 3
split_gain=0.135845 0.241432 0.349101 0.172469 0.108765 0.229173
threshold=-0.0026728295375107996 0.0052628517283828885 0.0058073027305565912 0.0073181521947373171 0.0022073227485360507 0.0013855474920313503
decision_type=2 2 2 2 2 2
left_child=4 3 -3 -2 5 -1
right_child=1 2 -4 -5 -6 -7
leaf_value=2.4564229765889787e-06 -3.3024297712074239e-08 -8.1625351322240344e-06 -3.5236260884727917e-07 2.3970171324479165e-06 5.1801123986325939e-06 -7.687778034812386e-06
leaf_weight=597 1000 174 1129 339 381 55
leaf_count=597 1000 174 1129 339 381 55
internal_value=-1.70301e-05 -8.28958e-05 -0.000250788 8.04824e-05 0.000151428 1.55294e-05
internal_weight=3675 2642 1303 1339 1033 652
internal_count=3675 2642 1303 1339 1033 652
is_linear=0
shrinkage=0.0173253


Tree=487
num_leaves=7
num_cat=0
split_feature=0 6 7 7 0 1
split_gain=0.12555 0.175843 0.526774 0.174637 1.38778e-17 1.38778e-17
threshold=0.014872976537839751 0.0052423300298717335 0.0050579514975674002 0.0045921236667502818 0.021251645489157155 0.0047386425464274002
decision_type=2 2 2 2 2 2
left_child=1 3 -3 -1 5 -2
right_child=4 2 -4 -5 -6 -7
leaf_value=-7.6044701151640501e-08 5.304976052725278e-05 -6.7878435118913171e-06 -2.5791883316599021e-07 2.6429764568179552e-06 1.8871430667384397e-05 4.2539539805926996e-05
leaf_weight=990 37 39 1814 706 42 47
leaf_count=990 37 39 1814 706 42 47
internal_value=-1.70301e-05 -3.61108e-05 -0.000152783 9.13616e-05 0.000520409 0.000520409
internal_weight=3675 3549 1853 1696 126 84
internal_count=3675 3549 1853 1696 126 84
is_linear=0
shrinkage=0.0173253


Tree=488
num_leaves=7
num_cat=0
split_feature=2 2 6 3 1 1
split_gain=0.168166 0.203539 0.358137 0.121573 0.1057 0.13402
threshold=0.0016357925112888002 0.0036544159772247506 0.0084219068401703793 -0.0013304105790279998 0.0039807172367611514 0.0035706516732948003
decision_type=2 2 2 2 2 2
left_child=4 2 -2 -3 5 -1
right_child=1 3 -4 -5 -6 -7
leaf_value=7.93495474099689e-08 -3.7640381912984728e-07 6.8193610836187947e-06 -1.7377866123578125e-05 -3.7857935325077573e-07 1.1238188304975882e-05 -7.5333894048437878e-06
leaf_weight=1746 428 326 52 640 433 50
leaf_count=1746 428 326 52 640 433 50
internal_value=-1.70301e-05 -0.00016254 -0.000454141 -1.76451e-05 7.73652e-05 1.87844e-05
internal_weight=3675 1446 480 966 2229 1796
internal_count=3675 1446 480 966 2229 1796
is_linear=0
shrinkage=0.0173253


Tree=489
num_leaves=7
num_cat=0
split_feature=2 0 1 1 5 0
split_gain=0.146234 0.234604 0.242491 0.105164 0.125804 0.0566089
threshold=0.0016357925112888002 0.0058731031184796516 0.0037519375283393002 0.0039111632593676008 0.0041445741621724099 0.0096662020922502513
decision_type=2 2 2 2 2 2
left_child=3 2 -2 4 -1 -3
right_child=1 5 -4 -5 -6 -7
leaf_value=8.5252836102879293e-06 -1.020603920410643e-07 6.9398210698874594e-06 -2.5747331552814434e-06 9.5950490499543944e-06 -1.3471744955324083e-07 7.6527333272323785e-07
leaf_weight=302 819 156 325 442 1485 146
leaf_count=302 819 156 325 442 1485 146
internal_value=-2.88701e-06 -0.000138577 -0.000251962 8.51379e-05 2.59532e-05 0.000290934
internal_weight=3675 1446 1144 2229 1787 302
internal_count=3675 1446 1144 2229 1787 302
is_linear=0
shrinkage=0.0173253


Tree=490
num_leaves=7
num_cat=0
split_feature=1 3 4 3 3 3
split_gain=0.128348 0.242097 0.337391 0.175659 0.108765 0.229173
threshold=-0.0026728295375107996 0.0039111632593676008 0.03588522298274982 0.0022545057408387506 0.0022073227485360507 0.0013855474920313503
decision_type=2 2 2 2 2 2
left_child=4 3 -3 -2 5 -1
right_child=1 2 -4 -5 -6 -7
leaf_value=2.4192924414950597e-06 -5.0441804372652529e-08 -3.8623423910218505e-06 2.0361725955622971e-05 3.4890035078602662e-06 5.0969993069469603e-06 -7.4799767226598628e-06
leaf_weight=597 1752 506 137 247 381 55
leaf_count=597 1752 506 137 247 381 55
internal_value=-1.23158e-05 -7.63381e-05 -0.000368761 1.77228e-05 0.000151428 1.55294e-05
internal_weight=3675 2642 643 1999 1033 652
internal_count=3675 2642 643 1999 1033 652
is_linear=0
shrinkage=0.0173253


Tree=491
num_leaves=7
num_cat=0
split_feature=6 7 4 1 7 6
split_gain=0.131265 0.198453 0.564569 0.199288 0.139111 0.195623
threshold=0.0035557066116390394 0.0044586076118351969 -0.010734562466713079 -0.0027367369801654493 0.0032579985093029091 0.0027519908283258959
decision_type=2 2 2 2 2 2
left_child=4 2 -2 -3 5 -1
right_child=1 3 -4 -5 -6 -7
leaf_value=1.1527864292179877e-05 -1.4988993840795335e-06 2.9743333203475721e-06 -9.1009157770601194e-07 -2.108477106631104e-07 6.8735296782868348e-06 -1.3986610152755188e-06
leaf_weight=97 43 845 340 1906 406 38
leaf_count=97 43 845 340 1906 406 38
internal_value=-1.70301e-05 -6.00507e-05 -0.000429544 -8.60904e-06 0.000232187 -0.000249606
internal_weight=3675 3134 383 2751 541 135
internal_count=3675 3134 383 2751 541 135
is_linear=0
shrinkage=0.0173253


Tree=492
num_leaves=7
num_cat=0
split_feature=5 0 1 1 7 2
split_gain=0.157667 0.155722 0.196307 0.153 0.190956 0.0841492
threshold=0.0041445741621724099 0.0041458057714138007 -0.010845978127219848 0.0027031775613827504 0.0047343615605960655 0.0057393807435530009
decision_type=2 2 2 2 2 2
left_child=3 2 -2 5 -5 -1
right_child=1 -3 -4 4 -6 -7
leaf_value=1.0143199450370976e-05 1.498474118834303e-05 3.8868452629720636e-07 -5.6278762569670073e-07 -2.6110631804224587e-06 1.7239928550754328e-05 -2.2822757194159625e-06
leaf_weight=390 126 772 2218 55 75 39
leaf_count=390 126 772 2218 55 75 39
internal_value=-2.64589e-05 -7.4524e-05 -0.000144813 0.000241468 -0.000279222 0.000399252
internal_weight=3675 3116 2344 559 130 429
internal_count=3675 3116 2344 559 130 429
is_linear=0
shrinkage=0.0173253


Tree=493
num_leaves=6
num_cat=0
split_feature=0 6 3 0 1
split_gain=0.129994 0.196794 0.135106 1.38778e-17 1.38778e-17
threshold=0.014872976537839751 0.018293519976944412 0.013113923673456502 0.021251645489157155 0.0047386425464274002
decision_type=2 2 2 2 2
left_child=1 2 -1 4 -2
right_child=3 -3 -4 -5 -6
leaf_value=-8.5508908091974899e-08 5.2027661048466673e-05 -2.6399559730128365e-05 2.8886305655456001e-05 1.7977383112734598e-05 4.160176505356413e-05
leaf_weight=3366 37 54 129 42 47
leaf_count=3366 37 54 129 42 47
internal_value=-2.64589e-05 -4.58743e-05 -2.98379e-05 0.000520409 0.000520409
internal_weight=3675 3549 3495 126 84
internal_count=3675 3549 3495 126 84
is_linear=0
shrinkage=0.0173253


Tree=494
num_leaves=7
num_cat=0
split_feature=0 6 7 4 0 1
split_gain=0.12555 0.148789 0.531731 0.137543 1.38778e-17 1.38778e-17
threshold=0.014872976537839751 0.0052423300298717335 0.0050579514975674002 0.016618178315777856 0.021251645489157155 0.0047386425464274002
decision_type=2 2 2 2 2 2
left_child=1 3 -3 -1 5 -2
right_child=4 2 -4 -5 -6 -7
leaf_value=1.809672091923974e-08 5.1126264834263994e-05 -6.536128132542893e-06 -2.5616526927690326e-07 1.9855885377232736e-05 1.7665919080861355e-05 4.0881000891429309e-05
leaf_weight=1506 37 39 1814 190 42 47
leaf_count=1506 37 39 1814 190 42 47
internal_value=-1.70301e-05 -3.61108e-05 -0.000143433 8.11462e-05 0.000520409 0.000520409
internal_weight=3675 3549 1853 1696 126 84
internal_count=3675 3549 1853 1696 126 84
is_linear=0
shrinkage=0.0173253


Tree=495
num_leaves=7
num_cat=0
split_feature=0 6 7 7 0 1
split_gain=0.121183 0.164683 0.383508 0.187878 1.38778e-17 1.38778e-17
threshold=0.014872976537839751 0.006960153048948735 0.0064986583638031014 0.0061785421127324306 0.021251645489157155 0.0047386425464274002
decision_type=2 2 2 2 2 2
left_child=1 3 -3 -1 5 -2
right_child=4 2 -4 -5 -6 -7
leaf_value=-4.4818741461873076e-08 5.0240485603769686e-05 -4.1558584313008789e-05 -5.9570869965152109e-07 8.1516065047676752e-06 1.7359851265030364e-05 4.017272420372615e-05
leaf_weight=2090 37 34 925 500 42 47
leaf_count=2090 37 34 925 500 42 47
internal_value=-7.60138e-06 -2.63473e-05 -0.000220299 4.54672e-05 0.000520409 0.000520409
internal_weight=3675 3549 959 2590 126 84
internal_count=3675 3549 959 2590 126 84
is_linear=0
shrinkage=0.0173253


Tree=496
num_leaves=7
num_cat=0
split_feature=0 6 7 7 0 1
split_gain=0.121183 0.164683 0.383508 0.187878 1.38778e-17 1.38778e-17
threshold=0.014872976537839751 0.006960153048948735 0.0064986583638031014 0.0061785421127324306 0.021251645489157155 0.0047386425464274002
decision_type=2 2 2 2 2 2
left_child=1 3 -3 -1 5 -2
right_child=4 2 -4 -5 -6 -7
leaf_value=-4.4042242133149135e-08 4.9370052787642208e-05 -4.0838568271302205e-05 -5.8538785193681835e-07 8.0103772606503431e-06 1.7059086174036874e-05 3.9476718640883062e-05
leaf_weight=2090 37 34 925 500 42 47
leaf_count=2090 37 34 925 500 42 47
internal_value=-7.60138e-06 -2.63473e-05 -0.000220299 4.54672e-05 0.000520409 0.000520409
internal_weight=3675 3549 959 2590 126 84
internal_count=3675 3549 959 2590 126 84
is_linear=0
shrinkage=0.0173253


Tree=497
num_leaves=7
num_cat=0
split_feature=0 6 2 4 0 1
split_gain=0.116894 0.158849 0.255307 0.187133 1.38778e-17 1.38778e-17
threshold=0.014872976537839751 0.007356065808545943 -0.0058918970599300497 0.018113559038266811 0.021251645489157155 0.0047386425464274002
decision_type=2 2 2 2 2 2
left_child=1 3 -3 -1 5 -2
right_child=4 2 -4 -5 -6 -7
leaf_value=-7.4835672637568668e-09 4.8514700504242201e-05 2.8733718229077563e-06 -4.3935086585684161e-06 1.3881429853955575e-05 1.6763531936441803e-05 3.8792771601655451e-05
leaf_weight=2392 37 216 592 349 42 47
leaf_count=2392 37 216 592 349 42 47
internal_value=1.82737e-06 -1.65838e-05 -0.00023007 4.63482e-05 0.000520409 0.000520409
internal_weight=3675 3549 808 2741 126 84
internal_count=3675 3549 808 2741 126 84
is_linear=0
shrinkage=0.0173253


Tree=498
num_leaves=7
num_cat=0
split_feature=0 6 7 7 0 0
split_gain=0.133001 0.13731 0.297608 0.115494 0.0505676 0.208333
threshold=0.006473158662852101 0.0052628517283828885 0.0057107190649512115 0.0045921236667502818 0.009133715888943501 0.010597288040705902
decision_type=2 2 2 2 2 2
left_child=1 3 -3 -1 -2 -6
right_child=4 2 -4 -5 5 -7
leaf_value=-8.6934988105065901e-08 9.4236809100415915e-06 -7.5737174055258477e-06 -1.95770500768013e-07 2.0895546932490143e-06 -8.2103836500918745e-07 1.395008919362709e-05
leaf_weight=940 238 182 1331 690 70 224
leaf_count=940 238 182 1331 690 70 224
internal_value=6.54174e-06 -3.63391e-05 -0.000155199 7.39891e-05 0.000259877 0.000107901
internal_weight=3675 3143 1513 1630 532 294
internal_count=3675 3143 1513 1630 532 294
is_linear=0
shrinkage=0.0173253


Tree=499
num_leaves=7
num_cat=0
split_feature=4 2 6 4 6 7
split_gain=0.142358 0.196663 0.269808 0.1232 0.108623 0.154629
threshold=0.016618178315777856 -0.0050201711905507491 0.0084219068401703793 -0.012079366457968392 0.0074051634419780151 0.0082115319143087288
decision_type=2 2 2 2 2 2
left_child=1 3 -3 -1 -2 -6
right_child=4 2 -4 -5 5 -7
leaf_value=-3.5804440903435914e-08 1.3540445051096068e-05 -1.3421683368773574e-07 -6.8804963452568037e-06 1.6569407560210251e-05 -4.2121830332981546e-06 3.283970486193509e-07
leaf_weight=276 406 2098 245 300 67 283
leaf_count=276 406 2098 245 300 67 283
internal_value=-1.23158e-05 -6.71924e-05 -0.000137702 0.000219622 0.000199569 -2.41017e-05
internal_weight=3675 2919 2343 576 756 350
internal_count=3675 2919 2343 576 756 350
is_linear=0
shrinkage=0.0173253


Tree=500
num_leaves=7
num_cat=0
split_feature=1 6 7 5 7 4
split_gain=0.172708 0.261927 0.676894 0.124579 0.104381 0.274237
threshold=-0.0026728295375107996 0.0047668717076714525 0.0047343615605960655 0.0072956133959898237 0.0059573111930611104 -0.026778636178150166
decision_type=2 2 2 2 2 2
left_child=4 3 -3 -2 5 -1
right_child=1 2 -4 -5 -6 -7
leaf_value=-1.0895863475612241e-05 4.2859438015370367e-08 -1.2045090715179242e-05 -3.7097336701282395e-07 3.3427823244413582e-06 7.7035499016407369e-06 1.4859232982729439e-07
leaf_weight=34 847 41 1506 248 550 449
leaf_count=34 847 41 1506 248 550 449
internal_value=-2.17445e-05 -9.60111e-05 -0.000241144 0.000109031 0.0001682 -1.76451e-05
internal_weight=3675 2642 1547 1095 1033 483
internal_count=3675 2642 1547 1095 1033 483
is_linear=0
shrinkage=0.0173253


Tree=501
num_leaves=7
num_cat=0
split_feature=1 6 7 3 3 4
split_gain=0.151478 0.223063 0.683815 0.108765 0.229173 0.102424
threshold=-0.0026728295375107996 0.0047668717076714525 0.0047343615605960655 0.0022073227485360507 0.0013855474920313503 0.016296583301509862
decision_type=2 2 2 2 2 2
left_child=3 5 -3 4 -1 -2
right_child=1 2 -4 -5 -6 -7
leaf_value=2.4302035044141373e-06 9.4542294503081966e-08 -1.1836405585930861e-05 -3.6454613231004441e-07 4.8960249078034743e-06 -7.1797088552450048e-06 1.9094909640927087e-05
leaf_weight=597 949 41 1506 381 55 146
leaf_count=597 949 41 1506 381 55 146
internal_value=-2.64589e-05 -9.60111e-05 -0.000229945 0.000151428 1.55294e-05 9.32087e-05
internal_weight=3675 2642 1547 1033 652 1095
internal_count=3675 2642 1547 1033 652 1095
is_linear=0
shrinkage=0.0173253


Tree=502
num_leaves=7
num_cat=0
split_feature=3 6 7 7 5 5
split_gain=0.156107 0.225714 0.575787 0.125884 0.100096 0.101774
threshold=-0.0024028007439300496 0.0041705504327496732 0.0047343615605960655 0.003706112347910592 0.0044108142972441857 0.0054126206042622912
decision_type=2 2 2 2 2 2
left_child=4 3 -3 -2 -1 -6
right_child=1 2 -4 -5 5 -7
leaf_value=5.8164144069634939e-06 -8.6109093640271027e-08 -3.339701651570052e-06 -1.6287588786673003e-07 9.2244223197565278e-06 -1.431237048789104e-06 2.3210143517822552e-06
leaf_weight=173 291 191 1655 450 136 779
leaf_count=173 291 191 1655 450 136 779
internal_value=-3.58876e-05 -0.000109116 -0.000211647 0.000146312 0.000138232 6.59738e-05
internal_weight=3675 2587 1846 741 1088 915
internal_count=3675 2587 1846 741 1088 915
is_linear=0
shrinkage=0.0173253


Tree=503
num_leaves=7
num_cat=0
split_feature=2 4 3 4 7 6
split_gain=0.136972 0.186517 0.266758 0.0946127 0.206522 0.0926036
threshold=-0.0050201711905507491 0.014357988118823306 -0.0036083519126843999 -0.012079366457968392 0.0073364718188774257 0.0050813006713201951
decision_type=2 2 2 2 2 2
left_child=3 2 -2 4 -1 -3
right_child=1 5 -4 -5 -6 -7
leaf_value=-2.20139884731657e-06 2.8350450129469089e-06 1.9137609690454857e-05 -6.472419769678562e-07 1.5519575740835251e-05 2.6101720959281881e-06 4.3227941929835136e-08
leaf_weight=162 577 227 1661 369 114 565
leaf_count=162 577 227 1661 369 114 565
internal_value=-3.11733e-05 -7.9974e-05 -0.000160838 0.000198077 -4.45477e-05 0.000148527
internal_weight=3675 3030 2238 645 276 792
internal_count=3675 3030 2238 645 276 792
is_linear=0
shrinkage=0.0173253


Tree=504
num_leaves=7
num_cat=0
split_feature=5 0 1 1 7 5
split_gain=0.138459 0.156695 0.152431 0.135328 0.190956 0.0857809
threshold=0.0041445741621724099 0.014872976537839751 -0.010845978127219848 0.0027031775613827504 0.0047343615605960655 0.002950700937230434
decision_type=2 2 2 2 2 2
left_child=3 2 -2 5 -5 -1
right_child=1 -3 -4 4 -6 -7
leaf_value=5.5721054052929993e-06 1.52340248767288e-05 3.0469753598305665e-05 -2.0396896327208135e-07 -2.336041495016615e-06 1.6126565457447441e-05 8.7360156976838152e-06
leaf_weight=130 159 123 2834 55 75 299
leaf_count=130 159 123 2834 55 75 299
internal_value=-4.0602e-05 -8.56443e-05 -0.000110551 0.000210474 -0.000279222 0.000358867
internal_weight=3675 3116 2993 559 130 429
internal_count=3675 3116 2993 559 130 429
is_linear=0
shrinkage=0.0173253


Tree=505
num_leaves=7
num_cat=0
split_feature=5 2 2 1 7 5
split_gain=0.143707 0.154805 0.242455 0.135328 0.190956 0.0857809
threshold=0.0041445741621724099 -0.009832994248619548 -0.0082000066009861976 0.0027031775613827504 0.0047343615605960655 0.002950700937230434
decision_type=2 2 2 2 2 2
left_child=3 -2 -3 5 -5 -1
right_child=1 2 -4 4 -6 -7
leaf_value=5.4755668599067165e-06 9.6514889765710168e-06 -1.1172806490405634e-05 -1.2054916309298972e-07 -2.2955688134200487e-06 1.584716744572646e-05 8.5846613734951557e-06
leaf_weight=130 214 75 2827 55 75 299
leaf_count=130 214 75 2827 55 75 299
internal_value=-4.53164e-05 -9.12044e-05 -0.000124366 0.000210474 -0.000279222 0.000358867
internal_weight=3675 3116 2902 559 130 429
internal_count=3675 3116 2902 559 130 429
is_linear=0
shrinkage=0.0173253


Tree=506
num_leaves=7
num_cat=0
split_feature=5 2 6 3 3 3
split_gain=0.168959 0.151001 0.224471 0.102805 0.308206 0.0306911
threshold=0.0041445741621724099 -0.009832994248619548 0.01932879728132712 -0.00069370098755459984 4.1366719937712896e-05 0.0013855474920313503
decision_type=2 2 2 2 2 2
left_child=3 5 -3 -1 -5 -2
right_child=1 2 -4 4 -6 -7
leaf_value=6.1325778342503408e-06 1.108994662853782e-05 -1.2737111144100224e-07 -2.2666887990682535e-05 -1.9533834357865473e-05 5.1343398783546147e-06 4.0716393165619547e-06
leaf_weight=232 133 2868 34 34 293 81
leaf_count=232 133 2868 34 34 293 81
internal_value=-3.58876e-05 -8.56443e-05 -0.000118396 0.000241468 4.35647e-05 0.00035849
internal_weight=3675 3116 2902 559 327 214
internal_count=3675 3116 2902 559 327 214
is_linear=0
shrinkage=0.0173253


Tree=507
num_leaves=7
num_cat=0
split_feature=1 6 7 4 5 0
split_gain=0.148486 0.195681 0.429449 0.18927 0.0421569 0.0623886
threshold=-0.0095213935295954972 0.0073255955011117223 0.0073364718188774257 0.018113559038266811 0.015452182367311038 -0.0057558855902970487
decision_type=2 2 2 2 2 2
left_child=4 3 -3 -2 -1 -6
right_child=1 2 -4 -5 5 -7
leaf_value=2.1403135739635073e-05 -5.8032227868110617e-08 -5.7042499567649206e-06 -5.0777584394454928e-07 1.3250683597543193e-05 2.7573341966640114e-06 -7.0113060487071525e-07
leaf_weight=172 2312 75 694 354 35 33
leaf_count=172 2312 75 694 354 35 33
internal_value=-4.0602e-05 -6.97117e-05 -0.00031319 5.188e-07 0.000376031 1.08401e-05
internal_weight=3675 3435 769 2666 240 68
internal_count=3675 3435 769 2666 240 68
is_linear=0
shrinkage=0.0173253


Tree=508
num_leaves=7
num_cat=0
split_feature=1 3 3 5 4 2
split_gain=0.147034 0.236308 0.489041 0.170411 0.120575 0.253296
threshold=-0.0026728295375107996 0.004547829071406051 0.0053422642294543507 0.0035228712449493888 0.00055005379477814271 -0.0036844052859148495
decision_type=2 2 2 2 2 2
left_child=4 3 -3 -2 5 -1
right_child=1 2 -4 -5 -6 -7
leaf_value=1.0690533023241445e-05 9.9704723425876227e-06 -1.7393084687023796e-05 -5.8885056816724573e-07 -7.7757374647242088e-08 1.220267562067349e-05 -6.2140322393170377e-07
leaf_weight=251 213 90 457 1882 322 460
leaf_count=251 213 90 457 1882 322 460
internal_value=-4.0602e-05 -0.000109126 -0.000429792 -2.54012e-05 0.000134656 8.69006e-06
internal_weight=3675 2642 547 2095 1033 711
internal_count=3675 2642 547 2095 1033 711
is_linear=0
shrinkage=0.0173253


Tree=509
num_leaves=7
num_cat=0
split_feature=5 1 4 1 7 5
split_gain=0.143707 0.171326 0.154305 0.135328 0.190956 0.0857809
threshold=0.0041445741621724099 -0.0058918970599300497 0.014357988118823306 0.0027031775613827504 0.0047343615605960655 0.002950700937230434
decision_type=2 2 2 2 2 2
left_child=3 -2 -3 5 -5 -1
right_child=1 2 -4 4 -6 -7
leaf_value=5.1642211466551189e-06 2.3534733690496173e-06 -6.093540303664661e-07 4.304412171974284e-07 -2.0997391282965226e-06 1.5354410096162882e-05 8.138866483917051e-06
leaf_weight=130 494 1895 727 55 75 299
leaf_count=130 494 1895 727 55 75 299
internal_value=-4.53164e-05 -9.12044e-05 -0.000146967 0.000210474 -0.000279222 0.000358867
internal_weight=3675 3116 2622 559 130 429
internal_count=3675 3116 2622 559 130 429
is_linear=0
shrinkage=0.0173253


Tree=510
num_leaves=7
num_cat=0
split_feature=1 6 7 4 3 0
split_gain=0.128036 0.183073 0.407923 0.13841 0.0238562 2.77556e-17
threshold=-0.010845978127219848 0.0052423300298717335 0.0057107190649512115 0.016618178315777856 0.0083891150316386023 0.0034658080626929506
decision_type=2 2 2 2 2 2
left_child=4 3 -3 -2 5 -1
right_child=1 2 -4 -5 -6 -7
leaf_value=1.0205825799475511e-05 9.2426674638234399e-09 -7.1193907428979249e-06 -1.2219687987245241e-07 1.8539610086964305e-05 2.8611181740627279e-05 3.7015182153914047e-05
leaf_weight=101 1501 226 1578 190 34 45
leaf_count=101 1501 226 1578 190 34 45
internal_value=-2.64589e-05 -4.96666e-05 -0.000171068 7.98473e-05 0.000424157 0.000520409
internal_weight=3675 3495 1804 1691 180 146
internal_count=3675 3495 1804 1691 180 146
is_linear=0
shrinkage=0.0173253


Tree=511
num_leaves=7
num_cat=0
split_feature=5 5 6 1 7 5
split_gain=0.123299 0.148785 0.141305 0.135328 0.190956 0.0857809
threshold=0.0041445741621724099 0.0042570617069920338 0.0052423300298717335 0.0027031775613827504 0.0047343615605960655 0.002950700937230434
decision_type=2 2 2 2 2 2
left_child=3 -2 -3 5 -5 -1
right_child=1 2 -4 4 -6 -7
leaf_value=5.0745891969886296e-06 -7.6339896721726379e-06 1.6575186890152735e-07 -2.3669787260703543e-07 -2.0635205945853317e-06 1.5088737097434906e-05 7.7219289984465118e-06
leaf_weight=130 60 1247 1809 55 75 299
leaf_count=130 60 1247 1809 55 75 299
internal_value=-2.64589e-05 -6.89639e-05 -5.21889e-05 0.000210474 -0.000279222 0.000358867
internal_weight=3675 3116 3056 559 130 429
internal_count=3675 3116 3056 559 130 429
is_linear=0
shrinkage=0.0173253


Tree=512
num_leaves=7
num_cat=0
split_feature=6 7 3 1 4 7
split_gain=0.134229 0.354477 0.589226 0.250472 0.138262 0.140888
threshold=0.0052423300298717335 0.0053190527583481468 -0.0005633634624661499 -0.0022174642313759997 0.016296583301509862 0.0047217116792278675
decision_type=2 2 2 2 2 2
left_child=4 2 -2 -3 5 -1
right_child=1 3 -4 -5 -6 -7
leaf_value=-4.9194106031823449e-08 2.7301676859866656e-06 4.3845258320035692e-06 -8.3399664666956604e-06 -4.9224238332322484e-07 1.715980202467244e-05 2.2988663518543443e-06
leaf_weight=964 42 664 66 1207 199 533
leaf_count=964 42 664 66 1207 199 533
internal_value=-2.17445e-05 -0.000118676 -0.00108379 -6.29669e-05 9.13616e-05 3.43273e-05
internal_weight=3675 1979 108 1871 1696 1497
internal_count=3675 1979 108 1871 1696 1497
is_linear=0
shrinkage=0.0173253


Tree=513
num_leaves=7
num_cat=0
split_feature=5 5 1 7 6 5
split_gain=0.133308 0.144937 0.135328 0.190956 0.134507 0.0857809
threshold=0.0041445741621724099 0.0042570617069920338 0.0027031775613827504 0.0047343615605960655 0.0070482595608196601 0.002950700937230434
decision_type=2 2 2 2 2 2
left_child=2 -2 5 -4 -3 -1
right_child=1 4 3 -5 -6 -7
leaf_value=4.987522586293954e-06 -7.504215293437775e-06 3.1249912466610681e-08 -2.0269171226158159e-06 1.4798263699104686e-05 -5.1748619461273868e-07 7.5421098161013087e-06
leaf_weight=130 60 2062 55 75 994 299
leaf_count=130 60 2062 55 75 994 299
internal_value=-3.58876e-05 -8.00841e-05 0.000210474 -0.000279222 -6.35275e-05 0.000358867
internal_weight=3675 3116 559 130 3056 429
internal_count=3675 3116 559 130 3056 429
is_linear=0
shrinkage=0.0173253


Tree=514
num_leaves=7
num_cat=0
split_feature=5 5 6 3 3 4
split_gain=0.196254 0.144937 0.134507 0.0901312 0.220031 0.0694875
threshold=0.0041445741621724099 0.0042570617069920338 0.0070482595608196601 0.004547829071406051 0.007322063773326901 -0.0034608704800342029
decision_type=2 2 2 2 2 2
left_child=3 -2 -3 5 -5 -1
right_child=1 2 -4 4 -6 -7
leaf_value=2.2336138310672671e-06 -7.3742023134238281e-06 3.0708497530324101e-08 -5.0852057733671527e-07 -4.1457831723384631e-06 1.5198740548582118e-05 7.5087907620683151e-06
leaf_weight=154 60 2062 994 41 53 311
leaf_count=154 60 2062 994 41 53 311
internal_value=-2.64589e-05 -8.00841e-05 -6.35275e-05 0.000272461 -0.000216839 0.000371373
internal_weight=3675 3116 3056 559 94 465
internal_count=3675 3116 3056 559 94 465
is_linear=0
shrinkage=0.0173253


Tree=515
num_leaves=7
num_cat=0
split_feature=5 0 0 1 1 6
split_gain=0.130169 0.137388 0.229944 0.101935 0.136302 0.0715866
threshold=0.0046041997355731968 0.0041458057714138007 0.0037519375283393002 -0.0017149672124692498 -0.0011070144169055998 0.011760657311159545
decision_type=2 2 2 2 2 2
left_child=3 2 -2 -1 -5 -3
right_child=1 5 -4 4 -6 -7
leaf_value=9.3122892737708306e-06 -1.5342320347426246e-07 6.8729475850187603e-07 -3.4327684776520585e-06 -1.2850415381254101e-05 1.9777730712833196e-06 -1.1681036266225783e-07
leaf_weight=254 2096 629 60 52 478 106
leaf_count=254 2096 629 60 52 478 106
internal_value=-3.11733e-05 -8.48692e-05 -0.000154604 0.00016683 3.00691e-05 0.000119687
internal_weight=3675 2891 2156 784 530 735
internal_count=3675 2891 2156 784 530 735
is_linear=0
shrinkage=0.0173253


Tree=516
num_leaves=7
num_cat=0
split_feature=6 7 3 1 4 2
split_gain=0.15948 0.317501 0.573055 0.214159 0.129306 0.108238
threshold=0.0052628517283828885 0.0057107190649512115 -0.00078024087166744989 -0.0022174642313759997 0.016296583301509862 -0.0044409670602306491
decision_type=2 2 2 2 2 2
left_child=4 2 -2 -3 5 -1
right_child=1 3 -4 -5 -6 -7
leaf_value=3.4314349327733076e-06 1.9288411873052411e-06 7.4631628471030784e-06 -9.9098988333292731e-06 -4.3732429861370536e-07 1.6582307122877509e-05 -3.2437169450172268e-09
leaf_weight=195 89 620 130 1125 199 1317
leaf_count=195 89 620 130 1125 199 1317
internal_value=-1.70301e-05 -0.000123557 -0.000745369 -4.5519e-05 0.000105249 5.0608e-05
internal_weight=3675 1964 219 1745 1711 1512
internal_count=3675 1964 219 1745 1711 1512
is_linear=0
shrinkage=0.0173253


Tree=517
num_leaves=7
num_cat=0
split_feature=6 7 2 7 7 1
split_gain=0.163101 0.358219 0.167581 0.106433 0.232457 0.0578093
threshold=0.006960153048948735 0.0064986583638031014 -0.010162664927256648 0.0060600907253939504 0.0059839290260510977 0.0036544159772247506
decision_type=2 2 2 2 2 2
left_child=3 -2 -3 4 -1 -5
right_child=1 2 -4 5 -6 -7
leaf_value=3.4527743571522932e-08 -3.878595355095755e-05 9.3988596830387444e-06 -4.9048558991589464e-07 7.1296448256472574e-06 -1.4180794022839312e-05 9.6832315554052266e-06
leaf_weight=1992 36 151 891 399 37 169
leaf_count=1992 36 151 891 399 37 169
internal_value=-7.60138e-06 -0.000186748 -0.000128044 6.67612e-05 8.07757e-06 0.00027639
internal_weight=3675 1078 1042 2597 2029 568
internal_count=3675 1078 1042 2597 2029 568
is_linear=0
shrinkage=0.0173253


Tree=518
num_leaves=7
num_cat=0
split_feature=6 2 2 5 4 7
split_gain=0.162927 0.20181 0.197595 0.151404 0.105364 0.0265717
threshold=0.0073255955011117223 -0.010162664927256648 0.017222603313408701 0.010595372574477195 0.018113559038266811 0.0045641119331214517
decision_type=2 2 2 2 2 2
left_child=3 -2 -3 4 -1 -5
right_child=1 2 -4 5 -6 -7
leaf_value=-2.650960198605078e-08 9.0295231920815972e-06 -1.6391896005036474e-06 2.0374286553577194e-05 -6.9982714991778642e-08 1.1012209529456e-05 9.110854696196578e-06
leaf_weight=2186 143 717 78 33 283 235
leaf_count=2186 143 717 78 33 283 235
internal_value=-2.88701e-06 -0.000199941 -0.00030772 6.46455e-05 2.21914e-05 0.000455762
internal_weight=3675 938 795 2737 2469 268
internal_count=3675 938 795 2737 2469 268
is_linear=0
shrinkage=0.0173253


Tree=519
num_leaves=7
num_cat=0
split_feature=6 2 5 4 0 3
split_gain=0.178221 0.214444 0.199292 0.135425 0.130856 0.02331
threshold=0.0073255955011117223 -0.010162664927256648 0.0050146316388373488 0.018113559038266811 -0.0039450062997422987 0.0096662020922502513
decision_type=2 2 2 2 2 2
left_child=3 5 -3 4 -1 -2
right_child=1 2 -4 -5 -6 -7
leaf_value=5.0439539094514346e-06 8.8806152232291283e-06 2.4259623017172977e-05 -1.4897392037648586e-06 1.2360564916630547e-05 -6.1125229379182885e-08 1.2191323320058747e-05
leaf_weight=479 110 75 720 355 1903 33
leaf_count=479 110 75 720 355 1903 33
internal_value=-1.23158e-05 -0.000218411 -0.000329513 5.83155e-05 1.1268e-05 0.000399252
internal_weight=3675 938 795 2737 2382 143
internal_count=3675 938 795 2737 2382 143
is_linear=0
shrinkage=0.0173253


Tree=520
num_leaves=7
num_cat=0
split_feature=6 2 5 0 4 3
split_gain=0.12223 0.176782 0.214496 0.127876 0.193397 0.0221063
threshold=0.0084219068401703793 -0.010162664927256648 0.010876865058305702 -0.0082000066009861976 -0.029225083328340496 0.008589736707956902
decision_type=2 2 2 2 2 2
left_child=3 5 -3 -1 -5 -2
right_child=1 2 -4 4 -6 -7
leaf_value=2.3128374581918485e-05 9.0440344010189446e-06 9.6436016990466319e-09 -5.3823079621291928e-06 -2.8192997350155145e-06 5.4810486592438383e-08 -2.2700237338363648e-07
leaf_weight=160 89 245 291 58 2799 33
leaf_count=160 89 245 291 58 2799 33
internal_value=-2.88701e-06 -0.000216839 -0.000352322 4.37755e-05 1.70827e-05 0.000378398
internal_weight=3675 658 536 3017 2857 122
internal_count=3675 658 536 3017 2857 122
is_linear=0
shrinkage=0.0173253


Tree=521
num_leaves=6
num_cat=0
split_feature=6 3 3 3 4
split_gain=0.124495 0.145287 0.180793 0.116713 0.0392576
threshold=0.018293519976944412 0.0083891150316386023 0.0044245424899333015 -0.0066933404136131991 -0.0028251620801103736
decision_type=2 2 2 2 2
left_child=1 2 -1 -2 -3
right_child=3 4 -4 -5 -6
leaf_value=5.9864982716634304e-08 7.4240122460531972e-06 3.465087056391805e-07 -3.3806695660693563e-06 -2.1605880585000128e-05 1.3781639525384088e-05
leaf_weight=2828 34 64 443 36 270
leaf_count=2828 34 64 443 36 270
internal_value=6.54174e-06 2.05933e-05 -1.45526e-05 -0.000717115 0.000364792
internal_weight=3675 3605 3271 70 334
internal_count=3675 3605 3271 70 334
is_linear=0
shrinkage=0.0173253


Tree=522
num_leaves=6
num_cat=0
split_feature=1 6 3 3 0
split_gain=0.117544 0.171298 0.140113 0.0238562 2.77556e-17
threshold=-0.010845978127219848 0.018293519976944412 0.012298879269830351 0.0083891150316386023 0.0034658080626929506
decision_type=2 2 2 2 2
left_child=3 2 -2 4 -1
right_child=1 -3 -4 -5 -6
leaf_value=9.595719566360307e-06 -5.071316312332195e-08 -2.8238769848859872e-05 2.355846701688932e-05 2.8084702321387449e-05 3.56975723670263e-05
leaf_weight=101 3313 42 140 34 45
leaf_count=101 3313 42 140 34 45
internal_value=-7.60138e-06 -2.98379e-05 -1.64608e-05 0.000424157 0.000520409
internal_weight=3675 3495 3453 180 146
internal_count=3675 3495 3453 180 146
is_linear=0
shrinkage=0.0173253


Tree=523
num_leaves=6
num_cat=0
split_feature=1 6 3 3 0
split_gain=0.114991 0.172846 0.137506 0.0238562 2.77556e-17
threshold=-0.010845978127219848 0.018293519976944412 0.012298879269830351 0.0083891150316386023 0.0034658080626929506
decision_type=2 2 2 2 2
left_child=3 2 -2 4 -1
right_child=1 -3 -4 -5 -6
leaf_value=9.4294705919616872e-06 -4.9834541014836191e-08 -2.7749523941537815e-05 2.3150308884205618e-05 2.7598125684280429e-05 3.5079100270848679e-05
leaf_weight=101 3313 42 140 34 45
leaf_count=101 3313 42 140 34 45
internal_value=-2.88701e-06 -2.48807e-05 -1.14433e-05 0.000424157 0.000520409
internal_weight=3675 3495 3453 180 146
internal_count=3675 3495 3453 180 146
is_linear=0
shrinkage=0.0173253


Tree=524
num_leaves=6
num_cat=0
split_feature=6 3 3 3 0
split_gain=0.119676 0.131181 0.136405 0.116713 2.77556e-17
threshold=0.018293519976944412 0.013113923673456502 0.0044245424899333015 -0.0066933404136131991 0.007322063773326901
decision_type=2 2 2 2 2
left_child=1 2 -1 -2 -3
right_child=3 4 -4 -5 -6
leaf_value=6.0569824147801045e-08 8.2654042795863921e-06 2.7713789581206807e-05 -7.0297380736852661e-07 -2.026153618018421e-05 1.2597103309344101e-05
leaf_weight=2828 34 110 634 36 33
leaf_count=2828 34 110 634 36 33
internal_value=-7.60138e-06 6.17558e-06 -1.50651e-05 -0.000717115 0.000520409
internal_weight=3675 3605 3462 70 143
internal_count=3675 3605 3462 70 143
is_linear=0
shrinkage=0.0173253


Tree=525
num_leaves=6
num_cat=0
split_feature=1 6 3 3 0
split_gain=0.117544 0.171298 0.140113 0.0238562 2.77556e-17
threshold=-0.010845978127219848 0.018293519976944412 0.012298879269830351 0.0083891150316386023 0.0034658080626929506
decision_type=2 2 2 2 2
left_child=3 2 -2 4 -1
right_child=1 -3 -4 -5 -6
leaf_value=9.6171396648443814e-06 -5.0020533300082381e-08 -2.729752154237449e-05 2.2269071771646484e-05 2.6644143610701057e-05 3.4470294013683768e-05
leaf_weight=101 3313 42 140 34 45
leaf_count=101 3313 42 140 34 45
internal_value=-7.60138e-06 -2.98379e-05 -1.64608e-05 0.000424157 0.000520409
internal_weight=3675 3495 3453 180 146
internal_count=3675 3495 3453 180 146
is_linear=0
shrinkage=0.0173253


Tree=526
num_leaves=7
num_cat=0
split_feature=1 6 1 3 3 0
split_gain=0.117544 0.261208 0.351505 0.121262 0.0238562 2.77556e-17
threshold=-0.010845978127219848 0.015989846888083654 0.0089641908328184014 0.012298879269830351 0.0083891150316386023 0.0034658080626929506
decision_type=2 2 2 2 2 2
left_child=4 3 -3 -2 5 -1
right_child=1 2 -4 -5 -6 -7
leaf_value=9.4505195802460214e-06 -4.6976737832004157e-08 -2.7921520337968113e-05 8.4543345866353386e-06 2.9153874808634895e-05 2.6182525123585391e-05 3.3873084915672563e-05
leaf_weight=101 3290 38 41 126 34 45
leaf_count=101 3290 38 41 126 34 45
internal_value=-7.60138e-06 -2.98379e-05 -0.00101475 -7.06039e-06 0.000424157 0.000520409
internal_weight=3675 3495 79 3416 180 146
internal_count=3675 3495 79 3416 180 146
is_linear=0
shrinkage=0.0173253


Tree=527
num_leaves=6
num_cat=0
split_feature=0 6 2 0 1
split_gain=0.121183 0.204269 0.115216 1.38778e-17 1.38778e-17
threshold=0.014872976537839751 0.018293519976944412 -0.009832994248619548 0.021251645489157155 0.0047386425464274002
decision_type=2 2 2 2 2
left_child=1 2 -1 4 -2
right_child=3 -3 -4 -5 -6
leaf_value=8.8297642269390251e-06 4.4906094519665512e-05 -2.3050021807212392e-05 -4.7944375743356498e-08 1.4184366491440992e-05 3.6288295551033004e-05
leaf_weight=176 37 54 3319 42 47
leaf_count=176 37 54 3319 42 47
internal_value=-7.60138e-06 -2.63473e-05 -1.00092e-05 0.000520409 0.000520409
internal_weight=3675 3549 3495 126 84
internal_count=3675 3549 3495 126 84
is_linear=0
shrinkage=0.0173253


Tree=528
num_leaves=7
num_cat=0
split_feature=0 6 7 5 0 1
split_gain=0.121183 0.1906 0.281107 0.111735 1.38778e-17 1.38778e-17
threshold=0.014872976537839751 0.0084219068401703793 0.0081187524312987206 0.010595372574477195 0.021251645489157155 0.0047386425464274002
decision_type=2 2 2 2 2 2
left_child=1 3 -3 -1 5 -2
right_child=4 2 -4 -5 -6 -7
leaf_value=-1.4113204002640361e-08 4.4128081770698253e-05 -1.9134313453878491e-05 -5.1122823693899257e-07 7.6762218512212374e-06 1.3938617710915602e-05 3.5659588982826959e-05
leaf_weight=2646 37 38 518 347 42 47
leaf_count=2646 37 38 518 347 42 47
internal_value=-7.60138e-06 -2.63473e-05 -0.000320929 2.83762e-05 0.000520409 0.000520409
internal_weight=3675 3549 556 2993 126 84
internal_count=3675 3549 556 2993 126 84
is_linear=0
shrinkage=0.0173253


Tree=529
num_leaves=7
num_cat=0
split_feature=1 6 3 4 4 1
split_gain=0.120718 0.213179 0.561497 0.199973 0.0551672 0.144156
threshold=-0.0058918970599300497 0.015989846888083654 -0.0027891248857526995 -0.0071600129396474392 -0.035908867518249052 -0.014850585700372997
decision_type=2 2 2 2 2 2
left_child=4 3 -3 -2 5 -1
right_child=1 2 -4 -5 -6 -7
leaf_value=1.0265272465857655e-05 -7.6509367267624549e-07 1.0271163046706143e-05 -1.9671117328745307e-05 9.5583691624762484e-08 5.519419366934574e-06 -1.1016370283644891e-05
leaf_weight=37 740 35 33 2327 470 33
leaf_count=37 740 35 33 2327 470 33
internal_value=-7.60138e-06 -4.88127e-05 -0.0010083 -2.75395e-05 0.000231653 -0.000222105
internal_weight=3675 3135 68 3067 540 70
internal_count=3675 3135 68 3067 540 70
is_linear=0
shrinkage=0.0173253


Tree=530
num_leaves=7
num_cat=0
split_feature=0 6 1 4 0 1
split_gain=0.119029 0.123518 0.19547 0.117669 1.38778e-17 1.38778e-17
threshold=0.014872976537839751 0.0084219068401703793 -0.0021756283971694494 -0.0063270202938593848 0.021251645489157155 0.0047386425464274002
decision_type=2 2 2 2 2 2
left_child=1 3 -3 -1 5 -2
right_child=4 2 -4 -5 -6 -7
leaf_value=-4.0476603400705362e-07 4.3275566858235497e-05 2.0783980645756418e-07 -4.7672074700081121e-06 1.7480031437831925e-07 1.4037935138401257e-05 3.5040118942517243e-05
leaf_weight=917 37 225 331 2076 42 47
leaf_count=917 37 225 331 2076 42 47
internal_value=-2.88701e-06 -2.14655e-05 -0.000258608 2.25876e-05 0.000520409 0.000520409
internal_weight=3675 3549 556 2993 126 84
internal_count=3675 3549 556 2993 126 84
is_linear=0
shrinkage=0.0173253


Tree=531
num_leaves=7
num_cat=0
split_feature=3 1 6 0 0 5
split_gain=0.112198 0.153313 0.408306 0.108469 0.186253 0.0757072
threshold=-0.0024028007439300496 -0.0078194267941343477 0.015989846888083654 0.0041458057714138007 -0.0011814229539044497 0.015452182367311038
decision_type=2 2 2 2 2 2
left_child=3 5 -3 4 -1 -2
right_child=1 2 -4 -5 -6 -7
leaf_value=2.6692144861718787e-06 1.9609177379777087e-05 -1.2356553673362881e-07 -1.8339465478409559e-05 8.6511510358277204e-06 -5.8297846614492765e-07 2.1048552439554158e-06
leaf_weight=416 188 2321 35 269 403 43
leaf_count=416 188 2321 35 269 403 43
internal_value=6.54174e-06 -5.55397e-05 -9.73026e-05 0.000154156 5.50152e-05 0.000370406
internal_weight=3675 2587 2356 1088 819 231
internal_count=3675 2587 2356 1088 819 231
is_linear=0
shrinkage=0.0173253


Tree=532
num_leaves=7
num_cat=0
split_feature=0 5 5 1 0 1
split_gain=0.121183 0.12145 0.154503 0.138777 1.38778e-17 1.38778e-17
threshold=0.014872976537839751 0.0041445741621724099 0.0042570617069920338 0.0027031775613827504 0.021251645489157155 0.0047386425464274002
decision_type=2 2 2 2 2 2
left_child=1 3 -3 -1 5 -2
right_child=4 2 -4 -5 -6 -7
leaf_value=7.0058886280592592e-06 4.2388286441194692e-05 -7.4171706480549861e-06 -6.1466296068936284e-08 -1.7711923379839709e-07 1.4112460555950806e-05 3.4435178254838426e-05
leaf_weight=428 37 59 2934 128 42 47
leaf_count=428 37 59 2934 128 42 47
internal_value=-7.60138e-06 -2.63473e-05 -7.00302e-05 0.000208802 0.000520409 0.000520409
internal_weight=3675 3549 2993 556 126 84
internal_count=3675 3549 2993 556 126 84
is_linear=0
shrinkage=0.0173253


Tree=533
num_leaves=6
num_cat=0
split_feature=1 6 3 3 0
split_gain=0.120125 0.169757 0.142744 0.0238562 2.77556e-17
threshold=-0.010845978127219848 0.018293519976944412 0.012298879269830351 0.0083891150316386023 0.0034658080626929506
decision_type=2 2 2 2 2
left_child=3 2 -2 4 -1
right_child=1 -3 -4 -5 -6
leaf_value=9.4781401223938733e-06 -5.6510645110452486e-08 -2.5651596412691541e-05 2.0874754321831967e-05 2.5522460335077264e-05 3.2845079717988885e-05
leaf_weight=101 3313 42 140 34 45
leaf_count=101 3313 42 140 34 45
internal_value=-1.23158e-05 -3.4795e-05 -2.14783e-05 0.000424157 0.000520409
internal_weight=3675 3495 3453 180 146
internal_count=3675 3495 3453 180 146
is_linear=0
shrinkage=0.0173253


Tree=534
num_leaves=7
num_cat=0
split_feature=6 7 4 6 0 6
split_gain=0.143429 0.274874 0.127752 0.122288 0.110717 0.0835903
threshold=0.011312306723436178 0.01102333393393338 0.016618178315777856 0.015989846888083654 0.006473158662852101 0.0054750669761611959
decision_type=2 2 2 2 2 2
left_child=2 -2 4 -3 -1 -4
right_child=1 3 5 -5 -6 -7
leaf_value=-1.3766514939020099e-07 -1.261456583409846e-05 5.271934661278494e-06 1.7184092751377254e-05 -7.323352702305074e-06 7.1533179580027138e-06 2.0380308075644734e-07
leaf_weight=2512 38 144 203 126 202 450
leaf_count=2512 38 144 203 126 202 450
internal_value=-2.17445e-05 -0.000379608 1.09915e-05 -0.000185438 -4.13559e-05 0.000228558
internal_weight=3675 308 3367 270 2714 653
internal_count=3675 308 3367 270 2714 653
is_linear=0
shrinkage=0.0173253


Tree=535
num_leaves=7
num_cat=0
split_feature=0 6 7 7 0 1
split_gain=0.119029 0.12475 0.415466 0.164682 1.38778e-17 1.38778e-17
threshold=0.014872976537839751 0.0052628517283828885 0.0057107190649512115 0.0044586076118351969 0.021251645489157155 0.0047386425464274002
decision_type=2 2 2 2 2 2
left_child=1 3 -3 -1 5 -2
right_child=4 2 -4 -5 -6 -7
leaf_value=-4.7905107037898897e-08 4.1530941035491248e-05 -7.1852358986270244e-06 -8.7453568588860115e-08 1.8839881586146248e-06 1.3819812049735049e-05 3.3802507737422235e-05
leaf_weight=900 37 218 1620 811 42 47
leaf_count=900 37 218 1620 811 42 47
internal_value=-2.88701e-06 -2.14655e-05 -0.000120572 8.49971e-05 0.000520409 0.000520409
internal_weight=3675 3549 1838 1711 126 84
internal_count=3675 3549 1838 1711 126 84
is_linear=0
shrinkage=0.0173253


Tree=536
num_leaves=6
num_cat=0
split_feature=1 6 3 3 0
split_gain=0.125371 0.166697 0.148578 0.0238562 2.77556e-17
threshold=-0.010845978127219848 0.018293519976944412 0.008589736707956902 0.0083891150316386023 0.0034658080626929506
decision_type=2 2 2 2 2
left_child=3 2 -2 4 -1
right_child=1 -3 -4 -5 -6
leaf_value=9.4423228884517974e-06 -7.5423487072550099e-08 -2.5078779491637415e-05 6.1732125115168932e-06 2.5209473454506752e-05 3.2153609580783307e-05
leaf_weight=101 3161 42 292 34 45
leaf_count=101 3161 42 292 34 45
internal_value=-2.17445e-05 -4.47094e-05 -3.15132e-05 0.000424157 0.000520409
internal_weight=3675 3495 3453 180 146
internal_count=3675 3495 3453 180 146
is_linear=0
shrinkage=0.0173253


Tree=537
num_leaves=7
num_cat=0
split_feature=5 4 2 6 1 3
split_gain=0.124045 0.147956 0.235579 0.153639 0.121488 0.179871
threshold=0.0046041997355731968 0.014357988118823306 -0.0036844052859148495 0.015247896840417418 0.0017609760317306002 -0.0014893876550602998
decision_type=2 2 2 2 2 2
left_child=4 2 -2 -3 -1 -6
right_child=1 3 -4 -5 5 -7
leaf_value=6.1044239737737739e-06 4.8465653820629105e-07 3.4122149650854429e-06 -6.5451188729699195e-07 -1.0167925538602372e-05 1.1882574726963892e-05 -2.4933407062949017e-06
leaf_weight=520 623 720 1514 34 85 179
leaf_count=520 623 720 1514 34 85 179
internal_value=-2.64589e-05 -7.88763e-05 -0.000152498 0.000129784 0.00016683 -0.000135854
internal_weight=3675 2891 2137 754 784 264
internal_count=3675 2891 2137 754 784 264
is_linear=0
shrinkage=0.0173253


Tree=538
num_leaves=6
num_cat=0
split_feature=0 6 3 0 1
split_gain=0.123357 0.202387 0.127902 1.38778e-17 1.38778e-17
threshold=0.014872976537839751 0.018293519976944412 0.013113923673456502 0.021251645489157155 0.0047386425464274002
decision_type=2 2 2 2 2
left_child=1 2 -1 4 -2
right_child=3 -3 -4 -5 -6
leaf_value=-4.346940034752513e-08 4.0805919349385919e-05 -2.1125816109282721e-05 2.4155863734004084e-05 1.3774954004222011e-05 3.314095224016647e-05
leaf_weight=3366 37 54 129 42 47
leaf_count=3366 37 54 129 42 47
internal_value=-1.23158e-05 -3.1229e-05 -1.49663e-05 0.000520409 0.000520409
internal_weight=3675 3549 3495 126 84
internal_count=3675 3549 3495 126 84
is_linear=0
shrinkage=0.0173253


Tree=539
num_leaves=7
num_cat=0
split_feature=1 6 1 4 3 0
split_gain=0.122734 0.255975 0.351505 0.146727 0.0238562 2.77556e-17
threshold=-0.010845978127219848 0.015989846888083654 0.0089641908328184014 0.016618178315777856 0.0083891150316386023 0.0034658080626929506
decision_type=2 2 2 2 2 2
left_child=4 3 -3 -2 5 -1
right_child=1 2 -4 -5 -6 -7
leaf_value=9.6364202953551315e-06 -9.3523578885387541e-08 -2.5435972057862828e-05 8.5077695453366474e-06 3.1647036254090118e-06 2.4369217027947002e-05 3.1557577088399856e-05
leaf_weight=101 2704 38 41 712 34 45
leaf_count=101 2704 38 41 712 34 45
internal_value=-1.70301e-05 -3.97522e-05 -0.00101475 -1.7204e-05 0.000424157 0.000520409
internal_weight=3675 3495 79 3416 180 146
internal_count=3675 3495 79 3416 180 146
is_linear=0
shrinkage=0.0173253


Tree=540
num_leaves=7
num_cat=0
split_feature=0 5 1 1 0 1
split_gain=0.127762 0.140492 0.140842 0.125353 1.38778e-17 1.38778e-17
threshold=0.014872976537839751 0.0046041997355731968 -0.010845978127219848 0.0017609760317306002 0.021251645489157155 0.0047386425464274002
decision_type=2 2 2 2 2 2
left_child=1 3 -3 -1 5 -2
right_child=4 2 -4 -5 -6 -7
leaf_value=5.9640076587603082e-06 4.0100563800450823e-05 1.0144231527588347e-05 -2.2058560095285255e-07 -1.3222901945022668e-07 1.3388898543627949e-05 3.2533493077512707e-05
leaf_weight=519 37 155 2615 260 42 47
leaf_count=519 37 155 2615 260 42 47
internal_value=-2.17445e-05 -4.09925e-05 -9.87999e-05 0.000164561 0.000520409 0.000520409
internal_weight=3675 3549 2770 779 126 84
internal_count=3675 3549 2770 779 126 84
is_linear=0
shrinkage=0.0173253


Tree=541
num_leaves=7
num_cat=0
split_feature=6 3 1 0 4 2
split_gain=0.130742 0.187716 0.281271 0.133044 0.136297 0.0186282
threshold=0.015989846888083654 -0.011844497680753697 -0.0021756283971694494 -0.0095213935295954972 0.014357988118823306 0.0050339586363362014
decision_type=2 2 2 2 2 2
left_child=3 -2 -3 5 -5 -1
right_child=1 2 -4 4 -6 -7
leaf_value=2.4775979032374684e-05 1.0248638350259699e-05 1.8243949419100243e-06 -1.5076911904639177e-05 -1.1151972136956617e-07 3.1402866383427983e-06 2.1160482982617869e-05
leaf_weight=151 34 52 40 2543 813 42
leaf_count=151 34 52 40 2543 813 42
internal_value=-3.11733e-05 -0.000579612 -0.000986142 -1.17021e-05 -3.71407e-05 0.00043064
internal_weight=3675 126 92 3549 3356 193
internal_count=3675 126 92 3549 3356 193
is_linear=0
shrinkage=0.0173253


Tree=542
num_leaves=6
num_cat=0
split_feature=0 6 5 0 1
split_gain=0.132245 0.194947 0.130708 1.38778e-17 1.38778e-17
threshold=0.014872976537839751 0.018293519976944412 0.0041445741621724099 0.021251645489157155 0.0047386425464274002
decision_type=2 2 2 2 2
left_child=1 2 -1 4 -2
right_child=3 -3 -4 -5 -6
leaf_value=3.4577736330430565e-06 3.9407740555737024e-05 -2.0173559116624728e-05 -8.4918313568337022e-08 1.341814392622784e-05 3.1936938911409518e-05
leaf_weight=556 37 54 2939 42 47
leaf_count=556 37 54 2939 42 47
internal_value=-3.11733e-05 -5.0756e-05 -3.4795e-05 0.000520409 0.000520409
internal_weight=3675 3549 3495 126 84
internal_count=3675 3549 3495 126 84
is_linear=0
shrinkage=0.0173253


Tree=543
num_leaves=7
num_cat=0
split_feature=0 5 1 1 0 1
split_gain=0.129994 0.142458 0.154256 0.138777 1.38778e-17 1.38778e-17
threshold=0.014872976537839751 0.0041445741621724099 -0.0058918970599300497 0.0027031775613827504 0.021251645489157155 0.0047386425464274002
decision_type=2 2 2 2 2 2
left_child=1 3 -3 -1 5 -2
right_child=4 2 -4 -5 -6 -7
leaf_value=6.5977706563903958e-06 3.8724988584355257e-05 2.0975692818334028e-06 -2.2046097662868193e-07 -2.0593278520541802e-07 1.3185670201809189e-05 3.1383621017661626e-05
leaf_weight=428 37 476 2517 128 42 47
leaf_count=428 37 476 2517 128 42 47
internal_value=-2.64589e-05 -4.58743e-05 -9.31847e-05 0.000208802 0.000520409 0.000520409
internal_weight=3675 3549 2993 556 126 84
internal_count=3675 3549 2993 556 126 84
is_linear=0
shrinkage=0.0173253


Tree=544
num_leaves=7
num_cat=0
split_feature=1 6 1 3 3 0
split_gain=0.125371 0.253379 0.351505 0.128358 0.0238562 2.77556e-17
threshold=-0.010845978127219848 0.015989846888083654 0.0089641908328184014 0.012298879269830351 0.0083891150316386023 0.0034658080626929506
decision_type=2 2 2 2 2 2
left_child=4 3 -3 -2 5 -1
right_child=1 2 -4 -5 -6 -7
leaf_value=9.5752782318382161e-06 -4.5431232006241415e-08 -2.4672810344762819e-05 8.2620509312397874e-06 2.7588672352477273e-05 2.3705076147431162e-05 3.0780616614170924e-05
leaf_weight=101 3290 38 41 126 34 45
leaf_count=101 3290 38 41 126 34 45
internal_value=-2.17445e-05 -4.47094e-05 -0.00101475 -2.22758e-05 0.000424157 0.000520409
internal_weight=3675 3495 79 3416 180 146
internal_count=3675 3495 79 3416 180 146
is_linear=0
shrinkage=0.0173253


Tree=545
num_leaves=7
num_cat=0
split_feature=0 6 1 4 0 1
split_gain=0.12555 0.145789 0.325475 0.158359 1.38778e-17 1.38778e-17
threshold=0.014872976537839751 0.0073255955011117223 -0.0022174642313759997 0.018113559038266811 0.021251645489157155 0.0047386425464274002
decision_type=2 2 2 2 2 2
left_child=1 3 -3 -1 5 -2
right_child=4 2 -4 -5 -6 -7
leaf_value=-7.5640864491027433e-09 3.8054852624717098e-05 1.5776219745336503e-06 -4.5712031528215863e-06 1.1183252957288804e-05 1.2814081430701518e-05 3.0840676648003324e-05
leaf_weight=2380 37 319 503 347 42 47
leaf_count=2380 37 319 503 347 42 47
internal_value=-1.70301e-05 -3.61108e-05 -0.000238365 2.48547e-05 0.000520409 0.000520409
internal_weight=3675 3549 822 2727 126 84
internal_count=3675 3549 822 2727 126 84
is_linear=0
shrinkage=0.0173253


Tree=546
num_leaves=7
num_cat=0
split_feature=1 6 1 3 3 0
split_gain=0.122734 0.255975 0.351505 0.12597 0.0238562 2.77556e-17
threshold=-0.010845978127219848 0.015989846888083654 0.0089641908328184014 0.012298879269830351 0.0083891150316386023 0.0034658080626929506
decision_type=2 2 2 2 2 2
left_child=4 3 -3 -2 5 -1
right_child=1 2 -4 -5 -6 -7
leaf_value=9.3820505944466037e-06 -3.2223222954149946e-08 -2.4260812723694175e-05 8.198105788451902e-06 2.7090094195946053e-05 2.3267045147906924e-05 3.0228833253162513e-05
leaf_weight=101 3290 38 41 126 34 45
leaf_count=101 3290 38 41 126 34 45
internal_value=-1.70301e-05 -3.97522e-05 -0.00101475 -1.7204e-05 0.000424157 0.000520409
internal_weight=3675 3495 79 3416 180 146
internal_count=3675 3495 79 3416 180 146
is_linear=0
shrinkage=0.0173253


Tree=547
num_leaves=6
num_cat=0
split_feature=0 6 2 0 1
split_gain=0.12555 0.200514 0.120566 1.38778e-17 1.38778e-17
threshold=0.014872976537839751 0.018293519976944412 -0.009832994248619548 0.021251645489157155 0.0047386425464274002
decision_type=2 2 2 2 2
left_child=1 2 -1 4 -2
right_child=3 -3 -4 -5 -6
leaf_value=7.965278843062014e-06 3.7396098156303593e-05 -1.8953089672662684e-05 -4.1170662315175815e-08 1.2450038426849772e-05 3.0306910133746438e-05
leaf_weight=176 37 54 3319 42 47
leaf_count=176 37 54 3319 42 47
internal_value=-1.70301e-05 -3.61108e-05 -1.99235e-05 0.000520409 0.000520409
internal_weight=3675 3549 3495 126 84
internal_count=3675 3549 3495 126 84
is_linear=0
shrinkage=0.0173253


Tree=548
num_leaves=7
num_cat=0
split_feature=0 5 5 1 0 1
split_gain=0.123357 0.126545 0.152472 0.138777 1.38778e-17 1.38778e-17
threshold=0.014872976537839751 0.0041445741621724099 0.0042570617069920338 0.0027031775613827504 0.021251645489157155 0.0047386425464274002
decision_type=2 2 2 2 2 2
left_child=1 3 -3 -1 5 -2
right_child=4 2 -4 -5 -6 -7
leaf_value=5.6784326907399243e-06 3.6748198546274176e-05 -7.4229519902569606e-06 -5.9052017346681771e-08 -2.0017519824722034e-07 1.2234337446285116e-05 2.9781833020760497e-05
leaf_weight=428 37 59 2934 128 42 47
leaf_count=428 37 59 2934 128 42 47
internal_value=-1.23158e-05 -3.1229e-05 -7.58188e-05 0.000208802 0.000520409 0.000520409
internal_weight=3675 3549 2993 556 126 84
internal_count=3675 3549 2993 556 126 84
is_linear=0
shrinkage=0.0173253


Tree=549
num_leaves=7
num_cat=0
split_feature=1 6 1 3 3 0
split_gain=0.117544 0.261208 0.351505 0.121262 0.0238562 2.77556e-17
threshold=-0.010845978127219848 0.015989846888083654 0.0089641908328184014 0.012298879269830351 0.0083891150316386023 0.0034658080626929506
decision_type=2 2 2 2 2 2
left_child=4 3 -3 -2 5 -1
right_child=1 2 -4 -5 -6 -7
leaf_value=9.5488950668105799e-06 -2.992855444899717e-08 -2.3511094660267555e-05 7.8717195695848522e-06 2.6622485859989299e-05 2.2865672384896725e-05 2.9580775033375783e-05
leaf_weight=101 3290 38 41 126 34 45
leaf_count=101 3290 38 41 126 34 45
internal_value=-7.60138e-06 -2.98379e-05 -0.00101475 -7.06039e-06 0.000424157 0.000520409
internal_weight=3675 3495 79 3416 180 146
internal_count=3675 3495 79 3416 180 146
is_linear=0
shrinkage=0.0173253


Tree=550
num_leaves=7
num_cat=0
split_feature=0 6 7 7 0 1
split_gain=0.119029 0.12475 0.32767 0.144533 1.38778e-17 1.38778e-17
threshold=0.014872976537839751 0.0052628517283828885 0.0057107190649512115 0.0047217116792278675 0.021251645489157155 0.0047386425464274002
decision_type=2 2 2 2 2 2
left_child=1 3 -3 -1 5 -2
right_child=4 2 -4 -5 -6 -7
leaf_value=-9.0472834202663411e-09 3.6112042530498819e-05 -7.2762241536306039e-06 -9.7724444798541401e-08 2.5503599881879103e-06 1.1885993444048222e-05 2.9266371562166947e-05
leaf_weight=1092 37 218 1620 619 42 47
leaf_count=1092 37 218 1620 619 42 47
internal_value=-2.88701e-06 -2.14655e-05 -0.000120572 8.49971e-05 0.000520409 0.000520409
internal_weight=3675 3549 1838 1711 126 84
internal_count=3675 3549 1838 1711 126 84
is_linear=0
shrinkage=0.0173253


Tree=551
num_leaves=7
num_cat=0
split_feature=0 6 7 7 0 1
split_gain=0.123357 0.128688 0.184488 0.145171 1.38778e-17 1.38778e-17
threshold=0.014872976537839751 0.0034674367805397339 0.003706112347910592 0.0032579985093029091 0.021251645489157155 0.0047386425464274002
decision_type=2 2 2 2 2 2
left_child=1 3 -3 -1 5 -2
right_child=4 2 -4 -5 -6 -7
leaf_value=-8.5144818165161555e-07 3.5486389603418461e-05 -3.8508145772448191e-06 -5.4262031335115979e-08 6.3683011508000461e-06 1.1680064726965936e-05 2.87593221196596e-05
leaf_weight=135 37 39 3029 346 42 47
leaf_count=135 37 39 3029 346 42 47
internal_value=-1.23158e-05 -3.1229e-05 -7.25377e-05 0.000232253 0.000520409 0.000520409
internal_weight=3675 3549 3068 481 126 84
internal_count=3675 3549 3068 481 126 84
is_linear=0
shrinkage=0.0173253


Tree=552
num_leaves=7
num_cat=0
split_feature=1 6 1 3 3 0
split_gain=0.117544 0.261208 0.351505 0.121262 0.0238562 2.77556e-17
threshold=-0.010845978127219848 0.015989846888083654 0.0089641908328184014 0.012298879269830351 0.0083891150316386023 0.0034658080626929506
decision_type=2 2 2 2 2 2
left_child=4 3 -3 -2 5 -1
right_child=1 2 -4 -5 -6 -7
leaf_value=9.3860905574755533e-06 -2.0695181764253455e-08 -2.3101124053807758e-05 7.6551726040304967e-06 2.6163875815796941e-05 2.247215036072431e-05 2.9070911663401154e-05
leaf_weight=101 3290 38 41 126 34 45
leaf_count=101 3290 38 41 126 34 45
internal_value=-7.60138e-06 -2.98379e-05 -0.00101475 -7.06039e-06 0.000424157 0.000520409
internal_weight=3675 3495 79 3416 180 146
internal_count=3675 3495 79 3416 180 146
is_linear=0
shrinkage=0.0173253


Tree=553
num_leaves=6
num_cat=0
split_feature=0 6 1 0 1
split_gain=0.121183 0.204269 0.117404 1.38778e-17 1.38778e-17
threshold=0.014872976537839751 0.018293519976944412 -0.0012746133425421996 0.021251645489157155 0.0047386425464274002
decision_type=2 2 2 2 2
left_child=1 2 -1 4 -2
right_child=3 -3 -4 -5 -6
leaf_value=8.0311365412052894e-07 3.4871934868350368e-05 -1.7813492987609394e-05 -1.6157580145677949e-07 1.1345075427434779e-05 2.826141602507138e-05
leaf_weight=1334 37 54 2161 42 47
leaf_count=1334 37 54 2161 42 47
internal_value=-7.60138e-06 -2.63473e-05 -1.00092e-05 0.000520409 0.000520409
internal_weight=3675 3549 3495 126 84
internal_count=3675 3549 3495 126 84
is_linear=0
shrinkage=0.0173253


Tree=554
num_leaves=7
num_cat=0
split_feature=0 5 5 1 0 1
split_gain=0.123357 0.126545 0.152472 0.138777 1.38778e-17 1.38778e-17
threshold=0.014872976537839751 0.0041445741621724099 0.0042570617069920338 0.0027031775613827504 0.021251645489157155 0.0047386425464274002
decision_type=2 2 2 2 2 2
left_child=1 3 -3 -1 5 -2
right_child=4 2 -4 -5 -6 -7
leaf_value=5.3957237316597418e-06 3.4267767211400132e-05 -7.3122704940248902e-06 -4.8694046489812459e-08 -1.9193381676298451e-07 1.1148518291594908e-05 2.7771777765352663e-05
leaf_weight=428 37 59 2934 128 42 47
leaf_count=428 37 59 2934 128 42 47
internal_value=-1.23158e-05 -3.1229e-05 -7.58188e-05 0.000208802 0.000520409 0.000520409
internal_weight=3675 3549 2993 556 126 84
internal_count=3675 3549 2993 556 126 84
is_linear=0
shrinkage=0.0173253


Tree=555
num_leaves=7
num_cat=0
split_feature=1 6 1 4 3 0
split_gain=0.120125 0.258585 0.351505 0.137562 0.0238562 2.77556e-17
threshold=-0.010845978127219848 0.015989846888083654 0.0089641908328184014 0.014357988118823306 0.0083891150316386023 0.0034658080626929506
decision_type=2 2 2 2 2 2
left_child=4 3 -3 -2 5 -1
right_child=1 2 -4 -5 -6 -7
leaf_value=9.5329416962981e-06 -5.289321725612509e-08 -2.2391421315077176e-05 7.4469276860046338e-06 3.2120279553374971e-06 2.2069742452767701e-05 2.8523838226380797e-05
leaf_weight=101 2594 38 41 822 34 45
leaf_count=101 2594 38 41 822 34 45
internal_value=-1.23158e-05 -3.4795e-05 -0.00101475 -1.21322e-05 0.000424157 0.000520409
internal_weight=3675 3495 79 3416 180 146
internal_count=3675 3495 79 3416 180 146
is_linear=0
shrinkage=0.0173253


Tree=556
num_leaves=6
num_cat=0
split_feature=0 6 6 0 1
split_gain=0.127762 0.19865 0.134821 1.38778e-17 1.38778e-17
threshold=0.014872976537839751 0.018293519976944412 0.0052628517283828885 0.021251645489157155 0.0047386425464274002
decision_type=2 2 2 2 2
left_child=1 2 -1 4 -2
right_child=3 -3 -4 -5 -6
leaf_value=5.747161609851867e-08 3.3674983348619644e-05 -1.7116086080538487e-05 -2.4917234955191481e-07 1.0826346118796231e-05 2.7256565664332271e-05
leaf_weight=1711 37 54 1784 42 47
leaf_count=1711 37 54 1784 42 47
internal_value=-2.17445e-05 -4.09925e-05 -2.48807e-05 0.000520409 0.000520409
internal_weight=3675 3549 3495 126 84
internal_count=3675 3549 3495 126 84
is_linear=0
shrinkage=0.0173253


Tree=557
num_leaves=7
num_cat=0
split_feature=0 6 1 4 0 1
split_gain=0.12555 0.135567 0.311528 0.141345 1.38778e-17 1.38778e-17
threshold=0.014872976537839751 0.0052628517283828885 -0.0022174642313759997 0.016618178315777856 0.021251645489157155 0.0047386425464274002
decision_type=2 2 2 2 2 2
left_child=1 3 -3 -1 5 -2
right_child=4 2 -4 -5 -6 -7
leaf_value=1.5217396141698276e-08 3.3091553267542056e-05 2.2801804119493371e-06 -1.5571366990855358e-06 1.6583569920040445e-05 1.0638776137588715e-05 2.6784336765187476e-05
leaf_weight=1521 37 670 1168 190 42 47
leaf_count=1521 37 670 1168 190 42 47
internal_value=-1.70301e-05 -3.61108e-05 -0.000139424 7.48712e-05 0.000520409 0.000520409
internal_weight=3675 3549 1838 1711 126 84
internal_count=3675 3549 1838 1711 126 84
is_linear=0
shrinkage=0.0173253


Tree=558
num_leaves=7
num_cat=0
split_feature=1 6 1 3 3 0
split_gain=0.117544 0.261208 0.351505 0.121262 0.0238562 2.77556e-17
threshold=-0.010845978127219848 0.015989846888083654 0.0089641908328184014 0.012298879269830351 0.0083891150316386023 0.0034658080626929506
decision_type=2 2 2 2 2 2
left_child=4 3 -3 -2 5 -1
right_child=1 2 -4 -5 -6 -7
leaf_value=9.6248172784854709e-06 -1.2975249957179454e-08 -2.1739040503934126e-05 7.2679611914597602e-06 2.5606670248209051e-05 2.1652189081425927e-05 2.7994465538560118e-05
leaf_weight=101 3290 38 41 126 34 45
leaf_count=101 3290 38 41 126 34 45
internal_value=-7.60138e-06 -2.98379e-05 -0.00101475 -7.06039e-06 0.000424157 0.000520409
internal_weight=3675 3495 79 3416 180 146
internal_count=3675 3495 79 3416 180 146
is_linear=0
shrinkage=0.0173253


Tree=559
num_leaves=7
num_cat=0
split_feature=0 6 4 3 0 1
split_gain=0.119029 0.123518 0.19354 0.152808 1.38778e-17 1.38778e-17
threshold=0.014872976537839751 0.0084219068401703793 -0.016808657524177095 -0.0072581293523846487 0.021251645489157155 0.0047386425464274002
decision_type=2 2 2 2 2 2
left_child=1 3 -3 -1 5 -2
right_child=4 2 -4 -5 -6 -7
leaf_value=8.9279190791679683e-06 3.2518456103545329e-05 7.989101555858734e-07 -3.5322874376067895e-06 -3.0389464293269287e-09 1.0328536066983003e-05 2.6320514186340433e-05
leaf_weight=235 37 146 410 2758 42 47
leaf_count=235 37 146 410 2758 42 47
internal_value=-2.88701e-06 -2.14655e-05 -0.000258608 2.25876e-05 0.000520409 0.000520409
internal_weight=3675 3549 556 2993 126 84
internal_count=3675 3549 556 2993 126 84
is_linear=0
shrinkage=0.0173253


Tree=560
num_leaves=7
num_cat=0
split_feature=0 5 5 1 0 1
split_gain=0.119029 0.11646 0.156547 0.138777 1.38778e-17 1.38778e-17
threshold=0.014872976537839751 0.0041445741621724099 0.0042570617069920338 0.0027031775613827504 0.021251645489157155 0.0047386425464274002
decision_type=2 2 2 2 2 2
left_child=1 3 -3 -1 5 -2
right_child=4 2 -4 -5 -6 -7
leaf_value=5.0183507543125568e-06 3.1955063234583837e-05 -7.161487685702918e-06 -6.4440703206005066e-08 -1.8867401815335325e-07 1.0149590807453421e-05 2.586450268466378e-05
leaf_weight=428 37 59 2934 128 42 47
leaf_count=428 37 59 2934 128 42 47
internal_value=-2.88701e-06 -2.14655e-05 -6.42416e-05 0.000208802 0.000520409 0.000520409
internal_weight=3675 3549 2993 556 126 84
internal_count=3675 3549 2993 556 126 84
is_linear=0
shrinkage=0.0173253


Tree=561
num_leaves=7
num_cat=0
split_feature=0 2 6 1 5 2
split_gain=0.143085 0.120839 0.150074 0.104956 0.150331 0.0577193
threshold=0.006473158662852101 -0.009832994248619548 0.0052957402321999417 0.008734245634175351 0.009010212791880556 -0.0090726236265221989
decision_type=2 2 2 2 2 2
left_child=1 -1 -3 5 -5 -2
right_child=3 2 -4 4 -6 -7
leaf_value=6.7584681791903279e-06 6.8368158180921842e-06 2.5106320360987647e-08 -1.1362427948894774e-06 -7.9920781987088624e-07 8.1735419637267768e-06 7.1744135469898674e-06
leaf_weight=162 52 1623 1358 47 76 357
leaf_count=162 52 1623 1358 47 76 357
internal_value=-2.88701e-06 -4.73638e-05 -7.2407e-05 0.000259877 -0.000183873 0.000393328
internal_weight=3675 3143 2981 532 123 409
internal_count=3675 3143 2981 532 123 409
is_linear=0
shrinkage=0.0173253


Tree=562
num_leaves=7
num_cat=0
split_feature=1 6 1 3 3 0
split_gain=0.122734 0.255975 0.351505 0.171943 0.0238562 2.77556e-17
threshold=-0.010845978127219848 0.015989846888083654 0.0089641908328184014 0.008589736707956902 0.0083891150316386023 0.0034658080626929506
decision_type=2 2 2 2 2 2
left_child=4 3 -3 -2 5 -1
right_child=1 2 -4 -5 -6 -7
leaf_value=9.3287587657320734e-06 -9.0540953683356633e-08 -2.1355443675278789e-05 6.9383583344984105e-06 4.6167443401367235e-06 2.1284676357391326e-05 2.7361965391805736e-05
leaf_weight=101 3138 38 41 278 34 45
leaf_count=101 3138 38 41 278 34 45
internal_value=-1.70301e-05 -3.97522e-05 -0.00101475 -1.7204e-05 0.000424157 0.000520409
internal_weight=3675 3495 79 3416 180 146
internal_count=3675 3495 79 3416 180 146
is_linear=0
shrinkage=0.0173253


Tree=563
num_leaves=6
num_cat=0
split_feature=0 6 2 0 1
split_gain=0.127762 0.19865 0.123286 1.38778e-17 1.38778e-17
threshold=0.014872976537839751 0.018293519976944412 -0.009832994248619548 0.021251645489157155 0.0047386425464274002
decision_type=2 2 2 2 2
left_child=1 2 -1 4 -2
right_child=3 -3 -4 -5 -6
leaf_value=6.5566710622404596e-06 3.1284074112372625e-05 -1.606610552895802e-05 -7.0063108753827101e-08 9.7119272264102092e-06 2.5350251664534027e-05
leaf_weight=176 37 54 3319 42 47
leaf_count=176 37 54 3319 42 47
internal_value=-2.17445e-05 -4.09925e-05 -2.48807e-05 0.000520409 0.000520409
internal_weight=3675 3549 3495 126 84
internal_count=3675 3549 3495 126 84
is_linear=0
shrinkage=0.0173253


Tree=564
num_leaves=7
num_cat=0
split_feature=0 6 1 7 0 1
split_gain=0.12555 0.14852 0.417717 0.142165 1.38778e-17 1.38778e-17
threshold=0.014872976537839751 0.006960153048948735 -0.0022174642313759997 0.0060600907253939504 0.021251645489157155 0.0047386425464274002
decision_type=2 2 2 2 2 2
left_child=1 3 -3 -1 5 -2
right_child=4 2 -4 -5 -6 -7
leaf_value=-4.3392176637187343e-08 3.0742067314422209e-05 2.2675230781877694e-06 -4.087727549776939e-06 6.4473490639765213e-06 9.5436649163604947e-06 2.4911050277829184e-05
leaf_weight=2025 37 368 591 565 42 47
leaf_count=2025 37 368 591 565 42 47
internal_value=-1.70301e-05 -3.61108e-05 -0.000220299 3.20886e-05 0.000520409 0.000520409
internal_weight=3675 3549 959 2590 126 84
internal_count=3675 3549 959 2590 126 84
is_linear=0
shrinkage=0.0173253


Tree=565
num_leaves=7
num_cat=0
split_feature=1 6 1 4 3 0
split_gain=0.122734 0.255975 0.351505 0.144799 0.0238562 2.77556e-17
threshold=-0.010845978127219848 0.015989846888083654 0.0089641908328184014 0.014357988118823306 0.0083891150316386023 0.0034658080626929506
decision_type=2 2 2 2 2 2
left_child=4 3 -3 -2 5 -1
right_child=1 2 -4 -5 -6 -7
leaf_value=9.4061999204303854e-06 -1.0092690510242412e-07 -2.0734124395095521e-05 6.7167713025245083e-06 3.0046623882301543e-06 2.0877840678834204e-05 2.674866412651864e-05
leaf_weight=101 2594 38 41 822 34 45
leaf_count=101 2594 38 41 822 34 45
internal_value=-1.70301e-05 -3.97522e-05 -0.00101475 -1.7204e-05 0.000424157 0.000520409
internal_weight=3675 3495 79 3416 180 146
internal_count=3675 3495 79 3416 180 146
is_linear=0
shrinkage=0.0173253


Tree=566
num_leaves=7
num_cat=0
split_feature=0 1 6 3 0 1
split_gain=0.12555 0.118608 0.289537 0.0242789 1.38778e-17 1.38778e-17
threshold=0.014872976537839751 -0.010845978127219848 0.015989846888083654 0.0079252147433293025 0.021251645489157155 0.0047386425464274002
decision_type=2 2 2 2 2 2
left_child=1 3 -3 -1 5 -2
right_child=4 2 -4 -5 -6 -7
leaf_value=1.8062450133157677e-05 3.0211199552788938e-05 -4.5632892952356903e-08 -1.4159567243786286e-05 2.1288478703787796e-06 9.2619475499900788e-06 2.4447940154529872e-05
leaf_weight=133 37 3325 58 33 42 47
leaf_count=133 37 3325 58 33 42 47
internal_value=-1.70301e-05 -3.61108e-05 -5.82973e-05 0.000416039 0.000520409 0.000520409
internal_weight=3675 3549 3383 166 126 84
internal_count=3675 3549 3383 166 126 84
is_linear=0
shrinkage=0.0173253


Tree=567
num_leaves=6
num_cat=0
split_feature=0 6 2 0 1
split_gain=0.127762 0.19865 0.123286 1.38778e-17 1.38778e-17
threshold=0.014872976537839751 0.018293519976944412 -0.009832994248619548 0.021251645489157155 0.0047386425464274002
decision_type=2 2 2 2 2
left_child=1 2 -1 4 -2
right_child=3 -3 -4 -5 -6
leaf_value=6.0773918312599359e-06 2.9687780656866684e-05 -1.5157314453657092e-05 -5.6500398514488498e-08 9.1014812847484386e-06 2.4024371609332006e-05
leaf_weight=176 37 54 3319 42 47
leaf_count=176 37 54 3319 42 47
internal_value=-2.17445e-05 -4.09925e-05 -2.48807e-05 0.000520409 0.000520409
internal_weight=3675 3549 3495 126 84
internal_count=3675 3549 3495 126 84
is_linear=0
shrinkage=0.0173253


Tree=568
num_leaves=7
num_cat=0
split_feature=6 3 1 0 4 2
split_gain=0.130742 0.187716 0.281271 0.133044 0.177423 0.0186282
threshold=0.015989846888083654 -0.011844497680753697 -0.0021756283971694494 -0.0095213935295954972 -0.033063180174370314 0.0050339586363362014
decision_type=2 2 2 2 2 2
left_child=3 -2 -3 5 -5 -1
right_child=1 2 -4 4 -6 -7
leaf_value=2.456483828199e-05 1.1131154749821094e-05 3.5572722434488131e-06 -9.3920796607415966e-06 -6.4099732055341438e-07 -1.9900878601117155e-08 1.9089656059317667e-05
leaf_weight=151 34 52 40 41 3315 42
leaf_count=151 34 52 40 41 3315 42
internal_value=-3.11733e-05 -0.000579612 -0.000986142 -1.17021e-05 -3.71407e-05 0.00043064
internal_weight=3675 126 92 3549 3356 193
internal_count=3675 126 92 3549 3356 193
is_linear=0
shrinkage=0.0173253


Tree=569
num_leaves=6
num_cat=0
split_feature=0 6 0 0 1
split_gain=0.129994 0.196794 0.112492 1.38778e-17 1.38778e-17
threshold=0.014872976537839751 0.018293519976944412 -0.0095213935295954972 0.021251645489157155 0.0047386425464274002
decision_type=2 2 2 2 2
left_child=1 2 -1 4 -2
right_child=3 -3 -4 -5 -6
leaf_value=1.8087846073187068e-05 2.9173774953426801e-05 -1.48235271464252e-05 -6.4469116620601748e-08 9.1065159964901381e-06 2.3608486316690014e-05
leaf_weight=212 37 54 3283 42 47
leaf_count=212 37 54 3283 42 47
internal_value=-2.64589e-05 -4.58743e-05 -2.98379e-05 0.000520409 0.000520409
internal_weight=3675 3549 3495 126 84
internal_count=3675 3549 3495 126 84
is_linear=0
shrinkage=0.0173253


Tree=570
num_leaves=7
num_cat=0
split_feature=1 6 1 3 3 0
split_gain=0.128036 0.250796 0.351505 0.131239 0.0238562 2.77556e-17
threshold=-0.010845978127219848 0.015989846888083654 0.0089641908328184014 0.008589736707956902 0.0083891150316386023 0.0034658080626929506
decision_type=2 2 2 2 2 2
left_child=4 3 -3 -2 5 -1
right_child=1 2 -4 -5 -6 -7
leaf_value=9.6631147039340075e-06 -7.6693889865382638e-08 -1.9646793297027879e-05 6.4960022917196291e-06 3.905629107283004e-06 2.0108511928441656e-05 2.5902647916498238e-05
leaf_weight=101 3138 38 41 278 34 45
leaf_count=101 3138 38 41 278 34 45
internal_value=-2.64589e-05 -4.96666e-05 -0.00101475 -2.73477e-05 0.000424157 0.000520409
internal_weight=3675 3495 79 3416 180 146
internal_count=3675 3495 79 3416 180 146
is_linear=0
shrinkage=0.0173253


Tree=571
num_leaves=6
num_cat=0
split_feature=0 6 0 0 1
split_gain=0.132245 0.194947 0.115394 1.38778e-17 1.38778e-17
threshold=0.014872976537839751 0.018293519976944412 -0.0095213935295954972 0.021251645489157155 0.0047386425464274002
decision_type=2 2 2 2 2
left_child=1 2 -1 4 -2
right_child=3 -3 -4 -5 -6
leaf_value=1.7657627804750319e-05 2.8669658524079545e-05 -1.4226317590509584e-05 -7.0000013992451536e-08 8.8361972730726432e-06 2.3131795283871885e-05
leaf_weight=212 37 54 3283 42 47
leaf_count=212 37 54 3283 42 47
internal_value=-3.11733e-05 -5.0756e-05 -3.4795e-05 0.000520409 0.000520409
internal_weight=3675 3549 3495 126 84
internal_count=3675 3549 3495 126 84
is_linear=0
shrinkage=0.0173253


Tree=572
num_leaves=7
num_cat=0
split_feature=0 6 1 4 0 1
split_gain=0.129994 0.134683 0.33156 0.147843 1.38778e-17 1.38778e-17
threshold=0.014872976537839751 0.0052628517283828885 -0.0022174642313759997 0.016618178315777856 0.021251645489157155 0.0047386425464274002
decision_type=2 2 2 2 2 2
left_child=1 3 -3 -1 5 -2
right_child=4 2 -4 -5 -6 -7
leaf_value=1.6963172685035169e-08 2.8172947329778212e-05 2.2267112018793821e-06 -1.4488697088949249e-06 1.6254463383690255e-05 8.6831072703820418e-06 2.2731029378266977e-05
leaf_weight=1521 37 670 1168 190 42 47
leaf_count=1521 37 670 1168 190 42 47
internal_value=-2.64589e-05 -4.58743e-05 -0.000148851 6.47454e-05 0.000520409 0.000520409
internal_weight=3675 3549 1838 1711 126 84
internal_count=3675 3549 1838 1711 126 84
is_linear=0
shrinkage=0.0173253


Tree=573
num_leaves=7
num_cat=0
split_feature=0 1 6 3 0 1
split_gain=0.12555 0.118608 0.289537 0.0242789 1.38778e-17 1.38778e-17
threshold=0.014872976537839751 -0.010845978127219848 0.015989846888083654 0.0079252147433293025 0.021251645489157155 0.0047386425464274002
decision_type=2 2 2 2 2 2
left_child=1 3 -3 -1 5 -2
right_child=4 2 -4 -5 -6 -7
leaf_value=1.7582115730266169e-05 2.7684841819089647e-05 -4.8463433790831707e-08 -1.2703049167444635e-05 1.8826012230945478e-06 8.5326696019704751e-06 2.2337206872822949e-05
leaf_weight=133 37 3325 58 33 42 47
leaf_count=133 37 3325 58 33 42 47
internal_value=-1.70301e-05 -3.61108e-05 -5.82973e-05 0.000416039 0.000520409 0.000520409
internal_weight=3675 3549 3383 166 126 84
internal_count=3675 3549 3383 166 126 84
is_linear=0
shrinkage=0.0173253


Tree=574
num_leaves=7
num_cat=0
split_feature=6 3 1 0 0 1
split_gain=0.132999 0.187716 0.281271 0.149077 0.159742 0.0773056
threshold=0.015989846888083654 -0.011844497680753697 -0.0021756283971694494 0.006473158662852101 -0.0095213935295954972 0.008734245634175351
decision_type=2 2 2 2 2 2
left_child=3 -2 -3 4 -1 -5
right_child=1 2 -4 5 -6 -7
leaf_value=2.1325728219134272e-05 1.1569852530019902e-05 3.4404054576008783e-06 -8.1404870462654619e-06 7.9100389722513197e-06 -9.3054723947130188e-08 -1.3441164939695616e-07
leaf_weight=193 34 52 40 387 2865 104
leaf_count=193 34 52 40 387 2865 104
internal_value=-2.64589e-05 -0.000579612 -0.000986142 -6.8203e-06 -5.18144e-05 0.000273408
internal_weight=3675 126 92 3549 3058 491
internal_count=3675 126 92 3549 3058 491
is_linear=0
shrinkage=0.0173253


Tree=575
num_leaves=6
num_cat=0
split_feature=0 6 6 0 1
split_gain=0.127762 0.19865 0.134821 1.38778e-17 1.38778e-17
threshold=0.014872976537839751 0.018293519976944412 0.0052628517283828885 0.021251645489157155 0.0047386425464274002
decision_type=2 2 2 2 2
left_child=1 2 -1 4 -2
right_child=3 -3 -4 -5 -6
leaf_value=7.0384786356554386e-08 2.7068148887988607e-05 -1.3701466784163852e-05 -1.6069996905680083e-07 8.5258749111490144e-06 2.1952536196574984e-05
leaf_weight=1711 37 54 1784 42 47
leaf_count=1711 37 54 1784 42 47
internal_value=-2.17445e-05 -4.09925e-05 -2.48807e-05 0.000520409 0.000520409
internal_weight=3675 3549 3495 126 84
internal_count=3675 3549 3495 126 84
is_linear=0
shrinkage=0.0173253


Tree=576
num_leaves=7
num_cat=0
split_feature=1 6 1 3 3 0
split_gain=0.128036 0.250796 0.351505 0.130769 0.0238562 2.77556e-17
threshold=-0.010845978127219848 0.015989846888083654 0.0089641908328184014 0.012298879269830351 0.0083891150316386023 0.0034658080626929506
decision_type=2 2 2 2 2 2
left_child=4 3 -3 -2 5 -1
right_child=1 2 -4 -5 -6 -7
leaf_value=9.8477362151625511e-06 -6.2768194899927639e-08 -1.8671206586158412e-05 6.2500553299244684e-06 2.481157009882908e-05 1.9329412449767262e-05 2.4977634635163108e-05
leaf_weight=101 3290 38 41 126 34 45
leaf_count=101 3290 38 41 126 34 45
internal_value=-2.64589e-05 -4.96666e-05 -0.00101475 -2.73477e-05 0.000424157 0.000520409
internal_weight=3675 3495 79 3416 180 146
internal_count=3675 3495 79 3416 180 146
is_linear=0
shrinkage=0.0173253


Tree=577
num_leaves=6
num_cat=0
split_feature=0 6 6 0 1
split_gain=0.127762 0.19865 0.134821 1.38778e-17 1.38778e-17
threshold=0.014872976537839751 0.018293519976944412 0.0052628517283828885 0.021251645489157155 0.0047386425464274002
decision_type=2 2 2 2 2
left_child=1 2 -1 4 -2
right_child=3 -3 -4 -5 -6
leaf_value=7.0252826422810662e-08 2.6600271850480108e-05 -1.3140599648652118e-05 -1.5682831015599472e-07 8.2698770955213037e-06 2.1573288819144275e-05
leaf_weight=1711 37 54 1784 42 47
leaf_count=1711 37 54 1784 42 47
internal_value=-2.17445e-05 -4.09925e-05 -2.48807e-05 0.000520409 0.000520409
internal_weight=3675 3549 3495 126 84
internal_count=3675 3549 3495 126 84
is_linear=0
shrinkage=0.0173253


Tree=578
num_leaves=7
num_cat=0
split_feature=1 6 7 4 3 0
split_gain=0.128036 0.168616 0.299121 0.142227 0.0238562 2.77556e-17
threshold=-0.010845978127219848 0.0052628517283828885 0.0057107190649512115 0.016618178315777856 0.0083891150316386023 0.0034658080626929506
decision_type=2 2 2 2 2 2
left_child=4 3 -3 -2 5 -1
right_child=1 2 -4 -5 -6 -7
leaf_value=9.9047861492363892e-06 1.5922461368510032e-08 -7.2244345635477914e-06 -1.1242906630765396e-07 1.5973952233838412e-05 1.8997241169881542e-05 2.4547606061824455e-05
leaf_weight=101 1516 214 1575 190 34 45
leaf_count=101 1516 214 1575 190 34 45
internal_value=-2.64589e-05 -4.96666e-05 -0.000167181 7.35654e-05 0.000424157 0.000520409
internal_weight=3675 3495 1789 1706 180 146
internal_count=3675 3495 1789 1706 180 146
is_linear=0
shrinkage=0.0173253


Tree=579
num_leaves=7
num_cat=0
split_feature=1 6 7 0 4 7
split_gain=0.121488 0.212478 0.543831 0.145587 0.0883636 0.103934
threshold=-0.0037541772774423499 0.006960153048948735 0.0067207060065732254 -0.0017461433738560498 -0.035908867518249052 0.0047217116792278675
decision_type=2 2 2 2 2 2
left_child=4 3 -3 -2 -1 -6
right_child=1 2 -4 -5 5 -7
leaf_value=-4.2295050814980794e-07 2.9935024615202402e-06 -4.1720800964876198e-05 -3.0563354158129822e-07 -6.5024731671774927e-08 -5.978453166351399e-07 3.1455275318267781e-06
leaf_weight=75 652 45 689 1464 145 605
leaf_count=75 652 45 689 1464 145 605
internal_value=-2.17445e-05 -7.53395e-05 -0.000329335 1.27667e-05 0.000163402 0.000220103
internal_weight=3675 2850 734 2116 825 750
internal_count=3675 2850 734 2116 825 750
is_linear=0
shrinkage=0.0173253


Tree=580
num_leaves=7
num_cat=0
split_feature=1 6 7 0 4 4
split_gain=0.118814 0.231633 0.910295 0.127607 0.101855 0.231227
threshold=-0.0034614871622923493 0.0047668717076714525 0.0047343615605960655 0.0023836816010769004 -0.0013354412388833991 -0.0036172359104886596
decision_type=2 2 2 2 2 2
left_child=4 3 -3 -2 5 -1
right_child=1 2 -4 -5 -6 -7
leaf_value=7.5102751434396627e-07 5.5801381677888387e-09 -1.1382471653499269e-05 -1.4850858696576969e-07 4.3867401723323879e-06 1.2369147679905361e-05 -7.0000566952727415e-06
leaf_weight=527 859 43 1581 307 303 55
leaf_count=527 859 43 1581 307 303 55
internal_value=-2.64589e-05 -8.19415e-05 -0.000215704 0.000104363 0.000148452 1.43423e-05
internal_weight=3675 2790 1624 1166 885 582
internal_count=3675 2790 1624 1166 885 582
is_linear=0
shrinkage=0.0173253


Tree=581
num_leaves=7
num_cat=0
split_feature=5 4 6 2 7 6
split_gain=0.130169 0.1535 0.21401 0.191266 0.112244 0.210652
threshold=0.0046041997355731968 0.0030455136241061853 0.0054750669761611959 -0.010162664927256648 0.003382175085590257 0.0027006000192889503
decision_type=2 2 2 2 2 2
left_child=4 3 -3 -2 5 -1
right_child=1 2 -4 -5 -6 -7
leaf_value=8.8491622632203598e-06 5.9326306870008129e-06 7.4803199930735226e-06 -2.7687701660683775e-07 -5.7881147662074575e-07 3.1461856493976324e-06 -1.0022600711869402e-06
leaf_weight=60 144 527 804 1416 689 35
leaf_count=60 144 527 804 1416 689 35
internal_value=-3.11733e-05 -8.48692e-05 5.18047e-05 -0.00020148 0.00016683 -0.000391451
internal_weight=3675 2891 1331 1560 784 95
internal_count=3675 2891 1331 1560 784 95
is_linear=0
shrinkage=0.0173253


Tree=582
num_leaves=6
num_cat=0
split_feature=2 6 4 3 5
split_gain=0.11361 0.24326 0.143475 0.0291452 0.0570704
threshold=-0.010162664927256648 0.01932879728132712 0.0030455136241061853 0.0013855474920313503 0.010516690983653302
decision_type=2 2 2 2 2
left_child=3 2 -2 -1 -5
right_child=1 -3 -4 4 -6
leaf_value=1.4631095030203214e-05 -1.5811438694412763e-07 -8.5674644145152413e-06 2.1227658386805383e-07 1.1291967527582766e-05 -2.7443106242009742e-07
leaf_weight=127 1805 34 1626 45 38
leaf_count=127 1805 34 1626 45 38
internal_value=-3.58876e-05 -5.96024e-05 -4.51515e-05 0.000355405 0.000102931
internal_weight=3675 3465 3431 210 83
internal_count=3675 3465 3431 210 83
is_linear=0
shrinkage=0.0173253


Tree=583
num_leaves=7
num_cat=0
split_feature=1 6 7 4 2 7
split_gain=0.151478 0.195628 0.247234 0.106472 0.226179 0.0510697
threshold=-0.0026728295375107996 0.0028292128175385648 0.003382175085590257 0.00055005379477814271 -0.0036844052859148495 0.0098677481219780743
decision_type=2 2 2 2 2 2
left_child=3 -2 -3 4 -1 -5
right_child=1 2 -4 5 -6 -7
leaf_value=7.8864205857153846e-06 1.697212874479255e-05 -1.241894471890355e-06 -1.3292683034265728e-07 9.9583626755908991e-06 -5.4947716766128324e-07 1.0538560515978407e-05
leaf_weight=251 146 45 2451 259 460 63
leaf_count=251 146 45 2451 259 460 63
internal_value=-2.64589e-05 -9.60111e-05 -0.000132068 0.000151428 3.30576e-05 0.000412798
internal_weight=3675 2642 2496 1033 711 322
internal_count=3675 2642 2496 1033 711 322
is_linear=0
shrinkage=0.0173253


Tree=584
num_leaves=7
num_cat=0
split_feature=1 6 7 4 2 7
split_gain=0.121046 0.194915 0.248525 0.118289 0.184697 0.0507125
threshold=-0.0027367369801654493 0.0028292128175385648 0.003382175085590257 0.00055005379477814271 -0.0036844052859148495 0.0098677481219780743
decision_type=2 2 2 2 2 2
left_child=3 -2 -3 4 -1 -5
right_child=1 2 -4 5 -6 -7
leaf_value=7.7497857742263223e-06 1.6679483494054476e-05 -1.2203782446980814e-06 -1.3351493058725895e-07 1.51430030937155e-05 -5.5239863158816338e-07 1.0355976514299003e-05
leaf_weight=251 147 45 2464 250 455 63
leaf_count=251 147 45 2464 250 455 63
internal_value=-3.11733e-05 -9.27619e-05 -0.000128687 0.000129356 5.06599e-06 0.000409704
internal_weight=3675 2656 2509 1019 706 313
internal_count=3675 2656 2509 1019 706 313
is_linear=0
shrinkage=0.0173253


Tree=585
num_leaves=7
num_cat=0
split_feature=5 5 4 1 7 5
split_gain=0.123299 0.148785 0.146145 0.135328 0.190956 0.0857809
threshold=0.0041445741621724099 0.0042570617069920338 0.0030455136241061853 0.0027031775613827504 0.0047343615605960655 0.002950700937230434
decision_type=2 2 2 2 2 2
left_child=3 -2 -3 5 -5 -1
right_child=1 2 -4 4 -6 -7
leaf_value=3.38990908389704e-06 -6.6803629368587837e-06 -2.2524407013759054e-07 2.4375367084309231e-07 -1.9579982837699432e-06 4.9959523254913925e-06 5.7879629215408856e-06
leaf_weight=130 60 1648 1408 55 75 299
leaf_count=130 60 1648 1408 55 75 299
internal_value=-2.64589e-05 -6.89639e-05 -5.21889e-05 0.000210474 -0.000279222 0.000358867
internal_weight=3675 3116 3056 559 130 429
internal_count=3675 3116 3056 559 130 429
is_linear=0
shrinkage=0.0173253


Tree=586
num_leaves=7
num_cat=0
split_feature=4 2 1 0 6 6
split_gain=0.113722 0.163918 0.284099 0.150639 0.158547 0.094937
threshold=0.0030455136241061853 0.0020842619572550001 0.0027031775613827504 0.006473158662852101 0.0047048736997605195 0.0099926179633973277
decision_type=2 2 2 2 2 2
left_child=3 5 -3 4 -1 -2
right_child=1 2 -4 -5 -6 -7
leaf_value=2.4225260442922674e-08 1.8062406116085457e-06 6.1295386175050402e-06 -7.3450809990978111e-07 1.5693172053631007e-05 -7.3824980534255666e-07 -7.6058374168193336e-06
leaf_weight=723 791 408 403 153 1114 83
leaf_count=723 791 408 403 153 1114 83
internal_value=-2.64589e-05 7.82786e-05 -9.91161e-05 -0.000115144 -0.000158646 0.000242886
internal_weight=3675 1685 811 1990 1837 874
internal_count=3675 1685 811 1990 1837 874
is_linear=0
shrinkage=0.0173253


Tree=587
num_leaves=6
num_cat=0
split_feature=6 4 1 0 3
split_gain=0.116517 0.12377 0.155017 0.14625 0.116713
threshold=0.018293519976944412 0.014357988118823306 0.0083891150316386023 0.006473158662852101 -0.0066933404136131991
decision_type=2 2 2 2 2
left_child=1 3 -3 -1 -2
right_child=4 2 -4 -5 -6
leaf_value=-1.4694356198508626e-07 1.1177331625716559e-05 4.2248218743015947e-06 -2.5665432045522511e-07 5.9739792049454449e-06 -7.9198919827273295e-06
leaf_weight=2522 34 654 206 223 36
leaf_count=2522 34 654 206 223 36
internal_value=-1.70301e-05 -3.43626e-06 0.000177931 -6.02581e-05 -0.000717115
internal_weight=3675 3605 860 2745 70
internal_count=3675 3605 860 2745 70
is_linear=0
shrinkage=0.0173253


Tree=588
num_leaves=7
num_cat=0
split_feature=6 3 1 0 6 2
split_gain=0.130742 0.187716 0.281271 0.133044 0.124622 0.0186282
threshold=0.015989846888083654 -0.011844497680753697 -0.0021756283971694494 -0.0095213935295954972 0.0052423300298717335 0.0050339586363362014
decision_type=2 2 2 2 2 2
left_child=3 -2 -3 5 -5 -1
right_child=1 2 -4 4 -6 -7
leaf_value=2.3065820293304582e-05 1.1205057188816034e-05 3.6552263631494515e-06 -6.9583529341967453e-06 5.6204963197773747e-08 -2.576106128329175e-07 1.7272563937158876e-05
leaf_weight=151 34 52 40 1685 1671 42
leaf_count=151 34 52 40 1685 1671 42
internal_value=-3.11733e-05 -0.000579612 -0.000986142 -1.17021e-05 -3.71407e-05 0.00043064
internal_weight=3675 126 92 3549 3356 193
internal_count=3675 126 92 3549 3356 193
is_linear=0
shrinkage=0.0173253


Tree=589
num_leaves=6
num_cat=0
split_feature=6 3 1 6 3
split_gain=0.111857 0.116713 0.0951689 0.124356 0.0237241
threshold=0.018293519976944412 -0.0066933404136131991 -0.010845978127219848 0.0052423300298717335 0.0078040208286555513
decision_type=2 2 2 2 2
left_child=2 -2 4 -4 -1
right_child=1 -3 3 -5 -6
leaf_value=2.1367235986871463e-05 1.0790695828961126e-05 -7.6621215319357522e-06 5.8335080332013223e-08 -2.0198846240856942e-07 1.4956539358862205e-06
leaf_weight=119 34 36 1691 1762 33
leaf_count=119 34 36 1691 1762 33
internal_value=-3.11733e-05 -0.000717115 -1.7854e-05 -3.65307e-05 0.000406426
internal_weight=3675 70 3605 3453 152
internal_count=3675 70 3605 3453 152
is_linear=0
shrinkage=0.0173253


Tree=590
num_leaves=7
num_cat=0
split_feature=1 6 0 4 3 0
split_gain=0.128036 0.172449 0.208639 0.17661 0.0238562 2.77556e-17
threshold=-0.010845978127219848 0.007356065808545943 0.010597288040705902 0.018113559038266811 0.0083891150316386023 0.0034658080626929506
decision_type=2 2 2 2 2 2
left_child=4 3 -3 -2 5 -1
right_child=1 2 -4 -5 -6 -7
leaf_value=9.5813090291079422e-06 -2.9264493437217663e-08 -1.1686385230083839e-06 4.7016432566680483e-06 1.0899009434790375e-05 1.8625508815457692e-05 2.2848115795508909e-05
leaf_weight=101 2355 629 154 357 34 45
leaf_count=101 2355 629 154 357 34 45
internal_value=-2.64589e-05 -4.96666e-05 -0.000276158 1.57254e-05 0.000424157 0.000520409
internal_weight=3675 3495 783 2712 180 146
internal_count=3675 3495 783 2712 180 146
is_linear=0
shrinkage=0.0173253


Tree=591
num_leaves=6
num_cat=0
split_feature=6 3 1 4 3
split_gain=0.113399 0.116713 0.0930251 0.125918 0.0237241
threshold=0.018293519976944412 -0.0066933404136131991 -0.010845978127219848 -0.0075836187860009252 0.0078040208286555513
decision_type=2 2 2 2 2
left_child=2 -2 4 -4 -1
right_child=1 -3 3 -5 -6
leaf_value=2.0726326159048179e-05 1.0623990544625027e-05 -7.5091257308244246e-06 -5.8451299393104823e-07 2.8504573507340517e-08 1.2976619488556847e-06
leaf_weight=119 34 36 905 2548 33
leaf_count=119 34 36 905 2548 33
internal_value=-2.64589e-05 -0.000717115 -1.30481e-05 -3.15132e-05 0.000406426
internal_weight=3675 70 3605 3453 152
internal_count=3675 70 3605 3453 152
is_linear=0
shrinkage=0.0173253


Tree=592
num_leaves=7
num_cat=0
split_feature=1 6 7 5 4 2
split_gain=0.125396 0.190135 0.463972 0.136901 0.104376 0.161452
threshold=-0.0027367369801654493 0.0047668717076714525 0.0047817665476716951 0.0072956133959898237 0.00055005379477814271 -0.0036844052859148495
decision_type=2 2 2 2 2 2
left_child=4 3 -3 -2 5 -1
right_child=1 2 -4 -5 -6 -7
leaf_value=7.6369249500442632e-06 2.3996387126448306e-09 -9.7864417195110855e-06 -2.8269732943483639e-07 3.4305586968699083e-06 1.3751173133631883e-05 -5.1973527299417339e-07
leaf_weight=251 849 52 1505 250 313 455
leaf_count=251 849 52 1505 250 313 455
internal_value=-1.70301e-05 -7.97157e-05 -0.000202871 9.47636e-05 0.000146358 2.96061e-05
internal_weight=3675 2656 1557 1099 1019 706
internal_count=3675 2656 1557 1099 1019 706
is_linear=0
shrinkage=0.0173253


Tree=593
num_leaves=7
num_cat=0
split_feature=6 0 0 4 4 3
split_gain=0.132924 0.18605 0.349088 0.170935 0.161488 0.0458441
threshold=0.007356065808545943 0.010597288040705902 0.0089641908328184014 0.014357988118823306 0.013493085293094184 0.0048505373491007009
decision_type=2 2 2 2 2 2
left_child=3 2 -2 4 -1 -3
right_child=1 5 -4 -5 -6 -7
leaf_value=3.1797539914405451e-09 -4.1666990944059062e-07 2.3388250485604037e-05 -9.8248222476492587e-06 1.2052973810354729e-05 -2.6840424321360913e-06 3.8544976549805665e-10
leaf_weight=2220 706 115 45 487 44 58
leaf_count=2220 706 115 45 487 44 58
internal_value=-1.23158e-05 -0.000192105 -0.0003101 4.80714e-05 -1.52685e-05 0.000320116
internal_weight=3675 924 751 2751 2264 173
internal_count=3675 924 751 2751 2264 173
is_linear=0
shrinkage=0.0173253


Tree=594
num_leaves=7
num_cat=0
split_feature=6 2 2 5 4 3
split_gain=0.126044 0.181746 0.449935 0.280171 0.151592 0.158358
threshold=0.007356065808545943 0.0027031775613827504 0.0036544159772247506 0.014273654548950044 0.018113559038266811 -0.0078194267941343477
decision_type=2 2 2 2 2 2
left_child=4 3 -3 -2 5 -1
right_child=1 2 -4 -5 -6 -7
leaf_value=1.8768356908774342e-05 1.1245396033305323e-05 -1.9899702005907422e-05 -2.929321180715265e-07 -2.3846818507618996e-06 1.0500823405896702e-05 -6.610640764164292e-08
leaf_weight=159 339 37 366 182 357 2235
leaf_count=159 339 37 366 182 357 2235
internal_value=-1.70301e-05 -0.000192105 -0.000468382 2.15988e-05 4.17736e-05 -7.89086e-06
internal_weight=3675 924 403 521 2751 2394
internal_count=3675 924 403 521 2751 2394
is_linear=0
shrinkage=0.0173253


Tree=595
num_leaves=7
num_cat=0
split_feature=6 7 3 4 0 5
split_gain=0.139824 0.186808 0.533863 0.157379 0.145311 0.144707
threshold=0.007356065808545943 0.0073715365366834691 0.00068871546838600013 0.018113559038266811 -0.0078194267941343477 0.0053403474869251179
decision_type=2 2 2 2 2 2
left_child=3 2 -2 4 -1 -3
right_child=1 5 -4 -5 -6 -7
leaf_value=2.3220648408100522e-05 -1.9808303822983937e-05 2.3384206416425644e-05 6.6110279070413051e-06 1.0318893211970272e-05 -7.2708044344631719e-08 -2.5695434248534491e-07
leaf_weight=143 53 92 42 357 2251 737
leaf_count=143 53 92 42 357 2251 737
internal_value=-2.64589e-05 -0.000210855 -0.000938566 3.54758e-05 -1.51278e-05 -0.000127463
internal_weight=3675 924 95 2751 2394 829
internal_count=3675 924 95 2751 2394 829
is_linear=0
shrinkage=0.0173253


Tree=596
num_leaves=7
num_cat=0
split_feature=6 5 5 4 0 3
split_gain=0.11538 0.156207 0.20661 0.105953 0.0963165 0.0245559
threshold=0.0097814383492799434 0.0082978858270072557 0.01468819877101284 0.03588522298274982 -0.0090726236265221989 0.00033696430357060006
decision_type=2 2 2 2 2 2
left_child=3 -2 -3 4 -1 -5
right_child=1 2 -4 5 -6 -7
leaf_value=1.7473011006260502e-05 9.8888883205774184e-06 -5.5135223762903388e-06 -6.0854375996964099e-08 6.0855090125774559e-05 -6.3653342812768272e-08 3.6770210722826119e-05
leaf_weight=152 94 155 199 33 2901 141
leaf_count=152 94 155 199 33 2901 141
internal_value=-3.11733e-05 -0.000291716 -0.000458423 4.99755e-06 -1.87025e-05 0.000420838
internal_weight=3675 448 354 3227 3053 174
internal_count=3675 448 354 3227 3053 174
is_linear=0
shrinkage=0.0173253


Tree=597
num_leaves=6
num_cat=0
split_feature=0 6 0 0 1
split_gain=0.129994 0.196794 0.130431 1.38778e-17 1.38778e-17
threshold=0.014872976537839751 0.018293519976944412 0.0093545238389610517 0.021251645489157155 0.0047386425464274002
decision_type=2 2 2 2 2
left_child=1 2 -1 4 -2
right_child=3 -3 -4 -5 -6
leaf_value=-1.2272628938877129e-08 2.4212244539662128e-05 -1.255567369914233e-05 -2.1896021120463225e-07 8.3707926894326022e-06 2.0436087399446586e-05
leaf_weight=3347 37 54 148 42 47
leaf_count=3347 37 54 148 42 47
internal_value=-2.64589e-05 -4.58743e-05 -2.98379e-05 0.000520409 0.000520409
internal_weight=3675 3549 3495 126 84
internal_count=3675 3549 3495 126 84
is_linear=0
shrinkage=0.0173253


Tree=598
num_leaves=7
num_cat=0
split_feature=1 6 1 3 3 0
split_gain=0.130729 0.248226 0.351505 0.134954 0.0238562 2.77556e-17
threshold=-0.010845978127219848 0.015989846888083654 0.0089641908328184014 0.008589736707956902 0.0083891150316386023 0.0034658080626929506
decision_type=2 2 2 2 2 2
left_child=4 3 -3 -2 5 -1
right_child=1 2 -4 -5 -6 -7
leaf_value=9.6791832640383205e-06 -1.0753258148227568e-07 -1.8122854974446699e-05 5.8778697838987751e-06 2.613001830391089e-06 1.8343591061505631e-05 2.2224492685313306e-05
leaf_weight=101 3138 38 41 278 34 45
leaf_count=101 3138 38 41 278 34 45
internal_value=-3.11733e-05 -5.46237e-05 -0.00101475 -3.24195e-05 0.000424157 0.000520409
internal_weight=3675 3495 79 3416 180 146
internal_count=3675 3495 79 3416 180 146
is_linear=0
shrinkage=0.0173253


Tree=599
num_leaves=7
num_cat=0
split_feature=6 7 3 6 4 7
split_gain=0.10816 0.45587 0.683574 0.152531 0.145985 0.119673
threshold=0.0052957402321999417 0.0057107190649512115 -0.00078024087166744989 0.006960153048948735 0.016618178315777856 0.0047217116792278675
decision_type=2 2 2 2 2 2
left_child=4 2 -2 -3 5 -1
right_child=1 3 -4 -5 -6 -7
leaf_value=-7.5041688465900319e-08 1.92736280395635e-06 3.0240779852535462e-06 -9.6260926207128154e-06 -2.262421968640141e-07 1.5303043901707938e-05 1.9701819159942845e-06
leaf_weight=971 85 661 125 1078 191 564
leaf_count=971 85 661 125 1078 191 564
internal_value=-3.11733e-05 -0.000119624 -0.000882118 -2.7546e-05 6.87054e-05 1.25e-05
internal_weight=3675 1949 210 1739 1726 1535
internal_count=3675 1949 210 1739 1726 1535
is_linear=0
shrinkage=0.0173253


Tree=600
num_leaves=7
num_cat=0
split_feature=5 5 4 7 1 1
split_gain=0.097465 0.148785 0.130878 0.0858385 0.0940039 0.0683925
threshold=0.0041445741621724099 0.0042570617069920338 -0.0063270202938593848 0.003382175085590257 0.0001093273743592 0.0019410916865587502
decision_type=2 2 2 2 2 2
left_child=3 -2 -3 4 -1 -5
right_child=1 2 -4 5 -6 -7
leaf_value=-1.8777879914372024e-06 -6.5390394723506831e-06 -4.8463414914786769e-07 4.247379935778935e-08 5.7739270725653943e-06 1.5965535719978954e-06 1.5846939148687654e-08
leaf_weight=33 60 1016 2040 321 47 158
leaf_count=33 60 1016 2040 321 47 158
internal_value=-3.11733e-05 -6.89639e-05 -5.21889e-05 0.000179481 -0.000345858 0.00026722
internal_weight=3675 3116 3056 559 80 479
internal_count=3675 3116 3056 559 80 479
is_linear=0
shrinkage=0.0173253


Tree=601
num_leaves=7
num_cat=0
split_feature=1 6 1 4 3 0
split_gain=0.122734 0.156884 0.21541 0.149683 0.0238562 2.77556e-17
threshold=-0.010845978127219848 0.0084219068401703793 -0.00084073547838314983 0.014357988118823306 0.0083891150316386023 0.0034658080626929506
decision_type=2 2 2 2 2 2
left_child=4 3 -3 -2 5 -1
right_child=1 2 -4 -5 -6 -7
leaf_value=9.5235935497823628e-06 -5.2093861702983045e-08 -2.0095751984268045e-06 -1.4894441078436793e-07 7.636084362356652e-06 1.8038018483925605e-05 2.179877258971093e-05
leaf_weight=101 2362 167 375 591 34 45
leaf_count=101 2362 167 375 591 34 45
internal_value=-1.70301e-05 -3.97522e-05 -0.000310696 9.97734e-06 0.000424157 0.000520409
internal_weight=3675 3495 542 2953 180 146
internal_count=3675 3495 542 2953 180 146
is_linear=0
shrinkage=0.0173253


Tree=602
num_leaves=6
num_cat=0
split_feature=2 4 1 3 5
split_gain=0.123238 0.23268 0.134577 0.0287338 0.0587515
threshold=-0.009832994248619548 -0.035908867518249052 -0.0026728295375107996 0.0013855474920313503 0.010516690983653302
decision_type=2 2 2 2 2
left_child=3 -2 -3 -1 -5
right_child=1 2 -4 4 -6
leaf_value=1.0628285641478133e-05 -7.2874732786141115e-06 1.1820560232688784e-06 -1.4264844511214573e-07 1.1053084035727996e-05 -8.795282493205702e-08
leaf_weight=139 65 890 2495 48 38
leaf_count=139 65 890 2495 48 38
internal_value=-2.64589e-05 -5.20805e-05 -3.2364e-05 0.000366406 0.000117494
internal_weight=3675 3450 3385 225 86
internal_count=3675 3450 3385 225 86
is_linear=0
shrinkage=0.0173253


Tree=603
num_leaves=5
num_cat=0
split_feature=4 4 1 2
split_gain=0.163469 0.140432 0.139796 0.0497008
threshold=-0.044622789826874266 0.037023899820471197 -0.0027367369801654493 0.013113923673456502
decision_type=2 2 2 2
left_child=-1 2 -2 -3
right_child=1 3 -4 -5
leaf_value=-1.6398014356204167e-06 1.0090683319175779e-06 2.6390480896225998e-05 -1.651638524531392e-07 3.6844151332876691e-07
leaf_weight=60 949 191 2414 61
leaf_count=60 949 191 2414 61
internal_value=-2.64589e-05 -1.15724e-05 -4.11319e-05 0.000382906
internal_weight=3675 3615 3363 252
internal_count=3675 3615 3363 252
is_linear=0
shrinkage=0.0173253


Tree=604
num_leaves=5
num_cat=0
split_feature=4 1 6 7
split_gain=0.156667 0.111267 0.192576 0.114064
threshold=-0.044622789826874266 -0.0027367369801654493 0.0028292128175385648 0.0059573111930611104
decision_type=2 2 2 2
left_child=-1 3 -3 -2
right_child=1 2 -4 -5
leaf_value=-1.6113913403687188e-06 -1.9626477502381713e-07 1.6318002854305844e-05 -1.8540338324775917e-07 1.2454293223792044e-05
leaf_weight=60 474 147 2497 497
leaf_count=60 474 147 2497 497
internal_value=-4.53164e-05 -3.07429e-05 -8.89921e-05 0.000127868
internal_weight=3675 3615 2644 971
internal_count=3675 3615 2644 971
is_linear=0
shrinkage=0.0173253


Tree=605
num_leaves=6
num_cat=0
split_feature=1 4 6 3 0
split_gain=0.141782 0.2545 0.165219 0.0238562 2.77556e-17
threshold=-0.010845978127219848 -0.035908867518249052 0.0084219068401703793 0.0083891150316386023 0.0034658080626929506
decision_type=2 2 2 2 2
left_child=3 -2 -3 4 -1
right_child=1 2 -4 -5 -6
leaf_value=9.41582866945855e-06 -7.4118530163632077e-06 -6.1446754505195519e-10 -4.4781253270886743e-07 1.7904265700683047e-05 2.1056346616171281e-05
leaf_weight=101 61 2934 500 34 45
leaf_count=101 61 2934 500 34 45
internal_value=-5.00308e-05 -7.44524e-05 -5.47479e-05 0.000424157 0.000520409
internal_weight=3675 3495 3434 180 146
internal_count=3675 3495 3434 180 146
is_linear=0
shrinkage=0.0173253


Tree=606
num_leaves=6
num_cat=0
split_feature=6 3 0 6 5
split_gain=0.107291 0.116713 0.113688 0.12067 0.0311321
threshold=0.018293519976944412 -0.0066933404136131991 -0.0095213935295954972 0.0052423300298717335 0.011808579678091721
decision_type=2 2 2 2 2
left_child=2 -2 4 -4 -1
right_child=1 -3 3 -5 -6
leaf_value=4.3316527567380376e-05 1.0467331396251913e-05 -6.4484936585381292e-06 6.9743066667813381e-08 -2.8029096330826168e-07 2.906761878331058e-06
leaf_weight=132 34 36 1685 1708 80
leaf_count=132 34 36 1685 1708 80
internal_value=-4.53164e-05 -0.000717115 -3.22718e-05 -5.65917e-05 0.000356962
internal_weight=3675 70 3605 3393 212
internal_count=3675 70 3605 3393 212
is_linear=0
shrinkage=0.0173253


Tree=607
num_leaves=7
num_cat=0
split_feature=6 0 0 5 1 2
split_gain=0.110651 0.193301 0.289029 0.139413 0.132584 0.0254721
threshold=0.0086111695975352887 0.012298879269830351 0.0089641908328184014 0.012466726129371697 -0.0078194267941343477 -0.0052932613334869495
decision_type=2 2 2 2 2 2
left_child=3 2 -2 4 -1 -5
right_child=1 -3 -4 5 -6 -7
leaf_value=1.1206179338432301e-05 -4.4737748546220021e-07 1.1194326903464947e-05 -9.0714825174677878e-06 9.9038862359023149e-06 -7.2933144220040924e-08 2.2960319635681933e-05
leaf_weight=181 463 120 47 33 2657 174
leaf_count=181 463 120 47 33 2657 174
internal_value=-4.0602e-05 -0.000249606 -0.000396815 2.64019e-06 -2.90204e-05 0.000436711
internal_weight=3675 630 510 3045 2838 207
internal_count=3675 630 510 3045 2838 207
is_linear=0
shrinkage=0.0173253


Tree=608
num_leaves=7
num_cat=0
split_feature=3 6 7 3 0 0
split_gain=0.114988 0.190989 0.249325 0.148502 0.102152 0.134019
threshold=-0.0036083519126843999 0.0042866300707062313 0.0047817665476716951 -0.0032547664155966995 0.0041458057714138007 0.0033832725132621005
decision_type=2 2 2 2 2 2
left_child=4 3 -3 -2 5 -1
right_child=1 2 -4 -5 -6 -7
leaf_value=4.7980325689137121e-07 -7.7337403658355234e-06 -3.1660116272474833e-06 -2.2355590773532169e-07 1.8244925631969636e-06 8.2221216751481236e-06 -1.6090666872920709e-05
leaf_weight=590 34 184 1739 863 232 33
leaf_count=590 34 184 1739 863 232 33
internal_value=-4.0602e-05 -9.39647e-05 -0.000191344 0.000114799 0.000135401 1.98373e-05
internal_weight=3675 2820 1923 897 855 623
internal_count=3675 2820 1923 897 855 623
is_linear=0
shrinkage=0.0173253


Tree=609
num_leaves=7
num_cat=0
split_feature=6 0 0 5 3 2
split_gain=0.110651 0.193301 0.289029 0.139413 0.136959 0.0254721
threshold=0.0086111695975352887 0.012298879269830351 0.0089641908328184014 0.012466726129371697 -0.0078194267941343477 -0.0052932613334869495
decision_type=2 2 2 2 2 2
left_child=3 2 -2 4 -1 -5
right_child=1 -3 -4 5 -6 -7
leaf_value=1.3481597845724481e-05 -4.3575334537166612e-07 1.1004254714111277e-05 -8.9662981534883098e-06 9.7361713524307522e-06 -7.2180589120333743e-08 2.2554211853590244e-05
leaf_weight=185 463 120 47 33 2653 174
leaf_count=185 463 120 47 33 2653 174
internal_value=-4.0602e-05 -0.000249606 -0.000396815 2.64019e-06 -2.90204e-05 0.000436711
internal_weight=3675 630 510 3045 2838 207
internal_count=3675 630 510 3045 2838 207
is_linear=0
shrinkage=0.0173253


Tree=610
num_leaves=6
num_cat=0
split_feature=6 3 3 3 0
split_gain=0.110324 0.146305 0.181452 0.116713 2.77556e-17
threshold=0.018293519976944412 0.013113923673456502 0.0041970736370881513 -0.0066933404136131991 0.007322063773326901
decision_type=2 2 2 2 2
left_child=1 2 -1 -2 -3
right_child=3 4 -4 -5 -6
leaf_value=2.5906297104716634e-08 1.0292969244228613e-05 1.8784158429625211e-05 -6.2848575886548525e-07 -6.3175976914635012e-06 4.9646355893432704e-06
leaf_weight=2786 34 110 676 36 33
leaf_count=2786 34 110 676 36 33
internal_value=-3.58876e-05 -2.26599e-05 -4.50917e-05 -0.000717115 0.000520409
internal_weight=3675 3605 3462 70 143
internal_count=3675 3605 3462 70 143
is_linear=0
shrinkage=0.0173253


Tree=611
num_leaves=7
num_cat=0
split_feature=1 4 5 3 3 0
split_gain=0.128036 0.122419 0.166399 0.122447 0.0238562 2.77556e-17
threshold=-0.010845978127219848 -0.0071600129396474392 0.0044108142972441857 0.0041970736370881513 0.0083891150316386023 0.0034658080626929506
decision_type=2 2 2 2 2 2
left_child=4 2 -2 -3 5 -1
right_child=1 3 -4 -5 -6 -7
leaf_value=9.4914554325021861e-06 2.6775219888645266e-06 1.089447388297188e-07 -8.1741214861199086e-07 -4.455471187106655e-07 1.7240871514837434e-05 2.0407659533496108e-05
leaf_weight=101 123 1871 842 659 34 45
leaf_count=101 123 1871 842 659 34 45
internal_value=-2.64589e-05 -4.96666e-05 -0.000215693 1.36599e-05 0.000424157 0.000520409
internal_weight=3675 3495 965 2530 180 146
internal_count=3675 3495 965 2530 180 146
is_linear=0
shrinkage=0.0173253


Tree=612
num_leaves=7
num_cat=0
split_feature=0 6 7 4 4 4
split_gain=0.128545 0.166071 0.302204 0.141859 0.252541 0.125371
threshold=0.006473158662852101 0.0052957402321999417 0.0060600907253939504 0.026040532913278101 0.031671321147562166 0.016296583301509862
decision_type=2 2 2 2 2 2
left_child=1 5 -3 -2 -5 -1
right_child=3 2 -4 4 -6 -7
leaf_value=1.1273003738611463e-08 6.4937036864212416e-06 -3.0699143711615514e-06 -1.3047605147332043e-07 -1.7109419384602833e-05 9.1952717042758377e-06 1.4431500763580934e-05
leaf_weight=1485 312 321 1179 51 169 158
leaf_count=1485 312 321 1179 51 169 158
internal_value=-2.17445e-05 -6.39009e-05 -0.000195705 0.000227311 -0.000109603 5.64315e-05
internal_weight=3675 3143 1500 532 220 1643
internal_count=3675 3143 1500 532 220 1643
is_linear=0
shrinkage=0.0173253


Tree=613
num_leaves=7
num_cat=0
split_feature=6 7 3 5 4 7
split_gain=0.118612 0.445303 0.636005 0.157401 0.145985 0.119673
threshold=0.0052957402321999417 0.0057107190649512115 -0.00098409758607324979 0.0049871606311436339 0.016618178315777856 0.0047217116792278675
decision_type=2 2 2 2 2 2
left_child=4 2 -2 -3 5 -1
right_child=1 3 -4 -5 -6 -7
leaf_value=-9.9720990871675201e-08 2.8508181579763952e-06 1.1948198938798514e-05 -9.2706207644456987e-06 -1.2909464699623131e-07 1.4717106146157371e-05 1.896119953730282e-06
leaf_weight=971 82 239 128 1500 191 564
leaf_count=971 82 239 128 1500 191 564
internal_value=-3.58876e-05 -0.000128513 -0.000882118 -3.75088e-05 6.87054e-05 1.25e-05
internal_weight=3675 1949 210 1739 1726 1535
internal_count=3675 1949 210 1739 1726 1535
is_linear=0
shrinkage=0.0173253


Tree=614
num_leaves=7
num_cat=0
split_feature=5 5 4 7 1 1
split_gain=0.0931513 0.150728 0.140278 0.0858385 0.0940039 0.0683925
threshold=0.0041445741621724099 0.0042570617069920338 -0.0063270202938593848 0.003382175085590257 0.0001093273743592 0.0019410916865587502
decision_type=2 2 2 2 2 2
left_child=3 -2 -3 4 -1 -5
right_child=1 2 -4 5 -6 -7
leaf_value=-1.8484454276480589e-06 -6.5696278724153486e-06 -4.8673870516557053e-07 3.2836141485153095e-08 5.6254864900519313e-06 1.4380982804619063e-06 2.3334584708009631e-08
leaf_weight=33 60 1016 2040 321 47 158
leaf_count=33 60 1016 2040 321 47 158
internal_value=-2.64589e-05 -6.34038e-05 -4.65197e-05 0.000179481 -0.000345858 0.00026722
internal_weight=3675 3116 3056 559 80 479
internal_count=3675 3116 3056 559 80 479
is_linear=0
shrinkage=0.0173253


Tree=615
num_leaves=7
num_cat=0
split_feature=0 0 2 6 6 3
split_gain=0.100003 0.196827 0.285714 0.149709 0.145809 0.0813533
threshold=-0.0012746133425421996 -0.00078024087166744989 0.0027525320907220005 0.01932879728132712 0.0028792759830074009 0.0083891150316386023
decision_type=2 2 2 2 2 2
left_child=3 2 -2 5 -3 -1
right_child=1 4 -4 -5 -6 -7
leaf_value=1.0584225016990194e-07 -6.9591117443333814e-06 1.780866606689822e-05 7.3432661475112231e-06 -7.0085554555453884e-06 -6.8424646278951142e-08 1.3208585848765131e-05
leaf_weight=1222 100 128 40 33 2011 141
leaf_count=1222 100 128 40 33 2011 141
internal_value=-1.70301e-05 -8.77644e-05 -0.000717115 9.8445e-05 -4.65727e-05 0.000126362
internal_weight=3675 2279 140 1396 2139 1363
internal_count=3675 2279 140 1396 2139 1363
is_linear=0
shrinkage=0.0173253


Tree=616
num_leaves=7
num_cat=0
split_feature=0 4 0 0 3 3
split_gain=0.113777 0.197996 0.349235 0.138461 0.0780701 0.200687
threshold=-0.0012746133425421996 -0.0009409347758434994 -0.00028666762630984996 0.0023836816010769004 0.009133715888943501 0.0071893767115404012
decision_type=2 2 2 2 2 2
left_child=4 2 -2 -3 5 -1
right_child=1 3 -4 -5 -6 -7
leaf_value=1.2481164814367512e-07 -4.3175568799133505e-06 -2.9680092468765737e-07 -1.0201158470542499e-07 3.9266238238634404e-07 1.1463264995817707e-05 -7.3408748082566243e-06
leaf_weight=1208 124 628 644 883 127 61
leaf_count=1208 124 628 644 883 127 61
internal_value=-1.23158e-05 -8.77644e-05 -0.000314275 2.73649e-05 0.000110856 6.98682e-05
internal_weight=3675 2279 768 1511 1396 1269
internal_count=3675 2279 768 1511 1396 1269
is_linear=0
shrinkage=0.0173253


Tree=617
num_leaves=7
num_cat=0
split_feature=3 3 2 6 3 3
split_gain=0.143337 0.202172 0.23633 0.141054 0.120525 0.131495
threshold=0.0044245424899333015 0.0053422642294543507 0.0024929702563037505 0.010378185920741427 0.0022545057408387506 0.0015052398470154001
decision_type=2 2 2 2 2 2
left_child=4 2 -2 -3 5 -1
right_child=1 3 -4 -5 -6 -7
leaf_value=2.9964286464510554e-08 -5.8516267731137223e-07 3.6925589631270461e-07 -4.1930746266976424e-05 -7.546566820130273e-07 1.8818090583812179e-06 -2.5876561872856761e-06
leaf_weight=2183 83 531 43 141 469 225
leaf_count=2183 83 531 43 141 469 225
internal_value=-1.23158e-05 -0.000217763 -0.000854617 -9.83531e-05 4.46697e-05 -4.81935e-06
internal_weight=3675 798 126 672 2877 2408
internal_count=3675 798 126 672 2877 2408
is_linear=0
shrinkage=0.0173253


Tree=618
num_leaves=7
num_cat=0
split_feature=5 0 4 3 5 7
split_gain=0.112238 0.106475 0.131751 0.10037 0.132623 0.0658455
threshold=0.0046041997355731968 -0.0095213935295954972 -0.0071600129396474392 -0.0014893876550602998 0.004232112382019061 0.015324574445688405
decision_type=2 2 2 2 2 2
left_child=3 5 -3 -1 -5 -2
right_child=1 2 -4 4 -6 -7
leaf_value=6.7190985567276725e-06 1.8106772727682245e-05 -7.8386397464430471e-07 -2.5443410577129015e-09 -1.1709354945592411e-07 7.7871343814283366e-06 -3.7173650075991564e-07
leaf_weight=252 188 771 1892 405 127 40
leaf_count=252 188 771 1892 405 127 40
internal_value=-1.70301e-05 -6.68906e-05 -9.7656e-05 0.00016683 3.19125e-05 0.000292444
internal_weight=3675 2891 2663 784 532 228
internal_count=3675 2891 2663 784 532 228
is_linear=0
shrinkage=0.0173253


Tree=619
num_leaves=7
num_cat=0
split_feature=3 3 5 0 5 0
split_gain=0.124282 0.298898 0.399409 0.145231 0.120284 0.123714
threshold=0.0044245424899333015 0.0053422642294543507 0.0054126206042622912 -0.0031584395526739997 0.0035228712449493888 0.006473158662852101
decision_type=2 2 2 2 2 2
left_child=4 2 -2 -3 -1 -6
right_child=1 3 -4 -5 5 -7
leaf_value=5.5073711082732984e-06 -1.4793595208465975e-05 6.9481701084018301e-06 -5.7197721175723565e-06 -2.932446904697566e-07 -6.5059103294684394e-08 7.3552836446545016e-06
leaf_weight=256 33 188 93 484 2252 369
leaf_count=256 33 188 93 484 2252 369
internal_value=-2.64589e-05 -0.000217763 -0.00099212 -7.25714e-05 2.66036e-05 -8.4072e-06
internal_weight=3675 798 126 672 2877 2621
internal_count=3675 798 126 672 2877 2621
is_linear=0
shrinkage=0.0173253


Tree=620
num_leaves=7
num_cat=0
split_feature=6 7 1 4 2 0
split_gain=0.145652 0.328095 0.157846 0.138262 0.114015 2.77556e-17
threshold=0.0052423300298717335 0.0050579514975674002 -0.0022174642313759997 0.016296583301509862 -0.0044409670602306491 0.0056422749124113514
decision_type=2 2 2 2 2 2
left_child=3 -2 -3 4 -1 -5
right_child=1 2 -4 5 -6 -7
leaf_value=2.6481338251798597e-06 -5.7977086864634845e-06 7.3374088820937145e-07 -5.8728345135674855e-07 1.369383231481402e-05 -5.6491859945347987e-08 1.8138093425237278e-05
leaf_weight=191 39 685 1255 139 1306 60
leaf_count=191 39 685 1255 139 1306 60
internal_value=-2.64589e-05 -0.000127431 -9.58015e-05 9.13616e-05 3.43273e-05 0.000520409
internal_weight=3675 1979 1940 1696 1497 199
internal_count=3675 1979 1940 1696 1497 199
is_linear=0
shrinkage=0.0173253


Tree=621
num_leaves=7
num_cat=0
split_feature=3 1 3 0 3 2
split_gain=0.155204 0.25652 0.23459 0.154588 0.142933 0.1203
threshold=0.0041970736370881513 -0.0021756283971694494 0.0053422642294543507 0.0012712137089520004 0.0022545057408387506 -0.010845978127219848
decision_type=2 2 2 2 2 2
left_child=4 3 -3 -2 5 -1
right_child=1 2 -4 -5 -6 -7
leaf_value=7.0976277964496932e-06 6.1922923939843334e-06 -9.3534611191884043e-06 -3.1762015114072783e-07 -1.1775971551801167e-07 2.2512925809093887e-06 -7.4610987303363406e-08
leaf_weight=115 168 128 443 101 427 2293
leaf_count=115 168 128 443 101 427 2293
internal_value=-3.58876e-05 -0.000242731 -0.000450538 0.000198376 2.53992e-05 -2.64041e-05
internal_weight=3675 840 571 269 2835 2408
internal_count=3675 840 571 269 2835 2408
is_linear=0
shrinkage=0.0173253


Tree=622
num_leaves=7
num_cat=0
split_feature=3 3 6 1 5 2
split_gain=0.112333 0.260062 0.407436 0.135407 0.128503 0.128477
threshold=0.0044245424899333015 0.0050339586363362014 0.0065635927903620666 -0.0021756283971694494 0.0035228712449493888 -0.010845978127219848
decision_type=2 2 2 2 2 2
left_child=4 2 -2 -3 -1 -6
right_child=1 3 -4 -5 5 -7
leaf_value=5.414225505350439e-06 4.1351495043531954e-06 2.5204125113349984e-06 -4.9230629231804805e-05 -3.0979220313137033e-07 7.8931249036712534e-06 -4.4587017127493589e-08
leaf_weight=256 51 237 33 477 125 2496
leaf_count=256 51 237 33 477 125 2496
internal_value=-3.58876e-05 -0.000217763 -0.00112962 -0.000110486 1.45596e-05 -2.16276e-05
internal_weight=3675 798 84 714 2877 2621
internal_count=3675 798 84 714 2877 2621
is_linear=0
shrinkage=0.0173253


Tree=623
num_leaves=7
num_cat=0
split_feature=6 7 3 4 1 7
split_gain=0.118372 0.393338 0.616805 0.147843 0.131578 0.111631
threshold=0.0052628517283828885 0.0057107190649512115 -0.00098409758607324979 0.016618178315777856 -0.0022174642313759997 0.0044586076118351969
decision_type=2 2 2 2 2 2
left_child=3 2 -2 5 -3 -1
right_child=1 4 -4 -5 -6 -7
leaf_value=-8.5559181279613874e-08 2.9068908065027373e-06 2.5991776125261071e-06 -9.059522576346007e-06 1.4135216017357257e-05 -3.7196504790294601e-07 3.740445208000959e-07
leaf_weight=794 86 620 133 190 1125 727
leaf_count=794 86 620 133 190 1125 727
internal_value=-4.0602e-05 -0.000132379 -0.00082448 6.47454e-05 -4.5519e-05 7.82494e-06
internal_weight=3675 1964 219 1711 1745 1521
internal_count=3675 1964 219 1711 1745 1521
is_linear=0
shrinkage=0.0173253


Tree=624
num_leaves=7
num_cat=0
split_feature=6 0 0 0 4 2
split_gain=0.101689 0.226833 0.343676 0.14477 0.314597 0.0231088
threshold=0.0086111695975352887 0.010597288040705902 0.008734245634175351 -0.0082000066009861976 -0.029225083328340496 0.0093545238389610517
decision_type=2 2 2 2 2 2
left_child=3 2 -2 -1 -5 -3
right_child=1 5 -4 4 -6 -7
leaf_value=1.9992826090483787e-05 -3.681491067259739e-07 2.3073160729772422e-05 -1.4418315437249339e-05 -2.6020639746803767e-06 1.2167056842781231e-08 1.5689754728617255e-07
leaf_weight=164 458 106 33 58 2823 33
leaf_count=164 458 106 33 58 2823 33
internal_value=-2.17445e-05 -0.000222105 -0.000397022 1.97095e-05 -8.79266e-06 0.000395766
internal_weight=3675 630 491 3045 2881 139
internal_count=3675 630 491 3045 2881 139
is_linear=0
shrinkage=0.0173253


Tree=625
num_leaves=7
num_cat=0
split_feature=3 3 2 0 5 7
split_gain=0.11623 0.257748 0.165684 0.142633 0.143014 0.139246
threshold=0.004547829071406051 0.0050339586363362014 0.00015564013090320003 0.006473158662852101 0.0035228712449493888 0.015324574445688405
decision_type=2 2 2 2 2 2
left_child=3 2 -2 4 -1 -3
right_child=1 5 -4 -5 -6 -7
leaf_value=6.2272400478108828e-06 9.2779895420317679e-07 -8.9759807884061197e-08 -4.8364869787660956e-05 6.5962478162352603e-06 -7.939998446737816e-08 -4.4481636679266113e-06
leaf_weight=245 37 670 33 384 2262 44
leaf_count=245 37 670 33 384 2262 44
internal_value=-2.17445e-05 -0.000208846 -0.00121212 2.89949e-05 -1.86323e-05 -0.000110486
internal_weight=3675 784 70 2891 2507 714
internal_count=3675 784 70 2891 2507 714
is_linear=0
shrinkage=0.0173253


Tree=626
num_leaves=7
num_cat=0
split_feature=6 1 1 5 3 2
split_gain=0.126133 0.169189 0.278642 0.128664 0.126174 0.0254721
threshold=0.0086111695975352887 -0.010845978127219848 -0.00078024087166744989 0.012466726129371697 -0.0078194267941343477 -0.0052932613334869495
decision_type=2 2 2 2 2 2
left_child=3 -2 -3 4 -1 -5
right_child=1 2 -4 5 -6 -7
leaf_value=1.2868700637341409e-05 3.2882762645177766e-06 -3.7253598800074358e-06 -9.6072671984902687e-08 9.993383465954537e-06 -5.0113301155842369e-08 2.2196778751644e-05
leaf_weight=185 111 162 357 33 2653 174
leaf_count=185 111 162 357 33 2653 174
internal_value=-2.64589e-05 -0.000249606 -0.000380909 1.97095e-05 -1.07061e-05 0.000436711
internal_weight=3675 630 519 3045 2838 207
internal_count=3675 630 519 3045 2838 207
is_linear=0
shrinkage=0.0173253


Tree=627
num_leaves=7
num_cat=0
split_feature=4 3 5 2 4 1
split_gain=0.107849 0.147255 0.175707 0.0945922 0.146131 0.123028
threshold=-0.0075836187860009252 -0.012673442538946799 0.0044108142972441857 -0.0050201711905507491 0.026040532913278101 -0.0012746133425421996
decision_type=2 2 2 2 2 2
left_child=1 -1 -3 4 -2 -5
right_child=3 2 -4 5 -6 -7
leaf_value=1.6359125199025884e-05 1.2469217180427481e-05 2.3675007116797972e-06 -7.8176504371583073e-07 9.170809364542002e-07 -8.6228898880650257e-06 -1.0678583380313911e-07
leaf_weight=84 280 122 840 680 47 1622
leaf_count=84 280 122 840 680 47 1622
internal_value=-2.64589e-05 -0.000175255 -0.000235999 3.27425e-05 0.000308478 -6.42586e-06
internal_weight=3675 1046 962 2629 327 2302
internal_count=3675 1046 962 2629 327 2302
is_linear=0
shrinkage=0.0173253


Tree=628
num_leaves=5
num_cat=0
split_feature=4 1 4 5
split_gain=0.161755 0.118981 0.112521 0.0714268
threshold=-0.044622789826874266 -0.0082000066009861976 -0.0071600129396474392 0.015452182367311038
decision_type=2 2 2 2
left_child=-1 3 -3 -2
right_child=1 2 -4 -5
leaf_value=-1.5233791394839545e-06 8.6432885624425499e-06 -4.4699609401632305e-07 1.5601487264924908e-08 2.4340731525800047e-06
leaf_weight=60 234 873 2468 40
leaf_count=60 234 873 2468 40
internal_value=-3.11733e-05 -1.6365e-05 -4.48296e-05 0.000330715
internal_weight=3675 3615 3341 274
internal_count=3675 3615 3341 274
is_linear=0
shrinkage=0.0173253


Tree=629
num_leaves=5
num_cat=0
split_feature=4 0 0 3
split_gain=0.16005 0.0993979 0.201228 0.0964698
threshold=-0.044622789826874266 -0.0012746133425421996 -0.00098409758607324979 0.0083891150316386023
decision_type=2 2 2 2
left_child=-1 3 -3 -2
right_child=1 2 -4 -5
leaf_value=-1.4969860985235589e-06 6.2563530361481851e-08 -1.1882739450007682e-06 -7.7584460845872912e-08 7.9112688891248205e-06
leaf_weight=60 1205 84 2182 144
leaf_count=60 1205 84 2182 144
internal_value=-3.58876e-05 -2.11577e-05 -9.12534e-05 9.65866e-05
internal_weight=3675 3615 2266 1349
internal_count=3675 3615 2266 1349
is_linear=0
shrinkage=0.0173253


Tree=630
num_leaves=7
num_cat=0
split_feature=6 1 0 4 0 0
split_gain=0.114728 0.177 0.184502 0.138119 0.129581 0.0549663
threshold=0.0084219068401703793 -0.010845978127219848 0.0015883415045030503 0.025549245250337214 -0.0090726236265221989 0.0096662020922502513
decision_type=2 2 2 2 2 2
left_child=3 -2 -3 4 -1 -5
right_child=1 2 -4 5 -6 -7
leaf_value=3.027156068931462e-05 4.4934696813787896e-06 -3.8456696078744368e-06 -4.8438164446818621e-08 2.3507128251227923e-05 -6.4176380625749832e-08 1.3673484006326121e-05
leaf_weight=124 116 271 271 206 2630 57
leaf_count=124 116 271 271 206 2630 57
internal_value=-3.58876e-05 -0.00024317 -0.000374627 9.32005e-06 -2.69057e-05 0.000388657
internal_weight=3675 658 542 3017 2754 263
internal_count=3675 658 542 3017 2754 263
is_linear=0
shrinkage=0.0173253


Tree=631
num_leaves=7
num_cat=0
split_feature=6 7 3 7 6 2
split_gain=0.132607 0.280258 0.568421 0.171624 0.360366 0.136107
threshold=0.007356065808545943 0.0073715365366834691 0.0010954120999472504 0.0064430616256729058 0.0067295708026888874 0.0021705872079635503
decision_type=2 2 2 2 2 2
left_child=3 2 -2 4 -1 -3
right_child=1 5 -4 -5 -6 -7
leaf_value=-1.1631553645394411e-08 -1.5731991746329918e-05 1.1396951387094022e-07 2.0865634698670812e-05 5.689097025891813e-06 -2.8850265836850024e-05 -1.3222468891768011e-06
leaf_weight=2214 57 436 38 485 52 393
leaf_count=2214 57 436 38 485 52 393
internal_value=-5.00308e-05 -0.000229606 -0.00112094 1.02844e-05 -5.30246e-05 -0.000127463
internal_weight=3675 924 95 2751 2266 829
internal_count=3675 924 95 2751 2266 829
is_linear=0
shrinkage=0.0173253


Tree=632
num_leaves=6
num_cat=0
split_feature=2 6 2 3 0
split_gain=0.117393 0.249166 0.128409 0.0822222 2.77556e-17
threshold=-0.009832994248619548 0.01932879728132712 -0.0082000066009861976 0.009133715888943501 0.008589736707956902
decision_type=2 2 2 2 2
left_child=3 2 -2 4 -1
right_child=1 -3 -4 -5 -6
leaf_value=5.2869143143422108e-06 -8.9496202316393312e-06 -6.0842234404955706e-06 -1.789662602202874e-09 7.1701847214145531e-07 2.181009707418289e-05
leaf_weight=149 86 34 3330 40 36
leaf_count=149 86 34 3330 40 36
internal_value=-1.70301e-05 -4.20368e-05 -2.73477e-05 0.000366406 0.000520409
internal_weight=3675 3450 3416 225 185
internal_count=3675 3450 3416 225 185
is_linear=0
shrinkage=0.0173253


Tree=633
num_leaves=6
num_cat=0
split_feature=1 4 6 3 0
split_gain=0.120125 0.273023 0.109866 0.0238562 2.77556e-17
threshold=-0.010845978127219848 -0.035908867518249052 0.0076815809014615594 0.0083891150316386023 0.0034658080626929506
decision_type=2 2 2 2 2
left_child=3 -2 -3 4 -1
right_child=1 2 -4 -5 -6
leaf_value=9.1958642699434823e-06 -6.4509536655586941e-06 2.8202085158054287e-08 -3.9147333742535536e-07 1.6234602632915484e-05 1.9196938375205719e-05
leaf_weight=101 61 2803 631 34 45
leaf_count=101 61 2803 631 34 45
internal_value=-1.23158e-05 -3.4795e-05 -1.4386e-05 0.000424157 0.000520409
internal_weight=3675 3495 3434 180 146
internal_count=3675 3495 3434 180 146
is_linear=0
shrinkage=0.0173253


Tree=634
num_leaves=5
num_cat=0
split_feature=3 6 0 4
split_gain=0.0906904 0.141932 0.11611 0.0236364
threshold=-0.011844497680753697 0.018293519976944412 -0.0090726236265221989 0.005641618960239723
decision_type=2 2 2 2
left_child=3 2 -2 -1
right_child=1 -3 -4 -5
leaf_value=5.5895117254280622e-06 8.332186824289499e-06 -1.4099446684251451e-05 -6.0906643483778506e-08 2.7726245267810124e-06
leaf_weight=117 223 46 3256 33
leaf_count=117 223 46 3256 33
internal_value=-1.23158e-05 -3.00699e-05 -1.74285e-05 0.000404906
internal_weight=3675 3525 3479 150
internal_count=3675 3525 3479 150
is_linear=0
shrinkage=0.0173253


Tree=635
num_leaves=7
num_cat=0
split_feature=6 3 3 5 4 7
split_gain=0.120006 0.144206 0.232826 0.137886 0.186947 0.104541
threshold=0.0084219068401703793 0.013113923673456502 0.0047386425464274002 0.0097233342272097217 -0.031246841917943413 0.0045363092710098704
decision_type=2 2 2 2 2 2
left_child=3 2 -2 4 -1 -5
right_child=1 -3 -4 5 -6 -7
leaf_value=-5.6727577091130924e-07 -7.9432744784882466e-08 2.2545789828058826e-06 -1.509662099089611e-05 -1.1470488173265817e-06 -1.1455169950219234e-08 2.2044481174497677e-06
leaf_weight=40 415 103 140 54 2477 446
leaf_count=40 415 103 140 54 2477 446
internal_value=-3.11733e-05 -0.00024317 -0.000353662 1.50626e-05 -3.71407e-05 0.000277854
internal_weight=3675 658 555 3017 2517 500
internal_count=3675 658 555 3017 2517 500
is_linear=0
shrinkage=0.0173253


Tree=636
num_leaves=6
num_cat=0
split_feature=4 2 6 5 5
split_gain=0.141023 0.135517 0.216741 0.100568 0.160422
threshold=-0.00083927781408305794 -0.013704985009946298 0.011312306723436178 0.0032696755013237933 0.0035758984595151834
decision_type=2 2 2 2 2
left_child=1 -1 -3 -2 -5
right_child=3 2 -4 4 -6
leaf_value=7.354948022993421e-06 7.6079971994220303e-06 -6.9617263227406716e-08 -4.9507067865505957e-06 -2.8636356018919251e-07 5.1226214216231683e-08
leaf_weight=89 144 1437 108 47 1850
leaf_count=89 144 1437 108 47 1850
internal_value=-1.70301e-05 -0.000136978 -0.000174847 7.8999e-05 4.54919e-05
internal_weight=3675 1634 1545 2041 1897
internal_count=3675 1634 1545 2041 1897
is_linear=0
shrinkage=0.0173253


Tree=637
num_leaves=7
num_cat=0
split_feature=0 4 5 0 4 5
split_gain=0.11436 0.136493 0.181254 0.132556 0.0835347 0.154764
threshold=0.006473158662852101 0.014357988118823306 0.0035228712449493888 0.0055238311255162509 0.016296583301509862 0.0098146298823551231
decision_type=2 2 2 2 2 2
left_child=1 3 -3 -1 -2 -6
right_child=4 2 -4 -5 5 -7
leaf_value=-6.877574821420229e-08 6.7206499413133313e-06 -6.400598799080376e-07 1.9690164013553462e-06 -1.3461784815936309e-06 -6.5249487315932767e-07 8.6658040790256246e-06
leaf_weight=2501 256 33 548 61 129 147
leaf_count=2501 256 33 548 61 129 147
internal_value=-7.60138e-06 -4.73638e-05 0.00019239 -0.000101734 0.000227311 1.82252e-05
internal_weight=3675 3143 581 2562 532 276
internal_count=3675 3143 581 2562 532 276
is_linear=0
shrinkage=0.0173253


Tree=638
num_leaves=7
num_cat=0
split_feature=4 3 6 7 4 2
split_gain=0.116023 0.10461 0.103846 0.409486 0.14832 0.026287
threshold=0.033433576868928457 -0.00078024087166744989 0.0052628517283828885 0.0057107190649512115 0.016618178315777856 0.017222603313408701
decision_type=2 2 2 2 2 2
left_child=2 -2 4 -4 -1 -3
right_child=1 5 3 -5 -6 -7
leaf_value=-7.0917869187781503e-09 -7.3654162676697105e-07 1.3538059636616986e-05 -6.7909301024192972e-06 -5.6093204895337162e-08 1.3294467710009389e-05 3.0591449341588913e-05
leaf_weight=1521 59 216 213 1460 173 33
leaf_count=1521 59 216 213 1460 173 33
internal_value=-2.64589e-05 0.000295404 -5.59017e-05 -0.000152721 3.97177e-05 0.000450829
internal_weight=3675 308 3367 1673 1694 249
internal_count=3675 308 3367 1673 1694 249
is_linear=0
shrinkage=0.0173253


Tree=639
num_leaves=6
num_cat=0
split_feature=2 4 0 0 3
split_gain=0.0969431 0.136955 0.238695 0.147052 0.0236364
threshold=-0.011844497680753697 -0.029225083328340496 -0.0078194267941343477 -0.0012746133425421996 0.0069547327034386501
decision_type=2 2 2 2 2
left_child=4 2 -2 -3 -1
right_child=1 3 -4 -5 -6
leaf_value=9.0490680506411542e-06 9.7942553899078369e-08 1.279223599130697e-07 -5.0523006889477899e-06 -7.9073462050204005e-08 -9.406873833669617e-07
leaf_weight=117 78 1236 65 2146 33
leaf_count=117 78 1236 65 2146 33
internal_value=-2.64589e-05 -4.48148e-05 -0.000569997 -2.26088e-05 0.000404906
internal_weight=3675 3525 143 3382 150
internal_count=3675 3525 143 3382 150
is_linear=0
shrinkage=0.0173253


Tree=640
num_leaves=7
num_cat=0
split_feature=3 1 1 4 5 5
split_gain=0.0916679 0.119625 0.257272 0.137618 0.0848002 0.108967
threshold=-0.0036083519126843999 -0.0012746133425421996 -0.0010105801069142499 0.0048170084822618383 0.0046773408434430536 0.0054126206042622912
decision_type=2 2 2 2 2 2
left_child=4 3 -3 -2 -1 -6
right_child=1 2 -4 -5 5 -7
leaf_value=4.7318087730638126e-06 -4.7246529241228768e-08 -1.0922434017573096e-05 -1.4538869216064231e-07 8.839766404415347e-06 -8.516765386373356e-07 5.0797115325586506e-07
leaf_weight=143 750 57 1678 335 82 630
leaf_count=143 750 57 1678 335 82 630
internal_value=-2.17445e-05 -6.93898e-05 -0.000158624 7.33034e-05 0.000135401 5.80754e-05
internal_weight=3675 2820 1735 1085 855 712
internal_count=3675 2820 1735 1085 855 712
is_linear=0
shrinkage=0.0173253


Tree=641
num_leaves=6
num_cat=0
split_feature=5 6 5 3 3
split_gain=0.0829804 0.111746 0.146174 0.127822 0.0231602
threshold=0.020584361756604271 0.0084219068401703793 0.0082978858270072557 -0.0078194267941343477 -0.0069804472306175492
decision_type=2 2 2 2 2
left_child=1 3 -3 -1 -2
right_child=4 2 -4 -5 -6
leaf_value=1.7097828779998805e-05 -6.8105282448483382e-07 5.2433110348664845e-07 -1.3834615677777291e-06 -1.8680604358038497e-08 7.8320617082006068e-07
leaf_weight=198 33 180 349 2808 107
leaf_count=198 33 180 349 2808 107
internal_value=-1.70301e-05 -3.34138e-05 -0.000265618 7.4498e-06 0.000396656
internal_weight=3675 3535 529 3006 140
internal_count=3675 3535 529 3006 140
is_linear=0
shrinkage=0.0173253


Tree=642
num_leaves=6
num_cat=0
split_feature=2 4 1 1 4
split_gain=0.0796628 0.129246 0.132975 0.0410811 0.0740913
threshold=-0.009832994248619548 -0.035908867518249052 -0.0073948502643870493 -0.00038868857678244997 -0.026778636178150166
decision_type=2 2 2 2 2
left_child=3 -2 -3 4 -1
right_child=1 2 -4 -5 -6
leaf_value=8.8803220649956643e-06 -5.3138803745163558e-06 1.3117742793568151e-05 -5.0576122529950592e-08 6.8464209729710391e-06 -5.1915835389788102e-08
leaf_weight=53 65 276 3109 114 58
leaf_count=53 65 276 3109 114 58
internal_value=-2.64589e-05 -4.70586e-05 -3.2364e-05 0.000289404 5.21565e-05
internal_weight=3675 3450 3385 225 111
internal_count=3675 3450 3385 225 111
is_linear=0
shrinkage=0.0173253


Tree=643
num_leaves=7
num_cat=0
split_feature=4 2 5 5 0 4
split_gain=0.0734612 0.151094 0.138168 0.187645 0.106603 0.0611549
threshold=-0.0075836187860009252 -0.0050201711905507491 0.0044108142972441857 0.0052267867907202946 -0.0011070144169055998 0.026040532913278101
decision_type=2 2 2 2 2 2
left_child=2 5 -1 -4 -3 -2
right_child=1 4 3 -5 -6 -7
leaf_value=2.2270189530435401e-06 1.2142670686310156e-05 1.2642023815790129e-07 -6.0522715805871534e-06 -1.1346421250956375e-07 -6.393285009728706e-08 -8.3361284813163244e-06
leaf_weight=125 280 724 93 828 1578 47
leaf_count=125 280 724 93 828 1578 47
internal_value=-3.58876e-05 1.29722e-05 -0.000158691 -0.000232049 -3.65307e-05 0.000361461
internal_weight=3675 2629 1046 921 2302 327
internal_count=3675 2629 1046 921 2302 327
is_linear=0
shrinkage=0.0173253


Tree=644
num_leaves=7
num_cat=0
split_feature=6 7 3 1 7 6
split_gain=0.0690496 0.381764 0.592717 0.168387 0.130656 0.25933
threshold=0.0052957402321999417 0.0057107190649512115 -0.00078024087166744989 -0.0022174642313759997 0.0047217116792278675 0.0042698091958353898
decision_type=2 2 2 2 2 2
left_child=4 2 -2 -3 5 -1
right_child=1 3 -4 -5 -6 -7
leaf_value=8.1691037050354695e-08 1.9157624140041566e-06 2.2290292738183464e-06 -8.606936778273905e-06 -1.5680229076614471e-07 2.5739559711884579e-06 -3.9086964312083511e-07
leaf_weight=899 85 618 125 1121 633 194
leaf_count=899 85 618 125 1121 633 194
internal_value=-3.11733e-05 -0.000101845 -0.000799616 -1.75832e-05 4.86297e-05 -6.60846e-05
internal_weight=3675 1949 210 1739 1726 1093
internal_count=3675 1949 210 1739 1726 1093
is_linear=0
shrinkage=0.0173253


Tree=645
num_leaves=5
num_cat=0
split_feature=2 4 0 3
split_gain=0.103404 0.230854 0.14725 0.0236364
threshold=-0.011844497680753697 -0.044622789826874266 -0.0012746133425421996 0.0069547327034386501
decision_type=2 2 2 2
left_child=3 -2 -3 -1
right_child=1 2 -4 -5
leaf_value=8.7378303028426661e-06 -4.8459289011397174e-06 8.4274592518804789e-08 -7.0707754090049073e-08 -9.3419830761649894e-07
leaf_weight=117 35 1316 2174 33
leaf_count=117 35 1316 2174 33
internal_value=-4.0602e-05 -5.95598e-05 -4.5519e-05 0.000404906
internal_weight=3675 3525 3490 150
internal_count=3675 3525 3490 150
is_linear=0
shrinkage=0.0173253


Tree=646
num_leaves=7
num_cat=0
split_feature=0 7 4 0 0 2
split_gain=0.129807 0.15291 0.151615 0.278409 0.122595 0.0138402
threshold=-0.0082000066009861976 0.015324574445688405 -0.024717224551823371 -0.0011070144169055998 -0.0012746133425421996 0.0050339586363362014
decision_type=2 2 2 2 2 2
left_child=1 5 3 -2 -4 -1
right_child=2 -3 4 -5 -6 -7
leaf_value=1.2796943615103319e-05 -5.1766837208624694e-06 -7.0524317091913876e-08 7.8272513669512426e-08 3.6869656141363965e-06 -6.0946213908922707e-08 1.3870641130002079e-06
leaf_weight=213 88 45 994 88 2190 57
leaf_count=213 88 45 994 88 2190 57
internal_value=-3.58876e-05 0.000300404 -6.7415e-05 -0.000562424 -4.00527e-05 0.000456241
internal_weight=3675 315 3360 176 3184 270
internal_count=3675 315 3360 176 3184 270
is_linear=0
shrinkage=0.0173253


Tree=647
num_leaves=5
num_cat=0
split_feature=2 4 0 3
split_gain=0.136199 0.241595 0.121095 0.0247475
threshold=-0.010845978127219848 -0.044622789826874266 -0.0012746133425421996 0.009133715888943501
decision_type=2 2 2 2
left_child=3 -2 -3 -1
right_child=1 2 -4 -5
leaf_value=8.4426924220214514e-06 -4.89327298522918e-06 7.2450724227179712e-08 -7.0904177806942366e-08 -9.1695710387582487e-07
leaf_weight=147 34 1303 2158 33
leaf_count=147 34 1303 2158 33
internal_value=-4.0602e-05 -6.45381e-05 -5.0261e-05 0.000424157
internal_weight=3675 3495 3461 180
internal_count=3675 3495 3461 180
is_linear=0
shrinkage=0.0173253


Tree=648
num_leaves=7
num_cat=0
split_feature=6 7 7 6 4 0
split_gain=0.0815 0.255183 0.121047 0.115843 0.109423 2.77556e-17
threshold=0.0034674367805397339 0.0037223082738811453 0.0036592793741729106 0.0028292128175385648 0.010200169713301782 0.0018773748705539002
decision_type=2 2 2 2 2 2
left_child=2 -2 3 -1 -3 -4
right_child=1 4 5 -5 -6 -7
leaf_value=9.9635535122648881e-06 -2.8935816696135051e-06 -1.0643250762300619e-07 9.7023218429567496e-06 -1.1196307950688382e-07 7.0065874446646184e-08 1.1131898524813827e-05
leaf_weight=151 46 2149 135 153 999 42
leaf_count=151 46 2149 135 153 999 42
internal_value=-5.00308e-05 -8.16926e-05 0.000160215 -4.95035e-05 -6.29728e-05 0.000520409
internal_weight=3675 3194 481 304 3148 177
internal_count=3675 3194 481 304 3148 177
is_linear=0
shrinkage=0.0173253


Tree=649
num_leaves=7
num_cat=0
split_feature=6 7 4 1 7 7
split_gain=0.111347 0.29772 0.389199 0.162957 0.112529 0.150341
threshold=0.0042698091958353898 0.0047343615605960655 -0.0087872830462782225 -0.0027367369801654493 0.0041863669318528635 0.0039264054456552662
decision_type=2 2 2 2 2 2
left_child=4 2 -2 -3 5 -1
right_child=1 3 -4 -5 -6 -7
leaf_value=2.3891295745610172e-07 -1.1728494147991208e-05 7.1473746071191928e-07 -9.2129607278302014e-08 -1.1055291391073354e-07 7.722941602769793e-06 -1.4680550702226168e-06
leaf_weight=524 36 773 172 1673 343 154
leaf_count=524 36 773 172 1673 343 154
internal_value=-4.0602e-05 -9.9752e-05 -0.000729014 -4.62415e-05 0.000113153 -1.62166e-05
internal_weight=3675 2654 208 2446 1021 678
internal_count=3675 2654 208 2446 1021 678
is_linear=0
shrinkage=0.0173253


Tree=650
num_leaves=7
num_cat=0
split_feature=6 7 3 1 3 2
split_gain=0.106078 0.275871 0.263081 0.158866 0.115544 0.110579
threshold=0.0041705504327496732 0.0047343615605960655 -0.0014893876550602998 -0.0027367369801654493 -0.0029147995109444495 0.0021705872079635503
decision_type=2 2 2 2 2 2
left_child=4 2 -2 -3 5 -1
right_child=1 3 -4 -5 -6 -7
leaf_value=-1.3438839281100214e-06 9.041588981640208e-08 7.6183831662304962e-07 -1.8394848711430855e-06 -9.7093459900484742e-08 2.7213218457630103e-06 1.926913902265607e-05
leaf_weight=132 88 780 166 1695 775 39
leaf_count=132 88 780 166 1695 775 39
internal_value=-4.0602e-05 -9.54055e-05 -0.000639161 -3.9602e-05 0.000117494 -0.000290133
internal_weight=3675 2729 254 2475 946 171
internal_count=3675 2729 254 2475 946 171
is_linear=0
shrinkage=0.0173253


Tree=651
num_leaves=7
num_cat=0
split_feature=1 6 7 4 7 2
split_gain=0.0992804 0.203297 0.414161 0.11294 0.309121 0.0638699
threshold=-0.0027367369801654493 0.0028292128175385648 0.003382175085590257 -0.025463261997005507 0.0059839290260510977 -0.0036844052859148495
decision_type=2 2 2 2 2 2
left_child=3 -2 -3 4 -1 -5
right_child=1 2 -4 5 -6 -7
leaf_value=-6.9893721694675653e-06 1.5183240162590861e-05 -6.102502293858254e-07 -6.2181646495743986e-08 1.2007705306757189e-05 5.5007891016485724e-06 1.6862153299268273e-07
leaf_weight=40 147 45 2464 210 125 644
leaf_count=40 147 45 2464 210 125 644
internal_value=-5.00308e-05 -0.000105808 -0.000142498 9.53515e-05 -0.000319607 0.000175525
internal_weight=3675 2656 2509 1019 165 854
internal_count=3675 2656 2509 1019 165 854
is_linear=0
shrinkage=0.0173253


Tree=652
num_leaves=7
num_cat=0
split_feature=1 6 7 4 7 3
split_gain=0.083207 0.203297 0.414161 0.103874 0.309121 0.0580189
threshold=-0.0027367369801654493 0.0028292128175385648 0.003382175085590257 -0.025463261997005507 0.0059839290260510977 -0.0013304105790279998
decision_type=2 2 2 2 2 2
left_child=3 -2 -3 4 -1 -5
right_child=1 2 -4 5 -6 -7
leaf_value=-6.8682790146677977e-06 1.4920185569590028e-05 -5.9967744492080525e-07 -6.1104329168484308e-08 6.8759604028769476e-06 5.4054861345069933e-06 1.9766546354310718e-07
leaf_weight=40 147 45 2464 302 125 552
leaf_count=40 147 45 2464 302 125 552
internal_value=-5.47451e-05 -0.000105808 -0.000142498 7.83492e-05 -0.000319607 0.000155238
internal_weight=3675 2656 2509 1019 165 854
internal_count=3675 2656 2509 1019 165 854
is_linear=0
shrinkage=0.0173253


Tree=653
num_leaves=7
num_cat=0
split_feature=1 4 3 6 0 0
split_gain=0.0946148 0.252231 0.101492 0.0297258 0.0692641 1.38778e-17
threshold=-0.010845978127219848 -0.035908867518249052 -0.0036083519126843999 0.011760657311159545 -0.0043273499094646992 0.0032649360611079503
decision_type=2 2 2 2 2 2
left_child=3 -2 -3 5 -5 -1
right_child=1 2 -4 4 -6 -7
leaf_value=3.1681454808472856e-05 -5.3288601001022238e-06 1.6573429981794159e-06 -5.4816241642754217e-08 1.1011496303200799e-05 -1.0651965675399847e-06 1.4832838989238909e-05
leaf_weight=69 61 770 2664 44 33 34
leaf_count=69 61 770 2664 44 33 34
internal_value=-5.94595e-05 -7.94096e-05 -5.97931e-05 0.000327905 7.04001e-05 0.000520409
internal_weight=3675 3495 3434 180 77 103
internal_count=3675 3495 3434 180 77 103
is_linear=0
shrinkage=0.0173253


Tree=654
num_leaves=7
num_cat=0
split_feature=4 5 7 0 5 0
split_gain=0.0894923 0.175064 0.181423 0.149017 0.144241 0.26166
threshold=0.010200169713301782 0.0083405949517016739 0.0045363092710098704 -0.0012746133425421996 0.0091044624111932745 0.0089641908328184014
decision_type=2 2 2 2 2 2
left_child=1 3 -3 -1 5 -2
right_child=4 2 -4 -5 -6 -7
leaf_value=2.5289830383390592e-06 4.3391309609622983e-08 -1.3737713299328528e-06 -1.32048996000832e-07 -5.474795850198437e-08 3.1988454799861819e-06 -1.5857346155415245e-06
leaf_weight=731 603 72 718 1048 425 78
leaf_count=731 603 72 718 1048 425 78
internal_value=-6.41739e-05 -0.000120271 -0.000334892 -2.49643e-05 6.61279e-05 -9.01756e-05
internal_weight=3675 2569 790 1779 1106 681
internal_count=3675 2569 790 1779 1106 681
is_linear=0
shrinkage=0.0173253


Tree=655
num_leaves=7
num_cat=0
split_feature=6 7 6 2 2 5
split_gain=0.111862 0.192728 0.210379 0.167379 0.690172 0.220394
threshold=0.0073255955011117223 0.0061785421127324306 0.0058714698895394463 0.0027031775613827504 0.0036544159772247506 0.014273654548950044
decision_type=2 2 2 2 2 2
left_child=1 2 -1 5 -5 -2
right_child=3 -3 -4 4 -6 -7
leaf_value=-1.4910563810837774e-08 9.2360260401506909e-07 5.6272628076156352e-06 -7.0641890927856094e-06 -1.6418087493298957e-05 -2.7737195002215582e-07 -1.7199862451417705e-06
leaf_weight=1929 348 634 174 37 370 183
leaf_count=1929 348 634 174 37 370 183
internal_value=-7.36026e-05 -1.76451e-05 -9.74704e-05 -0.000236882 -0.000501232 -3.42629e-05
internal_weight=3675 2737 2103 938 407 531
internal_count=3675 2737 2103 938 407 531
is_linear=0
shrinkage=0.0173253


Tree=656
num_leaves=7
num_cat=0
split_feature=4 4 0 0 6 1
split_gain=0.0998663 0.153354 0.300071 0.123413 0.118378 0.152704
threshold=0.033433576868928457 0.027486791906291393 0.0083891150316386023 0.006473158662852101 0.010627282091489759 0.0069547327034386501
decision_type=2 2 2 2 2 2
left_child=1 3 -3 -1 -2 -6
right_child=4 2 -4 -5 5 -7
leaf_value=-6.3705641145609341e-08 3.2899057370114421e-05 -3.738754698184772e-09 -1.3805584565794492e-05 5.3976848325706936e-06 2.2530564021705125e-06 -7.8935878031651407e-07
leaf_weight=2929 226 79 33 326 36 46
leaf_count=2929 226 79 33 326 36 46
internal_value=-5.94595e-05 -8.67754e-05 -0.000717115 -6.50863e-05 0.000239153 -0.000324729
internal_weight=3675 3367 112 3255 308 82
internal_count=3675 3367 112 3255 308 82
is_linear=0
shrinkage=0.0173253


Tree=657
num_leaves=7
num_cat=0
split_feature=3 1 1 6 7 7
split_gain=0.109435 0.188576 0.179895 0.177454 0.362968 0.16589
threshold=-0.0039362487846028487 0.00029602295067185006 -0.0022174642313759997 0.0041705504327496732 0.0045363092710098704 0.003706112347910592
decision_type=2 2 2 2 2 2
left_child=1 2 -1 5 -5 -2
right_child=3 -3 -4 4 -6 -7
leaf_value=6.9110727362171005e-06 -4.3633756851412631e-08 4.4483789927376239e-06 -9.725792652481568e-07 -1.4647015379092063e-06 -1.056490082942243e-07 6.8628466136928528e-06
leaf_weight=245 330 423 127 128 1910 512
leaf_count=245 330 423 127 128 1910 512
internal_value=-7.36026e-05 0.000106344 -0.000178193 -0.000123275 -0.00021069 8.83042e-05
internal_weight=3675 795 372 2880 2038 842
internal_count=3675 795 372 2880 2038 842
is_linear=0
shrinkage=0.0173253


Tree=658
num_leaves=6
num_cat=0
split_feature=6 0 4 3 7
split_gain=0.0984466 0.119075 0.142293 0.116713 0.0495423
threshold=0.018293519976944412 -0.0082000066009861976 -0.024717224551823371 -0.0066933404136131991 0.013045299822005965
decision_type=2 2 2 2 2
left_child=1 4 -3 -2 -1
right_child=3 2 -4 -5 -6
leaf_value=1.3583382437540192e-05 9.0006976095076363e-06 -6.4508642136345226e-07 -3.8872171326269737e-08 -4.3496256442569382e-06 5.0770909202734696e-07
leaf_weight=241 34 154 3165 36 45
leaf_count=241 34 154 3165 36 45
internal_value=-7.36026e-05 -6.11072e-05 -9.03366e-05 -0.000717115 0.000278096
internal_weight=3675 3605 3319 70 286
internal_count=3675 3605 3319 70 286
is_linear=0
shrinkage=0.0173253


Tree=659
num_leaves=7
num_cat=0
split_feature=6 5 7 3 4 3
split_gain=0.0879856 0.170534 0.166352 0.708641 0.163458 0.11877
threshold=0.0073255955011117223 0.010595372574477195 0.0073364718188774257 -0.00025086797697889996 -0.021426826199638409 0.004547829071406051
decision_type=2 2 2 2 2 2
left_child=1 4 3 -2 -1 -4
right_child=2 -3 5 -5 -6 -7
leaf_value=-2.7350469107229705e-07 -2.5053870662863436e-05 7.7674551968680989e-06 2.1209500310596872e-08 4.579632744630303e-06 -1.858176874803469e-08 -1.1248188754472444e-06
leaf_weight=152 47 268 521 51 2317 319
leaf_count=152 47 268 521 51 2317 319
internal_value=-7.36026e-05 -2.39751e-05 -0.000218411 -0.000893904 -6.90315e-05 -0.000139604
internal_weight=3675 2737 938 98 2469 840
internal_count=3675 2737 938 98 2469 840
is_linear=0
shrinkage=0.0173253


Tree=660
num_leaves=6
num_cat=0
split_feature=6 7 0 0 0
split_gain=0.0777616 0.380986 0.108469 0.0971157 1.38778e-17
threshold=0.0028292128175385648 0.0032972753437691548 -0.0055066927382381994 -0.0014893876550602998 0.0023212743729451005
decision_type=2 2 2 2 2
left_child=3 -2 -3 -1 -5
right_child=1 2 -4 4 -6
leaf_value=-3.9144466660500239e-06 -7.7358374604956202e-07 2.3881535673982712e-06 -8.0872157303270484e-08 1.201225291339794e-05 1.869503835192507e-05
leaf_weight=33 37 581 2891 98 35
leaf_count=33 37 581 2891 98 35
internal_value=-5.47451e-05 -7.20791e-05 -5.3443e-05 0.00031167 0.000520409
internal_weight=3675 3509 3472 166 133
internal_count=3675 3509 3472 166 133
is_linear=0
shrinkage=0.0173253


Tree=661
num_leaves=5
num_cat=0
split_feature=4 0 6 5
split_gain=0.15001 0.113354 0.0862459 0.036536
threshold=-0.044622789826874266 -0.0095213935295954972 0.0028292128175385648 0.011808579678091721
decision_type=2 2 2 2
left_child=-1 3 -3 -2
right_child=1 2 -4 -5
leaf_value=-1.2162015905789021e-06 4.0895427400644248e-05 1.0372328112017814e-05 -6.7157631040048574e-08 8.3544107288452082e-07
leaf_weight=60 131 166 3247 71
leaf_count=60 131 166 3247 71
internal_value=-6.41739e-05 -4.99134e-05 -7.35156e-05 0.000348871
internal_weight=3675 3615 3413 202
internal_count=3675 3615 3413 202
is_linear=0
shrinkage=0.0173253


Tree=662
num_leaves=5
num_cat=0
split_feature=4 3 6 7
split_gain=0.148368 0.0892034 0.139966 0.125095
threshold=-0.044622789826874266 -0.0039362487846028487 0.0041705504327496732 0.0042966451775819934
decision_type=2 2 2 2
left_child=-1 3 -3 -2
right_child=1 2 -4 -5
leaf_value=-1.1951305009438739e-06 -4.5655998695782778e-07 1.4328371437775773e-06 -2.0931788012083741e-07 3.3236302603221663e-06
leaf_weight=60 83 842 2010 680
leaf_count=60 83 842 2010 680
internal_value=-6.88883e-05 -5.4706e-05 -9.92209e-05 0.000111685
internal_weight=3675 3615 2852 763
internal_count=3675 3615 2852 763
is_linear=0
shrinkage=0.0173253


Tree=663
num_leaves=7
num_cat=0
split_feature=6 0 0 5 3 3
split_gain=0.0870999 0.161115 0.343676 0.158286 0.155918 0.0855087
threshold=0.0086111695975352887 0.010597288040705902 0.008734245634175351 0.012466726129371697 -0.0078194267941343477 0.0069547327034386501
decision_type=2 2 2 2 2 2
left_child=3 2 -2 4 -1 -3
right_child=1 5 -4 -5 -6 -7
leaf_value=1.1896773496736397e-05 -3.6220083326819684e-07 1.5207414535672946e-05 -1.3884600967244598e-05 1.9542266656746977e-05 -5.9260320880261605e-08 -3.3834911803227782e-07
leaf_weight=185 458 104 33 207 2653 35
leaf_count=185 458 104 33 207 2653 35
internal_value=-6.41739e-05 -0.000249606 -0.000397022 -2.58086e-05 -5.95442e-05 0.000271123
internal_weight=3675 630 491 3045 2838 139
internal_count=3675 630 491 3045 2838 139
is_linear=0
shrinkage=0.0173253


Tree=664
num_leaves=7
num_cat=0
split_feature=0 1 5 0 6 2
split_gain=0.0984564 0.187385 0.24461 0.148816 0.115947 0.0684579
threshold=0.0066154638614827005 0.0083891150316386023 0.009958563589428383 0.0062039903304027507 0.006960153048948735 -0.0015465015813604498
decision_type=2 2 2 2 2 2
left_child=3 5 -3 4 -1 -2
right_child=1 2 -4 -5 -6 -7
leaf_value=-1.3594271185164201e-08 2.8732697587547346e-06 -1.3280660742528451e-06 5.1185558422154607e-06 -5.9006173591684241e-07 -5.0499403591596491e-07 1.409469860539375e-05
leaf_weight=2355 146 59 70 42 760 243
leaf_count=2355 146 59 70 42 760 243
internal_value=-6.88883e-05 0.000152496 -0.000419725 -0.000105213 -9.14007e-05 0.000342256
internal_weight=3675 518 129 3157 3115 389
internal_count=3675 518 129 3157 3115 389
is_linear=0
shrinkage=0.0173253


Tree=665
num_leaves=7
num_cat=0
split_feature=6 3 3 5 0 6
split_gain=0.126333 0.170844 0.281907 0.150741 0.126221 0.0252269
threshold=0.0084219068401703793 0.013113923673456502 0.0047386425464274002 0.012466726129371697 -0.0090726236265221989 0.0076815809014615594
decision_type=2 2 2 2 2 2
left_child=3 2 -2 4 -1 -5
right_child=1 -3 -4 5 -6 -7
leaf_value=3.9904682468749553e-05 -1.6407813339342071e-07 1.1867450558213232e-06 -1.4177368350184074e-05 2.0513532683889645e-05 -5.1860058003101386e-08 1.5846243183319507e-05
leaf_weight=107 415 103 140 164 2713 33
leaf_count=107 415 103 140 164 2713 33
internal_value=-7.8317e-05 -0.00029583 -0.000416096 -3.08779e-05 -6.3246e-05 0.000432463
internal_weight=3675 658 555 3017 2820 197
internal_count=3675 658 555 3017 2820 197
is_linear=0
shrinkage=0.0173253


Tree=666
num_leaves=6
num_cat=0
split_feature=6 7 5 0 0
split_gain=0.0838805 0.37456 0.110623 0.0971157 1.38778e-17
threshold=0.0028292128175385648 0.0032972753437691548 0.0032696755013237933 -0.0014893876550602998 0.0023212743729451005
decision_type=2 2 2 2 2
left_child=3 -2 -3 -1 -5
right_child=1 2 -4 4 -6
leaf_value=-4.0489952198315587e-06 -7.5160973587542156e-07 7.4326422696031668e-06 -7.2409754350610011e-08 1.1601769089486068e-05 1.8168773088424636e-05
leaf_weight=33 37 190 3282 98 35
leaf_count=33 37 190 3282 98 35
internal_value=-6.88883e-05 -8.68913e-05 -6.8413e-05 0.00031167 0.000520409
internal_weight=3675 3509 3472 166 133
internal_count=3675 3509 3472 166 133
is_linear=0
shrinkage=0.0173253


Tree=667
num_leaves=6
num_cat=0
split_feature=6 7 5 0 0
split_gain=0.0838805 0.37456 0.110623 0.0971157 1.38778e-17
threshold=0.0028292128175385648 0.0032972753437691548 0.0032696755013237933 -0.0014893876550602998 0.0023212743729451005
decision_type=2 2 2 2 2
left_child=3 -2 -3 -1 -5
right_child=1 2 -4 4 -6
leaf_value=-3.9788450556894336e-06 -7.3858785180792267e-07 7.303869315595068e-06 -7.1155231715389252e-08 1.140076465214313e-05 1.7853993162735544e-05
leaf_weight=33 37 190 3282 98 35
leaf_count=33 37 190 3282 98 35
internal_value=-6.88883e-05 -8.68913e-05 -6.8413e-05 0.00031167 0.000520409
internal_weight=3675 3509 3472 166 133
internal_count=3675 3509 3472 166 133
is_linear=0
shrinkage=0.0173253


Tree=668
num_leaves=7
num_cat=0
split_feature=6 5 2 0 0 6
split_gain=0.0855521 0.147027 0.139326 0.16456 0.123578 0.0252269
threshold=0.0084219068401703793 0.012466726129371697 -0.011844497680753697 0.0015883415045030503 -0.0090726236265221989 0.0076815809014615594
decision_type=2 2 2 2 2 2
left_child=1 4 -2 -4 -1 -3
right_child=2 5 3 -5 -6 -7
leaf_value=3.9215808126734215e-05 9.0083586011209733e-06 2.0160616342923544e-05 -2.0129295414261729e-06 -5.2832923343926551e-08 -4.1271676181006471e-08 1.5574189156776533e-05
leaf_weight=107 101 164 303 254 2713 33
leaf_count=107 101 164 303 254 2713 33
internal_value=-6.41739e-05 -2.51354e-05 -0.00024317 -0.000350523 -5.71023e-05 0.000432463
internal_weight=3675 3017 658 557 2820 197
internal_count=3675 3017 658 557 2820 197
is_linear=0
shrinkage=0.0173253


Tree=669
num_leaves=7
num_cat=0
split_feature=6 5 3 0 0 6
split_gain=0.0855521 0.147027 0.144206 0.167705 0.123578 0.0252269
threshold=0.0084219068401703793 0.012466726129371697 0.013113923673456502 0.0015883415045030503 -0.0090726236265221989 0.0076815809014615594
decision_type=2 2 2 2 2 2
left_child=1 4 3 -2 -1 -3
right_child=2 5 -4 -5 -6 -7
leaf_value=3.853638144734904e-05 -3.122615491628149e-06 1.9811327082532334e-05 1.2013790160544843e-06 -3.4691368876405627e-09 -4.0556630916355889e-08 1.5304361244810274e-05
leaf_weight=107 281 164 103 274 2713 33
leaf_count=107 281 164 103 274 2713 33
internal_value=-6.41739e-05 -2.51354e-05 -0.00024317 -0.000353662 -5.71023e-05 0.000432463
internal_weight=3675 3017 658 555 2820 197
internal_count=3675 3017 658 555 2820 197
is_linear=0
shrinkage=0.0173253


Tree=670
num_leaves=7
num_cat=0
split_feature=4 5 0 2 7 4
split_gain=0.0916394 0.163772 0.173955 0.158035 0.103944 0.0608658
threshold=-0.0071600129396474392 0.0044108142972441857 0.006473158662852101 -0.0050201711905507491 0.0037223082738811453 0.026040532913278101
decision_type=2 2 2 2 2 2
left_child=1 -1 -3 5 -5 -2
right_child=3 2 -4 4 -6 -7
leaf_value=2.2464857696413801e-06 1.1678173170558562e-05 -3.228588516708586e-07 4.4934648364229412e-05 -3.9224966991634499e-08 -4.6191513472735616e-09 -8.173364929286423e-06
leaf_weight=130 276 867 77 298 1980 47
leaf_count=130 276 867 77 298 1980 47
internal_value=-5.47451e-05 -0.000189381 -0.000268775 8.48603e-07 -5.00038e-05 0.000359492
internal_weight=3675 1074 944 2601 2278 323
internal_count=3675 1074 944 2601 2278 323
is_linear=0
shrinkage=0.0173253


Tree=671
num_leaves=7
num_cat=0
split_feature=4 5 0 2 7 4
split_gain=0.0916394 0.163772 0.173955 0.158035 0.103944 0.0608658
threshold=-0.0071600129396474392 0.0044108142972441857 0.006473158662852101 -0.0050201711905507491 0.0037223082738811453 0.026040532913278101
decision_type=2 2 2 2 2 2
left_child=1 -1 -3 5 -5 -2
right_child=3 2 -4 4 -6 -7
leaf_value=2.2075646702260382e-06 1.1475845007565825e-05 -3.172652166553074e-07 4.4156140910582528e-05 -3.8545381631926883e-08 -4.5391230420775202e-09 -8.0317587133603841e-06
leaf_weight=130 276 867 77 298 1980 47
leaf_count=130 276 867 77 298 1980 47
internal_value=-5.47451e-05 -0.000189381 -0.000268775 8.48603e-07 -5.00038e-05 0.000359492
internal_weight=3675 1074 944 2601 2278 323
internal_count=3675 1074 944 2601 2278 323
is_linear=0
shrinkage=0.0173253


Tree=672
num_leaves=7
num_cat=0
split_feature=0 4 0 1 4 1
split_gain=0.101488 0.17076 0.262402 0.09515 0.0727137 0.013568
threshold=-0.0095213935295954972 -0.024717224551823371 -0.0011070144169055998 -0.0039450062997422987 -0.044622789826874266 0.0013863087235233002
decision_type=2 2 2 2 2 2
left_child=4 2 -2 -3 -1 -6
right_child=1 3 -4 -5 5 -7
leaf_value=-1.0724413013288572e-08 -5.401634362159758e-06 7.8567036657837445e-07 3.6606882767518855e-06 -5.205899246430794e-08 1.7482119264092024e-05 1.0619017228220267e-05
leaf_weight=38 103 585 88 2659 148 54
leaf_count=38 103 585 88 2659 148 54
internal_value=-4.0602e-05 -6.4668e-05 -0.000568094 -3.50273e-05 0.000303842 0.00043464
internal_weight=3675 3435 191 3244 240 202
internal_count=3675 3435 191 3244 240 202
is_linear=0
shrinkage=0.0173253


Tree=673
num_leaves=7
num_cat=0
split_feature=6 7 6 5 5 4
split_gain=0.0785579 0.140084 0.255279 0.136165 0.12523 0.121511
threshold=0.0084219068401703793 0.0083524452298486662 0.008872701547975469 0.012466726129371697 0.0082978858270072557 -0.031246841917943413
decision_type=2 2 2 2 2 2
left_child=3 2 -2 5 -3 -1
right_child=1 4 -4 -5 -6 -7
leaf_value=-2.517061186353876e-07 -2.0814534534058638e-06 1.5995516066185782e-05 1.4338249960975689e-05 1.9161581683424848e-05 -1.8762273425004466e-07 -1.5963502776703669e-08
leaf_weight=49 34 154 37 197 433 2771
leaf_count=49 34 154 37 197 433 2771
internal_value=-4.53164e-05 -0.000216839 -0.000943704 -7.90765e-06 -0.000128922 -3.86711e-05
internal_weight=3675 658 71 3017 587 2820
internal_count=3675 658 71 3017 587 2820
is_linear=0
shrinkage=0.0173253


Tree=674
num_leaves=7
num_cat=0
split_feature=6 5 4 5 3 7
split_gain=0.0791696 0.146819 0.120771 0.116898 0.144062 0.0827897
threshold=0.0086111695975352887 0.012466726129371697 -0.031246841917943413 0.020584361756604271 0.013113923673456502 0.017897973685914271
decision_type=2 2 2 2 2 2
left_child=1 2 -1 4 -2 -5
right_child=3 -3 -4 5 -6 -7
leaf_value=-2.4734522795036641e-07 -6.6549761837025299e-07 1.7712632436003675e-05 -1.6594005343750697e-08 2.6528730433312816e-06 8.2039056163679439e-06 -1.6112119583852685e-07
leaf_weight=49 419 207 2789 92 84 35
leaf_count=49 419 207 2789 92 84 35
internal_value=-4.53164e-05 -8.73934e-06 -4.12299e-05 -0.000222105 -0.000340691 0.000247569
internal_weight=3675 3045 2838 630 503 127
internal_count=3675 3045 2838 630 503 127
is_linear=0
shrinkage=0.0173253


Tree=675
num_leaves=7
num_cat=0
split_feature=6 7 0 5 7 4
split_gain=0.110332 0.208961 0.291546 0.124421 0.181168 0.144277
threshold=0.010627282091489759 0.012755977769275633 -0.0095213935295954972 0.0097233342272097217 0.0045363092710098704 -0.031246841917943413
decision_type=2 2 2 2 2 2
left_child=3 2 -2 5 -5 -1
right_child=1 -3 -4 4 -6 -7
leaf_value=-2.6454225068974631e-07 3.8260858496386674e-05 2.8337851764574148e-08 -1.0916245228118787e-05 -7.4010432763048012e-07 4.1129617758606653e-07 -3.1735000845627633e-08
leaf_weight=44 34 227 103 54 590 2623
leaf_count=44 34 227 103 54 590 2623
internal_value=-5.00308e-05 -0.000336338 -0.000870676 -1.85551e-05 0.000197576 -7.07443e-05
internal_weight=3675 364 137 3311 644 2667
internal_count=3675 364 137 3311 644 2667
is_linear=0
shrinkage=0.0173253


Tree=676
num_leaves=7
num_cat=0
split_feature=3 4 5 6 7 7
split_gain=0.110846 0.143927 0.209042 0.113847 0.492045 0.16589
threshold=-0.0039362487846028487 -0.0087872830462782225 0.0093022785814234569 0.0041705504327496732 0.0044586076118351969 0.003706112347910592
decision_type=2 2 2 2 2 2
left_child=1 2 -1 5 -5 -2
right_child=3 -3 -4 4 -6 -7
leaf_value=-8.785471914142742e-07 -3.6571355231787867e-08 3.3484577527735713e-06 4.2934702949792731e-06 -1.3634932369871847e-06 -5.5723618164653233e-08 6.7221024030388025e-06
leaf_weight=214 330 436 145 104 1934 512
leaf_count=214 330 436 145 104 1934 512
internal_value=-3.11733e-05 0.00014993 -0.000106971 -8.11653e-05 -0.000151182 8.83042e-05
internal_weight=3675 795 359 2880 2038 842
internal_count=3675 795 359 2880 2038 842
is_linear=0
shrinkage=0.0173253


Tree=677
num_leaves=7
num_cat=0
split_feature=6 5 7 6 4 7
split_gain=0.104528 0.132637 0.130119 0.255279 0.123263 0.104593
threshold=0.0084219068401703793 0.012466726129371697 0.0083524452298486662 0.008872701547975469 -0.031246841917943413 0.00946689535506463
decision_type=2 2 2 2 2 2
left_child=1 4 3 -2 -1 -4
right_child=2 -3 5 -5 -6 -7
leaf_value=-2.2325549332791807e-07 -2.0400533004267489e-06 1.8516563474041413e-05 1.074224637131314e-06 1.3982079210374416e-05 -1.3951784149398712e-08 -1.26397028262126e-07
leaf_weight=49 34 197 101 37 2771 486
leaf_count=49 34 197 101 37 2771 486
internal_value=-4.53164e-05 -2.16509e-06 -0.00024317 -0.000943704 -3.25274e-05 -0.000158437
internal_weight=3675 3017 658 71 2820 587
internal_count=3675 3017 658 71 2820 587
is_linear=0
shrinkage=0.0173253


Tree=678
num_leaves=6
num_cat=0
split_feature=2 6 4 3 3
split_gain=0.103404 0.148821 0.176573 0.140995 0.0236364
threshold=-0.011844497680753697 0.0084219068401703793 -0.029225083328340496 0.013113923673456502 0.0069547327034386501
decision_type=2 2 2 2 2
left_child=4 2 -2 -3 -1
right_child=1 3 -4 -5 -6
leaf_value=8.5643482426701858e-06 -7.5064134200295922e-07 -6.3101727969721799e-07 4.828904448156144e-09 2.7924764263351233e-06 -9.5124079464877637e-07
leaf_weight=117 77 470 2891 87 33
leaf_count=117 77 470 2891 87 33
internal_value=-4.0602e-05 -5.95598e-05 -1.07925e-05 -0.000319419 0.000404906
internal_weight=3675 3525 2968 557 150
internal_count=3675 3525 2968 557 150
is_linear=0
shrinkage=0.0173253


Tree=679
num_leaves=7
num_cat=0
split_feature=6 2 1 4 3 5
split_gain=0.0797566 0.183168 0.145892 0.123574 0.221692 0.144438
threshold=0.010627282091489759 -0.0050201711905507491 0.0052256034829897503 -0.029225083328340496 -0.00051241000928274984 0.012466726129371697
decision_type=2 2 2 2 2 2
left_child=3 -2 -3 4 -1 -5
right_child=1 2 -4 5 -6 -7
leaf_value=-8.1605362290944394e-07 3.3121126141142857e-06 -7.4287259028170114e-08 -2.5552122690367913e-06 -2.425942415494271e-08 8.1668572538499064e-06 1.2960303874479741e-05
leaf_weight=73 126 126 112 2938 36 264
leaf_count=73 126 126 112 2938 36 264
internal_value=-4.53164e-05 -0.000288741 -0.000571524 -1.85551e-05 -0.000592227 9.73419e-07
internal_weight=3675 364 238 3311 109 3202
internal_count=3675 364 238 3311 109 3202
is_linear=0
shrinkage=0.0173253


Tree=680
num_leaves=6
num_cat=0
split_feature=0 0 0 2 3
split_gain=0.0906287 0.161845 0.0997543 0.0987051 0.102753
threshold=0.0066154638614827005 0.0062039903304027507 -0.0082000066009861976 0.011338856056420201 0.004547829071406051
decision_type=2 2 2 2 2
left_child=1 2 -1 4 -2
right_child=3 -3 -4 -5 -6
leaf_value=3.9387169696561738e-07 1.2346675838142588e-05 -5.7052703687391153e-07 -5.4022486978085092e-08 -2.6918026301911624e-07 -6.9565701341033891e-08
leaf_weight=315 342 42 2800 48 128
leaf_count=315 342 42 2800 48 128
internal_value=-2.64589e-05 -6.13097e-05 -4.69055e-05 0.000185943 0.000262372
internal_weight=3675 3157 3115 518 470
internal_count=3675 3157 3115 518 470
is_linear=0
shrinkage=0.0173253


Tree=681
num_leaves=7
num_cat=0
split_feature=0 4 0 7 1 2
split_gain=0.0908192 0.15479 0.278409 0.13545 0.0859806 0.0440087
threshold=-0.0082000066009861976 -0.024717224551823371 -0.0011070144169055998 0.015324574445688405 -0.0039450062997422987 0.0041970736370881513
decision_type=2 2 2 2 2 2
left_child=3 2 -2 5 -3 -1
right_child=1 4 -4 -5 -6 -7
leaf_value=1.1867852256153401e-05 -5.7748951487248562e-06 1.0785515610528547e-06 3.4600932624427251e-06 -2.4306307135287602e-07 -4.3946278410203443e-08 3.2437623036667809e-08
leaf_weight=202 88 573 88 45 2611 68
leaf_count=202 88 573 88 45 2611 68
internal_value=-3.58876e-05 -6.22587e-05 -0.000562424 0.000245403 -3.46113e-05 0.000392073
internal_weight=3675 3360 176 315 3184 270
internal_count=3675 3360 176 315 3184 270
is_linear=0
shrinkage=0.0173253


Tree=682
num_leaves=7
num_cat=0
split_feature=4 5 0 2 5 4
split_gain=0.0915248 0.155623 0.172265 0.118551 0.0870666 0.0504624
threshold=-0.0075836187860009252 0.0044108142972441857 0.006473158662852101 -0.0050201711905507491 0.0098146298823551231 0.026040532913278101
decision_type=2 2 2 2 2 2
left_child=1 -1 -3 5 -5 -2
right_child=3 2 -4 4 -6 -7
leaf_value=1.9748904709346868e-06 1.1291927346992166e-05 -4.8281210831269486e-07 4.3303763128143192e-05 -4.0466895823253752e-08 7.8297152071053225e-08 -8.0169301870619695e-06
leaf_weight=125 280 845 76 1818 484 47
leaf_count=125 280 845 76 1818 484 47
internal_value=-5.47451e-05 -0.000191818 -0.000269671 -2.07939e-07 -4.40569e-05 0.000308478
internal_weight=3675 1046 921 2629 2302 327
internal_count=3675 1046 921 2629 2302 327
is_linear=0
shrinkage=0.0173253


Tree=683
num_leaves=7
num_cat=0
split_feature=4 2 2 3 2 7
split_gain=0.0810599 0.157108 0.349157 0.0878154 0.12651 0.112097
threshold=-0.024717224551823371 -0.013704985009946298 -0.0082000066009861976 -0.0039362487846028487 -0.0050201711905507491 0.0098677481219780743
decision_type=2 2 2 2 2 2
left_child=1 -1 -3 5 -5 -2
right_child=3 2 -4 4 -6 -7
leaf_value=6.4766550597870222e-06 3.4290129560349652e-06 -2.6826533717411168e-07 -3.909329963234348e-07 3.8524552661263588e-06 -6.0937917489122924e-08 -4.3170620418504016e-07
leaf_weight=53 566 42 190 398 2332 94
leaf_count=53 566 42 190 398 2332 94
internal_value=-5.00308e-05 -0.00033066 -0.000525085 -2.6438e-05 -6.97949e-05 0.000152902
internal_weight=3675 285 232 3390 2730 660
internal_count=3675 285 232 3390 2730 660
is_linear=0
shrinkage=0.0173253


Tree=684
num_leaves=7
num_cat=0
split_feature=0 0 1 5 6 2
split_gain=0.0885819 0.168906 0.125589 0.357143 0.113081 0.0728323
threshold=0.0068576959529008507 0.0063784860040718505 0.0083891150316386023 0.009958563589428383 0.006960153048948735 -0.0015465015813604498
decision_type=2 2 2 2 2 2
left_child=1 4 5 -4 -1 -2
right_child=2 -3 3 -5 -6 -7
leaf_value=-1.3712083041053393e-09 6.4567491166565446e-07 -4.179450579498723e-07 -1.399791507222186e-06 5.1022001698589796e-06 -3.1258760954669061e-07 1.2380145316150956e-05
leaf_weight=2364 137 56 56 70 765 227
leaf_count=2364 137 56 56 70 765 227
internal_value=-5.00308e-05 -8.3394e-05 0.00016683 -0.000304607 -6.65152e-05 0.00033002
internal_weight=3675 3185 490 126 3129 364
internal_count=3675 3185 490 126 3129 364
is_linear=0
shrinkage=0.0173253


Tree=685
num_leaves=7
num_cat=0
split_feature=6 5 1 4 1 5
split_gain=0.0916874 0.156207 0.158764 0.120506 0.130416 0.116544
threshold=0.0097814383492799434 0.0082978858270072557 -0.010482430618236649 0.016618178315777856 -0.0012746133425421996 0.0038276524552089985
decision_type=2 2 2 2 2 2
left_child=3 -2 -3 4 -1 -5
right_child=1 2 -4 5 -6 -7
leaf_value=9.0353425749920334e-09 8.6966499750168267e-06 7.0322129240021837e-06 -1.1031247718591574e-06 -4.2665740490287958e-08 -1.1241080759375661e-07 8.6870418814893146e-06
leaf_weight=1106 94 94 260 44 1532 545
leaf_count=1106 94 94 260 44 1532 545
internal_value=-5.94595e-05 -0.000291716 -0.000458423 -2.72156e-05 -7.7243e-05 0.000196846
internal_weight=3675 448 354 3227 2638 589
internal_count=3675 448 354 3227 2638 589
is_linear=0
shrinkage=0.0173253


Tree=686
num_leaves=7
num_cat=0
split_feature=6 5 0 0 3 3
split_gain=0.15877 0.147027 0.123578 0.106156 0.295187 0.288497
threshold=0.0084219068401703793 0.012466726129371697 -0.0090726236265221989 0.0015883415045030503 0.0015883415045030503 0.0048505373491007009
decision_type=2 2 2 2 2 2
left_child=1 2 -1 4 -2 -5
right_child=3 -3 -4 5 -6 -7
leaf_value=3.7676013735284804e-05 -2.2248927588499136e-06 1.8044376969308462e-05 -4.6142673953598007e-08 6.3046875563519118e-06 -2.9144653747230449e-08 -4.0012335700262248e-07
leaf_weight=107 164 197 2713 211 182 101
leaf_count=107 164 197 2713 211 182 101
internal_value=-7.8317e-05 -2.51354e-05 -5.71023e-05 -0.00032216 -0.000531129 -9.04203e-05
internal_weight=3675 3017 2820 658 346 312
internal_count=3675 3017 2820 658 346 312
is_linear=0
shrinkage=0.0173253


Tree=687
num_leaves=7
num_cat=0
split_feature=6 7 5 0 5 6
split_gain=0.220058 0.203659 0.147027 0.123578 0.122531 0.0252269
threshold=0.0084219068401703793 0.0081187524312987206 0.012466726129371697 -0.0090726236265221989 0.0082978858270072557 0.0076815809014615594
decision_type=2 2 2 2 2 2
left_child=2 -2 3 -1 -3 -4
right_child=1 4 5 -5 -6 -7
leaf_value=3.702326449645977e-05 -1.2789773348305557e-05 1.0615282380997889e-05 1.833054762520325e-05 -4.5343237062208889e-08 -2.5164057551269064e-07 1.3636828910895394e-05
leaf_weight=107 42 167 164 2713 449 33
leaf_count=107 42 167 164 2713 449 33
internal_value=-8.77457e-05 -0.000374821 -2.51354e-05 -5.71023e-05 -0.000295232 0.000432463
internal_weight=3675 658 3017 2820 616 197
internal_count=3675 658 3017 2820 616 197
is_linear=0
shrinkage=0.0173253


Tree=688
num_leaves=7
num_cat=0
split_feature=6 7 2 4 1 5
split_gain=0.230139 0.143556 0.142258 0.128533 0.108063 0.0534914
threshold=0.010496435295262436 0.0099957689179024471 0.011338856056420201 0.033433576868928457 -0.0012746133425421996 0.0067199839160936737
decision_type=2 2 2 2 2 2
left_child=3 -2 -3 4 -1 -5
right_child=1 2 -4 5 -6 -7
leaf_value=1.62393638286151e-08 -2.1379559858629078e-05 -1.0037416218818306e-07 -3.6073013436545489e-07 -2.6939476695613625e-08 -1.0736605190064883e-07 4.023366723715241e-05
leaf_weight=1209 33 267 78 56 1865 167
leaf_count=1209 33 267 78 56 1865 167
internal_value=-8.30314e-05 -0.000487944 -0.000383522 -3.66083e-05 -6.57443e-05 0.000365024
internal_weight=3675 378 345 3297 3074 223
internal_count=3675 378 345 3297 3074 223
is_linear=0
shrinkage=0.0173253


Tree=689
num_leaves=7
num_cat=0
split_feature=6 0 0 5 1 3
split_gain=0.195154 0.159724 0.279859 0.116193 0.0911063 0.0827506
threshold=0.0097814383492799434 0.010597288040705902 0.0069547327034386501 0.012466726129371697 -0.0090726236265221989 0.0049582443218057007
decision_type=2 2 2 2 2 2
left_child=3 2 -2 4 -1 -3
right_child=1 5 -4 -5 -6 -7
leaf_value=1.5310124985016901e-05 -2.4306293393490971e-07 1.9037869069053031e-05 -1.3649797001482412e-05 1.1687746292209691e-05 -4.7236636110923462e-08 -1.6537407206789854e-07
leaf_weight=133 311 71 33 266 2828 33
leaf_count=133 311 71 33 266 2828 33
internal_value=-6.88883e-05 -0.000407734 -0.000587606 -2.18468e-05 -5.30065e-05 0.000187229
internal_weight=3675 448 344 3227 2961 104
internal_count=3675 448 344 3227 2961 104
is_linear=0
shrinkage=0.0173253


Tree=690
num_leaves=7
num_cat=0
split_feature=6 4 5 5 4 0
split_gain=0.184444 0.136259 0.294316 0.179653 0.117817 0.113941
threshold=0.0097814383492799434 0.026040532913278101 0.01468819877101284 0.012199038432565689 0.032332968399175814 -0.0090726236265221989
decision_type=2 2 2 2 2 2
left_child=4 3 -3 -2 5 -1
right_child=1 2 -4 -5 -6 -7
leaf_value=1.1607494558480473e-05 1.0985129289977464e-05 -1.2606340346717283e-05 3.8425256054938605e-06 -2.3032717380214344e-07 2.9990229745390666e-05 -5.2203675008905421e-08
leaf_weight=150 136 73 65 174 215 2862
leaf_count=150 136 73 65 174 215 2862
internal_value=-7.8317e-05 -0.000407734 -0.000860596 -0.000206137 -3.25845e-05 -6.05536e-05
internal_weight=3675 448 138 310 3227 3012
internal_count=3675 448 138 310 3227 3012
is_linear=0
shrinkage=0.0173253


Tree=691
num_leaves=7
num_cat=0
split_feature=6 0 0 1 5 7
split_gain=0.193767 0.247633 0.432145 0.181544 0.158286 0.127768
threshold=0.0086111695975352887 0.0015883415045030503 0.00021070067830630002 -0.0021226501817658496 0.012466726129371697 0.0077456221597107791
decision_type=2 2 2 2 2 2
left_child=4 2 -2 -3 5 -1
right_child=1 3 -4 -5 -6 -7
leaf_value=-5.1247589395730625e-08 -2.0831893540767545e-07 -5.0784028670161621e-06 -3.7619240544054747e-05 3.438641635414512e-06 1.566750941235447e-05 1.1809209350045507e-05
leaf_weight=2630 296 88 34 212 207 208
leaf_count=2630 296 88 34 212 207 208
internal_value=-8.30314e-05 -0.000359608 -0.000687114 6.48772e-07 -2.58086e-05 -5.95442e-05
internal_weight=3675 630 330 300 3045 2838
internal_count=3675 630 330 300 3045 2838
is_linear=0
shrinkage=0.0173253


Tree=692
num_leaves=5
num_cat=0
split_feature=4 5 0 2
split_gain=0.148368 0.114296 0.100344 0.0890662
threshold=-0.044622789826874266 0.0032696755013237933 0.0068576959529008507 0.0050339586363362014
decision_type=2 2 2 2
left_child=-1 3 -3 -2
right_child=1 2 -4 -5
leaf_value=-9.3976349396216739e-07 8.0779176641724041e-06 -1.0406987290222402e-07 1.5323167901892113e-07 -4.5029108115827968e-06
leaf_weight=60 211 2899 472 33
leaf_count=60 211 2899 472 33
internal_value=-6.88883e-05 -5.4706e-05 -8.09154e-05 0.000307392
internal_weight=3675 3615 3371 244
internal_count=3675 3615 3371 244
is_linear=0
shrinkage=0.0173253


Tree=693
num_leaves=5
num_cat=0
split_feature=4 0 1 6
split_gain=0.148368 0.0904518 0.167757 0.131344
threshold=-0.044622789826874266 0.006473158662852101 0.0079252147433293025 0.007356065808545943
decision_type=2 2 2 2
left_child=-1 3 -3 -2
right_child=1 2 -4 -5
leaf_value=-9.2348178460542476e-07 -2.357338041163967e-08 7.7587125197235873e-06 -2.7754885184751391e-07 -4.5877468341828257e-07
leaf_weight=60 2495 386 137 597
leaf_count=60 2495 386 137 597
internal_value=-6.88883e-05 -5.4706e-05 0.000156014 -9.03484e-05
internal_weight=3675 3615 523 3092
internal_count=3675 3615 523 3092
is_linear=0
shrinkage=0.0173253


Tree=694
num_leaves=7
num_cat=0
split_feature=6 7 6 1 1 2
split_gain=0.124594 0.19484 0.424809 0.168223 0.249418 0.0700531
threshold=0.0073255955011117223 0.0060600907253939504 0.0055750403911496724 0.014872976537839751 -0.0022174642313759997 0.00087640591710200016
decision_type=2 2 2 2 2 2
left_child=1 2 -1 4 -2 -3
right_child=3 5 -4 -5 -6 -7
leaf_value=-1.6806020971932989e-08 4.5238863190179302e-09 9.9894834609370314e-07 -3.5557727018182875e-06 1.8262092463825134e-06 -2.3808169772796816e-06 1.3986281338639886e-05
leaf_weight=1798 343 381 236 114 481 322
leaf_count=1798 343 381 236 114 481 322
internal_value=-8.30314e-05 -2.39751e-05 -0.000109913 -0.000255352 -0.000341653 0.00022467
internal_weight=3675 2737 2034 938 824 703
internal_count=3675 2737 2034 938 824 703
is_linear=0
shrinkage=0.0173253


Tree=695
num_leaves=7
num_cat=0
split_feature=6 1 1 7 6 2
split_gain=0.111862 0.158409 0.220899 0.14919 0.204875 0.0540316
threshold=0.0073255955011117223 0.014872976537839751 -0.0022174642313759997 0.0064430616256729058 0.0058714698895394463 0.00052878479590785007
decision_type=2 2 2 2 2 2
left_child=3 2 -2 4 -1 -5
right_child=1 -3 -4 5 -6 -7
leaf_value=-9.8196014300526859e-09 4.4455085115151782e-09 1.7945695749489377e-06 -2.3395685458341345e-06 2.2838344369439124e-07 -3.6489065824765948e-06 1.7310226853874998e-05
leaf_weight=1980 343 114 481 234 286 237
leaf_count=1980 343 114 481 234 286 237
internal_value=-7.36026e-05 -0.000236882 -0.000320627 -1.76451e-05 -7.59619e-05 0.00026292
internal_weight=3675 938 824 2737 2266 471
internal_count=3675 938 824 2737 2266 471
is_linear=0
shrinkage=0.0173253


Tree=696
num_leaves=7
num_cat=0
split_feature=3 1 1 6 7 7
split_gain=0.0853068 0.157778 0.170556 0.133697 0.632042 0.16935
threshold=-0.0037514257272512996 0.00029602295067185006 -0.0022174642313759997 0.0041705504327496732 0.0044586076118351969 0.003706112347910592
decision_type=2 2 2 2 2 2
left_child=1 2 -1 5 -5 -2
right_child=3 -3 -4 4 -6 -7
leaf_value=6.7788829234000583e-06 -4.3417464336440825e-08 3.1527532396601377e-06 -8.129304682390873e-07 -1.3129326970243142e-06 -1.3826920921938373e-07 6.5098181197812067e-06
leaf_weight=252 326 441 132 103 1912 509
leaf_count=252 326 441 132 103 1912 509
internal_value=-5.47451e-05 0.000100401 -0.000156362 -9.96557e-05 -0.000176044 8.46818e-05
internal_weight=3675 825 384 2850 2015 835
internal_count=3675 825 384 2850 2015 835
is_linear=0
shrinkage=0.0173253


Tree=697
num_leaves=6
num_cat=0
split_feature=6 3 4 0 0
split_gain=0.102821 0.116713 0.111356 0.109675 0.068269
threshold=0.018293519976944412 -0.0066933404136131991 0.037023899820471197 -0.0082000066009861976 0.017222603313408701
decision_type=2 2 2 2 2
left_child=2 -2 3 -1 -4
right_child=1 -3 4 -5 -6
leaf_value=7.0691402301342982e-06 8.5666458613123642e-06 -3.4534098039522441e-06 2.1046814685402267e-05 -9.886946509989666e-08 5.9772220071756351e-07
leaf_weight=269 34 36 206 3090 40
leaf_count=269 34 36 206 3090 40
internal_value=-5.94595e-05 -0.000717115 -4.66895e-05 -7.27479e-05 0.000309124
internal_weight=3675 70 3605 3359 246
internal_count=3675 70 3605 3359 246
is_linear=0
shrinkage=0.0173253


Tree=698
num_leaves=7
num_cat=0
split_feature=6 0 3 3 5 3
split_gain=0.20177 0.194399 0.225855 0.20729 0.155882 0.142972
threshold=0.0084219068401703793 0.0015883415045030503 0.009133715888943501 0.0048505373491007009 0.010595372574477195 -0.0078194267941343477
decision_type=2 2 2 2 2 2
left_child=4 2 -2 -3 5 -1
right_child=1 3 -4 -5 -6 -7
leaf_value=1.5374790708285389e-05 -3.6210557113090598e-06 5.9546015695834217e-06 5.9114674927425827e-07 -7.1436314657940011e-07 6.071245126216909e-06 -8.462867555290054e-08
leaf_weight=174 258 211 88 101 357 2486
leaf_count=174 258 211 88 101 357 2486
internal_value=-7.36026e-05 -0.000348491 -0.000631275 -3.48904e-05 -1.36502e-05 -5.92734e-05
internal_weight=3675 658 346 312 3017 2660
internal_count=3675 658 346 312 3017 2660
is_linear=0
shrinkage=0.0173253


Tree=699
num_leaves=7
num_cat=0
split_feature=6 7 4 0 0 0
split_gain=0.227345 0.203659 0.15982 0.144903 0.0914035 0.0549663
threshold=0.0084219068401703793 0.0081187524312987206 0.025549245250337214 -0.0090726236265221989 0.0015883415045030503 0.0096662020922502513
decision_type=2 2 2 2 2 2
left_child=2 -2 3 -1 -3 -4
right_child=1 4 5 -5 -6 -7
leaf_value=2.4686956067076338e-05 -1.2346248081386353e-05 -3.4149365177605686e-07 2.0759643084202381e-05 -8.4523666675139842e-08 -4.8160365744532362e-08 1.2576364691545324e-05
leaf_weight=124 42 324 206 2630 292 57
leaf_count=124 42 324 206 2630 292 57
internal_value=-8.30314e-05 -0.000374821 -1.93928e-05 -5.83605e-05 -0.000295232 0.000388657
internal_weight=3675 658 3017 2754 616 263
internal_count=3675 658 3017 2754 616 263
is_linear=0
shrinkage=0.0173253


Tree=700
num_leaves=7
num_cat=0
split_feature=6 5 0 0 3 0
split_gain=0.181542 0.150741 0.131649 0.263622 0.173157 0.126221
threshold=0.0084219068401703793 0.012466726129371697 0.0015883415045030503 -0.0058918970599300497 0.0048505373491007009 -0.0090726236265221989
decision_type=2 2 2 2 2 2
left_child=1 5 3 -2 -4 -1
right_child=2 -3 4 -5 -6 -7
leaf_value=3.5488954315091526e-05 -3.042768768966921e-08 1.6749787533048006e-05 5.8522705473298675e-06 -7.9598801382566446e-06 -7.0115217777169308e-07 -8.8351602576695138e-08
leaf_weight=107 200 197 211 146 101 2713
leaf_count=107 200 197 211 146 101 2713
internal_value=-8.77457e-05 -3.08779e-05 -0.000348491 -0.000581202 -9.04203e-05 -6.3246e-05
internal_weight=3675 3017 658 346 312 2820
internal_count=3675 3017 658 346 312 2820
is_linear=0
shrinkage=0.0173253


Tree=701
num_leaves=7
num_cat=0
split_feature=6 1 7 7 6 6
split_gain=0.131505 0.185807 0.404639 0.14919 0.204875 0.0818273
threshold=0.0073255955011117223 -0.0022174642313759997 0.0073715365366834691 0.0064430616256729058 0.0058714698895394463 0.0090908845336426947
decision_type=2 2 2 2 2 2
left_child=3 5 -3 4 -1 -2
right_child=1 2 -4 -5 -6 -7
leaf_value=-1.0895812599386968e-08 1.3606660129501749e-05 -1.4301119313934151e-05 -2.0475469939757183e-07 5.7270730999728865e-06 -3.5771182397293379e-06 -1.0184859463575744e-07
leaf_weight=1980 137 60 535 471 286 206
leaf_count=1980 137 60 535 471 286 206
internal_value=-7.8317e-05 -0.000255352 -0.000440492 -1.76451e-05 -7.59619e-05 6.58082e-05
internal_weight=3675 938 595 2737 2266 343
internal_count=3675 938 595 2737 2266 343
is_linear=0
shrinkage=0.0173253


Tree=702
num_leaves=7
num_cat=0
split_feature=6 5 7 7 1 2
split_gain=0.157149 0.162205 0.136378 0.131569 0.0940491 0.0254721
threshold=0.0086111695975352887 0.012466726129371697 0.0081722527358238078 0.0077456221597107791 -0.010845978127219848 -0.0052932613334869495
decision_type=2 2 2 2 2 2
left_child=1 3 -2 -1 -4 -3
right_child=2 5 4 -5 -6 -7
leaf_value=-9.147088752351443e-08 -5.7408827125575498e-07 5.2929809730769744e-06 1.6737167655191455e-06 1.1413332597675083e-05 -2.3559143777287024e-07 1.6979960726643569e-05
leaf_weight=2630 37 33 107 208 486 174
leaf_count=2630 37 33 107 208 486 174
internal_value=-8.30314e-05 -3.14984e-05 -0.000332107 -6.5649e-05 -0.000268434 0.000436711
internal_weight=3675 3045 630 2838 593 207
internal_count=3675 3045 630 2838 593 207
is_linear=0
shrinkage=0.0173253


Tree=703
num_leaves=7
num_cat=0
split_feature=6 5 7 0 5 6
split_gain=0.181542 0.150741 0.131685 0.126221 0.123151 0.0252269
threshold=0.0084219068401703793 0.012466726129371697 0.0080661611864354197 -0.0090726236265221989 0.0082978858270072557 0.0076815809014615594
decision_type=2 2 2 2 2 2
left_child=1 3 -2 -1 -4 -3
right_child=2 5 4 -5 -6 -7
leaf_value=3.4794746733584939e-05 -1.4261475109185454e-05 1.6643215256562703e-05 5.1117933247992438e-07 -7.8685009244453496e-08 -1.5438992716601019e-07 1.1931802944921528e-05
leaf_weight=107 37 164 169 2713 452 33
leaf_count=107 37 164 169 2713 452 33
internal_value=-8.77457e-05 -3.08779e-05 -0.000348491 -6.3246e-05 -0.000288665 0.000432463
internal_weight=3675 3017 658 2820 621 197
internal_count=3675 3017 658 2820 621 197
is_linear=0
shrinkage=0.0173253


Tree=704
num_leaves=7
num_cat=0
split_feature=6 5 0 5 5 4
split_gain=0.15269 0.150741 0.126221 0.107762 0.192203 0.188803
threshold=0.0084219068401703793 0.012466726129371697 -0.0090726236265221989 0.0082978858270072557 0.0091044624111932745 0.027486791906291393
decision_type=2 2 2 2 2 2
left_child=1 2 -1 5 -5 -2
right_child=3 -3 -4 4 -6 -7
leaf_value=3.4191916386270718e-05 2.1546828987603992e-05 1.5839740342857534e-05 -7.7321765769385705e-08 -2.9203086893545662e-06 -1.2978248682587971e-07 -8.367614963659839e-06
leaf_weight=107 130 197 2713 41 437 50
leaf_count=107 130 197 2713 41 437 50
internal_value=-8.30314e-05 -3.08779e-05 -6.3246e-05 -0.00032216 -0.000458219 3.91495e-05
internal_weight=3675 3017 2820 658 478 180
internal_count=3675 3017 2820 658 478 180
is_linear=0
shrinkage=0.0173253


Tree=705
num_leaves=7
num_cat=0
split_feature=6 5 0 2 3 3
split_gain=0.15269 0.150741 0.126221 0.118466 0.166588 0.0545455
threshold=0.0084219068401703793 0.012466726129371697 -0.0090726236265221989 -0.009286927632831548 0.013113923673456502 0.009133715888943501
decision_type=2 2 2 2 2 2
left_child=1 2 -1 5 -5 -2
right_child=3 -3 -4 4 -6 -7
leaf_value=3.3599530271542098e-05 8.494555825437507e-06 1.5565311669892488e-05 -7.5982140932603223e-08 -5.2247303187508507e-07 5.2385596666500623e-06 1.2027728322985015e-07
leaf_weight=107 99 197 2713 445 78 36
leaf_count=107 99 197 2713 445 78 36
internal_value=-8.30314e-05 -3.08779e-05 -6.3246e-05 -0.00032216 -0.000440269 0.000135401
internal_weight=3675 3017 2820 658 523 135
internal_count=3675 3017 2820 658 523 135
is_linear=0
shrinkage=0.0173253


Tree=706
num_leaves=7
num_cat=0
split_feature=6 5 0 3 3 0
split_gain=0.181542 0.150741 0.131649 0.321822 0.173157 0.126221
threshold=0.0084219068401703793 0.012466726129371697 0.0015883415045030503 0.009133715888943501 0.0048505373491007009 -0.0090726236265221989
decision_type=2 2 2 2 2 2
left_child=1 5 3 -2 -4 -1
right_child=2 -3 4 -5 -6 -7
leaf_value=3.3017407439659586e-05 -3.3793358963047381e-06 1.5295637563284944e-05 5.7724825856935709e-06 6.535079153121762e-07 -5.3669927917736554e-07 -7.466572553350133e-08
leaf_weight=107 258 197 211 88 101 2713
leaf_count=107 258 197 211 88 101 2713
internal_value=-8.77457e-05 -3.08779e-05 -0.000348491 -0.000581202 -9.04203e-05 -6.3246e-05
internal_weight=3675 3017 658 346 312 2820
internal_count=3675 3017 658 346 312 2820
is_linear=0
shrinkage=0.0173253


Tree=707
num_leaves=7
num_cat=0
split_feature=6 5 7 0 3 6
split_gain=0.15269 0.150741 0.138681 0.126221 0.0832708 0.0252269
threshold=0.0084219068401703793 0.012466726129371697 0.0080661611864354197 -0.0090726236265221989 -0.0090726236265221989 0.0076815809014615594
decision_type=2 2 2 2 2 2
left_child=1 3 -2 -1 -4 -3
right_child=2 5 4 -5 -6 -7
leaf_value=3.2445370075897023e-05 -1.3858672119147386e-05 1.5545761424153649e-05 -2.861605861543911e-07 -7.3372117460976709e-08 -1.0465452881019144e-07 1.0915975869043093e-05
leaf_weight=107 37 164 134 2713 487 33
leaf_count=107 37 164 134 2713 487 33
internal_value=-8.30314e-05 -3.08779e-05 -0.00032216 -6.3246e-05 -0.000260766 0.000432463
internal_weight=3675 3017 658 2820 621 197
internal_count=3675 3017 658 2820 621 197
is_linear=0
shrinkage=0.0173253


Tree=708
num_leaves=7
num_cat=0
split_feature=6 5 0 0 0 2
split_gain=0.14368 0.127235 0.129547 0.104461 0.310353 0.0782014
threshold=0.0097814383492799434 0.012466726129371697 -0.0041038957650507491 0.012298879269830351 0.008734245634175351 0.006084724499675751
decision_type=2 2 2 2 2 2
left_child=1 2 -1 4 -2 -5
right_child=3 -3 -4 5 -6 -7
leaf_value=2.8394131296879432e-06 -1.2527288994010403e-07 1.1132872152693096e-05 -8.6005457755098438e-08 2.3318059159950355e-05 -1.3457466112234705e-05 -8.9167583579783985e-08
leaf_weight=545 322 266 2416 60 33 33
leaf_count=545 322 266 2416 60 33 33
internal_value=-7.8317e-05 -3.79534e-05 -7.056e-05 -0.000369061 -0.00050447 0.000147821
internal_weight=3675 3227 2961 448 355 93
internal_count=3675 3227 2961 448 355 93
is_linear=0
shrinkage=0.0173253


Tree=709
num_leaves=7
num_cat=0
split_feature=6 7 3 6 7 6
split_gain=0.118736 0.329703 0.414099 0.225359 0.178712 0.336169
threshold=0.0035557066116390394 0.0041863669318528635 -0.00064012820148044984 0.0045898225569199584 0.0032579985093029091 0.0027519908283258959
decision_type=2 2 2 2 2 2
left_child=4 2 -2 -3 5 -1
right_child=1 3 -4 -5 -6 -7
leaf_value=6.7555062072686841e-06 -6.0800571319952646e-06 4.3455889064309811e-06 -3.3705150845489797e-08 -1.0037346774512817e-07 3.4091831985517532e-06 -6.9085176443456386e-07
leaf_weight=97 86 495 130 2423 406 38
leaf_count=97 86 495 130 2423 406 38
internal_value=-6.88883e-05 -0.000109804 -0.000762949 -6.14564e-05 0.000168138 -0.000377942
internal_weight=3675 3134 216 2918 541 135
internal_count=3675 3134 216 2918 541 135
is_linear=0
shrinkage=0.0173253


Tree=710
num_leaves=7
num_cat=0
split_feature=6 5 4 0 2 4
split_gain=0.11623 0.137804 0.154636 0.120895 0.179491 0.118956
threshold=0.0097814383492799434 0.0097233342272097217 -0.031246841917943413 0.010597288040705902 0.017222603313408701 0.0046755875316831239
decision_type=2 2 2 2 2 2
left_child=1 2 -1 4 -2 -3
right_child=3 5 -4 -5 -6 -7
leaf_value=-4.2090735277905427e-07 -3.2907514670858109e-06 -3.6649935751932154e-08 -5.2675992034380517e-08 4.6837129285824233e-06 3.5853794477738118e-05 1.5784208209950088e-05
leaf_weight=42 298 316 2583 104 46 286
leaf_count=42 298 316 2583 104 46 286
internal_value=-6.88883e-05 -3.25845e-05 -8.68029e-05 -0.000330389 -0.000486878 0.000203833
internal_weight=3675 3227 2625 448 344 602
internal_count=3675 3227 2625 448 344 602
is_linear=0
shrinkage=0.0173253


Tree=711
num_leaves=7
num_cat=0
split_feature=0 6 7 5 7 1
split_gain=0.118842 0.16423 0.306044 0.142 0.088543 0.0151691
threshold=-0.0095213935295954972 0.0052957402321999417 0.0054305681293523901 0.0073181521947373171 0.016241080808297351 0.0013863087235233002
decision_type=2 2 2 2 2 2
left_child=4 3 -3 -2 5 -1
right_child=1 2 -4 -5 -6 -7
leaf_value=7.2576114599024856e-06 -2.9041887423913385e-08 -7.7444311419700028e-06 -1.6301449078801602e-07 9.7031829698424247e-07 -7.7603214234052353e-07 1.6983044907489985e-05
leaf_weight=157 1264 121 1600 450 33 50
leaf_count=157 1264 121 1600 450 33 50
internal_value=-6.88883e-05 -9.49305e-05 -0.000214483 2.51104e-05 0.000303842 0.000436711
internal_weight=3675 3435 1721 1714 240 207
internal_count=3675 3435 1721 1714 240 207
is_linear=0
shrinkage=0.0173253


Tree=712
num_leaves=7
num_cat=0
split_feature=6 3 5 0 3 3
split_gain=0.126333 0.193634 0.157336 0.134593 0.287185 0.212878
threshold=0.0084219068401703793 -0.0072581293523846487 0.012466726129371697 0.0015883415045030503 0.009133715888943501 0.0028700261008738005
decision_type=2 2 2 2 2 2
left_child=1 -1 -3 4 -2 -5
right_child=3 2 -4 5 -6 -7
leaf_value=6.8699462635406881e-06 -3.2543459189423689e-06 -7.8461872736732413e-08 1.4944194643628234e-05 6.2638392697765752e-06 5.0383340336497516e-07 -2.9450753846817943e-07
leaf_weight=235 258 2602 180 187 88 125
leaf_count=235 258 2602 180 187 88 125
internal_value=-7.8317e-05 -3.08779e-05 -7.12183e-05 -0.00029583 -0.000531129 -3.48904e-05
internal_weight=3675 3017 2782 658 346 312
internal_count=3675 3017 2782 658 346 312
is_linear=0
shrinkage=0.0173253


Tree=713
num_leaves=7
num_cat=0
split_feature=6 7 2 7 6 3
split_gain=0.153061 0.367705 0.181083 0.144673 0.308081 0.107977
threshold=0.0070482595608196601 0.0065505292272584588 -0.0036844052859148495 0.0060600907253939504 0.0058714698895394463 0.0015052398470154001
decision_type=2 2 2 2 2 2
left_child=3 -2 -3 4 -1 -5
right_child=1 2 -4 5 -6 -7
leaf_value=-1.3631015189092043e-08 -3.6926603802974062e-05 6.043606497779866e-07 -1.8480942715632584e-07 1.080233073743437e-05 -8.6609613553444691e-06 -3.6726968891690495e-08
leaf_weight=1892 34 322 694 354 137 242
leaf_count=1892 34 322 694 354 137 242
internal_value=-7.8317e-05 -0.000255106 -0.000195796 -7.60138e-06 -7.73109e-05 0.000229715
internal_weight=3675 1050 1016 2625 2029 596
internal_count=3675 1050 1016 2625 2029 596
is_linear=0
shrinkage=0.0173253


Tree=714
num_leaves=7
num_cat=0
split_feature=6 7 3 5 2 0
split_gain=0.161012 0.204005 0.506868 0.198724 0.197671 0.124315
threshold=0.0073255955011117223 0.0073715365366834691 0.0010954120999472504 0.010595372574477195 0.0021705872079635503 -0.0039450062997422987
decision_type=2 2 2 2 2 2
left_child=3 2 -2 5 -3 -1
right_child=1 4 -4 -5 -6 -7
leaf_value=4.3059146976453756e-06 -1.2821805972116325e-05 2.6120702747701614e-07 4.5815586076009366e-06 5.4458214106471408e-06 -6.9137679573407852e-07 -7.7302585112510239e-08
leaf_weight=419 63 440 41 268 394 2050
leaf_count=419 63 440 41 268 394 2050
internal_value=-5.94595e-05 -0.000255352 -0.000978899 7.67512e-06 -0.000165126 -4.09629e-05
internal_weight=3675 938 104 2737 834 2469
internal_count=3675 938 104 2737 834 2469
is_linear=0
shrinkage=0.0173253


Tree=715
num_leaves=7
num_cat=0
split_feature=3 6 3 5 5 7
split_gain=0.12121 0.14916 0.177458 0.134145 0.102139 0.151391
threshold=-0.0033072228393711996 0.009620433864609439 0.0093545238389610517 0.012066556876665609 0.0046773408434430536 0.0043217205807067
decision_type=2 2 2 2 2 2
left_child=4 3 -3 -2 -1 -6
right_child=1 2 -4 -5 5 -7
leaf_value=5.4160037681131878e-06 -7.5712018189642149e-08 -3.1279977440927711e-06 4.2511822463443652e-07 1.1536306844727579e-05 -7.9249535399094576e-07 9.5756783516526444e-08
leaf_weight=160 2231 201 117 211 69 686
leaf_count=160 2231 201 117 211 69 686
internal_value=-5.00308e-05 -0.000107321 -0.00046027 -6.13592e-05 0.000122778 3.85121e-05
internal_weight=3675 2760 318 2442 915 755
internal_count=3675 2760 318 2442 915 755
is_linear=0
shrinkage=0.0173253


Tree=716
num_leaves=7
num_cat=0
split_feature=2 2 4 6 7 4
split_gain=0.0919964 0.131025 0.487832 0.134907 0.0864205 0.0250947
threshold=-0.009832994248619548 -0.0078194267941343477 -0.017995270827315338 0.011312306723436178 0.0059341063498819435 0.013676335484806339
decision_type=2 2 2 2 2 2
left_child=4 2 -2 -3 -1 -6
right_child=1 3 -4 -5 5 -7
leaf_value=-5.390155902487928e-08 -1.4591658907000132e-05 -1.8534010608258951e-08 8.9251051875413114e-06 -3.1083064262236639e-07 7.6597662743853976e-06 2.6177004452245507e-06
leaf_weight=33 37 3122 83 208 159 33
leaf_count=33 37 3122 83 208 159 33
internal_value=-5.00308e-05 -7.21678e-05 -0.000634613 -5.18995e-05 0.000289404 0.000430172
internal_weight=3675 3450 120 3330 225 192
internal_count=3675 3450 120 3330 225 192
is_linear=0
shrinkage=0.0173253


Tree=717
num_leaves=7
num_cat=0
split_feature=6 5 7 5 5 5
split_gain=0.0961827 0.150593 0.120331 0.0954244 0.263246 0.0880997
threshold=0.0086111695975352887 0.012466726129371697 0.0077456221597107791 0.0082978858270072557 0.0091044624111932745 0.0063861369829618349
decision_type=2 2 2 2 2 2
left_child=1 2 -1 5 -5 -2
right_child=3 -3 -4 4 -6 -7
leaf_value=-4.344362598963754e-08 -2.7895673914242608e-07 1.2580580964226704e-05 1.1001656594397398e-05 -2.938814772886699e-06 -9.4132768209924297e-08 3.1909080373764362e-05
leaf_weight=2630 87 207 208 38 425 80
leaf_count=2630 87 207 208 38 425 80
internal_value=-5.47451e-05 -1.44291e-05 -4.73347e-05 -0.000249606 -0.000377665 0.000105431
internal_weight=3675 3045 2838 630 463 167
internal_count=3675 3045 2838 630 463 167
is_linear=0
shrinkage=0.0173253


Tree=718
num_leaves=7
num_cat=0
split_feature=6 7 0 3 3 3
split_gain=0.117802 0.140693 0.159803 0.0922127 0.0836664 0.232826
threshold=0.0084219068401703793 0.0064430616256729058 -0.0012746133425421996 -0.0037514257272512996 0.013113923673456502 0.0047386425464274002
decision_type=2 2 2 2 2 2
left_child=1 2 -1 -3 5 -2
right_child=4 3 -4 -5 -6 -7
leaf_value=1.9063629485407404e-07 -5.3788709089842306e-08 1.0980443605259983e-05 -1.7034341557697995e-07 1.7021410233867391e-07 7.3633492791436233e-07 -1.2741048283601422e-05
leaf_weight=841 415 192 1434 550 103 140
leaf_count=841 415 192 1434 550 103 140
internal_value=-5.94595e-05 -1.36502e-05 -8.12182e-05 0.000193516 -0.0002695 -0.000353662
internal_weight=3675 3017 2275 742 658 555
internal_count=3675 3017 2275 742 658 555
is_linear=0
shrinkage=0.0173253


Tree=719
num_leaves=7
num_cat=0
split_feature=0 4 0 0 0 0
split_gain=0.11023 0.115138 0.182385 0.175933 0.0794814 0.205763
threshold=0.006473158662852101 -0.024717224551823371 -0.0017149672124692498 -0.0037541772774423499 0.0089641908328184014 0.010597288040705902
decision_type=2 2 2 2 2 2
left_child=1 3 -3 -1 -2 -6
right_child=4 2 -4 -5 5 -7
leaf_value=-9.7849110207656324e-09 7.4113293724373611e-06 1.675147982673279e-07 -9.2100874776070332e-08 -1.5894869340785723e-06 -2.1611330511404924e-06 2.7442107943582438e-07
leaf_weight=168 224 1078 1809 88 84 224
leaf_count=168 224 1078 1809 88 84 224
internal_value=-3.58876e-05 -7.49256e-05 -4.36997e-05 -0.00042707 0.000194745 1.4149e-05
internal_weight=3675 3143 2887 256 532 308
internal_count=3675 3143 2887 256 532 308
is_linear=0
shrinkage=0.0173253


Tree=720
num_leaves=6
num_cat=0
split_feature=2 4 2 1 0
split_gain=0.0916577 0.086499 0.166075 0.12697 1.38778e-17
threshold=0.017222603313408701 -0.024717224551823371 -0.013704985009946298 -0.0039450062997422987 0.00039314099466965002
decision_type=2 2 2 2 2
left_child=1 2 -1 -3 -2
right_child=4 3 -4 -5 -6
leaf_value=6.3826693594275249e-06 6.6736674718298423e-05 1.683871791307986e-06 -3.9826165014555019e-07 -4.8115551298595444e-08 4.3858023205956806e-07
leaf_weight=53 47 626 225 2687 37
leaf_count=53 47 626 225 2687 37
internal_value=-4.53164e-05 -5.85497e-05 -0.00035209 -3.39182e-05 0.000520409
internal_weight=3675 3591 278 3313 84
internal_count=3675 3591 278 3313 84
is_linear=0
shrinkage=0.0173253


Tree=721
num_leaves=7
num_cat=0
split_feature=4 0 4 6 1 3
split_gain=0.0967379 0.123944 0.212049 0.203121 0.0888992 0.137747
threshold=0.033433576868928457 -0.0012746133425421996 -0.025463261997005507 0.0028292128175385648 0.0069547327034386501 -0.00045980262606934994
decision_type=2 2 2 2 2 2
left_child=1 2 -1 -3 -2 -6
right_child=4 3 -4 -5 5 -7
leaf_value=-3.5007465620973771e-07 1.8373921964138974e-05 1.2344744911912279e-05 1.9262924202904667e-07 -1.3838419947743987e-07 -4.1626649821977705e-06 7.4585524277339959e-06
leaf_weight=188 161 121 1165 1893 33 114
leaf_count=188 161 121 1165 1893 33 114
internal_value=-5.47451e-05 -8.16298e-05 4.66191e-05 -0.000167787 0.000239153 -6.88883e-05
internal_weight=3675 3367 1353 2014 308 147
internal_count=3675 3367 1353 2014 308 147
is_linear=0
shrinkage=0.0173253


Tree=722
num_leaves=6
num_cat=0
split_feature=6 7 5 0 0
split_gain=0.0818151 0.201137 0.110623 0.0971157 1.38778e-17
threshold=0.0028292128175385648 0.0032972753437691548 0.0032696755013237933 -0.0014893876550602998 0.0023212743729451005
decision_type=2 2 2 2 2
left_child=3 -2 -3 -1 -5
right_child=1 2 -4 4 -6
leaf_value=-4.1474980181825626e-06 -6.7218175578440078e-07 7.0607479821149345e-06 -3.3143298688942424e-08 1.0914725564578177e-05 1.7295481510690552e-05
leaf_weight=33 37 190 3282 98 35
leaf_count=33 37 190 3282 98 35
internal_value=-6.41739e-05 -8.19539e-05 -6.8413e-05 0.00031167 0.000520409
internal_weight=3675 3509 3472 166 133
internal_count=3675 3509 3472 166 133
is_linear=0
shrinkage=0.0173253


Tree=723
num_leaves=7
num_cat=0
split_feature=6 7 6 6 7 7
split_gain=0.0889739 0.252716 0.440138 0.139054 0.121047 0.249825
threshold=0.0034674367805397339 0.0044586076118351969 0.0045898225569199584 0.0052957402321999417 0.0036592793741729106 0.0035869215203489188
decision_type=2 2 2 2 2 2
left_child=4 2 -2 -3 5 -1
right_child=1 3 -4 -5 -6 -7
leaf_value=7.1321152825771041e-07 -1.9249548345380998e-07 6.2355345961519272e-07 -1.3037833937214789e-06 -4.6434270103607056e-08 8.7874560045826123e-06 -3.1554172234564644e-07
leaf_weight=268 395 814 37 1948 177 36
leaf_count=268 395 814 37 1948 177 36
internal_value=-5.94595e-05 -9.25413e-05 -0.000482214 -3.15931e-05 0.000160215 -4.95035e-05
internal_weight=3675 3194 432 2762 481 304
internal_count=3675 3194 432 2762 481 304
is_linear=0
shrinkage=0.0173253


Tree=724
num_leaves=6
num_cat=0
split_feature=6 7 1 0 0
split_gain=0.0797755 0.202703 0.110094 0.0971157 1.38778e-17
threshold=0.0028292128175385648 0.0032972753437691548 -0.0026728295375107996 -0.0014893876550602998 0.0023212743729451005
decision_type=2 2 2 2 2
left_child=3 -2 -3 -1 -5
right_child=1 2 -4 4 -6
leaf_value=-4.0879978834826425e-06 -6.728926099883384e-07 9.4629872781201778e-08 -5.2598782539934042e-08 1.0713267758033594e-05 1.698347502412325e-05
leaf_weight=33 37 1005 2467 98 35
leaf_count=33 37 1005 2467 98 35
internal_value=-5.94595e-05 -7.70165e-05 -6.3423e-05 0.00031167 0.000520409
internal_weight=3675 3509 3472 166 133
internal_count=3675 3509 3472 166 133
is_linear=0
shrinkage=0.0173253


Tree=725
num_leaves=7
num_cat=0
split_feature=6 7 6 6 7 7
split_gain=0.0889739 0.252716 0.440138 0.139054 0.121047 0.249825
threshold=0.0034674367805397339 0.0044586076118351969 0.0045898225569199584 0.0052957402321999417 0.0036592793741729106 0.0035869215203489188
decision_type=2 2 2 2 2 2
left_child=4 2 -2 -3 5 -1
right_child=1 3 -4 -5 -6 -7
leaf_value=5.1897412667827432e-07 -1.8824914527451481e-07 6.125890225101553e-07 -1.2826269128367081e-06 -4.4718490133199062e-08 8.6361217513626623e-06 -3.091635679041187e-07
leaf_weight=268 395 814 37 1948 177 36
leaf_count=268 395 814 37 1948 177 36
internal_value=-5.94595e-05 -9.25413e-05 -0.000482214 -3.15931e-05 0.000160215 -4.95035e-05
internal_weight=3675 3194 432 2762 481 304
internal_count=3675 3194 432 2762 481 304
is_linear=0
shrinkage=0.0173253


Tree=726
num_leaves=6
num_cat=0
split_feature=6 7 5 0 0
split_gain=0.0859716 0.198023 0.116122 0.0971157 1.38778e-17
threshold=0.0028292128175385648 0.0032972753437691548 0.0032696755013237933 -0.0014893876550602998 0.0023212743729451005
decision_type=2 2 2 2 2
left_child=3 -2 -3 -1 -5
right_child=1 2 -4 4 -6
leaf_value=-4.0261633816435991e-06 -6.7022592201206161e-07 6.9269590024412127e-06 -3.7132553168896099e-08 1.0518665500160493e-05 1.6680239378201925e-05
leaf_weight=33 37 190 3282 98 35
leaf_count=33 37 190 3282 98 35
internal_value=-7.36026e-05 -9.18287e-05 -7.8393e-05 0.00031167 0.000520409
internal_weight=3675 3509 3472 166 133
internal_count=3675 3509 3472 166 133
is_linear=0
shrinkage=0.0173253


Tree=727
num_leaves=7
num_cat=0
split_feature=6 7 5 6 0 0
split_gain=0.0838805 0.128836 0.27309 0.128507 0.0971157 1.38778e-17
threshold=0.0028292128175385648 0.0036592793741729106 0.0061797632140510516 0.0034674367805397339 -0.0014893876550602998 0.0023212743729451005
decision_type=2 2 2 2 2 2
left_child=4 2 -2 -3 -1 -6
right_child=1 3 -4 -5 5 -7
leaf_value=-3.9564087865524495e-06 -1.1187280968117435e-06 8.027932293496717e-06 2.2273877521383254e-05 -3.5304881023639706e-08 1.0336426186125669e-05 1.6391248785034582e-05
leaf_weight=33 128 162 52 3167 98 35
leaf_count=33 128 162 52 3167 98 35
internal_value=-6.88883e-05 -8.68913e-05 -0.000538361 -6.24802e-05 0.00031167 0.000520409
internal_weight=3675 3509 180 3329 166 133
internal_count=3675 3509 180 3329 166 133
is_linear=0
shrinkage=0.0173253


Tree=728
num_leaves=7
num_cat=0
split_feature=6 7 0 6 2 2
split_gain=0.0889739 0.188363 0.320109 0.152183 0.0696852 0.215395
threshold=0.0034674367805397339 0.0041863669318528635 0.0020285571545411506 0.0042866300707062313 -0.0016639116580589998 -0.0033900549012064996
decision_type=2 2 2 2 2 2
left_child=4 2 -2 -3 5 -1
right_child=1 3 -4 -5 -6 -7
leaf_value=4.2329199938882256e-06 -4.518270593401325e-06 8.9304491148193571e-06 1.6216677464173492e-06 -4.1773657944428548e-08 3.3690123392555907e-06 -2.9718650998006668e-06
leaf_weight=61 175 320 87 2612 361 59
leaf_count=61 175 320 87 2612 361 59
internal_value=-5.94595e-05 -9.25413e-05 -0.000537627 -5.2769e-05 0.000160215 -0.00020148
internal_weight=3675 3194 262 2932 481 120
internal_count=3675 3194 262 2932 481 120
is_linear=0
shrinkage=0.0173253


Tree=729
num_leaves=7
num_cat=0
split_feature=6 7 1 7 7 1
split_gain=0.0901906 0.377163 0.363017 0.173778 0.0758658 0.331002
threshold=0.0031718411535203608 0.0036592793741729106 0.0016357925112888002 0.0039264054456552662 0.0031362424982274905 -0.00069370098755459984
decision_type=2 2 2 2 2 2
left_child=4 2 -2 -3 5 -1
right_child=1 3 -4 -5 -6 -7
leaf_value=-3.836374179455646e-06 -1.7658449655339858e-08 2.806735007244708e-06 -4.0790543658802866e-06 -2.8646999130451843e-08 1.0219327419612625e-05 1.1807337668336557e-05
leaf_weight=33 59 153 33 3129 197 71
leaf_count=33 59 153 33 3129 197 71
internal_value=-5.47451e-05 -8.03808e-05 -0.00117446 -4.97119e-05 0.000232612 -0.00014595
internal_weight=3675 3374 92 3282 301 104
internal_count=3675 3374 92 3282 301 104
is_linear=0
shrinkage=0.0173253


Tree=730
num_leaves=7
num_cat=0
split_feature=1 1 6 2 5 5
split_gain=0.0982675 0.151907 0.622523 0.112833 0.0902712 0.174244
threshold=-0.0039450062997422987 -5.4256283497954994e-05 0.011312306723436178 -0.009832994248619548 0.0064810300505375859 0.0093943217409713804
decision_type=2 2 2 2 2 2
left_child=4 2 -2 -3 -1 -6
right_child=1 3 -4 -5 5 -7
leaf_value=9.6453739399185348e-06 -5.4006674303016657e-08 8.4685919882309586e-06 -2.6457776610963652e-05 -4.0999211295384708e-08 -3.1398013814674045e-07 3.4472762656511996e-06
leaf_weight=297 905 108 33 1834 229 269
leaf_count=297 905 108 33 1834 229 269
internal_value=-6.41739e-05 -0.000111244 -0.000292293 -2.37958e-05 0.000106344 -3.62284e-05
internal_weight=3675 2880 938 1942 795 498
internal_count=3675 2880 938 1942 795 498
is_linear=0
shrinkage=0.0173253


Tree=731
num_leaves=4
num_cat=0
split_feature=3 6 3
split_gain=0.101675 0.11257 0.13834
threshold=-0.015613442977082748 0.018293519976944412 0.0081445855808535018
decision_type=2 2 2
left_child=-1 2 -2
right_child=1 -3 -4
leaf_value=3.4554052669701342e-06 -4.8521487329625017e-08 -1.1438395778055577e-05 6.3274572429550031e-07
leaf_weight=90 3189 49 347
leaf_count=90 3189 49 347
internal_value=-5.47451e-05 -6.91841e-05 -5.77556e-05
internal_weight=3675 3585 3536
internal_count=3675 3585 3536
is_linear=0
shrinkage=0.0173253


Tree=732
num_leaves=7
num_cat=0
split_feature=0 0 0 1 4 2
split_gain=0.119558 0.143562 0.156912 0.0879046 0.069357 0.0125902
threshold=-0.009286927632831548 0.0068576959529008507 0.0063784860040718505 0.008734245634175351 -0.044622789826874266 0.0050339586363362014
decision_type=2 2 2 2 2 2
left_child=4 2 -2 -3 -1 -6
right_child=1 3 -4 -5 5 -7
leaf_value=4.3293365394828262e-09 -5.1607527272814733e-08 7.0360886563167977e-06 -3.750976084166136e-07 -2.8784976930800943e-07 9.5915668920717763e-06 3.1466200613524417e-07
leaf_weight=40 2874 371 56 119 157 58
leaf_count=40 2874 371 56 119 157 58
internal_value=-4.53164e-05 -7.23e-05 -0.000118204 0.000202188 0.000316581 0.000439826
internal_weight=3675 3420 2930 490 255 215
internal_count=3675 3420 2930 490 255 215
is_linear=0
shrinkage=0.0173253


Tree=733
num_leaves=7
num_cat=0
split_feature=0 3 6 5 4 1
split_gain=0.112905 0.119204 0.222398 0.137982 0.0727137 0.013568
threshold=-0.0095213935295954972 -0.0024028007439300496 0.0041705504327496732 0.0092392004428094605 -0.044622789826874266 0.0013863087235233002
decision_type=2 2 2 2 2 2
left_child=4 3 -3 -2 -1 -6
right_child=1 2 -4 -5 5 -7
leaf_value=1.2949869644338027e-08 -3.4580694194260401e-08 1.4851338733489191e-06 -2.9489079780159958e-07 3.1980568169447674e-06 1.551274385880581e-05 6.9925666645713178e-06
leaf_weight=38 725 741 1686 283 148 54
leaf_count=38 725 741 1686 283 148 54
internal_value=-5.94595e-05 -8.4843e-05 -0.000150618 7.35251e-05 0.000303842 0.00043464
internal_weight=3675 3435 2427 1008 240 202
internal_count=3675 3435 2427 1008 240 202
is_linear=0
shrinkage=0.0173253


Tree=734
num_leaves=4
num_cat=0
split_feature=3 6 3
split_gain=0.105036 0.109947 0.132683
threshold=-0.015613442977082748 0.018293519976944412 0.0083891150316386023
decision_type=2 2 2
left_child=-1 2 -2
right_child=1 -3 -4
leaf_value=3.3447997223806831e-06 -6.287531339801596e-08 -1.1237736747918089e-05 7.2040035897928681e-07
leaf_weight=90 3202 49 334
leaf_count=90 3202 49 334
internal_value=-6.41739e-05 -7.88496e-05 -6.7555e-05
internal_weight=3675 3585 3536
internal_count=3675 3585 3536
is_linear=0
shrinkage=0.0173253


Tree=735
num_leaves=7
num_cat=0
split_feature=0 5 6 6 3 4
split_gain=0.109207 0.160407 0.151505 0.13332 0.194671 0.126818
threshold=-0.0012746133425421996 0.010303355386870291 0.0028292128175385648 0.006960153048948735 0.009133715888943501 -0.021426826199638409
decision_type=2 2 2 2 2 2
left_child=3 2 -2 5 -5 -1
right_child=1 -3 -4 4 -6 -7
leaf_value=-1.4321708310898473e-07 1.0918357083054375e-05 1.6857355312132781e-07 -1.9431909701648587e-07 -1.8792672213274457e-06 1.2252306505688142e-05 2.374604199616591e-06
leaf_weight=119 123 470 1686 348 92 837
leaf_count=119 123 470 1686 348 92 837
internal_value=-5.94595e-05 -0.000133377 -0.000207466 6.12129e-05 -0.000188355 0.000176077
internal_weight=3675 2279 1809 1396 440 956
internal_count=3675 2279 1809 1396 440 956
is_linear=0
shrinkage=0.0173253


Tree=736
num_leaves=4
num_cat=0
split_feature=3 6 2
split_gain=0.113678 0.103524 0.119841
threshold=-0.015613442977082748 0.018293519976944412 -0.010845978127219848
decision_type=2 2 2
left_child=-1 2 -2
right_child=1 -3 -4
leaf_value=3.2859832170057924e-06 4.9917151251745935e-06 -1.1010480371573534e-05 -5.9157529955360426e-08
leaf_weight=90 143 49 3393
leaf_count=90 143 49 3393
internal_value=-8.77457e-05 -0.000103013 -9.20535e-05
internal_weight=3675 3585 3536
internal_count=3675 3585 3536
is_linear=0
shrinkage=0.0173253


Tree=737
num_leaves=5
num_cat=0
split_feature=3 6 3 7
split_gain=0.115447 0.0963715 0.292003 0.149451
threshold=-0.015613442977082748 0.0084219068401703793 -0.0090726236265221989 0.0077456221597107791
decision_type=2 2 2 2
left_child=-1 3 -3 -2
right_child=1 2 -4 -5
leaf_value=3.2290524849287921e-06 -4.4148272217098998e-08 -5.5997977033233438e-06 -6.8132889763912598e-08 1.3756327169989332e-05
leaf_weight=90 2780 62 521 222
leaf_count=90 2780 62 521 222
internal_value=-9.24601e-05 -0.000107846 -0.000311683 -6.82601e-05
internal_weight=3675 3585 583 3002
internal_count=3675 3585 583 3002
is_linear=0
shrinkage=0.0173253


Tree=738
num_leaves=5
num_cat=0
split_feature=3 3 2 3
split_gain=0.175372 0.155651 0.224074 0.145539
threshold=-0.012673442538946799 -0.009832994248619548 0.0021705872079635503 -0.0039362487846028487
decision_type=2 2 2 2
left_child=-1 2 -2 -3
right_child=1 3 -4 -5
leaf_value=3.6459070349415822e-06 1.1741273767272927e-05 1.6110245278783262e-06 -1.0486816367664902e-07 -8.3463783458918354e-08
leaf_weight=135 54 570 36 2880
leaf_count=135 54 570 36 2880
internal_value=-9.24601e-05 -0.000115832 -0.000827117 -9.7277e-05
internal_weight=3675 3540 90 3450
internal_count=3675 3540 90 3450
is_linear=0
shrinkage=0.0173253


Tree=739
num_leaves=7
num_cat=0
split_feature=4 3 3 2 2 5
split_gain=0.0808601 0.231454 0.98566 0.148659 0.31804 0.189455
threshold=0.0027041889798569579 0.0013855474920313503 0.0020818143084006002 0.0015921333548367001 0.0035706516732948003 0.0042570617069920338
decision_type=2 2 2 2 2 2
left_child=1 -1 -3 5 -5 -2
right_child=3 2 -4 4 -6 -7
leaf_value=-2.1486083373622525e-08 -3.2352395708288787e-07 -2.6712965682766892e-06 -6.4273698866919878e-08 -6.4364079664165354e-07 4.9841920520460147e-08 4.0859539583649708e-06
leaf_weight=1360 151 82 518 260 647 657
leaf_count=1360 151 82 518 260 647 657
internal_value=-0.000101889 -0.000177908 -0.00046136 -1.50097e-05 -0.000167256 0.000155891
internal_weight=3675 1960 600 1715 907 808
internal_count=3675 1960 600 1715 907 808
is_linear=0
shrinkage=0.0173253


Tree=740
num_leaves=7
num_cat=0
split_feature=3 3 2 1 2 0
split_gain=0.107493 0.159964 0.224074 0.131904 0.0228956 1.38778e-17
threshold=-0.012673442538946799 -0.009832994248619548 0.0021705872079635503 0.014872976537839751 0.009133715888943501 0.0046581889920974005
decision_type=2 2 2 2 2 2
left_child=4 2 -2 -3 5 -1
right_child=1 3 -4 -5 -6 -7
leaf_value=3.7992017112946128e-06 1.1538224619249821e-05 -5.6318151142292814e-08 -1.032983286099279e-07 8.7802345195708373e-06 2.0583498992499286e-06 2.5332972439087358e-05
leaf_weight=68 54 3346 36 104 33 34
leaf_count=68 54 3346 36 104 33 34
internal_value=-8.77457e-05 -0.000106044 -0.000827117 -8.72333e-05 0.000392073 0.000520409
internal_weight=3675 3540 90 3450 135 102
internal_count=3675 3540 90 3450 135 102
is_linear=0
shrinkage=0.0173253


Tree=741
num_leaves=7
num_cat=0
split_feature=6 4 2 2 1 0
split_gain=0.129557 0.136155 0.133435 0.816682 0.207445 0.118075
threshold=0.0084219068401703793 0.025549245250337214 0.0021705872079635503 0.0036544159772247506 4.1366719937712896e-05 -0.009832994248619548
decision_type=2 2 2 2 2 2
left_child=1 5 4 -4 -2 -1
right_child=2 -3 3 -5 -6 -7
leaf_value=2.6382932746629513e-05 -5.4485552886260041e-08 1.9570382603251501e-05 -1.3575405867522873e-05 -9.8271778010778557e-08 5.9508831739374646e-06 -5.3054305604746949e-08
leaf_weight=92 195 263 41 274 148 2662
leaf_count=92 195 263 41 274 148 2662
internal_value=-0.000101889 -5.38482e-05 -0.00032216 -0.000579612 -8.57253e-05 -8.98153e-05
internal_weight=3675 3017 658 315 343 2754
internal_count=3675 3017 658 315 343 2754
is_linear=0
shrinkage=0.0173253


Tree=742
num_leaves=7
num_cat=0
split_feature=4 3 1 0 0 2
split_gain=0.126105 0.19634 0.21219 0.179639 0.247474 0.15993
threshold=-0.0075836187860009252 -0.0039362487846028487 -0.0010686079768347997 0.006473158662852101 0.0025921739339398006 0.010222813300402601
decision_type=2 2 2 2 2 2
left_child=3 5 -3 4 -1 -2
right_child=1 2 -4 -5 -6 -7
leaf_value=-8.4353903935091797e-08 8.6376685321082958e-06 5.0826443318250427e-07 -1.3383446026799371e-07 2.831988578887402e-05 -1.499147484555375e-06 -9.4929343937180456e-08
leaf_weight=858 373 734 1479 82 106 43
leaf_count=858 373 734 1479 82 106 43
internal_value=-9.71745e-05 -3.31583e-05 -9.80735e-05 -0.000258072 -0.000324291 0.000312171
internal_weight=3675 2629 2213 1046 964 416
internal_count=3675 2629 2213 1046 964 416
is_linear=0
shrinkage=0.0173253


Tree=743
num_leaves=7
num_cat=0
split_feature=4 0 0 2 2 6
split_gain=0.094957 0.172076 0.209198 0.141668 0.173846 0.0704807
threshold=-0.0075836187860009252 0.006473158662852101 -0.0039450062997422987 -0.0043273499094646992 -0.0016102144778857 0.0099926179633973277
decision_type=2 2 2 2 2 2
left_child=1 2 -1 5 -5 -2
right_child=3 -3 -4 4 -6 -7
leaf_value=2.9255318072665059e-08 1.0105789020830838e-05 2.7829234521407605e-05 -6.1272829978282809e-07 -2.3076151505376306e-07 -1.5642156189291246e-08 -1.3249513765007633e-05
leaf_weight=420 327 82 544 357 1878 67
leaf_count=420 327 82 544 357 1878 67
internal_value=-0.000101889 -0.000241508 -0.000306319 -4.63385e-05 -9.97373e-05 0.000256571
internal_weight=3675 1046 964 2629 2235 394
internal_count=3675 1046 964 2629 2235 394
is_linear=0
shrinkage=0.0173253


Tree=744
num_leaves=7
num_cat=0
split_feature=3 6 7 3 7 7
split_gain=0.139984 0.128334 0.598462 0.166253 0.122398 0.189792
threshold=-0.0039362487846028487 0.0041705504327496732 0.0045363092710098704 -0.0032547664155966995 0.0042966451775819934 0.0038864970231068203
decision_type=2 2 2 2 2 2
left_child=4 3 -3 -2 5 -1
right_child=1 2 -4 -5 -6 -7
leaf_value=2.4835750704256732e-06 -6.2279964272802072e-06 -1.2892244236793965e-06 -9.381156657694603e-08 1.7834640042127728e-06 1.0951846926797101e-06 -6.8129116436817989e-07
leaf_weight=49 46 128 1910 796 712 34
leaf_count=49 46 128 1910 796 712 34
internal_value=-9.71745e-05 -0.000153354 -0.000227692 2.6575e-05 0.000106344 -0.000523286
internal_weight=3675 2880 2038 842 795 83
internal_count=3675 2880 2038 842 795 83
is_linear=0
shrinkage=0.0173253


Tree=745
num_leaves=7
num_cat=0
split_feature=0 2 3 4 0 2
split_gain=0.115632 0.182103 0.155507 0.146285 0.247474 0.148425
threshold=0.006473158662852101 0.011338856056420201 0.004547829071406051 -0.0075836187860009252 0.0025921739339398006 -0.0050201711905507491
decision_type=2 2 2 2 2 2
left_child=3 2 -2 4 -1 -5
right_child=1 -3 -4 5 -6 -7
leaf_value=-6.7073006287380256e-08 8.703024726194165e-06 -1.0332624775762453e-07 -1.5263325572644821e-07 9.3926257786686408e-06 -1.4577451616639483e-06 -7.6116243612694929e-08
leaf_weight=858 352 50 130 260 106 1919
leaf_count=858 352 50 130 260 106 1919
internal_value=-0.000106603 0.000129612 0.000232851 -0.000146586 -0.000324291 -6.79687e-05
internal_weight=3675 532 482 3143 964 2179
internal_count=3675 532 482 3143 964 2179
is_linear=0
shrinkage=0.0173253


Tree=746
num_leaves=7
num_cat=0
split_feature=6 7 1 7 6 2
split_gain=0.123478 0.405251 0.70839 0.177519 0.302948 0.140807
threshold=0.0073255955011117223 0.0073715365366834691 -0.00038868857678244997 0.0060600907253939504 0.0055750403911496724 0.0021705872079635503
decision_type=2 2 2 2 2 2
left_child=3 2 -2 4 -1 -3
right_child=1 5 -4 -5 -6 -7
leaf_value=-4.2594031773611758e-08 4.7659710096219686e-06 3.3304353249845858e-07 -2.0004728574526038e-05 3.8729714621984971e-06 -3.1666716230308381e-06 -4.0522133464941364e-07
leaf_weight=1798 50 440 54 703 236 394
leaf_count=1798 50 440 54 703 236 394
internal_value=-0.000120746 -0.000292293 -0.00131208 -6.19553e-05 -0.000143984 -0.000165126
internal_weight=3675 938 104 2737 2034 834
internal_count=3675 938 104 2737 2034 834
is_linear=0
shrinkage=0.0173253


Tree=747
num_leaves=7
num_cat=0
split_feature=0 6 0 0 3 3
split_gain=0.110083 0.227857 0.460374 0.222727 0.298819 0.187994
threshold=-0.0012746133425421996 0.011140950624384582 -0.0058918970599300497 -0.00078024087166744989 -0.00088454707180549987 -0.0014893876550602998
decision_type=2 2 2 2 2 2
left_child=1 -1 -3 4 -2 -5
right_child=3 2 -4 5 -6 -7
leaf_value=1.7227456652947851e-07 -1.2004902387427337e-05 7.9170092718282189e-09 -9.0016713672309238e-06 1.1747429251695952e-06 2.7544319879768866e-07 -1.5382872306596795e-07
leaf_weight=1242 61 117 37 765 79 1374
leaf_count=1242 61 117 37 765 79 1374
internal_value=-9.71745e-05 2.39809e-05 -0.000604613 -0.000171388 -0.000840867 -0.00012757
internal_weight=3675 1396 154 2279 140 2139
internal_count=3675 1396 154 2279 140 2139
is_linear=0
shrinkage=0.0173253


Tree=748
num_leaves=7
num_cat=0
split_feature=0 5 3 4 1 7
split_gain=0.103877 0.167956 0.164452 0.162973 0.145107 0.138573
threshold=-0.0012746133425421996 0.0098146298823551231 0.0039111632593676008 -0.044622789826874266 -0.0021226501817658496 0.0032579985093029091
decision_type=2 2 2 2 2 2
left_child=3 2 -2 -1 -3 -5
right_child=1 4 -4 5 -6 -7
leaf_value=-1.2598620702676345e-06 -1.2589626986913921e-07 -1.455964919722653e-07 -7.5195964396969909e-07 -3.3199271591774281e-06 6.6585858302736843e-07 1.2885916294756168e-07
leaf_weight=47 1374 139 374 34 392 1315
leaf_count=47 1374 139 374 34 392 1315
internal_value=-6.88883e-05 -0.000140979 -0.000222955 4.88023e-05 0.000128876 8.37436e-05
internal_weight=3675 2279 1748 1396 531 1349
internal_count=3675 2279 1748 1396 531 1349
is_linear=0
shrinkage=0.0173253


Tree=749
num_leaves=7
num_cat=0
split_feature=0 4 4 0 1 4
split_gain=0.12694 0.167031 0.141858 0.254178 0.174912 0.13481
threshold=-0.0012746133425421996 -0.044622789826874266 0.0068528210645854458 0.0066154638614827005 0.0079252147433293025 0.03588522298274982
decision_type=2 2 2 2 2 2
left_child=1 -1 3 -2 -4 -3
right_child=2 5 4 -5 -6 -7
leaf_value=-1.2380345485672218e-06 -4.5219818419017914e-07 1.4010233490215773e-07 5.5759335695850249e-07 1.1746830168171427e-05 -1.4821688872470117e-07 -1.1158162917640048e-07
leaf_weight=47 1039 1314 845 179 216 35
leaf_count=47 1039 1314 845 179 216 35
internal_value=-6.88883e-05 6.12129e-05 -0.000148582 -0.000276158 -2.1272e-06 9.65866e-05
internal_weight=3675 1396 2279 1218 1061 1349
internal_count=3675 1396 2279 1218 1061 1349
is_linear=0
shrinkage=0.0173253


Tree=750
num_leaves=7
num_cat=0
split_feature=0 5 6 4 4 4
split_gain=0.152313 0.146968 0.165321 0.142223 0.128923 0.0866609
threshold=-0.0012746133425421996 0.0098146298823551231 0.0028292128175385648 0.030159652476323937 0.03588522298274982 0.014357988118823306
decision_type=2 2 2 2 2 2
left_child=4 2 -2 -3 5 -1
right_child=1 3 -4 -5 -6 -7
leaf_value=3.5136620603649766e-08 1.0724601753328542e-05 -7.1007450974976678e-09 -1.9368514885881468e-07 3.2234955138157995e-05 -1.0964844102058354e-07 1.1422384644800711e-05
leaf_weight=1228 123 367 1625 164 35 133
leaf_count=1228 123 367 1625 164 35 133
internal_value=-6.88883e-05 -0.000156184 -0.000232866 9.6248e-05 7.36236e-05 0.000100323
internal_weight=3675 2279 1748 531 1396 1361
internal_count=3675 2279 1748 531 1396 1361
is_linear=0
shrinkage=0.0173253


Tree=751
num_leaves=7
num_cat=0
split_feature=0 5 6 4 4 4
split_gain=0.142403 0.138249 0.160013 0.142223 0.128923 0.0866609
threshold=-0.0012746133425421996 0.0098146298823551231 0.0028292128175385648 0.030159652476323937 0.03588522298274982 0.014357988118823306
decision_type=2 2 2 2 2 2
left_child=4 2 -2 -3 5 -1
right_child=1 3 -4 -5 -6 -7
leaf_value=3.4527867179907618e-08 1.0538794526471341e-05 -6.9777223703819831e-09 -1.9032949041847577e-07 3.16764740159822e-05 -1.0774874598071432e-07 1.1224488101529258e-05
leaf_weight=1228 123 367 1625 164 35 133
leaf_count=1228 123 367 1625 164 35 133
internal_value=-6.41739e-05 -0.000148582 -0.000222955 9.6248e-05 7.36236e-05 0.000100323
internal_weight=3675 2279 1748 531 1396 1361
internal_count=3675 2279 1748 531 1396 1361
is_linear=0
shrinkage=0.0173253


Tree=752
num_leaves=7
num_cat=0
split_feature=0 3 6 5 6 2
split_gain=0.138978 0.144076 0.267131 0.138662 0.0465551 0.0194641
threshold=-0.009286927632831548 -0.0024028007439300496 0.0041705504327496732 0.0092392004428094605 0.015247896840417418 0.0050339586363362014
decision_type=2 2 2 2 2 2
left_child=4 3 -3 -2 5 -1
right_child=1 2 -4 -5 -6 -7
leaf_value=5.3307021511450522e-06 -4.1147900516455999e-08 1.3807847231131485e-06 -3.8145852531230139e-07 3.4626302408326784e-06 7.426127214388809e-09 5.7114666656583726e-05
leaf_weight=162 722 740 1676 282 52 41
leaf_count=162 722 740 1676 282 52 41
internal_value=-7.36026e-05 -0.000102695 -0.000175186 7.17447e-05 0.000316581 0.000435062
internal_weight=3675 3420 2416 1004 255 203
internal_count=3675 3420 2416 1004 255 203
is_linear=0
shrinkage=0.0173253


Tree=753
num_leaves=5
num_cat=0
split_feature=2 4 0 3
split_gain=0.159201 0.22859 0.142889 0.0247475
threshold=-0.010845978127219848 -0.044622789826874266 -0.009286927632831548 0.009133715888943501
decision_type=2 2 2 2
left_child=3 -2 -3 -1
right_child=1 2 -4 -5
leaf_value=7.7786533842167778e-06 -2.1062343843270937e-06 3.1122652378916397e-06 -9.4569959023929266e-08 -8.7322170180467083e-07
leaf_weight=147 34 206 3255 33
leaf_count=147 34 206 3255 33
internal_value=-7.8317e-05 -0.000104195 -9.03079e-05 0.000424157
internal_weight=3675 3495 3461 180
internal_count=3675 3495 3461 180
is_linear=0
shrinkage=0.0173253


Tree=754
num_leaves=7
num_cat=0
split_feature=3 5 6 7 7 4
split_gain=0.105894 0.146437 0.180321 0.137089 0.43966 0.151214
threshold=-0.0039362487846028487 0.020584361756604271 0.0097814383492799434 0.0098677481219780743 0.012755977769275633 -0.0087872830462782225
decision_type=2 2 2 2 2 2
left_child=3 2 -2 5 -5 -1
right_child=1 -3 -4 4 -6 -7
leaf_value=-5.3423505842791767e-08 -9.4305827466958205e-08 3.9483566309760816e-06 -3.9475210356908537e-06 -1.1012262063041728e-06 3.4467034656447896e-06 7.5164851342145412e-06
leaf_weight=274 2558 97 225 58 96 367
leaf_count=274 2558 97 225 58 96 367
internal_value=-9.24601e-05 -0.000141323 -0.000164387 8.45513e-05 -0.000379608 0.000196065
internal_weight=3675 2880 2783 795 154 641
internal_count=3675 2880 2783 795 154 641
is_linear=0
shrinkage=0.0173253


Tree=755
num_leaves=6
num_cat=0
split_feature=1 6 2 0 1
split_gain=0.128031 0.15527 0.121297 0.0527877 0.0148187
threshold=-0.0095213935295954972 0.018293519976944412 -0.010162664927256648 0.0056422749124113514 -0.010845978127219848
decision_type=2 2 2 2 2
left_child=3 2 -2 4 -1
right_child=1 -3 -4 -5 -6
leaf_value=1.0995099084079509e-05 4.6444158911283425e-06 -1.4709414883981649e-05 -7.1344436248663185e-08 3.5812280297033499e-06 3.4873505451756959e-08
leaf_weight=143 142 41 3252 47 50
leaf_count=143 142 41 3252 47 50
internal_value=-8.30314e-05 -0.000110062 -9.72592e-05 0.000303842 0.00043064
internal_weight=3675 3435 3394 240 193
internal_count=3675 3435 3394 240 193
is_linear=0
shrinkage=0.0173253


Tree=756
num_leaves=7
num_cat=0
split_feature=0 6 0 5 6 2
split_gain=0.128031 0.145228 0.583402 0.152876 0.0447422 0.0196809
threshold=-0.0095213935295954972 0.011140950624384582 -0.0021226501817658496 0.010987874699671548 0.015247896840417418 0.0050339586363362014
decision_type=2 2 2 2 2 2
left_child=4 3 -3 -2 5 -1
right_child=1 2 -4 -5 -6 -7
leaf_value=1.6371649112730915e-05 -9.2348232473970966e-08 -5.8944503626252791e-06 1.6148999466869413e-07 7.046807569579594e-07 2.3004612187115013e-08 5.5788459776664158e-05
leaf_weight=148 2787 52 179 417 52 40
leaf_count=148 2787 52 179 417 52 40
internal_value=-8.30314e-05 -0.000110062 -0.000529611 -7.98134e-05 0.000303842 0.000428253
internal_weight=3675 3435 231 3204 240 188
internal_count=3675 3435 231 3204 240 188
is_linear=0
shrinkage=0.0173253


Tree=757
num_leaves=7
num_cat=0
split_feature=3 6 7 7 7 7
split_gain=0.127314 0.128766 0.558351 0.209333 0.122398 0.189792
threshold=-0.0039362487846028487 0.0045898225569199584 0.0044586076118351969 0.0041863669318528635 0.0042966451775819934 0.0038864970231068203
decision_type=2 2 2 2 2 2
left_child=4 3 -3 -2 5 -1
right_child=1 2 -4 -5 -6 -7
leaf_value=2.3841177896555635e-06 -8.9627569530127189e-08 -1.1022799219405929e-06 -1.8570314649297638e-07 4.3704702230928611e-06 8.8678014093651317e-07 -6.7142889189760571e-07
leaf_weight=49 628 36 1762 454 712 34
leaf_count=49 628 36 1762 454 712 34
internal_value=-8.77457e-05 -0.000141323 -0.000231191 8.01444e-06 0.000106344 -0.000523286
internal_weight=3675 2880 1798 1082 795 83
internal_count=3675 2880 1798 1082 795 83
is_linear=0
shrinkage=0.0173253


Tree=758
num_leaves=7
num_cat=0
split_feature=3 6 7 3 5 6
split_gain=0.157509 0.119896 0.356091 0.166253 0.0811406 0.16992
threshold=-0.0039362487846028487 0.0041705504327496732 0.0045363092710098704 -0.0032547664155966995 0.0046773408434430536 0.0039441396661867951
decision_type=2 2 2 2 2 2
left_child=4 3 -3 -2 -1 -6
right_child=1 2 -4 -5 5 -7
leaf_value=5.4592765622839431e-06 -6.1133475207640618e-06 -1.1727663115771694e-06 -1.355780567823967e-07 1.7543054770394641e-06 -5.9783286178156683e-07 1.5443893470395132e-07
leaf_weight=132 46 128 1910 796 47 616
leaf_count=132 46 128 1910 796 47 616
internal_value=-8.77457e-05 -0.000147338 -0.000219191 2.6575e-05 0.000128137 5.00377e-05
internal_weight=3675 2880 2038 842 795 663
internal_count=3675 2880 2038 842 795 663
is_linear=0
shrinkage=0.0173253


Tree=759
num_leaves=7
num_cat=0
split_feature=1 1 7 2 5 4
split_gain=0.125162 0.182965 0.340881 0.148528 0.111749 0.206529
threshold=-0.0027367369801654493 -5.4256283497954994e-05 0.00946689535506463 0.0016357925112888002 0.00811065178849402 0.0001940141050481721
decision_type=2 2 2 2 2 2
left_child=4 2 -2 -3 -1 -6
right_child=1 3 -4 -5 5 -7
leaf_value=3.1040211450182317e-06 -1.8142545328256868e-07 1.6753370118276109e-07 -1.6509800317191354e-05 -1.1438593784642558e-07 -2.5188894665310402e-07 1.8951269903160702e-05
leaf_weight=577 671 1085 43 857 300 142
leaf_count=577 671 1085 43 857 300 142
internal_value=-0.000101889 -0.000164516 -0.000401668 -7.73241e-05 6.13469e-05 -0.00014595
internal_weight=3675 2656 714 1942 1019 442
internal_count=3675 2656 714 1942 1019 442
is_linear=0
shrinkage=0.0173253


Tree=760
num_leaves=7
num_cat=0
split_feature=4 4 0 0 3 2
split_gain=0.123159 0.216532 0.236893 0.134736 0.0874378 0.0304474
threshold=0.033433576868928457 0.027486791906291393 0.0083891150316386023 -0.0012746133425421996 -0.00078024087166744989 0.0033832725132621005
decision_type=2 2 2 2 2 2
left_child=1 3 -3 -1 -2 -6
right_child=4 2 -4 -5 5 -7
leaf_value=4.5676623539699677e-08 -1.2324840381596155e-06 -1.3318494507159093e-07 -1.3284525831732891e-05 -1.1633461454327046e-07 1.1369599648365983e-06 2.1925732392926458e-05
leaf_weight=1327 59 79 33 1928 86 163
leaf_count=1327 59 79 33 1928 86 163
internal_value=-9.24601e-05 -0.000122795 -0.000871805 -9.70224e-05 0.000239153 0.000381249
internal_weight=3675 3367 112 3255 308 249
internal_count=3675 3367 112 3255 308 249
is_linear=0
shrinkage=0.0173253


Tree=761
num_leaves=7
num_cat=0
split_feature=3 1 1 7 7 2
split_gain=0.117476 0.138891 0.228213 0.114071 0.189792 0.0868286
threshold=-0.0039362487846028487 0.014872976537839751 0.0083891150316386023 0.0042966451775819934 0.0038864970231068203 0.0075100261568311006
decision_type=2 2 2 2 2 2
left_child=3 2 -2 4 -1 -5
right_child=1 -3 -4 5 -6 -7
leaf_value=2.2491493620104239e-06 -8.9995693306269345e-08 5.9332425046262727e-06 -4.6248543961225112e-06 2.8167533282435935e-06 -6.4585192080604355e-07 -7.4571093801856266e-08
leaf_weight=49 2636 89 155 607 34 105
leaf_count=49 2636 89 155 607 34 105
internal_value=-0.000101889 -0.000153354 -0.000174839 8.45513e-05 -0.000523286 0.000155409
internal_weight=3675 2880 2791 795 83 712
internal_count=3675 2880 2791 795 83 712
is_linear=0
shrinkage=0.0173253


Tree=762
num_leaves=7
num_cat=0
split_feature=3 3 7 1 2 0
split_gain=0.111759 0.143507 0.159168 0.138672 0.0228956 1.38778e-17
threshold=-0.012673442538946799 -0.010162664927256648 0.0063635711400568534 0.014872976537839751 0.009133715888943501 0.0046581889920974005
decision_type=2 2 2 2 2 2
left_child=4 2 -2 -3 5 -1
right_child=1 3 -4 -5 -6 -7
leaf_value=3.3498264484046928e-06 3.8321993408257261e-05 -8.4124926175831854e-08 -2.2871000627372241e-06 8.5290707843111814e-06 1.9745308886255208e-06 2.4101848003997408e-05
leaf_weight=68 34 3360 41 105 33 34
leaf_count=68 34 3360 41 105 33 34
internal_value=-9.71745e-05 -0.000115832 -0.000865618 -9.96031e-05 0.000392073 0.000520409
internal_weight=3675 3540 75 3465 135 102
internal_count=3675 3540 75 3465 135 102
is_linear=0
shrinkage=0.0173253


Tree=763
num_leaves=7
num_cat=0
split_feature=3 3 7 3 2 0
split_gain=0.111759 0.143507 0.159168 0.129496 0.0228956 1.38778e-17
threshold=-0.012673442538946799 -0.010162664927256648 0.0063635711400568534 -0.0039362487846028487 0.009133715888943501 0.0046581889920974005
decision_type=2 2 2 2 2 2
left_child=4 2 -2 -3 5 -1
right_child=1 3 -4 -5 -6 -7
leaf_value=3.2917896114994891e-06 3.7658052360691728e-05 8.7740692817929982e-07 -2.2474753074338092e-06 -1.0831015016161026e-07 1.9403214963144842e-06 2.3684275618303319e-05
leaf_weight=68 34 585 41 2880 33 34
leaf_count=68 34 585 41 2880 33 34
internal_value=-9.71745e-05 -0.000115832 -0.000865618 -9.96031e-05 0.000392073 0.000520409
internal_weight=3675 3540 75 3465 135 102
internal_count=3675 3540 75 3465 135 102
is_linear=0
shrinkage=0.0173253


Tree=764
num_leaves=5
num_cat=0
split_feature=3 3 3 0
split_gain=0.128878 0.133334 0.120599 0.0236364
threshold=-0.011844497680753697 -0.010162664927256648 -0.0033072228393711996 0.0071893767115404012
decision_type=2 2 2 2
left_child=3 -2 -3 -1
right_child=1 2 -4 -5
leaf_value=2.5646594653473703e-06 -2.8511709025036835e-06 2.2626465209695089e-07 -1.0731608022506869e-07 2.2391113474817351e-05
leaf_weight=117 60 705 2760 33
leaf_count=117 60 705 2760 33
internal_value=-9.24601e-05 -0.000113625 -9.96031e-05 0.000404906
internal_weight=3675 3525 3465 150
internal_count=3675 3525 3465 150
is_linear=0
shrinkage=0.0173253


Tree=765
num_leaves=6
num_cat=0
split_feature=3 6 5 2 0
split_gain=0.111759 0.117604 0.118766 0.0228956 1.38778e-17
threshold=-0.012673442538946799 0.018293519976944412 0.020584361756604271 0.009133715888943501 0.0046581889920974005
decision_type=2 2 2 2 2
left_child=3 2 -2 4 -1
right_child=1 -3 -4 -5 -6
leaf_value=3.190324719168021e-06 -7.330082943047042e-08 -1.1955696849982421e-05 6.0945573422854422e-06 1.8489428443678257e-06 2.2889014988698675e-05
leaf_weight=68 3405 46 89 33 34
leaf_count=68 3405 46 89 33 34
internal_value=-9.71745e-05 -0.000115832 -0.000104374 0.000392073 0.000520409
internal_weight=3675 3540 3494 135 102
internal_count=3675 3540 3494 135 102
is_linear=0
shrinkage=0.0173253


Tree=766
num_leaves=6
num_cat=0
split_feature=5 3 6 7 3
split_gain=0.116 0.120383 0.126491 0.114126 0.0231602
threshold=0.020584361756604271 -0.0039362487846028487 0.009620433864609439 0.0042966451775819934 -0.0069804472306175492
decision_type=2 2 2 2 2
left_child=1 3 -3 -1 -2
right_child=4 2 -4 -5 -6
leaf_value=-3.5180320167484193e-07 -6.0352018586013748e-07 -8.1648160026137427e-08 -6.5080361258095829e-06 1.8074027646036703e-06 1.5192857158575486e-06
leaf_weight=83 33 2538 245 669 107
leaf_count=83 33 2538 245 669 107
internal_value=-9.24601e-05 -0.000111831 -0.000164387 8.26676e-05 0.000396656
internal_weight=3675 3535 2783 752 140
internal_count=3675 3535 2783 752 140
is_linear=0
shrinkage=0.0173253


Tree=767
num_leaves=7
num_cat=0
split_feature=3 1 1 0 3 2
split_gain=0.112102 0.147513 0.11468 0.0999575 0.142347 0.0257159
threshold=0.0079252147433293025 -0.012673442538946799 0.0043436748157602506 0.0012712137089520004 0.010222813300402601 0.010931206903473651
decision_type=2 2 2 2 2 2
left_child=1 -1 -3 5 -5 -2
right_child=3 2 -4 4 -6 -7
leaf_value=1.8493741886076769e-05 1.9484633283065806e-06 -1.3824792227140245e-07 4.6741012732367925e-08 2.4348980177683814e-05 -1.8452586510213948e-06 -3.8203571026249956e-08
leaf_weight=106 185 2480 711 62 98 33
leaf_count=106 185 2480 711 62 98 33
internal_value=-8.30314e-05 -0.000115431 -0.000136553 0.000199569 -0.000129291 0.000440935
internal_weight=3675 3297 3191 378 160 218
internal_count=3675 3297 3191 378 160 218
is_linear=0
shrinkage=0.0173253


Tree=768
num_leaves=7
num_cat=0
split_feature=4 0 6 3 3 0
split_gain=0.128796 0.110408 0.165348 0.133731 0.0672354 0.0227273
threshold=0.037914298133546548 0.0066154638614827005 0.0073255955011117223 0.0034658080626929506 -0.00078024087166744989 0.017222603313408701
decision_type=2 2 2 2 2 2
left_child=1 2 -1 -3 -2 -6
right_child=4 3 -4 -5 5 -7
leaf_value=-6.5980023702915033e-08 2.6050710090069943e-07 7.357317822833158e-06 -3.6989350418758285e-07 -2.1880549107144566e-06 2.8259620178963348e-05 9.9639419739576251e-08
leaf_weight=2454 40 293 597 93 162 36
leaf_count=2454 40 293 597 93 162 36
internal_value=-8.77457e-05 -0.000114736 -0.000149663 0.000161334 0.000302022 0.000432907
internal_weight=3675 3437 3051 386 238 198
internal_count=3675 3437 3051 386 238 198
is_linear=0
shrinkage=0.0173253


Tree=769
num_leaves=7
num_cat=0
split_feature=1 1 6 2 3 4
split_gain=0.132496 0.173038 0.334286 0.140215 0.100843 0.122927
threshold=-0.0027367369801654493 -5.4256283497954994e-05 0.010140598773957276 -0.009832994248619548 0.0022073227485360507 -0.025463261997005507
decision_type=2 2 2 2 2 2
left_child=4 2 -2 -3 5 -1
right_child=1 3 -4 -5 -6 -7
leaf_value=-3.628149756363002e-07 -1.4279156551088711e-07 7.7225572002850217e-06 -2.4377750262354349e-05 -7.8537399109398516e-08 3.2662025194509011e-06 1.457881498474914e-08
leaf_weight=130 681 108 33 1834 373 516
leaf_count=130 681 108 33 1834 373 516
internal_value=-0.000106603 -0.000171039 -0.000401668 -8.62455e-05 6.13469e-05 -6.9618e-05
internal_weight=3675 2656 714 1942 1019 646
internal_count=3675 2656 714 1942 1019 646
is_linear=0
shrinkage=0.0173253


Tree=770
num_leaves=7
num_cat=0
split_feature=3 1 6 1 1 0
split_gain=0.114714 0.232462 0.25477 0.130001 0.162722 0.135561
threshold=-0.0020224035176066497 -0.0078194267941343477 0.0045387942382008771 -0.0080193438304140986 -0.010482430618236649 -0.0011814229539044497
decision_type=2 2 2 2 2 2
left_child=3 -2 -3 4 -1 -5
right_child=1 2 -4 5 -6 -7
leaf_value=1.2065917028951353e-06 6.1840806278063431e-06 1.2732993037415269e-07 -5.0220366553447418e-07 2.9819250834348428e-06 -1.0378181247982871e-05 -5.4464266219663571e-08
leaf_weight=70 223 881 1385 404 48 664
leaf_count=70 223 881 1385 404 48 664
internal_value=-0.000101889 -0.000168706 -0.000221232 3.83379e-05 -0.000507365 9.8631e-05
internal_weight=3675 2489 2266 1186 118 1068
internal_count=3675 2489 2266 1186 118 1068
is_linear=0
shrinkage=0.0173253


Tree=771
num_leaves=7
num_cat=0
split_feature=3 6 7 7 7 6
split_gain=0.140549 0.181225 0.593761 0.213728 0.10451 0.297266
threshold=-0.0024028007439300496 0.0041705504327496732 0.0045363092710098704 0.003706112347910592 0.0040757161255648537 0.0035557066116390394
decision_type=2 2 2 2 2 2
left_child=4 3 -3 -2 5 -1
right_child=1 2 -4 -5 -6 -7
leaf_value=1.7434423907087774e-06 -1.2494078288291984e-07 -1.2836741488727246e-06 -1.5022689396088073e-07 6.7736208567219407e-06 3.5540358901236114e-07 -3.1982237623699515e-06
leaf_weight=92 291 112 1734 450 956 40
leaf_count=92 291 112 1734 450 956 40
internal_value=-0.000106603 -0.000176087 -0.000267959 5.27884e-05 5.86122e-05 -0.000398359
internal_weight=3675 2587 1846 741 1088 132
internal_count=3675 2587 1846 741 1088 132
is_linear=0
shrinkage=0.0173253


Tree=772
num_leaves=7
num_cat=0
split_feature=6 6 0 4 2 3
split_gain=0.124035 0.23563 0.20965 0.222058 0.20195 0.0813008
threshold=0.0073255955011117223 0.0074357956636273382 -0.0031584395526739997 0.014357988118823306 0.0017609760317306002 0.0018773748705539002
decision_type=2 2 2 2 2 2
left_child=2 -2 5 -4 -3 -1
right_child=1 4 3 -5 -6 -7
leaf_value=9.9115968568251113e-08 -5.2452883496173866e-06 6.3177651596242138e-08 -1.7194527821317778e-07 8.0168643461038618e-06 -3.13711265655589e-07 1.1857903432247918e-05
leaf_weight=410 42 465 1668 454 431 205
leaf_count=410 42 465 1668 454 431 205
internal_value=-0.000101889 -0.000273823 -4.29652e-05 -0.000124597 -0.000214371 0.000238696
internal_weight=3675 938 2737 2122 896 615
internal_count=3675 938 2737 2122 896 615
is_linear=0
shrinkage=0.0173253


Tree=773
num_leaves=7
num_cat=0
split_feature=3 6 7 7 6 6
split_gain=0.132288 0.143325 0.407999 0.252116 0.124665 0.388376
threshold=-0.0020224035176066497 0.0041705504327496732 0.0047343615605960655 0.003706112347910592 0.0037078897180380572 0.0035251470048624375
decision_type=2 2 2 2 2 2
left_child=4 3 -3 -2 5 -1
right_child=1 2 -4 -5 -6 -7
leaf_value=2.9295738535197096e-06 -1.5507960768617762e-07 -1.2445680221738992e-06 -1.4422379510650365e-07 6.7265601497322518e-06 1.1648349690946944e-07 -4.2689310472673901e-06
leaf_weight=117 278 180 1603 428 1035 34
leaf_count=117 278 180 1603 428 1035 34
internal_value=-8.30314e-05 -0.000154785 -0.000237514 5.41462e-05 6.75543e-05 -0.00039749
internal_weight=3675 2489 1783 706 1186 151
internal_count=3675 2489 1783 706 1186 151
is_linear=0
shrinkage=0.0173253


Tree=774
num_leaves=7
num_cat=0
split_feature=3 0 6 2 2 2
split_gain=0.154983 0.141564 0.175132 0.115241 0.0838848 0.096176
threshold=-0.0024028007439300496 -0.0082000066009861976 0.0041705504327496732 0.0050339586363362014 0.010222813300402601 0.0022119072131776005
decision_type=2 2 2 2 2 2
left_child=4 3 -3 -2 5 -1
right_child=1 2 -4 -5 -6 -7
leaf_value=5.5680621059726433e-08 3.9441974129790835e-06 1.1424427695532884e-06 -4.5614818604064594e-07 -1.6809992377814195e-07 -2.9486270423114486e-07 1.0648151628892363e-05
leaf_weight=734 154 738 1638 57 68 286
leaf_count=734 154 738 1638 57 68 286
internal_value=-8.30314e-05 -0.000155996 -0.000194188 0.000274077 9.04602e-05 0.000129739
internal_weight=3675 2587 2376 211 1088 1020
internal_count=3675 2587 2376 211 1088 1020
is_linear=0
shrinkage=0.0173253


Tree=775
num_leaves=7
num_cat=0
split_feature=3 1 1 4 5 7
split_gain=0.13986 0.143089 0.28761 0.207875 0.124099 0.336222
threshold=-0.0020224035176066497 -0.0012746133425421996 -5.4256283497954994e-05 0.0048170084822618383 0.0092392004428094605 0.010706774096030417
decision_type=2 2 2 2 2 2
left_child=4 3 -3 -2 5 -1
right_child=1 2 -4 -5 -6 -7
leaf_value=4.0862681519236439e-08 -8.5655880275324338e-08 -4.9617549698829237e-07 -1.348557463362076e-07 5.9899620824263004e-06 1.5532011363135344e-06 -2.3217998846107912e-07
leaf_weight=791 635 245 1294 315 354 41
leaf_count=791 635 245 1294 315 354 41
internal_value=-0.000101889 -0.000175667 -0.000278875 -8.46982e-06 5.29461e-05 -6.26553e-05
internal_weight=3675 2489 1539 950 1186 832
internal_count=3675 2489 1539 950 1186 832
is_linear=0
shrinkage=0.0173253


Tree=776
num_leaves=7
num_cat=0
split_feature=3 1 4 5 7 4
split_gain=0.110296 0.115498 0.232367 0.102885 0.37187 0.0538129
threshold=-0.0024028007439300496 -0.0078194267941343477 -0.017995270827315338 0.0092392004428094605 0.010706774096030417 -0.0093546763527586289
decision_type=2 2 2 2 2 2
left_child=3 5 -3 4 -1 -2
right_child=1 2 -4 -5 -6 -7
leaf_value=6.3416877389276565e-08 7.2847097029260888e-06 -2.9312400012664577e-06 -1.090003039327671e-07 1.8444803724279116e-06 -2.3186847169931226e-07 9.3468128167834825e-06
leaf_weight=716 101 153 2203 333 39 130
leaf_count=716 101 153 2203 333 39 130
internal_value=-8.77457e-05 -0.000149299 -0.000185547 5.86122e-05 -5.32777e-05 0.000220403
internal_weight=3675 2587 2356 1088 755 231
internal_count=3675 2587 2356 1088 755 231
is_linear=0
shrinkage=0.0173253


Tree=777
num_leaves=7
num_cat=0
split_feature=3 1 4 5 7 4
split_gain=0.110296 0.115498 0.232367 0.102885 0.37187 0.0538129
threshold=-0.0024028007439300496 -0.0078194267941343477 -0.017995270827315338 0.0092392004428094605 0.010706774096030417 -0.0093546763527586289
decision_type=2 2 2 2 2 2
left_child=3 5 -3 4 -1 -2
right_child=1 2 -4 -5 -6 -7
leaf_value=6.2318159283492739e-08 7.1584997289342452e-06 -2.880455311222449e-06 -1.0711183807956277e-07 1.8125241477702367e-06 -2.2785127472427123e-07 9.1848762330869467e-06
leaf_weight=716 101 153 2203 333 39 130
leaf_count=716 101 153 2203 333 39 130
internal_value=-8.77457e-05 -0.000149299 -0.000185547 5.86122e-05 -5.32777e-05 0.000220403
internal_weight=3675 2587 2356 1088 755 231
internal_count=3675 2587 2356 1088 755 231
is_linear=0
shrinkage=0.0173253


Tree=778
num_leaves=6
num_cat=0
split_feature=7 0 5 5 2
split_gain=0.106302 0.179259 0.132616 0.144494 0.102164
threshold=0.0031362424982274905 0.00078778022812335004 0.0032696755013237933 0.0034362524553480183 0.0050339586363362014
decision_type=2 2 2 2 2
left_child=1 -1 4 -4 -2
right_child=2 -3 3 -5 -6
leaf_value=-1.4551071277857672e-06 9.4537400610468402e-06 9.9330038862982042e-06 -5.6975465827840002e-07 -5.4318506871336182e-08 -4.5044206482603364e-06
leaf_weight=58 177 48 43 3316 33
leaf_count=58 177 48 43 3316 33
internal_value=-8.30314e-05 -0.000623717 -6.69729e-05 -9.33794e-05 0.000355405
internal_weight=3675 106 3569 3359 210
internal_count=3675 106 3569 3359 210
is_linear=0
shrinkage=0.0173253


Tree=779
num_leaves=7
num_cat=0
split_feature=6 5 4 4 0 6
split_gain=0.108 0.205914 0.48763 0.179135 0.19697 0.0746597
threshold=0.0097814383492799434 0.01468819877101284 0.026040532913278101 0.032332968399175814 -0.0017149672124692498 0.012081748036309433
decision_type=2 2 2 2 2 2
left_child=3 2 -2 4 -1 -3
right_child=1 5 -4 -5 -6 -7
leaf_value=5.7009979694662218e-08 -2.9662576047151222e-07 -8.3955055406922314e-06 -1.2418483527934123e-05 2.6307112696882748e-05 -2.0583653851137331e-07 5.0025753248485701e-07
leaf_weight=1061 176 52 73 215 1951 147
leaf_count=1061 176 52 73 215 1951 147
internal_value=-7.8317e-05 -0.000330389 -0.000662445 -4.33222e-05 -7.78099e-05 8.50989e-05
internal_weight=3675 448 249 3227 3012 199
internal_count=3675 448 249 3227 3012 199
is_linear=0
shrinkage=0.0173253


Tree=780
num_leaves=7
num_cat=0
split_feature=0 4 6 1 5 5
split_gain=0.140955 0.171075 0.157971 0.0846029 0.0736677 0.0231988
threshold=-0.0082000066009861976 0.037023899820471197 0.0054750669761611959 0.0057393807435530009 0.0067199839160936737 0.011808579678091721
decision_type=2 2 2 2 2 2
left_child=3 2 -2 5 -3 -1
right_child=1 4 -4 -5 -6 -7
leaf_value=2.0095720231065078e-05 -1.1486896170497889e-08 8.3920655830478496e-06 -5.9201380995244082e-07 -7.6275794502243813e-08 1.5712654114246981e-05 1.6114435597663414e-07
leaf_weight=175 1795 44 1333 33 188 107
leaf_count=175 1795 44 1333 33 188 107
internal_value=-5.00308e-05 -8.28841e-05 -0.000116552 0.000300404 0.000371052 0.000397534
internal_weight=3675 3360 3128 315 232 282
internal_count=3675 3360 3128 315 232 282
is_linear=0
shrinkage=0.0173253


Tree=781
num_leaves=7
num_cat=0
split_feature=5 6 3 4 6 1
split_gain=0.12264 0.213635 0.235893 0.140732 0.0813967 0.0207149
threshold=0.016841104214798477 0.0084219068401703793 0.0047386425464274002 -0.029225083328340496 0.020341828989744907 0.0098929220330802019
decision_type=2 2 2 2 2 2
left_child=1 3 -3 -1 5 -2
right_child=4 2 -4 -5 -6 -7
leaf_value=-4.5630279208068613e-07 4.0068002735714533e-06 -1.6836270456034747e-07 -1.0161853720853722e-05 -1.5243026137282846e-08 -4.2197029765225383e-07 8.91865510599142e-07
leaf_weight=81 164 287 177 2892 35 39
leaf_count=81 164 287 177 2892 35 39
internal_value=-7.8317e-05 -0.000104654 -0.000450407 -5.0692e-05 0.000302022 0.000435062
internal_weight=3675 3437 464 2973 238 203
internal_count=3675 3437 464 2973 238 203
is_linear=0
shrinkage=0.0173253


Tree=782
num_leaves=7
num_cat=0
split_feature=0 5 6 7 1 2
split_gain=0.132343 0.121555 0.20385 0.0904225 0.0193713 0.0147263
threshold=-0.009286927632831548 0.017636128585424252 0.010496435295262436 0.016241080808297351 0.0098929220330802019 0.0050339586363362014
decision_type=2 2 2 2 2 2
left_child=3 2 -2 5 -3 -1
right_child=1 4 -4 -5 -6 -7
leaf_value=1.3514998202145559e-06 -6.6729564883063276e-08 1.2058297088213155e-05 -5.1747358248592937e-07 -1.0887942622530003e-06 8.0961924197724686e-07 2.8075718035262912e-05
leaf_weight=170 3086 106 190 33 38 52
leaf_count=170 3086 106 190 33 38 52
internal_value=-6.41739e-05 -9.25635e-05 -0.000114219 0.000316581 0.000400094 0.000442367
internal_weight=3675 3420 3276 255 144 222
internal_count=3675 3420 3276 255 144 222
is_linear=0
shrinkage=0.0173253


Tree=783
num_leaves=7
num_cat=0
split_feature=0 4 0 6 4 6
split_gain=0.112366 0.272134 0.17785 0.283866 0.1275 0.113444
threshold=-0.0012746133425421996 0.03588522298274982 -0.00073531677524204988 0.0040873809728196701 0.033433576868928457 0.0056298040190160617
decision_type=2 2 2 2 2 2
left_child=1 5 3 -2 -4 -1
right_child=2 -3 4 -5 -6 -7
leaf_value=4.3188628844056615e-07 2.9812202958920794e-06 -4.6589096683266098e-07 -1.8834478234009483e-07 -6.1515991037405672e-06 1.616116243445421e-05 -1.2279819749560129e-07
leaf_weight=689 59 35 1866 95 259 672
leaf_count=689 59 35 1866 95 259 672
internal_value=-7.36026e-05 4.88023e-05 -0.000148582 -0.000717115 -0.00010738 8.75936e-05
internal_weight=3675 1396 2279 154 2125 1361
internal_count=3675 1396 2279 154 2125 1361
is_linear=0
shrinkage=0.0173253


Tree=784
num_leaves=6
num_cat=0
split_feature=7 0 5 5 2
split_gain=0.106302 0.179259 0.132616 0.144494 0.102164
threshold=0.0031362424982274905 0.00078778022812335004 0.0032696755013237933 0.0034362524553480183 0.0050339586363362014
decision_type=2 2 2 2 2
left_child=1 -1 4 -4 -2
right_child=2 -3 3 -5 -6
leaf_value=-1.4258526159238295e-06 9.2940147421683264e-06 9.7693598871459352e-06 -5.4137711827699811e-07 -9.6690519503548664e-08 -4.417931553669168e-06
leaf_weight=58 177 48 43 3316 33
leaf_count=58 177 48 43 3316 33
internal_value=-8.30314e-05 -0.000623717 -6.69729e-05 -9.33794e-05 0.000355405
internal_weight=3675 106 3569 3359 210
internal_count=3675 106 3569 3359 210
is_linear=0
shrinkage=0.0173253


Tree=785
num_leaves=7
num_cat=0
split_feature=0 4 0 3 1 0
split_gain=0.0986796 0.267675 0.174746 0.210179 0.188586 0.0969439
threshold=-0.0012746133425421996 0.03588522298274982 0.0020285571545411506 -0.0014893876550602998 -0.0039450062997422987 -0.0090726236265221989
decision_type=2 2 2 2 2 2
left_child=1 5 4 -4 -2 -1
right_child=2 -3 3 -5 -6 -7
leaf_value=9.4456305838614968e-07 2.7943741811988572e-06 -4.5614405890434702e-07 5.808968738952506e-06 -2.0452781229770256e-07 -7.1289736897603264e-07 5.3961067432035541e-09
leaf_weight=251 164 35 481 861 773 1110
leaf_count=251 164 35 481 861 773 1110
internal_value=-7.8317e-05 3.63916e-05 -0.000148582 -2.18148e-05 -0.000330141 7.48638e-05
internal_weight=3675 1396 2279 1342 937 1361
internal_count=3675 1396 2279 1342 937 1361
is_linear=0
shrinkage=0.0173253


Tree=786
num_leaves=7
num_cat=0
split_feature=6 2 5 0 7 1
split_gain=0.125155 0.176001 0.241226 0.141257 0.190642 0.117433
threshold=0.0073255955011117223 0.0017609760317306002 0.013360284782576266 -0.0017149672124692498 0.0064430616256729058 0.0031232354412039508
decision_type=2 2 2 2 2 2
left_child=3 5 -3 -1 -5 -2
right_child=1 2 -4 4 -6 -7
leaf_value=3.9091939533965199e-07 -1.3404764333379944e-07 -2.4940435874395982e-06 4.2507478206114071e-07 -2.3082911828456629e-07 5.850482405884286e-06 3.2676201303573088e-06
leaf_weight=898 344 294 154 1527 312 146
leaf_count=898 344 294 154 1527 312 146
internal_value=-6.41739e-05 -0.000236882 -0.000485079 -4.98497e-06 -9.19602e-05 -9.95857e-06
internal_weight=3675 938 448 2737 1839 490
internal_count=3675 938 448 2737 1839 490
is_linear=0
shrinkage=0.0173253


Tree=787
num_leaves=7
num_cat=0
split_feature=6 2 5 0 4 1
split_gain=0.105496 0.176001 0.241226 0.14532 0.181415 0.117433
threshold=0.0073255955011117223 0.0017609760317306002 0.013360284782576266 -0.0031584395526739997 0.014357988118823306 0.0031232354412039508
decision_type=2 2 2 2 2 2
left_child=3 5 -3 -1 -5 -2
right_child=1 2 -4 4 -6 -7
leaf_value=1.5082793918532109e-06 -1.3172522414775843e-07 -2.4508334680056236e-06 4.1771022267905113e-07 -2.0845260547759277e-07 7.8830590281435577e-06 3.2110075447518672e-06
leaf_weight=615 344 294 154 1668 454 146
leaf_count=615 344 294 154 1668 454 146
internal_value=-7.8317e-05 -0.000236882 -0.000485079 -2.39751e-05 -9.1938e-05 -9.95857e-06
internal_weight=3675 938 448 2737 2122 490
internal_count=3675 938 448 2737 2122 490
is_linear=0
shrinkage=0.0173253


Tree=788
num_leaves=7
num_cat=0
split_feature=6 7 6 7 6 0
split_gain=0.122825 0.537695 0.470843 0.18702 0.308063 0.132547
threshold=0.0054750669761611959 0.0054305681293523901 0.0057555954103848542 0.0043217205807067 0.0038296771305687686 0.006473158662852101
decision_type=2 2 2 2 2 2
left_child=3 2 -2 4 -1 -3
right_child=1 5 -4 -5 -6 -7
leaf_value=1.0269010558539922e-08 -7.6444697913083969e-07 -2.0011027580117136e-07 -1.0929214963741719e-05 2.3215955420077246e-07 -2.5080275234777049e-06 9.3520225140354531e-07
leaf_weight=629 51 1333 33 1030 182 417
leaf_count=629 51 1333 33 1030 182 417
internal_value=-8.77457e-05 -0.000188097 -0.00154213 1.22241e-05 -0.000184568 -0.000123104
internal_weight=3675 1834 84 1841 811 1750
internal_count=3675 1834 84 1841 811 1750
is_linear=0
shrinkage=0.0173253


Tree=789
num_leaves=7
num_cat=0
split_feature=6 7 3 6 4 0
split_gain=0.163611 0.307913 0.592717 0.169507 0.152546 0.170666
threshold=0.0052957402321999417 0.0057107190649512115 -0.00078024087166744989 0.0073255955011117223 0.016618178315777856 -0.0011814229539044497
decision_type=2 2 2 2 2 2
left_child=4 2 -2 -3 5 -1
right_child=1 3 -4 -5 -6 -7
leaf_value=2.2789353246646513e-07 3.0738803363120949e-07 6.478111744757251e-07 -7.4615032196256969e-06 -2.1507137415141247e-07 1.2836879263052035e-05 -1.6059145625185431e-07
leaf_weight=597 85 801 125 938 191 938
leaf_count=597 85 801 125 938 191 938
internal_value=-6.41739e-05 -0.00017296 -0.000799616 -9.72856e-05 5.86675e-05 1.21311e-06
internal_weight=3675 1949 210 1739 1726 1535
internal_count=3675 1949 210 1739 1726 1535
is_linear=0
shrinkage=0.0173253


Tree=790
num_leaves=7
num_cat=0
split_feature=6 7 0 0 2 1
split_gain=0.145886 0.21282 0.212179 0.191713 0.186808 0.135187
threshold=0.0073255955011117223 0.0069876140992385562 -0.0012746133425421996 -0.00021090785318659996 0.0017609760317306002 -0.0044409670602306491
decision_type=2 2 2 2 2 2
left_child=2 -2 5 -4 -3 -1
right_child=1 4 3 -5 -6 -7
leaf_value=-1.340026286692237e-07 -1.1958535199523307e-05 4.8308073360660407e-08 -1.0497801388327654e-06 -3.5032669712713054e-08 -4.3836443392018769e-07 5.1895430144067086e-07
leaf_weight=185 58 450 257 1470 430 825
leaf_count=185 58 450 257 1470 430 825
internal_value=-6.88883e-05 -0.000255352 -4.98497e-06 -0.000121642 -0.000188355 0.000194487
internal_weight=3675 938 2737 1727 880 1010
internal_count=3675 938 2737 1727 880 1010
is_linear=0
shrinkage=0.0173253


Tree=791
num_leaves=7
num_cat=0
split_feature=0 4 0 6 6 0
split_gain=0.148633 0.285734 0.182638 0.283866 0.127947 0.123808
threshold=-0.0012746133425421996 0.03588522298274982 -0.00073531677524204988 0.0040873809728196701 0.0057809504890078316 0.006473158662852101
decision_type=2 2 2 2 2 2
left_child=1 4 3 -2 -1 -4
right_child=2 -3 5 -5 -6 -7
leaf_value=4.1229946029193441e-07 2.9691457731194359e-06 -3.9570838500650697e-07 -1.9889617870187055e-07 -6.0901906072602306e-06 -1.8237012089712453e-08 2.1128730831582866e-07
leaf_weight=728 59 35 1593 95 633 532
leaf_count=728 59 35 1593 95 633 532
internal_value=-5.47451e-05 8.60343e-05 -0.000140979 -0.000717115 0.000125783 -9.92266e-05
internal_weight=3675 1396 2279 154 1361 2125
internal_count=3675 1396 2279 154 1361 2125
is_linear=0
shrinkage=0.0173253


Tree=792
num_leaves=7
num_cat=0
split_feature=0 4 0 1 7 0
split_gain=0.117907 0.276631 0.182638 0.146104 0.14278 0.123808
threshold=-0.0012746133425421996 0.03588522298274982 -0.00073531677524204988 -0.0020184553207440495 0.0032579985093029091 0.006473158662852101
decision_type=2 2 2 2 2 2
left_child=1 4 3 -2 -1 -4
right_child=2 -3 5 -5 -6 -7
leaf_value=-3.3206453716727703e-06 8.2548346495539135e-07 -3.8885260804128119e-07 -1.9545023746814447e-07 -3.8215241862402753e-06 1.6731118416961111e-07 2.0762668671595146e-07
leaf_weight=34 44 35 1593 110 1327 532
leaf_count=34 44 35 1593 110 1327 532
internal_value=-6.41739e-05 6.12129e-05 -0.000140979 -0.000717115 0.000100323 -9.92266e-05
internal_weight=3675 1396 2279 154 1361 2125
internal_count=3675 1396 2279 154 1361 2125
is_linear=0
shrinkage=0.0173253


Tree=793
num_leaves=7
num_cat=0
split_feature=0 4 0 4 1 6
split_gain=0.114671 0.281164 0.150799 0.16556 0.145455 0.110503
threshold=-0.0012746133425421996 0.03588522298274982 0.006473158662852101 -0.0014928462555900857 0.0079252147433293025 0.0057809504890078316
decision_type=2 2 2 2 2 2
left_child=1 5 3 -2 -4 -1
right_child=2 -3 4 -5 -6 -7
leaf_value=4.0225751663926995e-07 -6.909338355855264e-07 -3.8211560965023595e-07 7.0103599309608572e-06 -3.8387650660337734e-08 -3.8706321973551042e-07 -2.0819770792294674e-08
leaf_weight=728 619 35 393 1128 139 633
leaf_count=728 619 35 393 1128 139 633
internal_value=-5.00308e-05 7.36236e-05 -0.000125775 -0.000203546 0.000129612 0.000113053
internal_weight=3675 1396 2279 1747 532 1361
internal_count=3675 1396 2279 1747 532 1361
is_linear=0
shrinkage=0.0173253


Tree=794
num_leaves=7
num_cat=0
split_feature=0 4 0 6 1 6
split_gain=0.114671 0.281164 0.133864 0.146844 0.145289 0.110503
threshold=-0.0012746133425421996 0.03588522298274982 0.0066154638614827005 0.0028292128175385648 0.0079252147433293025 0.0057809504890078316
decision_type=2 2 2 2 2 2
left_child=1 5 3 -2 -4 -1
right_child=2 -3 4 -5 -6 -7
leaf_value=3.9528827383022964e-07 1.0010620129488742e-05 -3.7549533195597684e-07 9.3319653518517458e-06 -2.460665460614138e-07 -3.9333030843278184e-07 -2.0459061465866521e-08
leaf_weight=728 123 35 381 1638 137 633
leaf_count=728 123 35 381 1638 137 633
internal_value=-5.00308e-05 7.36236e-05 -0.000125775 -0.000197791 0.00011905 0.000113053
internal_weight=3675 1396 2279 1761 518 1361
internal_count=3675 1396 2279 1761 518 1361
is_linear=0
shrinkage=0.0173253


Tree=795
num_leaves=6
num_cat=0
split_feature=3 2 1 1 2
split_gain=0.12499 0.125786 0.124408 0.178596 0.0730214
threshold=-0.0039362487846028487 0.010222813300402601 0.014872976537839751 0.0083891150316386023 0.0036544159772247506
decision_type=2 2 2 2 2
left_child=1 4 3 -2 -1
right_child=2 -3 -4 -5 -6
leaf_value=9.2302897119226041e-08 -9.0444355169797869e-08 -1.1070584385565106e-06 5.7836971834866821e-06 -4.9933688473583361e-06 1.4234026436120431e-05
leaf_weight=577 2636 60 89 155 158
leaf_count=577 2636 60 89 155 158
internal_value=-6.41739e-05 0.000128137 -0.00011726 -0.000137594 0.000190402
internal_weight=3675 795 2880 2791 735
internal_count=3675 795 2880 2791 735
is_linear=0
shrinkage=0.0173253


Tree=796
num_leaves=7
num_cat=0
split_feature=0 4 1 4 4 0
split_gain=0.121188 0.272134 0.133667 0.179523 0.0919926 0.0516622
threshold=-0.0012746133425421996 0.03588522298274982 -0.0082000066009861976 -0.0009409347758434994 0.014357988118823306 0.0056422749124113514
decision_type=2 2 2 2 2 2
left_child=1 4 5 -4 -1 -2
right_child=2 -3 3 -5 -6 -7
leaf_value=1.8033574801251112e-08 2.7611701045197496e-05 -3.6742277475164883e-07 -5.9703934487488271e-07 -9.121977039537365e-08 1.0723729826718793e-05 4.9896276784732012e-06
leaf_weight=1228 115 35 655 1456 133 53
leaf_count=1228 115 35 655 1456 133 53
internal_value=-7.8317e-05 4.88023e-05 -0.000156184 -0.000193615 8.75936e-05 0.000314155
internal_weight=3675 1396 2279 2111 1361 168
internal_count=3675 1396 2279 2111 1361 168
is_linear=0
shrinkage=0.0173253


Tree=797
num_leaves=7
num_cat=0
split_feature=0 6 7 2 3 2
split_gain=0.102993 0.160361 0.232212 0.159547 0.0789192 0.0239739
threshold=-0.0041038957650507491 0.0028292128175385648 0.0036592793741729106 0.012298879269830351 0.0018773748705539002 -0.0014910536327219998
decision_type=2 2 2 2 2 2
left_child=3 5 -3 4 -1 -2
right_child=1 2 -4 -5 -6 -7
leaf_value=2.4701537984702535e-08 2.3183627845760085e-06 -4.7911786740482098e-07 -9.165487655515873e-08 -3.3807069685293904e-07 9.4810440666626008e-06 1.6198738502390229e-05
leaf_weight=453 33 157 2580 51 276 125
leaf_count=453 33 157 2580 51 276 125
internal_value=-7.8317e-05 -0.000125925 -0.000156906 9.83814e-05 0.00016392 0.000410755
internal_weight=3675 2895 2737 780 729 158
internal_count=3675 2895 2737 780 729 158
is_linear=0
shrinkage=0.0173253


Tree=798
num_leaves=7
num_cat=0
split_feature=6 7 3 7 6 1
split_gain=0.126864 0.472761 0.775336 0.128661 0.279876 0.117089
threshold=0.0052423300298717335 0.0055472603935676186 -0.00098409758607324979 0.0041621431947777574 0.0038296771305687686 -0.0022174642313759997
decision_type=2 2 2 2 2 2
left_child=3 2 -2 4 -1 -3
right_child=1 5 -4 -5 -6 -7
leaf_value=3.5746697106936279e-09 1.987595366283425e-06 9.5343676889241149e-07 -8.55526702222263e-06 1.9944813002620134e-07 -7.2076986528401883e-06 -2.2102431945157412e-07
leaf_weight=585 61 642 106 1005 106 1170
leaf_count=585 61 642 106 1005 106 1170
internal_value=-5.94595e-05 -0.000153695 -0.00103576 5.04999e-05 -0.000131485 -7.24006e-05
internal_weight=3675 1979 167 1696 691 1812
internal_count=3675 1979 167 1696 691 1812
is_linear=0
shrinkage=0.0173253


Tree=799
num_leaves=7
num_cat=0
split_feature=6 7 0 2 0 3
split_gain=0.1546 0.228569 0.198189 0.185485 0.138895 0.0757696
threshold=0.0073255955011117223 0.0069876140992385562 -0.0017149672124692498 0.0017609760317306002 0.006473158662852101 -0.0016040412246097499
decision_type=2 2 2 2 2 2
left_child=2 -2 5 -3 -4 -1
right_child=1 3 4 -5 -6 -7
leaf_value=3.7901202573504409e-06 -1.1676492145249249e-05 8.6564357992820769e-08 -1.6624371143142874e-07 -4.9966223952800464e-07 5.8745827132890923e-06 1.3522764250699919e-07
leaf_weight=317 58 450 1587 430 252 581
leaf_count=317 58 450 1587 430 252 581
internal_value=-2.64589e-05 -0.000218411 3.93253e-05 -0.000148979 -6.36971e-05 0.000250303
internal_weight=3675 938 2737 880 1839 898
internal_count=3675 938 2737 880 1839 898
is_linear=0
shrinkage=0.0173253


end of trees

feature_importances:
EWMA_Vol_10d=827
Dist_SMA_20=720
return_lag_1=593
Amplitude_Intraday=570
return_lag_2=536
return_lag_5=452
return_lag_3=400
EWMA_Vol_20d=396

parameters:
[boosting: gbdt]
[objective: quantile]
[metric: quantile]
[tree_learner: serial]
[device_type: cpu]
[data_sample_strategy: bagging]
[data: ]
[valid: ]
[num_iterations: 800]
[learning_rate: 0.0173253]
[num_leaves: 7]
[num_threads: 0]
[seed: 0]
[deterministic: 0]
[force_col_wise: 0]
[force_row_wise: 0]
[histogram_pool_size: -1]
[max_depth: 3]
[min_data_in_leaf: 33]
[min_sum_hessian_in_leaf: 0.001]
[bagging_fraction: 1]
[pos_bagging_fraction: 1]
[neg_bagging_fraction: 1]
[bagging_freq: 0]
[bagging_seed: 3]
[bagging_by_query: 0]
[feature_fraction: 0.962635]
[feature_fraction_bynode: 1]
[feature_fraction_seed: 2]
[extra_trees: 0]
[extra_seed: 6]
[early_stopping_round: 0]
[early_stopping_min_delta: 0]
[first_metric_only: 0]
[max_delta_step: 0]
[lambda_l1: 0]
[lambda_l2: 0]
[linear_lambda: 0]
[min_gain_to_split: 0]
[drop_rate: 0.1]
[max_drop: 50]
[skip_drop: 0.5]
[xgboost_dart_mode: 0]
[uniform_drop: 0]
[drop_seed: 4]
[top_rate: 0.2]
[other_rate: 0.1]
[min_data_per_group: 100]
[max_cat_threshold: 32]
[cat_l2: 10]
[cat_smooth: 10]
[max_cat_to_onehot: 4]
[top_k: 20]
[monotone_constraints: ]
[monotone_constraints_method: basic]
[monotone_penalty: 0]
[feature_contri: ]
[forcedsplits_filename: ]
[refit_decay_rate: 0.9]
[cegb_tradeoff: 1]
[cegb_penalty_split: 0]
[cegb_penalty_feature_lazy: ]
[cegb_penalty_feature_coupled: ]
[path_smooth: 0]
[interaction_constraints: ]
[verbosity: -1]
[saved_feature_importance_type: 0]
[use_quantized_grad: 0]
[num_grad_quant_bins: 4]
[quant_train_renew_leaf: 0]
[stochastic_rounding: 1]
[linear_tree: 0]
[max_bin: 255]
[max_bin_by_feature: ]
[min_data_in_bin: 3]
[bin_construct_sample_cnt: 200000]
[data_random_seed: 1]
[is_enable_sparse: 1]
[enable_bundle: 1]
[use_missing: 1]
[zero_as_missing: 0]
[feature_pre_filter: 1]
[pre_partition: 0]
[two_round: 0]
[header: 0]
[label_column: ]
[weight_column: ]
[group_column: ]
[ignore_column: ]
[categorical_feature: ]
[forcedbins_filename: ]
[precise_float_parser: 0]
[parser_config_file: ]
[objective_seed: 5]
[num_class: 1]
[is_unbalance: 0]
[scale_pos_weight: 1]
[sigmoid: 1]
[boost_from_average: 1]
[reg_sqrt: 0]
[alpha: 0.0300374]
[fair_c: 1]
[poisson_max_delta_step: 0.7]
[tweedie_variance_power: 1.5]
[lambdarank_truncation_level: 30]
[lambdarank_norm: 1]
[label_gain: ]
[lambdarank_position_bias_regularization: 0]
[eval_at: ]
[multi_error_top_k: 1]
[auc_mu_weights: ]
[num_machines: 1]
[local_listen_port: 12400]
[time_out: 120]
[machine_list_filename: ]
[machines: ]
[gpu_platform_id: -1]
[gpu_device_id: -1]
[gpu_use_dp: 0]
[num_gpu: 1]

end of parameters

pandas_categorical:[]
