Date,Close,Ouv., Plus Haut,Plus Bas,Vol.,Variation %,log_return,return_lag_1,return_lag_2,return_lag_3,return_lag_5,volatility_10d,volatility_20d,volatility_60d
2005-03-31,4.38568,"4.414,45","4.415,08","4.372,86",,"-0,64%",-0.006450212937277929,-0.0073808402493568195,-0.002932665368803123,-0.0021345777084675905,0.00019906528848003422,0.0035555559071353536,0.0038185667547445236,0.005540523645180888
2005-04-01,4.35512,"4.363,36","4.366,00","4.355,12",,"-0,70%",-0.0069925234578398715,-0.006450212937277929,-0.0073808402493568195,-0.002932665368803123,-0.000445155806288143,0.0038685034985465917,0.004047023239891671,0.005554160392869517
2005-04-04,4.35267,"4.351,12","4.358,37","4.345,34",,"-0,06%",-0.0005627145497650182,-0.0069925234578398715,-0.006450212937277929,-0.0073808402493568195,-0.0021345777084675905,0.0033951759713405304,0.003970124560692554,0.005553344460830538
2005-04-05,4.35755,"4.356,35","4.369,65","4.356,35",,"0,11%",0.0011205229054143343,-0.0005627145497650182,-0.0069925234578398715,-0.006450212937277929,-0.002932665368803123,0.003173574656492149,0.003974034854940101,0.005556706395816582
2005-04-06,4.36487,"4.352,73","4.367,37","4.352,73",,"0,17%",0.0016784336728693863,0.0011205229054143343,-0.0005627145497650182,-0.0069925234578398715,-0.0073808402493568195,0.00342600086946069,0.0039021503889503143,0.005554620603900234
2005-04-07,4.37247,"4.361,54","4.373,21","4.361,54",,"0,17%",0.0017396603352351511,0.0016784336728693863,0.0011205229054143343,-0.0005627145497650182,-0.006450212937277929,0.0035862551748620636,0.0038011625951726697,0.00554660236153932
2005-04-08,4.37859,"4.379,37","4.383,09","4.372,93",,"0,14%",0.001398687929856982,0.0017396603352351511,0.0016784336728693863,0.0011205229054143343,-0.0069925234578398715,0.0037329601010262993,0.00333539333060891,0.005551621803874463
2005-04-11,4.37613,"4.374,89","4.377,46","4.372,42",,"-0,06%",-0.0005619825796242611,0.001398687929856982,0.0017396603352351511,0.0016784336728693863,-0.0005627145497650182,0.0037620880936176924,0.003309677414926507,0.00554178802480078
2005-04-12,4.38928,"4.373,32","4.389,28","4.373,32",,"0,30%",0.003000432350646962,-0.0005619825796242611,0.001398687929856982,0.0017396603352351511,0.0011205229054143343,0.004037883815670469,0.003264891457456054,0.005556036335407063
2005-04-13,4.39373,"4.389,90","4.399,48","4.386,33",,"0,10%",0.00101332012163892,0.003000432350646962,-0.0005619825796242611,0.001398687929856982,0.0016784336728693863,0.003465494666333175,0.0032008134856734436,0.005556175323889376
2005-04-14,4.40824,"4.389,39","4.408,64","4.389,00",,"0,33%",0.0032969921833022704,0.00101332012163892,0.003000432350646962,-0.0005619825796242611,0.0017396603352351511,0.002922144236686321,0.0033001406914675378,0.005539806831811359
2005-04-15,4.41063,"4.403,76","4.412,50","4.402,41",,"0,05%",0.00054201956906326,0.0032969921833022704,0.00101332012163892,0.003000432350646962,0.001398687929856982,0.0012840958454424893,0.003291795717374611,0.005523094772920771
2005-04-18,4.41,"4.409,16","4.412,88","4.401,33",,"-0,01%",-0.0001428469397472638,0.00054201956906326,0.0032969921833022704,0.00101332012163892,-0.0005619825796242611,0.0012230513787724758,0.0031600577881653797,0.005521284820774187
2005-04-19,4.42039,"4.406,29","4.427,74","4.406,14",,"0,24%",0.0023532380324651626,-0.0001428469397472638,0.00054201956906326,0.0032969921833022704,0.003000432350646962,0.0012634527879738164,0.0031474821751487033,0.0055322569334975025
2005-04-20,4.43933,"4.418,12","4.439,33","4.417,74",,"0,43%",0.004275536665326192,0.0023532380324651626,-0.0001428469397472638,0.00054201956906326,0.00101332012163892,0.0015534318898313708,0.003329705750373259,0.00556419130105338
2005-04-25,4.43746,"4.435,41","4.440,51","4.426,96",,"-0,04%",-0.000421323480146086,0.004275536665326192,0.0023532380324651626,-0.0001428469397472638,0.0032969921833022704,0.0016902695112657761,0.0033272173472395166,0.005564167934596053
2005-04-26,4.4356,"4.435,19","4.437,95","4.429,89",,"-0,04%",-0.0004192465794762493,-0.000421323480146086,0.004275536665326192,0.0023532380324651626,0.00054201956906326,0.0017940159286338887,0.0033271958102401916,0.005551859841164205
2005-04-27,4.4387,"4.431,81","4.441,40","4.431,81",,"0,07%",0.0006986466822385125,-0.0004192465794762493,-0.000421323480146086,0.004275536665326192,-0.0001428469397472638,0.00169043936972897,0.003308778944882024,0.005525230533704905
2005-04-28,4.45738,"4.434,61","4.458,67","4.432,42",,"0,42%",0.004199608693823611,0.0006986466822385125,-0.0004192465794762493,-0.000421323480146086,0.0023532380324651626,0.0018500359772052814,0.0033864331419514206,0.005556279643508827
2005-04-29,4.4747,"4.449,22","4.476,88","4.449,22",,"0,39%",0.003878160900466317,0.004199608693823611,0.0006986466822385125,-0.0004192465794762493,0.004275536665326192,0.0019769475601814656,0.0029861963251591557,0.0055815628028241405
2005-05-02,4.49621,"4.470,76","4.496,45","4.469,22",,"0,48%",0.0047955093121977805,0.003878160900466317,0.004199608693823611,0.0006986466822385125,-0.000421323480146086,0.002150045777536749,0.0026072189919401543,0.005595184160738429
2005-05-03,4.47742,"4.486,72","4.493,20","4.477,39",,"-0,42%",-0.0041878320058833605,0.0047955093121977805,0.003878160900466317,0.004199608693823611,-0.0004192465794762493,0.0028925764689890616,0.002181531939763993,0.005593981309715169
2005-05-04,4.46243,"4.440,75","4.467,62","4.431,32",,"-0,33%",-0.0033535269715497073,-0.0041878320058833605,0.0047955093121977805,0.003878160900466317,0.0006986466822385125,0.003251475404560188,0.0023917811017143114,0.005582528674368314
2005-05-05,4.50469,"4.472,89","4.504,69","4.472,89",,"0,95%",0.009425615553767858,-0.0033535269715497073,-0.0041878320058833605,0.0047955093121977805,0.004199608693823611,0.004173116545020611,0.0030100414145028654,0.00571420084546343
2005-05-06,4.52314,"4.511,99","4.525,75","4.511,99",,"0,41%",0.004087366662052331,0.009425615553767858,-0.0033535269715497073,-0.0041878320058833605,0.003878160900466317,0.004161568567107389,0.003058603613868355,0.005698673610576546
2005-05-09,4.51857,"4.524,25","4.527,49","4.514,08",,"-0,10%",-0.0010108708173912698,0.004087366662052331,0.009425615553767858,-0.0033535269715497073,0.0047955093121977805,0.004201623025597203,0.0031217411453778234,0.005699687607846934
2005-05-10,4.53541,"4.515,98","4.545,63","4.515,98",,"0,37%",0.003719915312160697,-0.0010108708173912698,0.004087366662052331,0.009425615553767858,-0.0041878320058833605,0.004161150689428934,0.003155136410826643,0.005715489193435452
2005-05-11,4.52566,"4.527,44","4.535,18","4.522,23",,"-0,21%",-0.0021520645493296343,0.003719915312160697,-0.0010108708173912698,0.004087366662052331,-0.0033535269715497073,0.004369774190318401,0.0032357157017909245,0.005720535900660188
2005-05-12,4.51448,"4.521,34","4.524,22","4.514,48",,"-0,25%",-0.0024734142833473397,-0.0021520645493296343,0.003719915312160697,-0.0010108708173912698,0.009425615553767858,0.004494148303165454,0.0033477068831384927,0.005728078371767989
2005-05-13,4.49902,"4.513,36","4.518,88","4.499,02",,"-0,34%",-0.0034304133046569466,-0.0024734142833473397,-0.0021520645493296343,0.003719915312160697,0.004087366662052331,0.0046160151260136425,0.003518276931428102,0.005742920518052153
2005-05-16,4.48603,"4.492,21","4.494,55","4.486,03",,"-0,29%",-0.002891471733681447,-0.0034304133046569466,-0.0024734142833473397,-0.0021520645493296343,-0.0010108708173912698,0.0044666196232081975,0.0035939841615774946,0.005752753524338724
2005-05-17,4.49228,"4.484,20","4.501,52","4.481,24",,"0,14%",0.0013922444222920335,-0.002891471733681447,-0.0034304133046569466,-0.0024734142833473397,0.003719915312160697,0.004260575959904843,0.0035948711361492515,0.0057138172446151245
2005-05-18,4.50122,"4.499,87","4.504,98","4.490,62",,"0,20%",0.0019881031733257524,0.0013922444222920335,-0.002891471733681447,-0.0034304133046569466,-0.0021520645493296343,0.004078206400441876,0.003593379928380577,0.005701513415661421
2005-05-19,4.53341,"4.507,15","4.538,23","4.503,00",,"0,72%",0.007125944552191315,0.0019881031733257524,0.0013922444222920335,-0.002891471733681447,-0.0024734142833473397,0.0035757617809449864,0.0038365698214228076,0.005766730931123435
2005-05-20,4.5324,"4.524,18","4.540,09","4.524,18",,"-0,02%",-0.00022281517132577075,0.007125944552191315,0.0019881031733257524,0.0013922444222920335,-0.0034304133046569466,0.0033671369006221794,0.003782094413628651,0.005438801845109519
2005-05-23,4.53916,"4.535,61","4.546,48","4.535,61",,"0,15%",0.0014903723838636934,-0.00022281517132577075,0.007125944552191315,0.0019881031733257524,-0.002891471733681447,0.0033597145900129658,0.003767416255376647,0.00438010997694015
2005-05-24,4.55593,"4.521,41","4.555,93","4.521,41",,"0,37%",0.003687708204067567,0.0014903723838636934,-0.00022281517132577075,0.007125944552191315,0.0013922444222920335,0.0033562502648117757,0.0037902149582885072,0.0036462272993146925
2005-05-25,4.57903,"4.539,89","4.579,03","4.532,09",,"0,51%",0.0050575041901224915,0.003687708204067567,0.0014903723838636934,-0.00022281517132577075,0.0019881031733257524,0.003505865613210493,0.003875848685494216,0.00366335318926207
2005-05-26,4.58365,"4.571,02","4.588,53","4.570,03",,"0,10%",0.0010084386645662666,0.0050575041901224915,0.003687708204067567,0.0014903723838636934,0.007125944552191315,0.0032684111031299756,0.0038266767021284034,0.0036555233547627248
2005-05-27,4.61743,"4.571,16","4.624,77","4.570,94",,"0,74%",0.00734264929099142,0.0010084386645662666,0.0050575041901224915,0.003687708204067567,-0.00022281517132577075,0.003230432829476853,0.004018522924905724,0.003613648829298819
2005-05-30,4.64779,"4.625,64","4.648,24","4.625,64",,"0,66%",0.006553564548153067,0.00734264929099142,0.0010084386645662666,0.0050575041901224915,0.0014903723838636934,0.0027991086606514487,0.004110958737994731,0.003656776381561028
2005-05-31,4.68697,"4.655,89","4.689,77","4.653,57",,"0,84%",0.008394480431306292,0.006553564548153067,0.00734264929099142,0.0010084386645662666,0.003687708204067567,0.003064707134900059,0.004131993863713221,0.0037878106012476857
2005-06-01,4.6866,"4.665,47","4.689,22","4.662,75",,"-0,01%",-7.894537517536478e-05,0.008394480431306292,0.006553564548153067,0.00734264929099142,0.0050575041901224915,0.003294736161455092,0.003957938860793862,0.00372610688437685
2005-06-02,4.67955,"4.687,31","4.687,31","4.672,83",,"-0,15%",-0.0015054214018455732,-7.894537517536478e-05,0.008394480431306292,0.006553564548153067,0.0010084386645662666,0.0035182891584611005,0.003689724676525921,0.003712334744930502
2005-06-03,4.6326,"4.657,60","4.659,07","4.632,60",,"-1,00%",-0.010083685899636064,-0.0015054214018455732,-7.894537517536478e-05,0.008394480431306292,0.00734264929099142,0.005435325306972722,0.004516449215184462,0.003915963307722381
2005-06-06,4.63627,"4.620,19","4.636,27","4.614,82",,"0,08%",0.0007918980828921898,-0.010083685899636064,-0.0015054214018455732,-7.894537517536478e-05,0.006553564548153067,0.005449736156150981,0.004487995401257525,0.0038945448619443733
2005-06-07,4.63558,"4.632,77","4.637,61","4.630,18",,"-0,01%",-0.00014883761089175122,0.0007918980828921898,-0.010083685899636064,-0.0015054214018455732,0.008394480431306292,0.005461890359748662,0.004460849058169212,0.003794069161766878
2005-06-08,4.64486,"4.629,75","4.648,69","4.626,88",,"0,20%",0.001999905843482157,-0.00014883761089175122,0.0007918980828921898,-0.010083685899636064,-7.894537517536478e-05,0.0053393220800717275,0.004398087402578588,0.003797704053374261
2005-06-09,4.6354,"4.636,31","4.646,62","4.635,40",,"-0,20%",-0.002038736689848428,0.001999905843482157,-0.00014883761089175122,0.0007918980828921898,-0.0015054214018455732,0.005451659462386722,0.0043794943144224606,0.003793647805122775
2005-06-10,4.64561,"4.635,44","4.645,61","4.635,27",,"0,22%",0.0022001924615430704,-0.002038736689848428,0.001999905843482157,-0.00014883761089175122,-0.010083685899636064,0.005025644460527461,0.00423658422967107,0.0037477459527719198
2005-06-13,4.62951,"4.647,64","4.650,82","4.629,51",,"-0,35%",-0.003471656683751809,0.0022001924615430704,-0.002038736689848428,0.001999905843482157,0.0007918980828921898,0.004697116444350201,0.004270828132104752,0.0037699393609112297
2005-06-14,4.66943,"4.628,85","4.669,43","4.628,85",,"0,86%",0.008585977592774352,-0.003471656683751809,0.0022001924615430704,-0.002038736689848428,-0.00014883761089175122,0.00473714751355525,0.0045485954978200195,0.003905416012553203
2005-06-15,4.65434,"4.638,46","4.654,34","4.638,46",,"-0,32%",-0.0032368909090221888,0.008585977592774352,-0.003471656683751809,0.0022001924615430704,0.001999905843482157,0.004819763068401427,0.004693069365077737,0.003923279403012985
2005-06-16,4.67773,"4.649,03","4.680,89","4.648,98",,"0,50%",0.005012831875367895,-0.0032368909090221888,0.008585977592774352,-0.003471656683751809,-0.002038736689848428,0.005128234690224024,0.004586409824359595,0.0039553330349182516
2005-06-17,4.6729,"4.675,08","4.681,72","4.670,58",,"-0,10%",-0.0010330855631277111,0.005012831875367895,-0.0032368909090221888,0.008585977592774352,0.0022001924615430704,0.0037798951685611,0.00460658571672832,0.003956313923814749
2005-06-20,4.66125,"4.654,28","4.663,18","4.651,92",,"-0,25%",-0.002496211449212198,-0.0010330855631277111,0.005012831875367895,-0.0032368909090221888,-0.003471656683751809,0.003927217375301913,0.004693655150227839,0.003977782235123873
2005-06-21,4.6579,"4.656,74","4.661,41","4.654,94",,"-0,07%",-0.0007189497205857134,-0.002496211449212198,-0.0010330855631277111,0.005012831875367895,0.008585977592774352,0.003942394341786104,0.004680420303835706,0.003979267104519153
2005-06-22,4.65403,"4.652,83","4.657,28","4.640,30",,"-0,08%",-0.000831191863085039,-0.0007189497205857134,-0.002496211449212198,-0.0010330855631277111,-0.0032368909090221888,0.003922750865964547,0.004603395119449983,0.003967132567248743
2005-06-23,4.63782,"4.647,99","4.658,49","4.637,82",,"-0,35%",-0.0034890826788279154,-0.000831191863085039,-0.0007189497205857134,-0.002496211449212198,0.005012831875367895,0.004039674999446624,0.004702104064321701,0.003976432473006975
2005-06-24,4.65072,"4.629,20","4.650,82","4.628,46",,"0,28%",0.0027776180742718143,-0.0034890826788279154,-0.000831191863085039,-0.0007189497205857134,-0.0010330855631277111,0.0040777371812156845,0.004461578219044915,0.0038404233791790783
2005-06-27,4.66801,"4.649,65","4.668,01","4.649,65",,"0,37%",0.003710810344421158,0.0027776180742718143,-0.0034890826788279154,-0.000831191863085039,-0.002496211449212198,0.004008756709535116,0.004296062680547294,0.003734713409213882
2005-06-28,4.66997,"4.659,60","4.670,46","4.659,03",,"0,04%",0.00041979101021502374,0.003710810344421158,0.0027776180742718143,-0.0034890826788279154,-0.0007189497205857134,0.0029428994193490955,0.0038433668318556815,0.003584068829847073
2005-06-29,4.66212,"4.648,77","4.662,12","4.646,76",,"-0,17%",-0.0016823673692661508,0.00041979101021502374,0.003710810344421158,0.0027776180742718143,-0.000831191863085039,0.0027892890979877975,0.003857807205346112,0.003596102666209164
2005-06-30,4.6697,"4.660,13","4.670,59","4.656,45",,"0,16%",0.0016245494806092769,-0.0016823673692661508,0.00041979101021502374,0.003710810344421158,-0.0034890826788279154,0.002297719435598186,0.00386817703896446,0.0035966339380251343
2005-07-01,4.64386,"4.620,96","4.643,86","4.618,86",,"-0,55%",-0.005548912832908673,0.0016245494806092769,-0.0016823673692661508,0.00041979101021502374,0.0027776180742718143,0.002860609556369197,0.003350805985662909,0.003698329707543209
2005-07-04,4.63104,"4.623,73","4.632,16","4.622,28",,"-0,28%",-0.0027644520511081044,-0.005548912832908673,0.0016245494806092769,-0.0016823673692661508,0.003710810344421158,0.002881305105681497,0.003407238296776202,0.0037293174149706683
2005-07-05,4.6261,"4.617,44","4.632,67","4.617,44",,"-0,11%",-0.0010672843813375214,-0.0027644520511081044,-0.005548912832908673,0.0016245494806092769,0.00041979101021502374,0.0028843323527824997,0.003414730354854375,0.0037379517832749035
2005-07-06,4.62264,"4.605,23","4.630,73","4.604,25",,"-0,07%",-0.0007482100613520997,-0.0010672843813375214,-0.0027644520511081044,-0.005548912832908673,-0.0016823673692661508,0.002883984543273884,0.0033808072306019633,0.003739277287577791
2005-07-07,4.62066,"4.610,35","4.620,66","4.608,12",,"-0,04%",-0.00042841842854486297,-0.0007482100613520997,-0.0010672843813375214,-0.0027644520511081044,0.0016245494806092769,0.002709489769318921,0.0033547838709573354,0.003733036174021609
2005-07-08,4.636,"4.613,34","4.636,00","4.613,34",,"0,33%",0.0033143734441105576,-0.00042841842854486297,-0.0007482100613520997,-0.0010672843813375214,-0.005548912832908673,0.0027831047602939894,0.003404903093150166,0.003746473237346262
2005-07-11,4.63946,"4.629,67","4.639,47","4.629,07",,"0,07%",0.0007460546777162222,0.0033143734441105576,-0.00042841842854486297,-0.0007482100613520997,-0.0027644520511081044,0.002443559079305942,0.003314736372071026,0.0037331986175536264
2005-07-12,4.64522,"4.619,92","4.645,22","4.619,14",,"0,12%",0.0012407537446516277,0.0007460546777162222,0.0033143734441105576,-0.00042841842854486297,-0.0010672843813375214,0.002495372988092726,0.0026701260793462736,0.003733304961602985
2005-07-13,4.65393,"4.633,00","4.653,93","4.633,00",,"0,19%",0.0018732900420157187,0.0012407537446516277,0.0007460546777162222,0.0033143734441105576,-0.0007482100613520997,0.0025654857495902303,0.002614175527495167,0.003733165223748591
2005-07-14,4.68229,"4.649,10","4.684,61","4.649,10",,"0,61%",0.006075282550829798,0.0018732900420157187,0.0012407537446516277,0.0007460546777162222,-0.00042841842854486297,0.0032160976129522877,0.002729737351873977,0.003788286517098904
2005-07-15,4.68968,"4.663,38","4.689,68","4.662,06",,"0,16%",0.0015770433604926858,0.006075282550829798,0.0018732900420157187,0.0012407537446516277,0.0033143734441105576,0.0024915628175007283,0.0027376776154207382,0.003764190574632446
2005-07-18,4.72064,"4.690,59","4.720,64","4.690,59",,"0,66%",0.006580033772662103,0.0015770433604926858,0.006075282550829798,0.0018732900420157187,0.0007460546777162222,0.002675901381528315,0.0030096003405010634,0.003830027885236038
2005-07-19,4.7591,"4.722,62","4.759,10","4.675,20",,"0,81%",0.008114191110152852,0.006580033772662103,0.0015770433604926858,0.006075282550829798,0.0012407537446516277,0.003082681234060048,0.0034207938268465314,0.003932333990904645
2005-07-20,4.80107,"4.759,71","4.801,07","4.753,91",,"0,88%",0.00878023500225749,0.008114191110152852,0.006580033772662103,0.0015770433604926858,0.0018732900420157187,0.0033160266310400806,0.0037937536636335157,0.004052377500547532
2005-07-21,4.88455,"4.793,85","4.888,84","4.791,72",,"1,74%",0.01723835278246303,0.00878023500225749,0.008114191110152852,0.006580033772662103,0.006075282550829798,0.00506526208644219,0.004986778533271929,0.004531371787157129
2005-07-22,4.90524,"4.865,00","4.910,53","4.836,10",,"0,42%",0.004226858963171514,0.01723835278246303,0.00878023500225749,0.008114191110152852,0.0015770433604926858,0.005028519821573384,0.005000134684708926,0.00453466301167351
2005-07-25,4.87816,"4.856,71","4.885,83","4.856,11",,"-0,55%",-0.005535921900105189,0.004226858963171514,0.01723835278246303,0.00878023500225749,0.006580033772662103,0.006005957820451127,0.005315791871636703,0.004604224223161956
2005-07-26,4.88754,"4.853,94","4.889,67","4.850,46",,"0,19%",0.001921009837403895,-0.005535921900105189,0.004226858963171514,0.01723835278246303,0.008114191110152852,0.005962126692638231,0.005299880530236238,0.00454667297523085
2005-07-27,4.88473,"4.852,66","4.893,79","4.852,66",,"-0,06%",-0.0005750966924670882,0.001921009837403895,-0.005535921900105189,0.004226858963171514,0.00878023500225749,0.006155800608004899,0.005261993288530568,0.0045108172956239475
2005-07-28,4.91428,"4.879,51","4.914,38","4.872,27",,"0,60%",0.006031239803915764,-0.0005750966924670882,0.001921009837403895,-0.005535921900105189,0.01723835278246303,0.006154834440968983,0.0053227129615463775,0.004430390413967734
2005-07-29,4.90246,"4.911,18","4.918,68","4.902,46",,"-0,24%",-0.0024081325800857797,0.006031239803915764,-0.0005750966924670882,0.001921009837403895,0.004226858963171514,0.006508155068964028,0.005113325316476243,0.004444202381858338
2005-08-01,4.89395,"4.875,97","4.898,86","4.875,97",,"-0,17%",-0.0017373715760345529,-0.0024081325800857797,0.006031239803915764,-0.0005750966924670882,-0.005535921900105189,0.0067315319129676796,0.00506033838858921,0.004451705336738726
2005-08-02,4.89414,"4.864,77","4.894,14","4.864,76",,"0,00%",3.882269166372566e-05,-0.0017373715760345529,-0.0024081325800857797,0.006031239803915764,0.001921009837403895,0.006613908074341259,0.0050221979448650585,0.00444356945250048
2005-08-03,4.91044,"4.897,55","4.910,71","4.897,55",,"0,33%",0.0033249797578352763,3.882269166372566e-05,-0.0017373715760345529,-0.0024081325800857797,-0.0005750966924670882,0.0062823262429480735,0.004952145237782413,0.0044283366255221095
2005-08-04,4.9377,"4.911,08","4.937,70","4.910,71",,"0,56%",0.005536084909950663,0.0033249797578352763,3.882269166372566e-05,-0.0017373715760345529,0.006031239803915764,0.0037671067610247806,0.004912995005034444,0.004431541675201433
2005-08-05,4.94625,"4.939,43","4.956,81","4.937,65",,"0,17%",0.0017300779815019173,0.005536084909950663,0.0033249797578352763,3.882269166372566e-05,-0.0024081325800857797,0.0036152078594123478,0.004925813810239158,0.0043841826675115655
2005-08-08,4.95477,"4.941,66","4.954,77","4.938,38",,"0,17%",0.001721035227278109,0.0017300779815019173,0.005536084909950663,0.0033249797578352763,-0.0017373715760345529,0.002840048919305552,0.0049046235926700574,0.00434471867362595
2005-08-09,4.96629,"4.916,85","4.966,31","4.916,85",,"0,23%",0.002322333536437393,0.001721035227278109,0.0017300779815019173,0.005536084909950663,3.882269166372566e-05,0.0028485671187048825,0.00488679695435816,0.004345419476121899
2005-08-10,4.9855,"4.985,50","4.985,50","4.985,50",,"0,39%",0.00386061680549803,0.002322333536437393,0.001721035227278109,0.0017300779815019173,0.0033249797578352763,0.0028177023174296833,0.0048755588569167905,0.004354443850482778
2005-08-11,4.97452,"4.957,97","4.975,65","4.957,97",,"-0,22%",-0.002204815742942049,0.00386061680549803,0.002322333536437393,0.001721035227278109,0.005536084909950663,0.0027242256695127506,0.004990304208836186,0.004324002705556073
2005-08-12,5.00813,"4.969,96","5.008,13","4.969,96",,"0,68%",0.006733708383567601,-0.002204815742942049,0.00386061680549803,0.002322333536437393,0.0017300779815019173,0.0029002468577769822,0.005044363846396371,0.004368760667384918
2005-08-15,5.05072,"5.017,88","5.050,72","5.000,49",,"0,85%",0.008468215454614632,0.006733708383567601,-0.002204815742942049,0.00386061680549803,0.001721035227278109,0.00317020691247861,0.005126284542449093,0.004456076711975191
2005-08-16,5.07863,"5.048,13","5.079,04","5.044,31",,"0,55%",0.005510732797520193,0.008468215454614632,0.006733708383567601,-0.002204815742942049,0.002322333536437393,0.003042611660891876,0.005031909198735632,0.004475479076565764
2005-08-17,5.09731,"5.076,48","5.110,88","5.067,96",,"0,37%",0.003671409419216221,0.005510732797520193,0.008468215454614632,0.006733708383567601,0.00386061680549803,0.0030398344553164767,0.0048631940588181885,0.004461990042895066
2005-08-18,5.12571,"5.095,82","5.140,39","5.095,82",,"0,56%",0.005556102415843867,0.003671409419216221,0.005510732797520193,0.008468215454614632,-0.002204815742942049,0.0030411586084302293,0.0035996685562011558,0.004487093293915107
2005-08-19,5.15142,"5.110,98","5.151,42","5.110,98",,"0,50%",0.005003352810431713,0.005556102415843867,0.003671409419216221,0.005510732797520193,0.006733708383567601,0.002976625119389109,0.003624403003646228,0.0044486713104929885
2005-08-22,5.16277,"5.143,65","5.165,79","5.143,56",,"0,22%",0.002200852336709186,0.005003352810431713,0.005556102415843867,0.003671409419216221,0.008468215454614632,0.002938276677610023,0.003102701274722893,0.004405517585016245
2005-08-23,5.18896,"5.147,29","5.197,22","5.147,29",,"0,51%",0.005060034579842557,0.002200852336709186,0.005003352810431713,0.005556102415843867,0.005510732797520193,0.002879934759514726,0.00313326344814555,0.004340853379808266
2005-08-24,5.1963,"5.188,48","5.204,95","5.188,48",,"0,14%",0.0014135421206926805,0.005060034579842557,0.002200852336709186,0.005003352810431713,0.003671409419216221,0.0030296127599736666,0.0030443929600483238,0.004334783145027821
2005-08-25,5.1302,"5.182,94","5.191,32","5.129,43",,"-1,27%",-0.012802189084701219,0.0014135421206926805,0.005060034579842557,0.002200852336709186,0.005556102415843867,0.005945918036528394,0.00460169268051141,0.00470666475276435
2005-08-26,5.04305,"5.102,24","5.102,24","5.041,98",,"-1,70%",-0.01713358699877462,-0.012802189084701219,0.0014135421206926805,0.005060034579842557,0.005003352810431713,0.008540982527375122,0.006251623976697277,0.005075140229816863
2005-08-29,5.06569,"5.028,60","5.075,65","5.028,60",,"0,45%",0.0044792996662895105,-0.01713358699877462,-0.012802189084701219,0.0014135421206926805,0.002200852336709186,0.008224902021856214,0.006241244740879868,0.005089773395204475
2005-08-30,5.07512,"5.062,34","5.078,31","5.057,88",,"0,19%",0.001859812523481012,0.0044792996662895105,-0.01713358699877462,-0.012802189084701219,0.005060034579842557,0.008046807099435723,0.0062286286096315535,0.005085506854034233
2005-08-31,5.09902,"5.070,05","5.099,04","5.069,65",,"0,47%",0.004698194434537829,0.001859812523481012,0.0044792996662895105,-0.01713358699877462,0.0014135421206926805,0.008106172361908607,0.006253661518412291,0.005101818637501675
2005-09-01,5.09829,"5.094,87","5.109,79","5.094,87",,"-0,01%",-0.00014317501404716775,0.004698194434537829,0.001859812523481012,0.0044792996662895105,-0.012802189084701219,0.007871711986322874,0.00620788596014824,0.005085030262238773
2005-09-02,5.1692,"5.104,81","5.169,97","5.104,33",,"1,39%",0.013812748279906892,-0.00014317501404716775,0.004698194434537829,0.001859812523481012,-0.01713358699877462,0.008976036335263213,0.006782512954899434,0.005324160259442105
2005-09-05,5.21203,"5.175,41","5.216,08","5.172,67",,"0,83%",0.008251477524946906,0.013812748279906892,-0.00014317501404716775,0.004698194434537829,0.0044792996662895105,0.009312689388887355,0.0069139378020932766,0.005343244925898836
2005-09-06,5.18445,"5.237,88","5.239,73","5.180,23",,"-0,53%",-0.005305654355701168,0.008251477524946906,0.013812748279906892,-0.00014317501404716775,0.001859812523481012,0.00938097225721677,0.00713297555517244,0.005352903282137849
2005-09-07,5.11561,"5.173,92","5.173,92","5.115,61",,"-1,33%",-0.013367111458117161,-0.005305654355701168,0.008251477524946906,0.013812748279906892,0.004698194434537829,0.010243090423355628,0.007913034593770022,0.00566341578822625
2005-09-08,5.08415,"5.112,02","5.115,38","5.077,29",,"-0,61%",-0.006168792160762864,-0.013367111458117161,-0.005305654355701168,0.008251477524946906,-0.00014317501404716775,0.009631018440418807,0.008053523957787453,0.005731928047594107
2005-09-09,5.09687,"5.084,46","5.096,87","5.044,46",,"0,25%",0.002498768614239813,-0.006168792160762864,-0.013367111458117161,-0.005305654355701168,0.013812748279906892,0.0077771310349611785,0.007952363862199293,0.005724767912558326
2005-09-12,5.12602,"5.101,50","5.126,17","5.100,13",,"0,57%",0.005702903778484402,0.002498768614239813,-0.006168792160762864,-0.013367111458117161,0.008251477524946906,0.007846197373204127,0.007836650811314641,0.00572689337054888
2005-09-13,5.16661,"5.142,76","5.180,27","5.142,76",,"0,79%",0.007887237843020435,0.005702903778484402,0.002498768614239813,-0.006168792160762864,-0.005305654355701168,0.008130259025043954,0.007930254708332514,0.005775800268590801
2005-09-14,5.17702,"5.152,64","5.181,62","5.141,77",,"0,20%",0.002012833698551702,0.007887237843020435,0.005702903778484402,0.002498768614239813,-0.013367111458117161,0.008067513802136944,0.007907934740168914,0.00576610752489537
2005-09-15,5.17918,"5.177,26","5.187,82","5.166,68",,"0,04%",0.00041714142857824337,0.002012833698551702,0.007887237843020435,0.005702903778484402,-0.006168792160762864,0.008056631937934327,0.007827517045501267,0.0057275888618948416
2005-09-16,5.17626,"5.182,08","5.193,89","5.173,40",,"-0,06%",-0.000563954805858637,0.00041714142857824337,0.002012833698551702,0.007887237843020435,0.002498768614239813,0.006817487821288697,0.007758332628793299,0.005734559523965883
2005-09-19,5.17925,"5.167,04","5.179,25","5.157,69",,"0,06%",0.0005774703675800909,-0.000563954805858637,0.00041714142857824337,0.002012833698551702,0.005702903778484402,0.006207124828551021,0.007745224810241075,0.005730984555817028
2005-09-20,5.15713,"5.164,96","5.172,66","5.149,87",,"-0,43%",-0.004280034938238979,0.0005774703675800909,-0.000563954805858637,0.00041714142857824337,0.007887237843020435,0.00612928569285756,0.007715709283247708,0.005781124379744028
2005-09-21,5.14819,"5.150,15","5.156,82","5.141,34",,"-0,17%",-0.0017350266159007466,-0.004280034938238979,0.0005774703675800909,-0.000563954805858637,0.002012833698551702,0.004232219123583465,0.007710861891145703,0.005781643412934454
2005-09-22,5.12509,"5.149,43","5.158,51","5.125,09",,"-0,45%",-0.004497110743831773,-0.0017350266159007466,-0.004280034938238979,0.0005774703675800909,0.00041714142857824337,0.003957736658956957,0.00721947205015428,0.005835911718153962
2005-09-23,5.08468,"5.133,91","5.136,01","5.074,68",,"-0,79%",-0.007915988512377646,-0.004497110743831773,-0.0017350266159007466,-0.004280034938238979,-0.000563954805858637,0.004752206209798839,0.006308174352531884,0.005892447424481447
2005-09-26,5.12857,"5.076,49","5.128,57","5.076,49",,"0,86%",0.008594770553837101,-0.007915988512377646,-0.004497110743831773,-0.0017350266159007466,0.0005774703675800909,0.0052190546850323545,0.0065117059169296,0.005935065478946231
2005-09-27,5.12578,"5.132,48","5.146,71","5.125,35",,"-0,05%",-0.0005441593214285811,0.008594770553837101,-0.007915988512377646,-0.004497110743831773,-0.004280034938238979,0.004434262813759435,0.006509741203170133,0.005931313296173341
2005-09-28,5.12062,"5.126,17","5.127,79","5.110,26",,"-0,10%",-0.0010071830957604558,-0.0005441593214285811,0.008594770553837101,-0.007915988512377646,-0.0017350266159007466,0.004323358394190447,0.006440572827464154,0.005933225985964677
2005-09-29,5.11109,"5.109,57","5.116,40","5.106,95",,"-0,19%",-0.0018628367605973153,-0.0010071830957604558,-0.0005441593214285811,0.008594770553837101,-0.004497110743831773,0.004294753430825558,0.006457012985387299,0.005944847098792853
2005-09-30,5.11139,"5.107,69","5.125,17","5.107,69",,"0,01%",5.8694172076984224e-05,-0.0018628367605973153,-0.0010071830957604558,-0.0005441593214285811,-0.007915988512377646,0.0043114682742096165,0.005597785629159653,0.005944546236133628
2005-10-03,5.11778,"5.114,85","5.121,25","5.113,80",,"0,13%",0.0012493683908256096,5.8694172076984224e-05,-0.0018628367605973153,-0.0010071830957604558,0.008594770553837101,0.004348382181591641,0.005224015787763061,0.005943637098062836
2005-10-04,5.13696,"5.114,89","5.147,70","5.112,98",,"0,37%",0.0037407135364472682,0.0012493683908256096,5.8694172076984224e-05,-0.0018628367605973153,-0.0005441593214285811,0.004454331259944878,0.005215240933123647,0.005949583426186151
2005-10-05,5.13819,"5.125,19","5.138,36","5.125,05",,"0,02%",0.00023941256446372497,0.0037407135364472682,0.0012493683908256096,5.8694172076984224e-05,-0.0010071830957604558,0.004431882379026264,0.004239028704922289,0.005952408453950236
2005-10-06,5.13123,"5.128,50","5.135,61","5.121,24",,"-0,14%",-0.001355480848119864,0.00023941256446372497,0.0037407135364472682,0.0012493683908256096,-0.0018628367605973153,0.004198177362674537,0.003986311869760481,0.00593605126920703
2005-10-07,5.13738,"5.127,13","5.137,40","5.127,13",,"0,12%",0.001197825360068653,-0.001355480848119864,0.00023941256446372497,0.0037407135364472682,5.8694172076984224e-05,0.0031074386793874214,0.003961847203628474,0.005936197846969547
2005-10-10,5.14735,"5.136,44","5.147,35","5.127,69",,"0,19%",0.0019387972504962948,0.001197825360068653,-0.001355480848119864,0.00023941256446372497,0.0012493683908256096,0.0017026236652160473,0.0037817826588379742,0.005899263686568114
2005-10-11,5.16848,"5.154,68","5.168,48","5.142,59",,"0,41%",0.004096622288434307,0.0019387972504962948,0.001197825360068653,-0.001355480848119864,0.0037407135364472682,0.0020284179325305326,0.0034577534972000455,0.005844800156460099
2005-10-12,5.18598,"5.165,15","5.185,98","5.163,59",,"0,34%",0.0033801891479506413,0.004096622288434307,0.0019387972504962948,0.001197825360068653,0.00023941256446372497,0.002061207899279822,0.0035123566896994064,0.005769940406133437
2005-10-13,5.19426,"5.195,41","5.197,15","5.179,31",,"0,16%",0.0015953391744552776,0.0033801891479506413,0.004096622288434307,0.0019387972504962948,-0.001355480848119864,0.0017430506509328795,0.003528040278974239,0.005376911425461013
2005-10-14,5.21118,"5.187,47","5.220,16","5.187,47",,"0,33%",0.003252147898179056,0.0015953391744552776,0.0033801891479506413,0.004096622288434307,0.001197825360068653,0.001718779342978003,0.0035903018555180203,0.005368538477522198
2005-10-17,5.22936,"5.203,73","5.229,36","5.203,17",,"0,35%",0.00348258200715445,0.003252147898179056,0.0015953391744552776,0.0033801891479506413,0.0019387972504962948,0.0017644875147310272,0.003658693627240338,0.005308115788925495
2005-10-18,5.24913,"5.229,29","5.249,13","5.229,29",,"0,38%",0.0037734489336936823,0.00348258200715445,0.003252147898179056,0.0015953391744552776,0.004096622288434307,0.0017677798146756244,0.0035485921511703464,0.005318002967382751
2005-10-19,5.23809,"5.255,50","5.255,50","5.233,57",,"-0,21%",-0.002105420517195563,0.0037734489336936823,0.00348258200715445,0.003252147898179056,0.0033801891479506413,0.002162332988881949,0.0035639139676404918,0.005330265378879377
2005-10-20,5.21958,"5.233,13","5.235,07","5.210,49",,"-0,35%",-0.003539989181121819,-0.002105420517195563,0.0037734489336936823,0.00348258200715445,0.0015953391744552776,0.0025972451995922904,0.0034938513189028257,0.00532535289750706
2005-10-21,5.20547,"5.214,77","5.220,06","5.204,15",,"-0,27%",-0.002706943106453313,-0.003539989181121819,-0.002105420517195563,0.0037734489336936823,0.003252147898179056,0.002951671116314733,0.0029533618166786126,0.005328737095540287
2005-10-24,5.20857,"5.198,04","5.208,57","5.195,12",,"0,06%",0.0005953501410718923,-0.002706943106453313,-0.003539989181121819,-0.002105420517195563,0.00348258200715445,0.002950782500257555,0.0023818431271352865,0.005316926691717648
2005-10-25,5.21745,"5.207,66","5.218,39","5.199,85",,"0,17%",0.001703430867625727,0.0005953501410718923,-0.002706943106453313,-0.003539989181121819,0.0037734489336936823,0.002780283341865063,0.0023693704882023557,0.0053159652373389885
2005-10-26,5.21369,"5.219,20","5.219,20","5.202,16",,"-0,07%",-0.0007209183584626534,0.001703430867625727,0.0005953501410718923,-0.002706943106453313,-0.002105420517195563,0.00268155666362065,0.0023581681894704345,0.005312486634711868
2005-10-27,5.23624,"5.207,54","5.236,30","5.205,84",,"0,43%",0.004315825082464294,-0.0007209183584626534,0.001703430867625727,0.0005953501410718923,-0.003539989181121819,0.0029279940218224698,0.002381688562730278,0.0052971355771114495
2005-10-28,5.24318,"5.226,21","5.247,24","5.226,17",,"0,13%",0.0013245009770715126,0.004315825082464294,-0.0007209183584626534,0.001703430867625727,-0.002706943106453313,0.0028100596995180157,0.0023662650971715926,0.005296418840033993
2005-10-31,5.27851,"5.237,89","5.278,51","5.236,47",,"0,67%",0.006715676432726961,0.0013245009770715126,0.004315825082464294,-0.0007209183584626534,0.0005953501410718923,0.003317228553327098,0.0026607764018157947,0.005347401831894291
2005-11-01,5.33461,"5.278,96","5.346,35","5.278,96",,"1,06%",0.010571919002631745,0.006715676432726961,0.0013245009770715126,0.004315825082464294,0.001703430867625727,0.004462445737613439,0.003315275203399384,0.005484834130439709
2005-11-02,5.37113,"5.343,75","5.386,72","5.335,60",,"0,68%",0.006822534763195926,0.010571919002631745,0.006715676432726961,0.0013245009770715126,-0.0007209183584626534,0.00452794681967079,0.003466369283190526,0.0055224562669987775
2005-11-03,5.39502,"5.375,87","5.395,02","5.367,92",,"0,44%",0.004437991150220414,0.006822534763195926,0.010571919002631745,0.006715676432726961,0.004315825082464294,0.004018020308802183,0.003393430613272171,0.00551877481061601
2005-11-07,5.42454,"5.392,95","5.424,54","5.388,90",,"0,55%",0.0054567973652334505,0.004437991150220414,0.006822534763195926,0.010571919002631745,0.0013245009770715126,0.003449753567385982,0.00344029031090976,0.005500102029340542
2005-11-08,5.44537,"5.439,54","5.452,90","5.432,93",,"0,38%",0.0038326031213473137,0.0054567973652334505,0.004437991150220414,0.006822534763195926,0.006715676432726961,0.003226688977504111,0.003443732294909924,0.005430263387863235
2005-11-09,5.40715,"5.429,81","5.439,24","5.397,55",,"-0,70%",-0.007043554494809707,0.0038326031213473137,0.0054567973652334505,0.004437991150220414,0.010571919002631745,0.004836683069786115,0.0040694739191969274,0.005504818434106647
2005-11-10,5.39212,"5.396,38","5.399,09","5.386,81",,"-0,28%",-0.0027835232759937578,-0.007043554494809707,0.0038326031213473137,0.0054567973652334505,0.006822534763195926,0.005078023339169421,0.004210886010073825,0.0055156779474451936
2005-11-11,5.40444,"5.399,63","5.408,77","5.393,29",,"0,23%",0.002282209397691744,-0.0027835232759937578,-0.007043554494809707,0.0038326031213473137,0.004437991150220414,0.0050764380600891775,0.004210650878994864,0.0054853193150928015
2005-11-14,5.47123,"5.395,41","5.473,16","5.395,41",,"1,24%",0.012282616091569571,0.002282209397691744,-0.0027835232759937578,-0.007043554494809707,0.0054567973652334505,0.005770995035923492,0.004797202591780002,0.005655854337743936
2005-11-15,5.50195,"5.489,38","5.511,74","5.484,28",,"0,56%",0.005599120812080238,0.012282616091569571,0.002282209397691744,-0.0027835232759937578,0.0038326031213473137,0.00572879819585846,0.0048446430162508046,0.005684984433123529
2005-11-21,5.46487,"5.484,95","5.492,27","5.464,87",,"-0,67%",-0.006762241251178321,0.005599120812080238,0.012282616091569571,0.002282209397691744,-0.007043554494809707,0.006173578840845089,0.0052586541131569835,0.005748534272243567
2005-11-22,5.50423,"5.470,09","5.504,23","5.467,97",,"0,72%",0.007176553943250189,-0.006762241251178321,0.005599120812080238,0.012282616091569571,-0.0027835232759937578,0.006202624743176624,0.005285490935617728,0.005805742721087577
2005-11-23,5.49698,"5.497,99","5.506,40","5.486,86",,"-0,13%",-0.0013180370249402436,0.007176553943250189,-0.006762241251178321,0.005599120812080238,0.002282209397691744,0.006264193877992025,0.005174526334408022,0.005526971212339745
2005-11-24,5.50686,"5.504,37","5.514,30","5.494,65",,"0,18%",0.0017957372435404432,-0.0013180370249402436,0.007176553943250189,-0.006762241251178321,0.012282616091569571,0.006137115640418589,0.005027850948638127,0.00497862970048149
2005-11-25,5.55552,"5.510,78","5.567,65","5.510,78",,"0,88%",0.008797440304191599,0.0017957372435404432,-0.0013180370249402436,0.007176553943250189,0.005599120812080238,0.006534211506734454,0.005169842144638941,0.005053567880190789
2005-11-28,5.61556,"5.563,36","5.619,91","5.561,00",,"1,08%",0.010749288004384187,0.008797440304191599,0.0017957372435404432,-0.0013180370249402436,-0.006762241251178321,0.006211774220172321,0.0054194508176224595,0.005191575879547188
2005-11-29,5.6281,"5.632,84","5.645,33","5.627,52",,"0,22%",0.0022305913198079823,0.010749288004384187,0.008797440304191599,0.0017957372435404432,0.007176553943250189,0.005812464836344077,0.005332894641444621,0.005177067242096844
2005-11-30,5.56016,"5.618,97","5.618,97","5.551,76",,"-1,21%",-0.012145022568779694,0.0022305913198079823,0.010749288004384187,0.008797440304191599,-0.0013180370249402436,0.00781120597067258,0.006413727134815735,0.005470870969386815
2005-12-01,5.55809,"5.556,00","5.583,76","5.554,90",,"-0,04%",-0.0003723607625152517,-0.012145022568779694,0.0022305913198079823,0.010749288004384187,0.0017957372435404432,0.007104702450211644,0.006448204603356416,0.005228496818223758
2005-12-02,5.52054,"5.553,76","5.563,80","5.485,38",,"-0,68%",-0.006778842473042992,-0.0003723607625152517,-0.012145022568779694,0.0022305913198079823,0.008797440304191599,0.007397939347721285,0.006729602287601882,0.005245394770854176
2005-12-05,5.49039,"5.506,26","5.527,44","5.478,45",,"-0,55%",-0.005476390341592525,-0.006778842473042992,-0.0003723607625152517,-0.012145022568779694,0.010749288004384187,0.007270913896697153,0.006640223731272835,0.005248895749318262
2005-12-06,5.48225,"5.491,09","5.507,34","5.473,15",,"-0,15%",-0.0014836906147000367,-0.005476390341592525,-0.006778842473042992,-0.0003723607625152517,0.0022305913198079823,0.006888506291199315,0.006544872538229273,0.004912730186089337
2005-12-07,5.46182,"5.478,75","5.496,88","5.461,82",,"-0,37%",-0.003733533088074131,-0.0014836906147000367,-0.005476390341592525,-0.006778842473042992,-0.012145022568779694,0.006966182099217188,0.006575511393308925,0.004860996125938869
2005-12-08,5.33753,"5.432,54","5.459,93","5.337,53",,"-2,28%",-0.023019068399087437,-0.003733533088074131,-0.0014836906147000367,-0.005476390341592525,-0.0003723607625152517,0.009831798595922361,0.008322792102867137,0.005775250229332475
2005-12-09,5.42841,"5.297,98","5.432,01","5.297,98",,"1,70%",0.016883274238971947,-0.023019068399087437,-0.003733533088074131,-0.0014836906147000367,-0.006778842473042992,0.011163417351015795,0.009173909434320933,0.006107930149679889
2005-12-12,5.42421,"5.405,14","5.429,41","5.402,77",,"-0,08%",-0.0007740066840413603,0.016883274238971947,-0.023019068399087437,-0.003733533088074131,-0.005476390341592525,0.010219954195762562,0.009032192367208229,0.006043332118826995
2005-12-13,5.4439,"5.398,06","5.443,93","5.397,61",,"0,36%",0.003623449071296632,-0.0007740066840413603,0.016883274238971947,-0.023019068399087437,-0.0014836906147000367,0.010315278985656035,0.009036010201675515,0.006052331663426361
2005-12-14,5.49456,"5.437,59","5.495,71","5.437,59",,"0,93%",0.009262796082064845,0.003623449071296632,-0.0007740066840413603,0.016883274238971947,-0.003733533088074131,0.01050178454790369,0.009241847620450426,0.006148876792991758
2005-12-15,5.49008,"5.490,99","5.498,23","5.481,98",,"-0,08%",-0.0008156844918711722,0.009262796082064845,0.003623449071296632,-0.0007740066840413603,-0.023019068399087437,0.010498899609016505,0.00884280603522338,0.0061500374938668455
2005-12-16,5.54044,"5.502,18","5.549,90","5.501,75",,"0,92%",0.009131092623805844,-0.0008156844918711722,0.009262796082064845,0.003623449071296632,0.016883274238971947,0.010766869140714945,0.008990923298368739,0.006239019458142041
2005-12-19,5.56127,"5.560,91","5.566,21","5.551,16",,"0,38%",0.0037525794573527852,0.009131092623805844,-0.0008156844918711722,0.009262796082064845,-0.0007740066840413603,0.010605351092706548,0.008859704646640421,0.006207204631729714
2005-12-20,5.56214,"5.556,01","5.591,22","5.556,01",,"0,02%",0.00015642685143754995,0.0037525794573527852,0.009131092623805844,-0.0008156844918711722,0.003623449071296632,0.01057043967100318,0.008735065168265603,0.006196543221385074
2005-12-21,5.53943,"5.559,39","5.570,09","5.539,43",,"-0,41%",-0.0040913189176560475,0.00015642685143754995,0.0037525794573527852,0.009131092623805844,0.009262796082064845,0.010590508404876577,0.008787687403772493,0.006190339338128486
2005-12-22,5.551,"5.534,89","5.551,00","5.529,29",,"0,21%",0.002086484328816647,-0.0040913189176560475,0.00015642685143754995,0.0037525794573527852,-0.0008156844918711722,0.006236374341393365,0.008790384703490528,0.006071606469911977
2005-12-23,5.54062,"5.540,89","5.551,53","5.540,39",,"-0,19%",-0.0018716838532637358,0.002086484328816647,-0.0040913189176560475,0.00015642685143754995,0.009131092623805844,0.004477228482466006,0.008574996808266396,0.006013290683525488
2005-12-26,5.49937,"5.538,34","5.538,34","5.499,35",,"-0,74%",-0.007472867631712364,-0.0018716838532637358,0.002086484328816647,-0.0040913189176560475,0.0037525794573527852,0.005360133534889811,0.008322073584768084,0.0061147446096258785
2005-12-27,5.49934,"5.489,01","5.503,12","5.484,00",,"0,00%",-5.455185198964015e-06,-0.007472867631712364,-0.0018716838532637358,0.002086484328816647,0.00015642685143754995,0.005313721278117199,0.00829070718610112,0.00611005812165914
2005-12-28,5.51962,"5.496,13","5.519,62","5.482,29",,"0,37%",0.00368093230182302,-5.455185198964015e-06,-0.007472867631712364,-0.0018716838532637358,-0.0040913189176560475,0.004595485180775084,0.007934377709557669,0.0061050372087618045
2005-12-29,5.53982,"5.510,85","5.542,34","5.500,56",,"0,37%",0.0036529919169476705,0.00368093230182302,-5.455185198964015e-06,-0.007472867631712364,0.002086484328816647,0.004674772852358708,0.007985097524594628,0.006110466049546462
2005-12-30,5.53913,"5.509,96","5.551,53","5.503,54",,"-0,01%",-0.00012456054064541997,0.0036529919169476705,0.00368093230182302,-5.455185198964015e-06,-0.0018716838532637358,0.0036734656078512722,0.00783216591640672,0.006113390883861136
2006-01-02,5.52482,"5.543,13","5.544,38","5.516,68",,"-0,26%",-0.002586781028391595,-0.00012456054064541997,0.0036529919169476705,0.00368093230182302,-0.007472867631712364,0.0034918980064843194,0.00774877005302106,0.0061254644451675866
2006-01-03,5.5765,"5.527,04","5.576,50","5.519,61",,"0,94%",0.009310671764871629,-0.002586781028391595,-0.00012456054064541997,0.0036529919169476705,-5.455185198964015e-06,0.0047147951461705825,0.00798926485323348,0.006212354743210729
2006-01-04,5.64353,"5.580,71","5.652,21","5.579,40",,"1,20%",0.01194841679705344,0.009310671764871629,-0.002586781028391595,-0.00012456054064541997,0.00368093230182302,0.005696886943349436,0.008279768874998514,0.006349540313894422
2006-01-05,5.75162,"5.688,63","5.781,21","5.688,63",,"1,92%",0.018971798009170107,0.01194841679705344,0.009310671764871629,-0.002586781028391595,0.0036529919169476705,0.007861865426652886,0.0069091870421371625,0.00673409053475147
2006-01-06,5.78536,"5.759,86","5.830,20","5.757,19",,"0,59%",0.005849034355688176,0.018971798009170107,0.01194841679705344,0.009310671764871629,-0.00012456054064541997,0.0076463859248326735,0.006209183451442188,0.006753539509028526
2006-01-09,5.87621,"5.800,92","5.876,21","5.798,45",,"1,57%",0.01558140765634168,0.005849034355688176,0.018971798009170107,0.01194841679705344,-0.002586781028391595,0.007154571809091893,0.0067167233810780025,0.006974620309042893
2006-01-10,6.00394,"5.917,64","6.003,94","5.904,50",,"2,17%",0.021503924112799066,0.01558140765634168,0.005849034355688176,0.018971798009170107,0.009310671764871629,0.008108450821838574,0.007770937922070962,0.007408267979153102
2006-01-13,6.06295,"6.016,08","6.085,99","6.009,43",,"0,98%",0.009780559929545372,0.021503924112799066,0.01558140765634168,0.005849034355688176,0.01194841679705344,0.007909331307640825,0.00778709678589115,0.007467558984127941
2006-01-16,6.07846,"6.128,46","6.133,72","6.078,16",,"0,26%",0.002554894108142635,0.009780559929545372,0.021503924112799066,0.01558140765634168,0.018971798009170107,0.00800485804689238,0.007692284112296582,0.007467033619618021
2006-01-17,5.98163,"6.092,38","6.113,87","5.976,50",,"-1,59%",-0.016058268349703,0.002554894108142635,0.009780559929545372,0.021503924112799066,0.005849034355688176,0.011079809766871158,0.00895447145343106,0.00784304540094094
2006-01-18,5.95438,"5.952,65","5.976,98","5.921,42",,"-0,46%",-0.004566022874243556,-0.016058268349703,0.002554894108142635,0.009780559929545372,0.01558140765634168,0.01129920467125901,0.009149379703629569,0.007889169626545218
2006-01-19,6.02005,"5.994,44","6.022,69","5.966,33",,"1,10%",0.010968481736830224,-0.004566022874243556,-0.016058268349703,0.002554894108142635,0.021503924112799066,0.011341008242829858,0.009265393904623265,0.007951322520677963
2006-01-20,6.10657,"6.052,23","6.131,04","6.052,23",,"1,44%",0.014269675824181741,0.010968481736830224,-0.004566022874243556,-0.016058268349703,0.009780559929545372,0.01146179750854861,0.009335480527737246,0.008060568980118496
2006-01-23,6.12622,"6.099,42","6.130,99","6.091,23",,"0,32%",0.003212679511565472,0.014269675824181741,0.010968481736830224,-0.004566022874243556,0.002554894108142635,0.01083436411719549,0.009321169399095254,0.008030486554608689
2006-01-24,6.21056,"6.113,81","6.211,27","6.109,34",,"1,38%",0.013673148743503467,0.003212679511565472,0.014269675824181741,0.010968481736830224,-0.016058268349703,0.011077196258094127,0.009372124689041764,0.00814860469971342
2006-01-25,6.27138,"6.244,44","6.274,54","6.236,94",,"0,98%",0.009745357107775915,0.013673148743503467,0.003212679511565472,0.014269675824181741,-0.004566022874243556,0.010728484236807423,0.008875352420121834,0.008194058860354257
2006-01-26,6.30921,"6.320,33","6.320,34","6.277,71",,"0,60%",0.006014044495823637,0.009745357107775915,0.013673148743503467,0.003212679511565472,0.010968481736830224,0.009352894410782043,0.00874175951422987,0.00818742467824508
2006-01-27,6.4217,"6.340,75","6.421,70","6.304,29",,"1,78%",0.01767240954005672,0.006014044495823637,0.009745357107775915,0.013673148743503467,0.014269675824181741,0.010107410569220349,0.009028339304035436,0.008397742264451728
2006-01-30,6.654,"6.444,48","6.664,05","6.444,48",,"3,62%",0.03553529743929922,0.01767240954005672,0.006014044495823637,0.009745357107775915,0.003212679511565472,0.013693923976868725,0.010917589551839272,0.009360551425161845
2006-02-01,6.84245,"6.676,80","6.847,07","6.667,12",,"2,83%",0.02792767703897954,0.03553529743929922,0.01767240954005672,0.006014044495823637,0.013673148743503467,0.011645071610855422,0.011450580636646751,0.009853541241958237
2006-02-02,6.78422,"6.924,69","6.928,18","6.731,41",,"-0,85%",-0.008546527426196106,0.02792767703897954,0.03553529743929922,0.01767240954005672,0.009745357107775915,0.01237433417038616,0.011880347236225528,0.009956690792458284
2006-02-03,6.6945,"6.746,34","6.746,34","6.653,84",,"-1,32%",-0.013313033453771179,-0.008546527426196106,0.02792767703897954,0.03553529743929922,0.006014044495823637,0.014943226412597491,0.01300048938705435,0.010196609859653056
2006-02-06,6.89298,"6.711,94","6.892,98","6.707,67",,"2,96%",0.029217208649738542,-0.013313033453771179,-0.008546527426196106,0.02792767703897954,0.01767240954005672,0.016055186143757685,0.013749005514781412,0.0107167516908786
2006-02-07,7.08833,"6.951,52","7.112,35","6.951,52",,"2,83%",0.02794626737605113,0.029217208649738542,-0.013313033453771179,-0.008546527426196106,0.03553529743929922,0.016432291262101207,0.014196407645954853,0.011150116262127667
2006-02-08,7.10459,"7.059,17","7.108,74","7.003,47",,"0,23%",0.0022912842619738543,0.02794626737605113,0.029217208649738542,-0.013313033453771179,0.02792767703897954,0.016890433823662857,0.014279122376792448,0.011153358004749798
2006-02-09,7.19292,"7.098,98","7.213,67","7.084,14",,"1,24%",0.012356154856216384,0.0022912842619738543,0.02794626737605113,0.029217208649738542,-0.008546527426196106,0.016846946686524932,0.014234128066678035,0.01109606885775341
2006-02-10,7.24384,"7.204,48","7.265,20","7.204,48",,"0,71%",0.0070542436333467205,0.012356154856216384,0.0022912842619738543,0.02794626737605113,-0.013313033453771179,0.016797286524726736,0.01398994515669663,0.011055377899087546
2006-02-13,7.1437,"7.232,29","7.235,17","7.136,82",,"-1,38%",-0.013920603121243456,0.0070542436333467205,0.012356154856216384,0.0022912842619738543,0.029217208649738542,0.018838066534697686,0.014927269945120104,0.011315733192221403
2006-02-14,6.88994,"7.048,01","7.067,06","6.889,94",,"-3,55%",-0.03616847269658962,-0.013920603121243456,0.0070542436333467205,0.012356154856216384,0.02794626737605113,0.021738575451636124,0.017911326397530236,0.012435245946544464
2006-02-15,6.95926,"6.830,40","6.984,71","6.702,20",,"1,01%",0.010010770139889645,-0.03616847269658962,-0.013920603121243456,0.0070542436333467205,0.0022912842619738543,0.020182803012662124,0.017132902658913544,0.01245882800044359
2006-02-16,6.9854,"7.008,33","7.085,34","6.985,39",,"0,38%",0.0037491097837112825,0.010010770139889645,-0.03616847269658962,-0.013920603121243456,0.012356154856216384,0.01986168251768531,0.016922526862011757,0.01237978063827071
2006-02-17,6.98685,"6.980,37","7.016,97","6.968,18",,"0,02%",0.00020755426008038148,0.0037491097837112825,0.010010770139889645,-0.03616847269658962,0.0070542436333467205,0.01907843822397949,0.016993588294978074,0.012383036032515848
2006-02-20,7.10092,"6.986,85","7.100,92","6.962,88",,"1,63%",0.016194542219151783,0.00020755426008038148,0.0037491097837112825,0.010010770139889645,-0.013920603121243456,0.017571653596600286,0.017039652302423314,0.012462293788263775
2006-02-21,7.15894,"7.098,71","7.199,24","7.092,43",,"0,82%",0.008137572202495726,0.016194542219151783,0.00020755426008038148,0.0037491097837112825,-0.03616847269658962,0.015429413203115703,0.017009339246559098,0.01246787052704432
2006-02-22,7.20699,"7.174,04","7.206,99","7.169,75",,"0,67%",0.00668946308132993,0.008137572202495726,0.016194542219151783,0.00020755426008038148,0.010010770139889645,0.0155329276580708,0.016953783600712306,0.012458157298561626
2006-02-23,7.20307,"7.231,24","7.245,09","7.193,30",,"-0,05%",-0.0005440643684613502,0.00668946308132993,0.008137572202495726,0.016194542219151783,0.0037491097837112825,0.015053045990613894,0.0170360641003251,0.012444951204678817
2006-02-24,7.04775,"7.199,60","7.215,06","7.020,23",,"-2,16%",-0.021798907083841277,-0.0005440643684613502,0.00668946308132993,0.008137572202495726,0.00020755426008038148,0.016294731805220567,0.01820917555771034,0.012886560222424421
2006-02-27,7.02466,"7.086,71","7.088,15","7.019,68",,"-0,33%",-0.003281601477098919,-0.021798907083841277,-0.0005440643684613502,0.00668946308132993,0.016194542219151783,0.015824470301726793,0.018076395388314147,0.012751366643496815
2006-02-28,6.96048,"6.982,75","6.997,80","6.953,29",,"-0,91%",-0.009178377986490455,-0.003281601477098919,-0.021798907083841277,-0.0005440643684613502,0.008137572202495726,0.010789248354480238,0.016750747153530973,0.012851619610486998
2006-03-01,6.98941,"6.966,26","6.995,14","6.960,60",,"0,42%",0.00414770890304273,-0.009178377986490455,-0.003281601477098919,-0.021798907083841277,0.00668946308132993,0.010398534307766183,0.015639388345295796,0.012777096504560059
2006-03-02,6.99177,"6.986,60","7.007,82","6.966,61",,"0,03%",0.00033759668674807254,0.00414770890304273,-0.009178377986490455,-0.003281601477098919,-0.0005440643684613502,0.010333384628072945,0.01547742723581785,0.012726481114774858
2006-03-03,7.06107,"7.029,03","7.062,22","7.017,75",,"0,99%",0.00986285501969202,0.00033759668674807254,0.00414770890304273,-0.009178377986490455,-0.021798907083841277,0.010786615949615804,0.01517409165910454,0.012727480240024406
2006-03-06,7.12677,"7.070,97","7.127,58","7.064,57",,"0,93%",0.009261518260904766,0.00986285501969202,0.00033759668674807254,0.00414770890304273,-0.003281601477098919,0.009891171996888468,0.01394238416703584,0.012700414837494324
2006-03-07,7.15227,"7.132,89","7.176,92","7.129,65",,"0,36%",0.0035716724805433617,0.009261518260904766,0.00986285501969202,0.00033759668674807254,-0.009178377986490455,0.009593330147616574,0.012516870530137976,0.012179440803836093
2006-03-08,7.03845,"7.145,68","7.154,31","7.033,58",,"-1,59%",-0.016041813362155738,0.0035716724805433617,0.009261518260904766,0.00986285501969202,0.00414770890304273,0.010461409965661478,0.01303541075009407,0.012369603060552091
2006-03-09,6.99363,"7.049,32","7.049,32","6.980,15",,"-0,64%",-0.006388240720381495,-0.016041813362155738,0.0035716724805433617,0.009261518260904766,0.00033759668674807254,0.010511419337089083,0.012735264742125992,0.012429946940428227
2006-03-10,7.02852,"7.005,56","7.028,52","6.995,56",,"0,50%",0.004976422589057074,-0.006388240720381495,-0.016041813362155738,0.0035716724805433617,0.00986285501969202,0.00836862605414217,0.012670938157875322,0.012430045093627004
2006-03-13,6.92889,"7.024,85","7.028,94","6.928,00",,"-1,42%",-0.01427653013046041,0.004976422589057074,-0.006388240720381495,-0.016041813362155738,0.009261518260904766,0.00945902553779786,0.012689524417825879,0.012639125031786762
2006-03-14,6.78577,"6.911,80","6.914,79","6.764,60",,"-2,07%",-0.020871854734656272,-0.01427653013046041,0.004976422589057074,-0.006388240720381495,0.0035716724805433617,0.01110991910927692,0.010814063918067664,0.013024376043852913
2006-03-15,6.73224,"6.709,53","6.732,57","6.633,03",,"-0,79%",-0.007919846160914725,-0.020871854734656272,-0.01427653013046041,0.004976422589057074,-0.016041813362155738,0.010956872800665214,0.01061541109133538,0.013085998049196948
2006-03-16,6.89665,"6.768,16","6.896,66","6.767,48",,"2,44%",0.024127860143055308,-0.007919846160914725,-0.020871854734656272,-0.01427653013046041,-0.006388240720381495,0.01408028756240395,0.012043718198210035,0.013360822660392256
2006-03-17,6.9071,"6.905,16","6.909,38","6.865,74",,"0,15%",0.001514081607727658,0.024127860143055308,-0.007919846160914725,-0.020871854734656272,0.004976422589057074,0.013578842143362472,0.012052093973281334,0.013356063353903297
2006-03-20,6.91345,"6.898,00","6.913,86","6.887,24",,"0,09%",0.0009189215258201477,0.001514081607727658,0.024127860143055308,-0.007919846160914725,-0.01427653013046041,0.013041761955968616,0.011399870909133764,0.013322721770205518
2006-03-21,6.88902,"6.925,26","6.935,90","6.888,99",,"-0,35%",-0.0035399498077547374,0.0009189215258201477,0.001514081607727658,0.024127860143055308,-0.020871854734656272,0.012833469240472746,0.011186065455768715,0.013353985335292692
2006-03-22,6.94237,"6.896,04","6.942,63","6.896,04",,"0,77%",0.00771437499460448,-0.0035399498077547374,0.0009189215258201477,0.001514081607727658,-0.007919846160914725,0.012499748769223587,0.01122985293753898,0.013344763137676439
2006-03-23,7.06286,"6.959,77","7.064,29","6.947,22",,"1,74%",0.017206853844354424,0.00771437499460448,-0.0035399498077547374,0.0009189215258201477,0.024127860143055308,0.013624522867402535,0.012014268587883107,0.013373018979307353
2006-03-24,7.10524,"7.054,19","7.112,09","7.052,75",,"0,60%",0.005982471382633835,0.017206853844354424,0.00771437499460448,-0.0035399498077547374,0.001514081607727658,0.013660936179159438,0.011048048824790305,0.013363668366496127
2006-03-27,7.20759,"7.117,31","7.219,66","7.115,15",,"1,44%",0.014302097437755849,0.005982471382633835,0.017206853844354424,0.00771437499460448,0.0009189215258201477,0.013066476934947356,0.011432098900100317,0.013425932754205392
2006-03-28,7.31424,"7.214,64","7.320,09","7.214,64",,"1,48%",0.014688495525443105,0.014302097437755849,0.005982471382633835,0.017206853844354424,-0.0035399498077547374,0.010054266920739663,0.011527623989946407,0.013490304464184021
2006-03-29,7.33578,"7.341,70","7.347,11","7.331,14",,"0,29%",0.002940612438989792,0.014688495525443105,0.014302097437755849,0.005982471382633835,0.00771437499460448,0.00869882514712219,0.011521584285384374,0.0134777883243196
2006-03-30,7.26152,"7.319,83","7.323,62","7.210,76",,"-1,01%",-0.010174572095802168,0.002940612438989792,0.014688495525443105,0.014302097437755849,0.017206853844354424,0.008652175772016704,0.011856418830265454,0.013582341777801881
2006-03-31,7.3483,"7.283,40","7.376,45","7.283,40",,"1,20%",0.011879820641694015,-0.010174572095802168,0.002940612438989792,0.014688495525443105,0.005982471382633835,0.008787341654727129,0.011936089004576843,0.013601622385251833
2006-04-03,7.36445,"7.361,43","7.372,51","7.342,89",,"0,22%",0.002195375641736179,0.011879820641694015,-0.010174572095802168,0.002940612438989792,0.014302097437755849,0.008711176087967345,0.011813587254303395,0.013570538479537465
2006-04-04,7.53209,"7.357,82","7.532,09","7.357,78",,"2,28%",0.022508190143806995,0.002195375641736179,0.011879820641694015,-0.010174572095802168,0.014688495525443105,0.009309330185260593,0.012701977896685347,0.01364223141209669
2006-04-05,7.6008,"7.526,41","7.607,06","7.516,60",,"0,91%",0.009080945169360257,0.022508190143806995,0.002195375641736179,0.011879820641694015,0.002940612438989792,0.009299619630788491,0.01198472412075639,0.013654044264448006
2006-04-06,7.525,"7.560,21","7.578,98","7.516,23",,"-1,00%",-0.010022694275463127,0.009080945169360257,0.022508190143806995,0.002195375641736179,-0.010174572095802168,0.010551648269254445,0.012174086739421122,0.013703409243888923
2006-04-07,7.57684,"7.559,72","7.582,06","7.535,24",,"0,69%",0.006865415554451656,-0.010022694275463127,0.009080945169360257,0.022508190143806995,0.011879820641694015,0.01055203617675592,0.01219213898238609,0.013517750478362537
2006-04-10,7.70202,"7.634,89","7.729,59","7.629,47",,"1,65%",0.01638640592807698,0.006865415554451656,-0.010022694275463127,0.009080945169360257,0.002195375641736179,0.010743732084164645,0.011724155954050082,0.01359332946633184
2006-04-13,7.74315,"7.714,88","7.774,35","7.697,91",,"0,53%",0.005325949435780677,0.01638640592807698,0.006865415554451656,-0.010022694275463127,0.022508190143806995,0.010365194714070792,0.009981424192540432,0.013593084932950377
2006-04-14,7.67222,"7.722,12","7.753,03","7.605,66",,"-0,92%",-0.009202568679393846,0.005325949435780677,0.01638640592807698,0.006865415554451656,0.009080945169360257,0.011385305645684449,0.010083228031401131,0.013449381403942265
2006-04-17,7.60468,"7.625,22","7.638,81","7.594,64",,"-0,88%",-0.008842165628424358,-0.009202568679393846,0.005325949435780677,0.01638640592807698,-0.010022694275463127,0.011200999366837366,0.009745037385596567,0.013507547100106047
2006-04-18,7.61338,"7.584,99","7.615,91","7.557,31",,"0,11%",0.001143378452680966,-0.008842165628424358,-0.009202568679393846,0.005325949435780677,0.006865415554451656,0.01093903246541758,0.009752139116121444,0.013482120060736688
2006-04-19,7.64174,"7.640,45","7.641,74","7.611,59",,"0,37%",0.003718100240620671,0.001143378452680966,-0.008842165628424358,-0.009202568679393846,0.01638640592807698,0.01092876975003042,0.00971248829220331,0.013413387513273922
2006-04-20,7.72678,"7.633,95","7.729,12","7.626,98",,"1,11%",0.011066891014275727,0.003718100240620671,0.001143378452680966,-0.008842165628424358,0.005325949435780677,0.009203172559026028,0.009584241263849994,0.01344646173738683
2006-04-21,7.785,"7.750,09","7.786,63","7.742,97",,"0,75%",0.007506588332953397,0.011066891014275727,0.003718100240620671,0.001143378452680966,-0.009202568679393846,0.009091866444529426,0.0095820986863124,0.013393714893666935
2006-04-24,7.82225,"7.790,69","7.822,25","7.785,45",,"0,48%",0.004773431671874066,0.007506588332953397,0.011066891014275727,0.003718100240620671,-0.008842165628424358,0.00798288097568392,0.009193612836342846,0.013371454856941056
2006-04-25,7.89026,"7.843,22","7.891,96","7.823,10",,"0,87%",0.008656850462201953,0.004773431671874066,0.007506588332953397,0.011066891014275727,0.001143378452680966,0.008077012337051923,0.009226420770807058,0.013383611200018452
2006-04-26,7.94583,"7.872,15","7.946,66","7.849,20",,"0,70%",0.0070181753312228475,0.008656850462201953,0.004773431671874066,0.007506588332953397,0.003718100240620671,0.006952629431263817,0.008990623686568807,0.013265609222493377
2006-04-27,8.06247,"7.996,38","8.076,03","7.985,15",,"1,47%",0.014572698433474878,0.0070181753312228475,0.008656850462201953,0.004773431671874066,0.011066891014275727,0.007837692164568526,0.008984006571399757,0.012671667845134344
2006-04-28,8.07494,"8.067,01","8.087,72","8.060,76",,"0,15%",0.0015454775558221545,0.014572698433474878,0.0070181753312228475,0.008656850462201953,0.007506588332953397,0.006430355715462135,0.00900516593836228,0.012249786890650552
2006-05-02,7.96767,"7.973,57","7.994,69","7.951,77",,"-1,33%",-0.01337333497856352,0.0015454775558221545,0.014572698433474878,0.0070181753312228475,0.004773431671874066,0.007580066857066557,0.009308424283579392,0.012340810921613047
2006-05-03,8.00316,"7.965,16","8.004,69","7.965,16",,"0,45%",0.00444435992587888,-0.01337333497856352,0.0015454775558221545,0.014572698433474878,0.008656850462201953,0.007481000325541101,0.00915121400475196,0.01216240800723367
2006-05-04,8.13118,"7.994,81","8.131,18","7.992,26",,"1,60%",0.015869590791259283,0.00444435992587888,-0.01337333497856352,0.0015454775558221545,0.0070181753312228475,0.008202974598228057,0.009492632468175773,0.011790685714150984
2006-05-05,8.33655,"8.142,62","8.341,64","8.142,62",,"2,53%",0.024943407242124026,0.015869590791259283,0.00444435992587888,-0.01337333497856352,0.014572698433474878,0.01007608831061322,0.009742016918253629,0.011687862261715386
2006-05-08,8.53867,"8.444,96","8.550,73","8.417,39",,"2,42%",0.0239557962459284,0.024943407242124026,0.015869590791259283,0.00444435992587888,0.0015454775558221545,0.01132516548680237,0.010594534706974721,0.012005250567817491
2006-05-09,8.54317,"8.533,11","8.547,29","8.521,96",,"0,05%",0.0005268753370947015,0.0239557962459284,0.024943407242124026,0.015869590791259283,-0.01337333497856352,0.011587851995167016,0.010010919253699952,0.011947063064753877
2006-05-10,8.26581,"8.471,85","8.477,96","8.215,21",,"-3,25%",-0.033004403203569926,0.0005268753370947015,0.0239557962459284,0.024943407242124026,0.00444435992587888,0.0175874284360008,0.013323468477157777,0.012798110429699463
2006-05-11,8.2419,"8.233,92","8.293,20","8.187,98",,"-0,29%",-0.0028968302351219262,-0.033004403203569926,0.0005268753370947015,0.0239557962459284,0.015869590791259283,0.017718075259204717,0.01310261425030912,0.012640929863714638
2006-05-12,8.23334,"8.245,60","8.349,85","8.211,93",,"-0,10%",-0.0010391351834944744,-0.0028968302351219262,-0.033004403203569926,0.0005268753370947015,0.024943407242124026,0.01733314928290828,0.01313032287810975,0.011595365092158017
2006-05-15,8.13888,"8.204,41","8.273,95","8.133,90",,"-1,15%",-0.01153918627190289,-0.0010391351834944744,-0.0028968302351219262,-0.033004403203569926,0.0239557962459284,0.017865136291704903,0.013255063901795917,0.011706763447469678
2006-05-16,7.96866,"8.071,24","8.071,24","7.955,43",,"-2,09%",-0.021136230232916768,-0.01153918627190289,-0.0010391351834944744,-0.0028968302351219262,0.0005268753370947015,0.018698131653694633,0.014089617351541421,0.012099935422231032
2006-05-17,7.9433,"7.939,60","7.996,17","7.928,87",,"-0,32%",-0.003187542134640942,-0.021136230232916768,-0.01153918627190289,-0.0010391351834944744,-0.033004403203569926,0.018652835015666554,0.014142121535442134,0.012117312754746543
2006-05-18,7.86845,"7.908,43","7.928,17","7.862,02",,"-0,94%",-0.009467713455333237,-0.003187542134640942,-0.021136230232916768,-0.01153918627190289,-0.0028968302351219262,0.017847829975314398,0.014369281524330698,0.01206555078820037
2006-05-19,7.66774,"7.837,71","7.848,67","7.539,56",,"-2,55%",-0.025839175125344706,-0.009467713455333237,-0.003187542134640942,-0.021136230232916768,-0.0010391351834944744,0.016058633040084414,0.015403401027870581,0.01254653580802701
2006-05-22,7.29256,"7.525,11","7.525,11","7.274,65",,"-4,89%",-0.05016726710493404,-0.025839175125344706,-0.009467713455333237,-0.003187542134640942,-0.01153918627190289,0.016581860794899164,0.018859431630668458,0.014163555414865232
2006-05-23,7.03406,"7.172,36","7.172,36","6.921,64",,"-3,54%",-0.03609058634445336,-0.05016726710493404,-0.025839175125344706,-0.009467713455333237,-0.021136230232916768,0.01662496976096546,0.020114297048192994,0.014918383879692453
2006-05-24,7.17685,"6.987,19","7.380,32","6.987,19",,"2,03%",0.020096504119423667,-0.03609058634445336,-0.05016726710493404,-0.025839175125344706,-0.003187542134640942,0.01995644967847211,0.020686885719459036,0.014880036469773818
2006-05-25,7.13969,"7.176,85","7.317,11","7.134,66",,"-0,52%",-0.005191210090005945,0.020096504119423667,-0.03609058634445336,-0.05016726710493404,-0.009467713455333237,0.01982575616241713,0.020501003132646828,0.014889871465052157
2006-05-26,7.04234,"7.210,72","7.214,98","7.041,66",,"-1,36%",-0.013728856736507328,-0.005191210090005945,0.020096504119423667,-0.03609058634445336,-0.025839175125344706,0.019277197440570694,0.020024769423270458,0.014950282319505456
2006-05-29,6.89763,"7.093,55","7.093,55","6.843,20",,"-2,05%",-0.02076262696530242,-0.013728856736507328,-0.005191210090005945,0.020096504119423667,-0.05016726710493404,0.01928063187968774,0.020158411052215386,0.01518272607585465
2006-05-30,6.96034,"6.891,67","6.972,80","6.849,15",,"0,91%",0.009050449387715131,-0.02076262696530242,-0.013728856736507328,-0.005191210090005945,-0.03609058634445336,0.02078663595664084,0.020458125889817866,0.015229746477876229
2006-05-31,7.14617,"6.947,71","7.146,17","6.947,71",,"2,67%",0.02634822512296673,0.009050449387715131,-0.02076262696530242,-0.013728856736507328,0.020096504119423667,0.024232112802004872,0.021641470875855866,0.015557256126760193
2006-06-01,7.26183,"7.204,28","7.261,83","7.173,25",,"1,62%",0.01605531433822406,0.02634822512296673,0.009050449387715131,-0.02076262696530242,-0.005191210090005945,0.02566358034084928,0.02165123426286831,0.015648782934350184
2006-06-02,7.3008,"7.281,50","7.375,04","7.276,54",,"0,54%",0.005352068001919597,0.01605531433822406,0.02634822512296673,0.009050449387715131,-0.013728856736507328,0.02514790996213345,0.02061233089210695,0.015656752933715695
2006-06-05,7.28497,"7.275,37","7.303,27","7.249,03",,"-0,22%",-0.0021706096031013154,0.005352068001919597,0.01605531433822406,0.02634822512296673,-0.02076262696530242,0.019493808731189787,0.01936164151393789,0.01551246741632046
2006-06-06,7.10708,"7.194,97","7.202,79","7.107,08",,"-2,44%",-0.024721851298827126,-0.0021706096031013154,0.005352068001919597,0.01605531433822406,0.009050449387715131,0.01737865748270088,0.019602199238849385,0.01582925761170029
2006-06-07,7.00517,"7.033,42","7.091,98","6.991,30",,"-1,43%",-0.014443022414845874,-0.024721851298827126,-0.0021706096031013154,0.005352068001919597,0.02634822512296673,0.016582902497135083,0.018840559538131352,0.015929572585215504
2006-06-08,6.83609,"6.942,06","6.942,06","6.799,42",,"-2,41%",-0.024432517113633243,-0.014443022414845874,-0.024721851298827126,-0.0021706096031013154,0.01605531433822406,0.017996097632118062,0.019130250179158852,0.016135868380438022
2006-06-09,6.79203,"6.775,70","6.816,17","6.750,31",,"-0,64%",-0.006466064800171258,-0.024432517113633243,-0.014443022414845874,-0.024721851298827126,0.005352068001919597,0.017719756965203934,0.019044447834065472,0.015929293091812683
2006-06-12,6.68755,"6.758,63","6.783,91","6.680,64",,"-1,54%",-0.015502277130733086,-0.006466064800171258,-0.024432517113633243,-0.014443022414845874,-0.0021706096031013154,0.01722546549083216,0.019086017025118307,0.016023114550986806
2006-06-13,6.56327,"6.655,43","6.668,89","6.526,53",,"-1,86%",-0.018758634461630674,-0.015502277130733086,-0.006466064800171258,-0.024432517113633243,-0.024721851298827126,0.017291817557655128,0.0190191116198684,0.01587943401423232
2006-06-14,6.68137,"6.560,76","6.694,04","6.536,14",,"1,80%",0.017834101972813085,-0.018758634461630674,-0.015502277130733086,-0.006466064800171258,-0.014443022414845874,0.015661761437304123,0.019955849035221185,0.016058951915799983
2006-06-15,6.82186,"6.693,70","6.821,86","6.668,36",,"2,10%",0.020809105603904313,0.017834101972813085,-0.018758634461630674,-0.015502277130733086,-0.024432517113633243,0.016480778903258535,0.021011069351969138,0.01629345123915293
2006-06-16,6.92817,"6.895,37","6.970,41","6.894,30",,"1,56%",0.015463547120539368,0.020809105603904313,0.017834101972813085,-0.018758634461630674,-0.006466064800171258,0.017547364476969564,0.021105633550728104,0.0164121368342028
2006-06-19,6.9649,"6.975,66","6.983,26","6.949,63",,"0,53%",0.005287540561589268,0.015463547120539368,0.020809105603904313,0.017834101972813085,-0.015502277130733086,0.017848180688602083,0.018329450394635852,0.016396021972964425
2006-06-20,6.95114,"6.983,00","6.983,00","6.887,06",,"-0,20%",-0.0019775747244742347,0.005287540561589268,0.015463547120539368,0.020809105603904313,-0.018758634461630674,0.016372093601731367,0.016517015273512445,0.016242190060932485
2006-06-21,6.93692,"6.936,61","6.951,73","6.916,24",,"-0,20%",-0.0020478029284570374,-0.0019775747244742347,0.005287540561589268,0.015463547120539368,0.017834101972813085,0.015803083575825282,0.01578301885386692,0.016222905124450914
2006-06-22,6.92215,"6.875,06","6.922,15","6.868,59",,"-0,21%",-0.002131456958051113,-0.0020478029284570374,-0.0019775747244742347,0.005287540561589268,0.020809105603904313,0.013536644040087354,0.015762213854657727,0.016108811943715353
2006-06-23,6.89124,"6.910,15","6.910,38","6.886,45",,"-0,45%",-0.004475375210763774,-0.002131456958051113,-0.0020478029284570374,-0.0019775747244742347,0.015463547120539368,0.013424721778338458,0.015519765753000115,0.01598859715341311
2006-06-26,6.84908,"6.847,91","6.891,07","6.847,91",,"-0,61%",-0.006136703120302369,-0.004475375210763774,-0.002131456958051113,-0.0020478029284570374,0.005287540561589268,0.012398087492970429,0.014874915049764719,0.01599369185510919
2006-06-27,6.83994,"6.855,19","6.855,76","6.835,61",,"-0,13%",-0.0013353770186948985,-0.006136703120302369,-0.004475375210763774,-0.002131456958051113,-0.0019775747244742347,0.010109323187773009,0.014709721306855035,0.01594975083259625
2006-06-28,6.908,"6.883,23","6.908,00","6.869,97",,"1,00%",0.009901200618271223,-0.0013353770186948985,-0.006136703120302369,-0.004475375210763774,-0.0020478029284570374,0.009183204074962958,0.013519425948475439,0.01592470216791229
2006-06-29,7.02604,"6.912,48","7.033,79","6.903,25",,"1,71%",0.016943086682763706,0.009901200618271223,-0.0013353770186948985,-0.006136703120302369,-0.002131456958051113,0.008415116509506632,0.013582084891577792,0.016088300096829412
2006-06-30,7.17371,"7.029,77","7.200,74","7.029,03",,"2,10%",0.02079970757339358,0.016943086682763706,0.009901200618271223,-0.0013353770186948985,-0.004475375210763774,0.009407520190707622,0.014414958998204415,0.0160478374902914
2006-07-03,7.21592,"7.143,67","7.215,92","7.129,37",,"0,59%",0.005866741683776355,0.02079970757339358,0.016943086682763706,0.009901200618271223,-0.006136703120302369,0.009421639127941736,0.014488872954708574,0.01601959185463485
2006-07-04,7.35423,"7.249,33","7.355,95","7.246,43",,"1,92%",0.018985961661974714,0.005866741683776355,0.02079970757339358,0.016943086682763706,-0.0013353770186948985,0.010344432969040846,0.013924656656380709,0.016175544444999593
2006-07-05,7.4173,"7.392,47","7.434,20","7.390,15",,"0,86%",0.00853945167042908,0.018985961661974714,0.005866741683776355,0.02079970757339358,0.009901200618271223,0.01000680163547296,0.013462175293464712,0.016189695702836737
2006-07-06,7.45473,"7.440,46","7.454,73","7.426,49",,"0,50%",0.0050336207002467095,0.00853945167042908,0.018985961661974714,0.005866741683776355,0.016943086682763706,0.009550650612725324,0.011831941195942044,0.01605651574859033
2006-07-07,7.44429,"7.455,45","7.455,45","7.413,72",,"-0,14%",-0.001401434686133263,0.0050336207002467095,0.00853945167042908,0.018985961661974714,0.02079970757339358,0.009167302712992945,0.011641344219658524,0.016038310142552567
2006-07-10,7.32942,"7.423,38","7.449,44","7.308,69",,"-1,54%",-0.015550909678872083,-0.001401434686133263,0.0050336207002467095,0.00853945167042908,0.005866741683776355,0.011040391442794345,0.011645765064658272,0.016116397943098264
2006-07-11,7.34105,"7.261,29","7.341,35","7.244,87",,"0,16%",0.001585498274601388,-0.015550909678872083,-0.001401434686133263,0.0050336207002467095,0.018985961661974714,0.010838680875397213,0.010311809164617025,0.016083976905869903
2006-07-12,7.36601,"7.307,53","7.378,19","7.307,53",,"0,34%",0.003394291444261739,0.001585498274601388,-0.015550909678872083,-0.001401434686133263,0.00853945167042908,0.010845162688734254,0.009907708429649031,0.01609070747252074
2006-07-13,7.35083,"7.333,39","7.352,75","7.295,71",,"-0,21%",-0.0020629435916278715,0.003394291444261739,0.001585498274601388,-0.015550909678872083,0.0050336207002467095,0.010454371212865082,0.00927161867157708,0.016082019899307503
2006-07-14,7.3558,"7.370,08","7.373,64","7.345,73",,"0,07%",0.0006758856637040108,-0.0020629435916278715,0.003394291444261739,0.001585498274601388,-0.001401434686133263,0.008774053319188483,0.008867839487942415,0.016009524945990256
2006-07-17,7.28273,"7.281,72","7.330,59","7.264,45",,"-0,99%",-0.009983325769282642,0.0006758856637040108,-0.0020629435916278715,0.003394291444261739,-0.015550909678872083,0.009501121873849272,0.00930660243987746,0.016014571132481354
2006-07-18,7.30161,"7.282,58","7.313,65","7.275,82",,"0,26%",0.002589079868760527,-0.009983325769282642,0.0006758856637040108,-0.0020629435916278715,0.001585498274601388,0.007164850305956648,0.009253779804696617,0.016003445049050775
2006-07-19,7.26446,"7.303,51","7.303,51","7.264,46",,"-0,51%",-0.005100906497252569,0.002589079868760527,-0.009983325769282642,0.0006758856637040108,0.003394291444261739,0.0064714509402810805,0.00935665826042803,0.01595908005738202
2006-07-20,7.20253,"7.260,20","7.260,20","7.202,53",,"-0,85%",-0.008561612096894046,-0.005100906497252569,0.002589079868760527,-0.009983325769282642,-0.0020629435916278715,0.0062341734159392604,0.009623849197569386,0.015946907820419975
2006-07-21,7.17822,"7.212,79","7.219,32","7.171,92",,"-0,34%",-0.0033809117266365286,-0.008561612096894046,-0.005100906497252569,0.002589079868760527,0.0006758856637040108,0.006193488426148191,0.009588224720541888,0.015805408869385824
2006-07-24,7.18481,"7.173,78","7.200,51","7.166,01",,"0,09%",0.0009176337391799817,-0.0033809117266365286,-0.008561612096894046,-0.005100906497252569,-0.009983325769282642,0.00467856813682369,0.009399495445244014,0.01580327246395256
2006-07-25,7.17161,"7.182,95","7.188,02","7.169,24",,"-0,18%",-0.0018388990736832984,0.0009176337391799817,-0.0033809117266365286,-0.008561612096894046,0.002589079868760527,0.004509844634239187,0.009410674260770075,0.015731909650456802
2006-07-26,7.08484,"7.159,02","7.159,02","7.075,38",,"-1,21%",-0.012172886161161548,-0.0018388990736832984,0.0009176337391799817,-0.0033809117266365286,-0.005100906497252569,0.0049751436781132075,0.009768263907011033,0.01576716447346853
2006-07-27,7.07085,"7.045,58","7.080,45","7.039,24",,"-0,20%",-0.0019765909757570544,-0.012172886161161548,-0.0018388990736832984,0.0009176337391799817,-0.008561612096894046,0.004978744498399058,0.009060397183592913,0.015591097718944182
2006-07-28,7.03932,"7.061,67","7.092,99","7.039,32",,"-0,45%",-0.004469124394565292,-0.0019765909757570544,-0.012172886161161548,-0.0018388990736832984,-0.0033809117266365286,0.004714062355127817,0.007716043533206089,0.015175945153365298
2006-07-31,7.05898,"7.026,58","7.058,98","7.026,58",,"0,28%",0.00278899055116171,-0.004469124394565292,-0.0019765909757570544,-0.012172886161161548,0.0009176337391799817,0.0047625733206787665,0.007602890582308019,0.01478394885072375
2006-08-01,7.06859,"7.028,06","7.068,71","7.027,41",,"0,14%",0.0013604606428740992,0.00278899055116171,-0.004469124394565292,-0.0019765909757570544,-0.0018388990736832984,0.00461239443090942,0.006006002314899078,0.014787874664191066
2006-08-02,7.06056,"7.063,50","7.068,61","7.037,15",,"-0,11%",-0.0011366573169026024,0.0013604606428740992,0.00278899055116171,-0.004469124394565292,-0.012172886161161548,0.004605359517405072,0.005480712896995707,0.014260610499180522
2006-08-03,7.05872,"7.050,59","7.062,57","7.032,53",,"-0,03%",-0.00026063652118456346,-0.0011366573169026024,0.0013604606428740992,0.00278899055116171,-0.0019765909757570544,0.0041902694459452616,0.005221208839658033,0.0142638248591602
2006-08-04,7.07005,"7.048,88","7.070,39","7.048,34",,"0,16%",0.0016038200676522746,-0.00026063652118456346,-0.0011366573169026024,0.0013604606428740992,-0.004469124394565292,0.00430489611917101,0.005304021501040808,0.014272750895970363
2006-08-07,7.09695,"7.078,72","7.096,95","7.064,64",,"0,38%",0.003797562268390104,0.0016038200676522746,-0.00026063652118456346,-0.0011366573169026024,0.00278899055116171,0.004573898256159201,0.004520081966590764,0.01424613774806599
2006-08-08,7.28531,"7.095,98","7.300,95","7.095,98",,"2,65%",0.026194877645647048,0.003797562268390104,0.0016038200676522746,-0.00026063652118456346,0.0013604606428740992,0.009783608782449658,0.007680760551026284,0.014492788256304874
2006-08-09,7.41174,"7.368,74","7.414,82","7.357,80",,"1,74%",0.017205237623076946,0.026194877645647048,0.003797562268390104,0.0016038200676522746,-0.0011366573169026024,0.009606607335964606,0.008603475430201643,0.014690183050290196
2006-08-10,7.36682,"7.419,69","7.428,99","7.328,26",,"-0,61%",-0.006079095437755904,0.017205237623076946,0.026194877645647048,0.003797562268390104,-0.00026063652118456346,0.009994213216905634,0.008707996353694061,0.01466417126984739
2006-08-11,7.37766,"7.381,74","7.385,73","7.358,95",,"0,15%",0.0014703810447062417,-0.006079095437755904,0.017205237623076946,0.026194877645647048,0.0016038200676522746,0.009596929222435931,0.008712531238924919,0.014302585561220106
2006-08-15,7.40074,"7.371,76","7.400,74","7.340,11",,"0,31%",0.003123480047133958,0.0014703810447062417,-0.006079095437755904,0.017205237623076946,0.003797562268390104,0.009590130387193216,0.008397576145261485,0.012744855359856236
2006-08-16,7.50964,"7.389,18","7.509,74","7.389,18",,"1,47%",0.014607533331395566,0.003123480047133958,0.0014703810447062417,-0.006079095437755904,0.026194877645647048,0.009980276558352765,0.008944278515359253,0.011950870704858934
2006-08-17,7.51565,"7.466,23","7.527,20","7.442,69",,"0,08%",0.0007999846020303224,0.014607533331395566,0.003123480047133958,0.0014703810447062417,0.017205237623076946,0.0098431170337382,0.008814774608889173,0.011687470765502425
2006-08-18,7.55132,"7.512,74","7.551,32","7.502,68",,"0,47%",0.0047348692723771625,0.0007999846020303224,0.014607533331395566,0.003123480047133958,-0.006079095437755904,0.00959994863445792,0.008495767626219307,0.011671918798227321
2006-08-22,7.54443,"7.548,46","7.554,61","7.539,08",,"-0,09%",-0.00091283976992715,0.0047348692723771625,0.0007999846020303224,0.014607533331395566,0.0014703810447062417,0.009781007101547837,0.008425556072549151,0.011515248547921872
2006-08-23,7.58667,"7.530,39","7.587,65","7.528,06",,"0,56%",0.0055832173109019055,-0.00091283976992715,0.0047348692723771625,0.0007999846020303224,0.003123480047133958,0.009742530361731463,0.00844435884548542,0.011162507470478405
2006-08-24,7.69402,"7.615,73","7.707,21","7.610,43",,"1,41%",0.014050643797615737,0.0055832173109019055,-0.00091283976992715,0.0047348692723771625,0.014607533331395566,0.007548539534629872,0.008735213507442363,0.011237585468080855
2006-08-25,7.76291,"7.702,38","7.769,51","7.702,38",,"0,90%",0.008913860145349773,0.014050643797615737,0.0055832173109019055,-0.00091283976992715,0.0007999846020303224,0.006497011135183429,0.00798206089929892,0.010805772020748212
2006-08-28,7.83839,"7.809,14","7.846,08","7.800,63",,"0,97%",0.009676192230593572,0.008913860145349773,0.014050643797615737,0.0055832173109019055,0.0047348692723771625,0.005435295202440598,0.007903958488748414,0.010689688888004338
2006-08-29,7.79109,"7.838,28","7.842,20","7.789,60",,"-0,60%",-0.006052683058267018,0.009676192230593572,0.008913860145349773,0.014050643797615737,-0.00091283976992715,0.006566348588401379,0.008012602445791581,0.010717295306313785
2006-08-30,7.85935,"7.761,22","7.859,35","7.760,96",,"0,88%",0.00872313274796808,-0.006052683058267018,0.009676192230593572,0.008913860145349773,0.0055832173109019055,0.006584411968547723,0.008033399917186653,0.010753451433186212
2006-08-31,7.87215,"7.842,20","7.884,68","7.842,20",,"0,16%",0.0016273086259638635,0.00872313274796808,-0.006052683058267018,0.009676192230593572,0.014050643797615737,0.005950669268778474,0.008026608557223812,0.010197887899509863
2006-09-01,7.87081,"7.847,47","7.881,70","7.834,08",,"-0,02%",-0.00017023482283342725,0.0016273086259638635,0.00872313274796808,-0.006052683058267018,0.008913860145349773,0.006028976314806749,0.007988107133266106,0.009978968966401285
2006-09-04,7.88844,"7.835,26","7.897,48","7.834,19",,"0,22%",0.002237417054073067,-0.00017023482283342725,0.0016273086259638635,0.00872313274796808,0.009676192230593572,0.006075117970385576,0.007913597021262358,0.009358974191717965
2006-09-05,7.90969,"7.898,94","7.917,76","7.884,15",,"0,27%",0.0026901934362824676,0.002237417054073067,-0.00017023482283342725,0.0016273086259638635,-0.006052683058267018,0.005829007717134273,0.007888725652657786,0.009286551985119618
2006-09-06,7.92069,"7.914,28","7.959,37","7.906,03",,"0,14%",0.0013897331296420159,0.0026901934362824676,0.002237417054073067,-0.00017023482283342725,0.00872313274796808,0.005910905908223505,0.007936089324349,0.008981375271177972
2006-09-07,8.01877,"7.961,26","8.019,22","7.946,59",,"1,24%",0.012306720289401576,0.0013897331296420159,0.0026901934362824676,0.002237417054073067,0.0016273086259638635,0.005609590096657298,0.0065082893611791565,0.008603788388702472
2006-09-08,8.11295,"8.022,68","8.137,78","8.022,03",,"1,17%",0.011676506912557486,0.012306720289401576,0.0013897331296420159,0.0026901934362824676,-0.00017023482283342725,0.005930015263685662,0.006055121470751954,0.008463531336293214
2006-09-11,8.21465,"8.097,67","8.228,57","8.089,67",,"1,25%",0.012457595145160302,0.011676506912557486,0.012306720289401576,0.0013897331296420159,0.002237417054073067,0.006260464408753896,0.005758821114927561,0.008235213483071362
2006-09-12,8.18401,"8.180,98","8.223,34","8.150,91",,"-0,37%",-0.0037368950457806324,0.012457595145160302,0.011676506912557486,0.012306720289401576,0.0026901934362824676,0.005848251333758156,0.006057997743756199,0.008118728030816091
2006-09-13,8.19936,"8.138,07","8.200,04","8.081,76",,"0,19%",0.001873851898792902,-0.0037368950457806324,0.012457595145160302,0.011676506912557486,0.0013897331296420159,0.005753688204879252,0.006086768960865187,0.008112791510670337
2006-09-14,8.19759,"8.175,71","8.221,90","8.166,44",,"-0,02%",-0.00021589381035810165,0.001873851898792902,-0.0037368950457806324,0.012457595145160302,0.012306720289401576,0.005874765463703435,0.005765190290868629,0.008098679441048445
2006-09-15,8.12359,"8.173,18","8.183,81","8.086,56",,"-0,90%",-0.009068033938675394,-0.00021589381035810165,0.001873851898792902,-0.0037368950457806324,0.011676506912557486,0.007125752814196124,0.006467437321286744,0.00821897165843758
2006-09-18,8.10973,"8.114,11","8.153,97","8.070,70",,"-0,17%",-0.0017075993534112317,-0.009068033938675394,-0.00021589381035810165,0.001873851898792902,0.012457595145160302,0.007289886908105632,0.006582518023950859,0.008214989295934467
2006-09-19,8.05235,"8.087,99","8.112,17","8.052,35",,"-0,71%",-0.0071006010469477875,-0.0017075993534112317,-0.009068033938675394,-0.00021589381035810165,-0.0037368950457806324,0.007930617622894563,0.006939880980165302,0.008260388803817766
2006-09-20,7.99339,"7.999,91","8.026,28","7.992,97",,"-0,73%",-0.0073490241471984765,-0.0071006010469477875,-0.0017075993534112317,-0.009068033938675394,0.001873851898792902,0.008444157753617098,0.0073046848467301214,0.00828355975677899
2006-09-21,8.04153,"8.025,04","8.049,38","8.009,37",,"0,60%",0.0060044134467094334,-0.0073490241471984765,-0.0071006010469477875,-0.0017075993534112317,-0.00021589381035810165,0.007701920944846017,0.006848835741355032,0.008279028206986849
2006-09-22,8.0616,"8.058,83","8.073,89","8.038,96",,"0,25%",0.002492684390182067,0.0060044134467094334,-0.0073490241471984765,-0.0071006010469477875,-0.009068033938675394,0.006671004062573203,0.006666039727530979,0.008224835976530525
2006-09-25,8.05583,"8.054,76","8.072,61","8.050,22",,"-0,07%",-0.0007159950744627546,0.002492684390182067,0.0060044134467094334,-0.0073490241471984765,-0.0017075993534112317,0.004850637212882029,0.006427757164425442,0.008015217452422953
2006-09-26,8.00468,"8.054,93","8.082,53","7.998,81",,"-0,63%",-0.00636968227555235,-0.0007159950744627546,0.002492684390182067,0.0060044134467094334,-0.0071006010469477875,0.0050265231342044,0.006447379838966295,0.007712952802798983
2006-09-27,7.93157,"7.983,48","7.983,48","7.929,95",,"-0,91%",-0.009175372237678902,-0.00636968227555235,-0.0007159950744627546,0.002492684390182067,-0.0073490241471984765,0.005237683501028153,0.006610556119511312,0.007823088487578737
2006-09-28,8.04239,"7.932,63","8.044,96","7.928,41",,"1,40%",0.013875304302010939,-0.009175372237678902,-0.00636968227555235,-0.0007159950744627546,0.0060044134467094334,0.007550578851386617,0.007260061994618746,0.007656362287328138
2006-09-29,8.06989,"8.014,61","8.106,78","8.014,61",,"0,34%",0.0034135487594825114,0.013875304302010939,-0.009175372237678902,-0.00636968227555235,0.002492684390182067,0.007262228104659262,0.007272063077091374,0.007604803493889293
2006-10-02,8.10487,"8.064,15","8.104,87","8.060,85",,"0,43%",0.004325264119348905,0.0034135487594825114,0.013875304302010939,-0.009175372237678902,-0.0007159950744627546,0.007414808482566282,0.007301924185774917,0.007599623552658956
2006-10-03,8.15419,"8.110,39","8.154,76","8.096,27",,"0,61%",0.006066789995525389,0.004325264119348905,0.0034135487594825114,0.013875304302010939,-0.00636968227555235,0.007191372258626045,0.007373149117966658,0.007614214213553579
2006-10-04,8.12364,"8.176,32","8.176,57","8.123,64",,"-0,37%",-0.0037535759826812375,0.006066789995525389,0.004325264119348905,0.0034135487594825114,-0.009175372237678902,0.006792099148284898,0.007467108443509195,0.007312306358000513
2006-10-05,7.8989,"8.108,71","8.108,71","7.898,90",,"-2,77%",-0.02805482031826093,-0.0037535759826812375,0.006066789995525389,0.004325264119348905,0.013875304302010939,0.011354454745565254,0.009502564932926137,0.008260878547911332
2006-10-06,7.83548,"7.900,25","7.900,25","7.808,31",,"-0,80%",-0.00806137177939418,-0.02805482031826093,-0.0037535759826812375,0.006066789995525389,0.0034135487594825114,0.011402589579719414,0.00916260564150336,0.008341777397226531
2006-10-09,7.85061,"7.871,67","7.946,64","7.840,59",,"0,19%",0.001929098289260265,-0.00806137177939418,-0.02805482031826093,-0.0037535759826812375,0.004325264119348905,0.011487824933730807,0.008588432339069323,0.00833260707326307
2006-10-10,7.84046,"7.843,37","7.899,99","7.840,23",,"-0,13%",-0.0012937296711698092,0.001929098289260265,-0.00806137177939418,-0.02805482031826093,0.006066789995525389,0.011413696722213703,0.008583789764844911,0.008338169265247029
2006-10-11,7.78163,"7.856,22","7.880,94","7.780,48",,"-0,75%",-0.007531678296543578,-0.0012937296711698092,0.001929098289260265,-0.00806137177939418,-0.0037535759826812375,0.011311425820776128,0.008609675612984369,0.008288979431440656
2006-10-12,7.76721,"7.791,12","7.791,12","7.763,83",,"-0,19%",-0.0018548012757323034,-0.007531678296543578,-0.0012937296711698092,0.001929098289260265,-0.02805482031826093,0.00987513956804044,0.008593428498019546,0.008295339202812627
2006-10-13,7.71238,"7.745,20","7.745,20","7.679,44",,"-0,71%",-0.007084196584958941,-0.0018548012757323034,-0.007531678296543578,-0.0012937296711698092,-0.00806137177939418,0.00961527900524671,0.008527206451487686,0.00832408612512779
2006-10-16,7.70466,"7.709,34","7.720,32","7.654,91",,"-0,10%",-0.001001489344939247,-0.007084196584958941,-0.0018548012757323034,-0.007531678296543578,0.001929098289260265,0.009209087874016428,0.008532543941102864,0.008233669240807717
2006-10-17,7.73637,"7.709,35","7.760,25","7.696,47",,"0,41%",0.004107244734002182,-0.001001489344939247,-0.007084196584958941,-0.0018548012757323034,-0.0012937296711698092,0.00896350034378444,0.008586648429659496,0.008220981789552106
2006-10-18,7.7766,"7.757,48","7.794,59","7.748,91",,"0,52%",0.005186639332935618,0.004107244734002182,-0.001001489344939247,-0.007084196584958941,-0.007531678296543578,0.009556661698077137,0.00863316135485697,0.008236532704425242
2006-10-19,7.89711,"7.804,83","7.904,25","7.804,83",,"1,55%",0.015377645083439907,0.005186639332935618,0.004107244734002182,-0.001001489344939247,-0.0018548012757323034,0.007164524316806915,0.009284669080901652,0.00842244276164813
2006-10-20,7.94556,"7.971,29","8.015,78","7.944,15",,"0,61%",0.0061164123275684,0.015377645083439907,0.005186639332935618,0.004107244734002182,-0.007084196584958941,0.006790026640180763,0.00938925497772882,0.008244383854344901
2006-10-23,7.96233,"7.956,44","7.963,33","7.917,28",,"0,21%",0.002108388505616824,0.0061164123275684,0.015377645083439907,0.005186639332935618,-0.001001489344939247,0.00679182975350671,0.009410612361489639,0.008228588104966645
2006-10-26,8.0413,"7.971,37","8.041,30","7.966,25",,"0,99%",0.009869091070622537,0.002108388505616824,0.0061164123275684,0.015377645083439907,0.004107244734002182,0.007202451942486107,0.009584065334729608,0.008246332957336932
2006-10-27,8.10698,"8.053,32","8.106,98","8.044,92",,"0,82%",0.008134657336208077,0.009869091070622537,0.002108388505616824,0.0061164123275684,0.005186639332935618,0.006433681894779649,0.009471103482041209,0.008281409757586329
2006-10-30,8.24136,"8.134,65","8.241,36","8.134,65",,"1,66%",0.016439959847354114,0.008134657336208077,0.009869091070622537,0.002108388505616824,0.015377645083439907,0.007118234337711016,0.009668569600240316,0.008478662579791959
2006-10-31,8.43106,"8.284,03","8.436,41","8.284,03",,"2,30%",0.022757126662682415,0.016439959847354114,0.008134657336208077,0.009869091070622537,0.0061164123275684,0.00731078503110672,0.010800573584543853,0.008854946949457789
2006-11-01,8.48599,"8.462,27","8.565,95","8.428,12",,"0,65%",0.006494062859197695,0.022757126662682415,0.016439959847354114,0.008134657336208077,0.002108388505616824,0.006523593792350713,0.010833985482275306,0.008856288737518434
2006-11-02,8.53439,"8.508,97","8.553,97","8.508,97",,"0,57%",0.0056873149084003686,0.006494062859197695,0.022757126662682415,0.016439959847354114,0.009869091070622537,0.006391989165934315,0.01082736722695255,0.00886052598193001
2006-11-03,8.5862,"8.548,29","8.591,60","8.506,48",,"0,61%",0.00605237998872192,0.0056873149084003686,0.006494062859197695,0.022757126662682415,0.008134657336208077,0.00632784567496759,0.010761657551437362,0.008868152363025619
2006-11-07,8.74688,"8.662,26","8.746,88","8.652,57",,"1,87%",0.018540802089184356,0.00605237998872192,0.0056873149084003686,0.006494062859197695,0.016439959847354114,0.006699996310620088,0.008554918747514002,0.00858182735860668
2006-11-08,8.75562,"8.752,19","8.836,57","8.750,18",,"0,10%",0.0009987145523737996,0.018540802089184356,0.00605237998872192,0.0056873149084003686,0.022757126662682415,0.007223290614626344,0.00804613210824364,0.00838136489111071
2006-11-09,8.54801,"8.768,00","8.768,00","8.506,18",,"-2,37%",-0.023997272586105196,0.0009987145523737996,0.018540802089184356,0.00605237998872192,0.006494062859197695,0.012822450529854174,0.010403626319889682,0.008998753113733621
2006-11-10,8.58375,"8.485,09","8.586,17","8.409,28",,"0,42%",0.004172373632236447,-0.023997272586105196,0.0009987145523737996,0.018540802089184356,0.0056873149084003686,0.012812184388425744,0.010321653041473493,0.009000383145726721
2006-11-13,8.71279,"8.582,67","8.723,51","8.582,67",,"1,50%",0.014921180089268508,0.004172373632236447,-0.023997272586105196,0.0009987145523737996,0.00605237998872192,0.013083606759015903,0.010160656028307024,0.009141475538261494
2006-11-14,8.82313,"8.736,65","8.865,37","8.727,31",,"1,27%",0.012584621306789024,0.014921180089268508,0.004172373632236447,-0.023997272586105196,0.018540802089184356,0.012835753897519899,0.010112118557177302,0.009100528799612687
2006-11-15,8.84258,"8.802,85","8.846,98","8.781,44",,"0,22%",0.002202006922920322,0.012584621306789024,0.014921180089268508,0.004172373632236447,0.0009987145523737996,0.011585135260687154,0.009664988373713396,0.009097402230394314
2006-11-16,8.7432,"8.787,22","8.803,92","8.722,51",,"-1,12%",-0.011302433891400258,0.002202006922920322,0.012584621306789024,0.014921180089268508,-0.023997272586105196,0.01261155327803919,0.010354586817334878,0.009270838021129798
2006-11-17,8.76196,"8.759,30","8.813,78","8.726,06",,"0,21%",0.0021433688331897994,-0.011302433891400258,0.002202006922920322,0.012584621306789024,0.004172373632236447,0.01257695526036798,0.010385964759269154,0.009260480023470671
2006-11-20,8.73119,"8.713,10","8.733,44","8.652,59",,"-0,35%",-0.003517952082282178,0.0021433688331897994,-0.011302433891400258,0.002202006922920322,0.014921180089268508,0.012651630840043976,0.010611672223793146,0.009283522519703779
2006-11-21,8.76243,"8.646,21","8.793,03","8.646,21",,"0,36%",0.0035715916098335437,-0.003517952082282178,0.0021433688331897994,-0.011302433891400258,0.012584621306789024,0.011241264136457733,0.010375965878439777,0.00915722289653102
2006-11-22,8.8501,"8.758,16","8.868,26","8.758,16",,"1,00%",0.009955494649960383,0.0035715916098335437,-0.003517952082282178,0.0021433688331897994,0.002202006922920322,0.011662877588480934,0.010429209343303814,0.009171207007782041
2006-11-23,8.95032,"8.866,45","8.975,09","8.866,45",,"1,13%",0.01126052744651407,0.009955494649960383,0.0035715916098335437,-0.003517952082282178,-0.011302433891400258,0.007994020831230415,0.010478277316766066,0.009195391392026443
2006-11-24,9.10955,"8.955,76","9.130,06","8.942,51",,"1,78%",0.01763402794645128,0.01126052744651407,0.009955494649960383,0.0035715916098335437,0.0021433688331897994,0.008986072898568212,0.010774756734207991,0.009341897395284671
2006-11-27,9.16198,"9.092,48","9.163,97","9.072,03",,"0,58%",0.005738998748682835,0.01763402794645128,0.01126052744651407,0.009955494649960383,-0.003517952082282178,0.008418164256788178,0.010765858387478762,0.009316686309429091
2006-11-28,9.06326,"9.136,49","9.176,08","9.006,37",,"-1,08%",-0.01083343379914451,0.005738998748682835,0.01763402794645128,0.01126052744651407,0.0035715916098335437,0.009293879544915425,0.011111217099229196,0.009475270182175881
2006-11-29,9.10832,"9.111,18","9.139,16","9.072,57",,"0,50%",0.0049594027989561746,-0.01083343379914451,0.005738998748682835,0.01763402794645128,0.009955494649960383,0.009318821243267807,0.010274613755306604,0.009475302688272699
2006-11-30,9.12234,"9.124,05","9.149,14","9.107,79",,"0,15%",0.0015380685903716735,0.0049594027989561746,-0.01083343379914451,0.005738998748682835,0.01126052744651407,0.00791381526484524,0.010267587354385575,0.009475978462765345
2006-12-01,9.20453,"9.131,08","9.234,42","9.120,66",,"0,90%",0.008969404051663174,0.0015380685903716735,0.0049594027989561746,-0.01083343379914451,0.01763402794645128,0.0080062460580154,0.010328491481210554,0.00951358855793692
2006-12-04,9.22556,"9.234,46","9.272,01","9.208,38",,"0,23%",0.0022821385166640253,0.008969404051663174,0.0015380685903716735,0.0049594027989561746,0.005738998748682835,0.007521869183372623,0.010319228517103648,0.009512478296953081
2006-12-05,9.25452,"9.241,01","9.257,01","9.219,80",,"0,31%",0.003134188131923144,0.0022821385166640253,0.008969404051663174,0.0015380685903716735,-0.01083343379914451,0.007535637454634103,0.009701029472948954,0.009426198417420774
2006-12-06,9.31692,"9.233,29","9.342,57","9.231,03",,"0,67%",0.006720021153446631,0.003134188131923144,0.0022821385166640253,0.008969404051663174,0.0049594027989561746,0.007389398992564636,0.009728788830091553,0.00936494378325717
2006-12-07,9.49548,"9.353,31","9.514,86","9.351,88",,"1,92%",0.018983793932527606,0.006720021153446631,0.003134188131923144,0.0022821385166640253,0.0015380685903716735,0.00843042560058364,0.008024356039896758,0.00952143872507423
2006-12-08,9.73585,"9.538,10","9.803,79","9.537,12",,"2,53%",0.024999052919576725,0.018983793932527606,0.006720021153446631,0.003134188131923144,0.008969404051663174,0.0097816394688453,0.009148906491809947,0.009921081898593032
2006-12-11,9.83659,"9.828,98","9.877,82","9.794,61",,"1,03%",0.010294157459557746,0.024999052919576725,0.018983793932527606,0.006720021153446631,0.0022821385166640253,0.009840431733121956,0.008976224475218503,0.009965862138412244
2006-12-12,9.90981,"9.871,34","9.935,91","9.856,19",,"0,74%",0.007416069316905395,0.010294157459557746,0.024999052919576725,0.018983793932527606,0.003134188131923144,0.007575717738472813,0.008852215156957752,0.009972379409459413
2006-12-13,10.13261,"9.963,97","10.154,55","9.963,97",,"2,25%",0.022233760012208698,0.007416069316905395,0.010294157459557746,0.024999052919576725,0.006720021153446631,0.008484759760404992,0.009530103135953837,0.01013913171885111
2006-12-14,9.90326,"10.175,08","10.206,84","9.870,82",,"-2,26%",-0.02289493975251302,0.022233760012208698,0.007416069316905395,0.010294157459557746,0.018983793932527606,0.013461071822161837,0.010938140477594128,0.010684353283780784
2006-12-15,9.71062,"9.842,83","9.860,92","9.667,20",,"-1,95%",-0.019643863900740046,-0.02289493975251302,0.022233760012208698,0.007416069316905395,0.024999052919576725,0.0160707071487524,0.012359123666563259,0.01100966248844601
2006-12-18,9.65325,"9.749,69","9.808,30","9.580,48",,"-0,59%",-0.005925485748619999,-0.019643863900740046,-0.02289493975251302,0.022233760012208698,0.010294157459557746,0.016450048855970886,0.012459209171113097,0.010988230471799218
2006-12-19,9.48236,"9.554,39","9.808,30","9.459,14",,"-1,77%",-0.0178614157825515,-0.005925485748619999,-0.019643863900740046,-0.02289493975251302,0.007416069316905395,0.017922217707356993,0.0134709893408921,0.011310198988343168
2006-12-20,9.40044,"9.390,18","9.400,44","9.162,18",,"-0,86%",-0.008676733741795896,-0.0178614157825515,-0.005925485748619999,-0.019643863900740046,0.022233760012208698,0.018172529212475426,0.013676371044337419,0.011405968505893404
2006-12-21,9.43623,"9.312,41","9.445,58","9.309,27",,"0,38%",0.0038000392923144242,-0.008676733741795896,-0.0178614157825515,-0.005925485748619999,-0.02289493975251302,0.017095385185576777,0.013540746865189529,0.011398877352619836
2006-12-22,9.53952,"9.545,89","9.633,74","9.538,08",,"1,09%",0.01088663374554431,0.0038000392923144242,-0.008676733741795896,-0.0178614157825515,-0.019643863900740046,0.015225172575275184,0.013228039978233564,0.011385492737610612
2006-12-25,9.5229,"9.518,76","9.568,93","9.476,21",,"-0,17%",-0.0017437454647727553,0.01088663374554431,0.0038000392923144242,-0.008676733741795896,-0.005925485748619999,0.014605121169738894,0.013231650787588754,0.011291676512813605
2006-12-26,9.46536,"9.594,04","9.594,98","9.420,21",,"-0,60%",-0.006060605460926125,-0.0017437454647727553,0.01088663374554431,0.0038000392923144242,-0.0178614157825515,0.014126420906780722,0.013030819529720196,0.01126093196496634
2006-12-27,9.48073,"9.458,49","9.488,22","9.444,25",,"0,16%",0.0016224987183947608,-0.006060605460926125,-0.0017437454647727553,0.01088663374554431,-0.008676733741795896,0.010917146449230265,0.013014583833548803,0.011261423282140191
2006-12-28,9.43572,"9.498,85","9.529,72","9.431,88",,"-0,47%",-0.004758830007012554,0.0016224987183947608,-0.006060605460926125,-0.0017437454647727553,0.0038000392923144242,0.009306119541936443,0.013102310565034973,0.0113000006740019
2006-12-29,9.47945,"9.497,06","9.497,06","9.414,58",,"0,46%",0.004623810191594812,-0.004758830007012554,0.0016224987183947608,-0.006060605460926125,0.01088663374554431,0.008101887600103042,0.013010933136531644,0.011293888230645116
2007-01-02,9.48263,"9.458,69","9.514,92","9.418,46",,"0,03%",0.000335406245497453,0.004623810191594812,-0.004758830007012554,0.0016224987183947608,-0.0017437454647727553,0.008041671068054335,0.01301183152341555,0.011267759124772262
2007-01-03,9.62538,"9.476,92","9.625,38","9.476,54",,"1,51%",0.01494165596224661,0.000335406245497453,0.004623810191594812,-0.004758830007012554,-0.006060605460926125,0.007420916958525981,0.01335911898956454,0.010636087596005006
2007-01-04,9.78028,"9.641,22","9.780,28","9.629,58",,"1,61%",0.015964753579756824,0.01494165596224661,0.000335406245497453,0.004623810191594812,0.0016224987183947608,0.007751130269411818,0.013688206267977262,0.01065356302520895
2007-01-05,9.93329,"9.810,59","9.984,81","9.809,23",,"1,56%",0.01552362892387611,0.015964753579756824,0.01494165596224661,0.000335406245497453,-0.004758830007012554,0.008567643375134097,0.013488332331333536,0.010759403502785888
2007-01-08,10.02346,"9.960,51","10.049,33","9.956,31",,"0,91%",0.009036603014766716,0.01552362892387611,0.015964753579756824,0.01494165596224661,0.004623810191594812,0.008448761232620724,0.012508285093305831,0.010757184831633536
2007-01-09,9.97141,"10.014,86","10.054,28","9.971,41",,"-0,52%",-0.005206347185297273,0.009036603014766716,0.01552362892387611,0.015964753579756824,0.000335406245497453,0.008816462063783347,0.012411660579472735,0.010718710994131112
2007-01-10,9.94001,"9.943,43","9.965,77","9.924,10",,"-0,31%",-0.0031539715429018877,-0.005206347185297273,0.009036603014766716,0.01552362892387611,0.01494165596224661,0.008466847903962915,0.012334566523381288,0.01073231472705851
2007-01-12,9.81477,"9.837,67","9.837,67","9.676,08",,"-1,26%",-0.012679632770461018,-0.0031539715429018877,-0.005206347185297273,0.009036603014766716,0.015964753579756824,0.010126047284429856,0.011486372872986126,0.01085485342692364
2007-01-15,9.85622,"9.843,85","9.913,10","9.817,54",,"0,42%",0.004214334036883292,-0.012679632770461018,-0.0031539715429018877,-0.005206347185297273,0.01552362892387611,0.009705387942903503,0.010387325035916245,0.01083484319596781
2007-01-16,10.00688,"9.833,74","10.016,81","9.825,24",,"1,53%",0.01517012845992725,0.004214334036883292,-0.012679632770461018,-0.0031539715429018877,0.009036603014766716,0.010292485325153674,0.009868238488303701,0.01092861382602736
2007-01-17,10.02696,"9.990,66","10.103,48","9.990,66",,"0,20%",0.0020046088742065394,0.01517012845992725,0.004214334036883292,-0.012679632770461018,-0.005206347185297273,0.010214196588476283,0.009712149599056336,0.010931904302643892
2007-01-18,9.9836,"10.014,42","10.052,97","9.971,61",,"-0,43%",-0.004333718582829802,0.0020046088742065394,0.01517012845992725,0.004214334036883292,-0.0031539715429018877,0.010069294779055554,0.00867971062073105,0.010887492749399296
2007-01-19,9.95382,"9.923,52","9.978,20","9.923,52",,"-0,30%",-0.0029873496317004114,-0.004333718582829802,0.0020046088742065394,0.01517012845992725,-0.012679632770461018,0.009244532269326724,0.00837956140123297,0.010919574870469094
2007-01-22,9.9751,"9.956,49","9.992,19","9.936,57",,"0,21%",0.0021355906981135185,-0.0029873496317004114,-0.004333718582829802,0.0020046088742065394,0.004214334036883292,0.007901481228512674,0.008377999055153816,0.010919505880204863
2007-01-23,9.99118,"9.967,79","9.991,80","9.947,93",,"0,16%",0.00161071601485157,0.0021355906981135185,-0.0029873496317004114,-0.004333718582829802,0.01517012845992725,0.007329988572071266,0.008159315640440715,0.010893163330335812
2007-01-24,9.99575,"9.952,71","9.997,22","9.951,53",,"0,05%",0.00045729885276427957,0.00161071601485157,0.0021355906981135185,-0.0029873496317004114,0.0020046088742065394,0.007126692806854103,0.008116450217131511,0.010884303020185435
2007-01-25,10.06507,"10.003,13","10.065,07","10.003,13",,"0,69%",0.006911011205461539,0.00045729885276427957,0.00161071601485157,0.0021355906981135185,-0.004333718582829802,0.007302086539113935,0.007918716367154627,0.010760973568721877
2007-01-26,10.21759,"10.048,66","10.240,44","10.048,44",,"1,52%",0.015039730973022745,0.006911011205461539,0.00045729885276427957,0.00161071601485157,-0.0029873496317004114,0.006659607500587867,0.00834628882496734,0.01056926601638885
2007-01-29,10.34593,"10.278,92","10.362,52","10.278,92",,"1,26%",0.012482460824136577,0.015039730973022745,0.006911011205461539,0.00045729885276427957,0.0021355906981135185,0.00717910296134212,0.008312331964508264,0.010628975136999843
2007-01-30,10.44579,"10.365,67","10.445,83","10.344,47",,"0,97%",0.009605820764604523,0.012482460824136577,0.015039730973022745,0.006911011205461539,0.00161071601485157,0.006470975408647979,0.008387251755946604,0.010655878265611577
2007-01-31,10.45533,"10.450,16","10.516,37","10.419,76",,"0,09%",0.0009128698043451784,0.009605820764604523,0.012482460824136577,0.015039730973022745,0.00045729885276427957,0.006522867681860201,0.008371858916751504,0.01065459308528238
2007-02-01,10.20724,"10.418,91","10.424,11","10.113,38",,"-2,37%",-0.024014623807387447,0.0009128698043451784,0.009605820764604523,0.012482460824136577,0.006911011205461539,0.010887226746093827,0.01023320374988076,0.011031421465196293
2007-02-02,10.26488,"10.213,13","10.266,35","10.192,85",,"0,56%",0.005631087772984283,-0.024014623807387447,0.0009128698043451784,0.009605820764604523,0.015039730973022745,0.01077010650127013,0.009792047279653257,0.01103642357242717
2007-02-05,10.31181,"10.214,01","10.314,26","10.192,29",,"0,46%",0.00456148013826083,0.005631087772984283,-0.024014623807387447,0.0009128698043451784,0.012482460824136577,0.010773861011385241,0.009315037196187363,0.010468927634586718
2007-02-06,10.41939,"10.304,77","10.419,60","10.275,52",,"1,04%",0.010378653013442152,0.00456148013826083,0.005631087772984283,-0.024014623807387447,0.009605820764604523,0.010974231202070342,0.00937402800309159,0.010510016154190853
2007-02-07,10.36226,"10.395,12","10.408,67","10.323,85",,"-0,55%",-0.0054981335858712566,0.010378653013442152,0.00456148013826083,0.005631087772984283,0.0009128698043451784,0.01135469688568724,0.009385950219211812,0.010455484161074531
2007-02-08,10.38946,"10.379,25","10.416,78","10.356,60",,"0,26%",0.0026214709505315487,-0.0054981335858712566,0.010378653013442152,0.00456148013826083,-0.024014623807387447,0.0112966360089712,0.009310086000497063,0.01037772762256939
2007-02-09,10.47642,"10.399,62","10.482,81","10.386,34",,"0,84%",0.008335186770367377,0.0026214709505315487,-0.0054981335858712566,0.010378653013442152,0.005631087772984283,0.010697078153883254,0.008707413413217287,0.01040267867650818
2007-02-12,10.53606,"10.453,85","10.536,06","10.452,47",,"0,57%",0.00567664170573802,0.008335186770367377,0.0026214709505315487,-0.0054981335858712566,0.00456148013826083,0.010196290665633734,0.008721958849177357,0.010241526467046116
2007-02-13,10.62744,"10.488,86","10.648,82","10.476,74",,"0,87%",0.008635676318869596,0.00567664170573802,0.008335186770367377,0.0026214709505315487,0.010378653013442152,0.010118308153537741,0.008370598029950906,0.010265422403921084
2007-02-14,10.63947,"10.623,53","10.664,63","10.619,10",,"0,11%",0.0011313351383080796,0.008635676318869596,0.00567664170573802,0.008335186770367377,-0.0054981335858712566,0.010116597870378894,0.008378383303737968,0.010231212736328495
2007-02-15,10.71087,"10.643,03","10.725,20","10.638,07",,"0,67%",0.006688443010711511,0.0011313351383080796,0.008635676318869596,0.00567664170573802,0.0026214709505315487,0.004566395014371086,0.008234314117354317,0.010240551982973614
2007-02-16,10.90791,"10.750,44","10.950,29","10.750,44",,"1,84%",0.0182291004707469,0.006688443010711511,0.0011313351383080796,0.008635676318869596,0.008335186770367377,0.006245344358770483,0.00870559215825387,0.010385729000292467
2007-02-19,11.20182,"10.960,04","11.254,93","10.948,02",,"2,69%",0.02658805097513282,0.0182291004707469,0.006688443010711511,0.0011313351383080796,0.00567664170573802,0.008950313845693291,0.009969978926301103,0.010761935390508784
2007-02-20,11.01669,"11.350,60","11.351,86","11.010,83",,"-1,65%",-0.016664869468985627,0.02658805097513282,0.0182291004707469,0.006688443010711511,0.008635676318869596,0.011858454998379567,0.011142618020356078,0.010921157230898605
2007-02-21,10.95465,"11.051,36","11.051,36","10.947,53",,"-0,56%",-0.005647371975103983,-0.016664869468985627,0.02658805097513282,0.0182291004707469,0.0011313351383080796,0.011874021600931135,0.011351951068927113,0.010974525071698668
2007-02-22,10.58225,"10.920,87","10.920,87","10.582,25",,"-3,40%",-0.03458595442876591,-0.005647371975103983,-0.016664869468985627,0.02658805097513282,0.006688443010711511,0.01742765300855636,0.014310327922087383,0.011872829652639175
2007-02-23,10.43254,"10.610,04","10.610,04","10.430,55",,"-1,41%",-0.014248301578219899,-0.03458595442876591,-0.005647371975103983,-0.016664869468985627,0.0182291004707469,0.017947733530425378,0.014457940950365096,0.012065048075259703
2007-02-26,10.6412,"10.455,43","10.704,47","10.455,43",,"2,00%",0.0198034918607004,-0.014248301578219899,-0.03458595442876591,-0.005647371975103983,0.02658805097513282,0.01900569000498572,0.014850224151457909,0.012275070553538917
2007-02-27,10.64651,"10.719,86","10.848,80","10.549,46",,"0,05%",0.0004988794107144697,0.0198034918607004,-0.014248301578219899,-0.03458595442876591,-0.016664869468985627,0.018815355815345026,0.01472468611174159,0.012248867735813513
2007-02-28,10.7169,"10.644,30","10.716,90","10.558,39",,"0,66%",0.006589795798145313,0.0004988794107144697,0.0198034918607004,-0.014248301578219899,-0.005647371975103983,0.018924902321568987,0.014778517457398783,0.01226063116188078
2007-03-01,10.58837,"10.637,76","10.701,65","10.586,75",,"-1,20%",-0.012065705742548938,0.006589795798145313,0.0004988794107144697,0.0198034918607004,-0.03458595442876591,0.019195600721586863,0.01392064243510262,0.012403450497856424
2007-03-02,10.75963,"10.612,86","10.759,63","10.595,11",,"1,62%",0.016044938550015014,-0.012065705742548938,0.006589795798145313,0.0004988794107144697,-0.014248301578219899,0.018961592302442203,0.014260792458159541,0.01251837299650335
2007-03-05,10.85828,"10.729,12","10.858,28","10.728,54",,"0,92%",0.00912675506329826,0.016044938550015014,-0.012065705742548938,0.006589795798145313,0.0198034918607004,0.016779493594096348,0.01433433909522213,0.012360727572466378
2007-03-06,11.03634,"10.911,24","11.049,83","10.889,00",,"1,64%",0.016265541555735376,0.00912675506329826,0.016044938550015014,-0.012065705742548938,0.0004988794107144697,0.017053891580808583,0.014561506819176059,0.01213752678874599
2007-03-07,11.20117,"11.044,34","11.201,17","11.044,34",,"1,49%",0.01482477298641109,0.016265541555735376,0.00912675506329826,0.016044938550015014,0.006589795798145313,0.017499811495495225,0.014655155496550422,0.012203348537667398
2007-03-08,11.30987,"11.214,49","11.332,33","11.210,47",,"0,97%",0.009657558678346464,0.01482477298641109,0.016265541555735376,0.00912675506329826,-0.012065705742548938,0.011834981363895063,0.014707399898346376,0.012223110580012016
2007-03-09,11.06635,"11.333,74","11.333,74","11.064,43",,"-2,15%",-0.021766823421995665,0.009657558678346464,0.01482477298641109,0.016265541555735376,0.016044938550015014,0.013440079628885845,0.015768681709731776,0.012320488638863241
2007-03-12,11.07606,"11.124,32","11.143,01","11.035,23",,"0,09%",0.000877050025035635,-0.021766823421995665,0.009657558678346464,0.01482477298641109,0.00912675506329826,0.012568677417786793,0.015758141400512415,0.011898721203755423
2007-03-13,11.26881,"11.119,02","11.268,81","11.091,10",,"1,74%",0.017252710002414136,0.000877050025035635,-0.021766823421995665,0.009657558678346464,0.016265541555735376,0.013152420416118941,0.016049856287747542,0.011720349120863673
2007-03-14,11.24369,"11.272,34","11.272,99","11.197,73",,"-0,22%",-0.0022316500100252427,0.017252710002414136,0.000877050025035635,-0.021766823421995665,0.01482477298641109,0.01337855574718468,0.01608726465833228,0.011685095667858188
2007-03-15,11.147,"11.222,72","11.227,74","11.137,71",,"-0,86%",-0.008636678997038402,-0.0022316500100252427,0.017252710002414136,0.000877050025035635,0.009657558678346464,0.012934873020695872,0.016254499070252535,0.011470813173462853
2007-03-16,11.17671,"11.149,54","11.176,71","11.125,80",,"0,27%",0.00266174551998771,-0.008636678997038402,-0.0022316500100252427,0.017252710002414136,-0.021766823421995665,0.012361002635108214,0.015802673058559535,0.011373267630896172
2007-03-19,11.15367,"11.174,93","11.182,30","11.153,67",,"-0,21%",-0.0020635571965971302,0.00266174551998771,-0.008636678997038402,-0.0022316500100252427,0.000877050025035635,0.012331997622559284,0.014637375392716754,0.011390447166719475
2007-03-20,11.25299,"11.191,08","11.252,99","11.180,47",,"0,89%",0.0088652793846732,-0.0020635571965971302,0.00266174551998771,-0.008636678997038402,0.017252710002414136,0.011628404086603799,0.014235030628172895,0.011369053814151651
2007-03-21,11.35419,"11.226,55","11.354,19","11.226,55",,"0,90%",0.00895296768356288,0.0088652793846732,-0.0020635571965971302,0.00266174551998771,-0.0022316500100252427,0.011039031850934689,0.014247261291537583,0.011381203476939177
2007-03-22,11.37417,"11.360,01","11.405,40","11.330,15",,"0,18%",0.001758156342710493,0.00895296768356288,0.0088652793846732,-0.0020635571965971302,-0.008636678997038402,0.01065500093836648,0.01139567772699349,0.011321103982106125
2007-03-23,11.47446,"11.396,61","11.474,46","11.396,61",,"0,88%",0.008778700873954716,0.001758156342710493,0.00895296768356288,0.0088652793846732,0.00266174551998771,0.00743188142379854,0.01063442398748035,0.011343358102160698
2007-03-26,11.47033,"11.465,16","11.488,03","11.454,36",,"-0,04%",-0.0003599945821776737,0.008778700873954716,0.001758156342710493,0.00895296768356288,-0.0020635571965971302,0.007492684955687634,0.010074187031895075,0.011305323109836058
2007-03-27,11.44179,"11.478,56","11.478,56","11.402,33",,"-0,25%",-0.0024912591904042085,-0.0003599945821776737,0.008778700873954716,0.001758156342710493,0.0088652793846732,0.005896802636378317,0.01014692390522182,0.011328008205303056
2007-03-28,11.54785,"11.427,72","11.579,24","11.421,50",,"0,93%",0.009226830210921253,-0.0024912591904042085,-0.0003599945821776737,0.008778700873954716,0.00895296768356288,0.006191965730915517,0.010204759580156177,0.011348892124060532
2007-03-29,11.55667,"11.595,19","11.615,02","11.535,81",,"0,08%",0.0007634870084675627,0.009226830210921253,-0.0024912591904042085,-0.0003599945821776737,0.001758156342710493,0.004853820136223281,0.009540971195478427,0.011249214169909524
2007-03-30,11.49787,"11.608,32","11.629,34","11.497,87",,"-0,51%",-0.005100958639544488,0.0007634870084675627,0.009226830210921253,-0.0024912591904042085,0.008778700873954716,0.005587485202275537,0.009349458703686898,0.011167671877689751
2007-04-03,11.40123,"11.456,87","11.463,35","11.398,22",,"-0,84%",-0.008440556505967334,-0.005100958639544488,0.0007634870084675627,0.009226830210921253,-0.0003599945821776737,0.006498116529622744,0.009596950692937789,0.011129611732627755
2007-04-04,11.33598,"11.378,80","11.412,34","11.328,78",,"-0,57%",-0.005739506221005624,-0.008440556505967334,-0.005100958639544488,0.0007634870084675627,-0.0024912591904042085,0.006473631984411353,0.009180817273016279,0.011141429901867166
2007-04-05,11.36588,"11.330,87","11.366,64","11.304,06",,"0,26%",0.002634146919151329,-0.005739506221005624,-0.008440556505967334,-0.005100958639544488,0.009226830210921253,0.005861811632933458,0.008626310917860893,0.01110077436482431
2007-04-06,11.41105,"11.375,87","11.412,88","11.371,34",,"0,40%",0.0039662991646442205,0.002634146919151329,-0.005739506221005624,-0.008440556505967334,0.0007634870084675627,0.00597165424915146,0.008407399713522007,0.011080809993406123
2007-04-09,11.40923,"11.442,48","11.449,20","11.336,92",,"-0,02%",-0.00015950724564795722,0.0039662991646442205,0.002634146919151329,-0.005739506221005624,-0.005100958639544488,0.005182272358721125,0.006596034490605376,0.01091051270909441
2007-04-10,11.48743,"11.419,55","11.487,86","11.417,74",,"0,69%",0.0068307171490458235,-0.00015950724564795722,0.0039662991646442205,0.002634146919151329,-0.008440556505967334,0.005688788831343293,0.00669876688368501,0.010922666100213061
2007-04-11,11.51526,"11.523,42","11.537,03","11.492,34",,"0,24%",0.002419718178943595,0.0068307171490458235,-0.00015950724564795722,0.0039662991646442205,-0.005739506221005624,0.005647365066708391,0.005637684534851741,0.010796324913208064
2007-04-12,11.55037,"11.515,58","11.550,37","11.507,35",,"0,30%",0.0030443588245342755,0.002419718178943595,0.0068307171490458235,-0.00015950724564795722,0.002634146919151329,0.004890585187506825,0.005597781416160548,0.010796611892863591
2007-04-13,11.62348,"11.536,28","11.623,48","11.536,28",,"0,63%",0.00630971914963077,0.0030443588245342755,0.002419718178943595,0.0068307171490458235,0.0039662991646442205,0.005282801755289636,0.005176857567949737,0.01077222259872647
2007-04-16,11.64751,"11.625,35","11.675,89","11.620,67",,"0,21%",0.0020652330254138855,0.00630971914963077,0.0030443588245342755,0.002419718178943595,-0.00015950724564795722,0.004899207695891938,0.005175125464071895,0.010748044876003532
2007-04-17,11.6913,"11.634,62","11.691,30","11.629,60",,"0,38%",0.003752552198357046,0.0020652330254138855,0.00630971914963077,0.0030443588245342755,0.0068307171490458235,0.0035348847428761454,0.005093810197125567,0.010748839547046718
2007-04-18,11.73902,"11.682,13","11.744,44","11.682,13",,"0,41%",0.004073360157426827,0.003752552198357046,0.0020652330254138855,0.00630971914963077,0.002419718178943595,0.0020323118919896685,0.004879607010202847,0.01074952154052546
2007-04-19,11.82017,"11.824,98","11.824,98","11.755,66",,"0,69%",0.006889058659665773,0.004073360157426827,0.003752552198357046,0.0020652330254138855,0.0030443588245342755,0.002264512914906793,0.004747400222296078,0.01075897559473396
2007-04-20,11.88514,"11.837,46","11.917,90","11.829,94",,"0,55%",0.00548148601960501,0.006889058659665773,0.004073360157426827,0.003752552198357046,0.00630971914963077,0.002318075292209381,0.004809559263223733,0.010751284423114684
2007-04-23,12.04123,"11.920,89","12.053,03","11.888,18",,"1,31%",0.0130477138343518,0.00548148601960501,0.006889058659665773,0.004073360157426827,0.0020652330254138855,0.0032250945792959176,0.005196211514591169,0.010715770923309423
2007-04-24,12.27157,"12.059,83","12.278,54","12.051,99",,"1,91%",0.018948610766396933,0.0130477138343518,0.00548148601960501,0.006889058659665773,0.003752552198357046,0.0053815870379688895,0.00632538090216808,0.010847151658465965
2007-04-25,12.27326,"12.263,48","12.319,32","11.976,07",,"0,01%",0.0001377072078047128,0.018948610766396933,0.0130477138343518,0.00548148601960501,0.004073360157426827,0.005621719236555626,0.0062235303440443136,0.0108159528855676
2007-04-26,12.24375,"12.239,13","12.335,96","12.229,32",,"-0,24%",-0.002407309394678212,0.0001377072078047128,0.018948610766396933,0.0130477138343518,0.006889058659665773,0.0062137575441840445,0.006204503404622587,0.010833662640548677
2007-04-27,12.28436,"12.224,30","12.297,02","12.210,21",,"0,33%",0.0033113058532859424,-0.002407309394678212,0.0001377072078047128,0.018948610766396933,0.00548148601960501,0.006260196717188093,0.006183891431795157,0.010253329476974295
2007-04-30,12.33032,"12.313,50","12.368,01","12.290,15",,"0,37%",0.0037343612357403568,0.0033113058532859424,-0.002407309394678212,0.0001377072078047128,0.0130477138343518,0.006179282320390105,0.005878776069690641,0.010248276002287464
2007-05-02,12.46538,"12.325,20","12.507,09","12.317,11",,"1,10%",0.010893932070117135,0.0037343612357403568,0.0033113058532859424,-0.002407309394678212,0.018948610766396933,0.0063401779896038665,0.00538143369874758,0.010296540964877796
2007-05-03,12.52645,"12.541,68","12.572,34","12.478,58",,"0,49%",0.004887206863493624,0.010893932070117135,0.0037343612357403568,0.0033113058532859424,0.0001377072078047128,0.006311997627528567,0.0048161290730218895,0.01025562289053231
2007-05-04,12.54802,"12.582,26","12.598,27","12.506,25",,"0,17%",0.0017204754733131163,0.004887206863493624,0.010893932070117135,0.0037343612357403568,-0.002407309394678212,0.006485148866714378,0.0048439350908963934,0.010195575942651334
2007-05-07,12.65112,"12.563,46","12.651,12","12.546,69",,"0,82%",0.0081828645970547,0.0017204754733131163,0.004887206863493624,0.010893932070117135,0.0033113058532859424,0.006518459273850956,0.004890525530023257,0.010215581096965794
2007-05-08,12.72323,"12.685,03","12.800,60","12.685,03",,"0,57%",0.005683707690894066,0.0081828645970547,0.0017204754733131163,0.004887206863493624,0.0037343612357403568,0.006064818331850472,0.004727961637006262,0.010199075282513357
2007-05-09,12.46694,"12.731,98","12.748,52","12.380,56",,"-2,01%",-0.020349115848898747,0.005683707690894066,0.0081828645970547,0.0017204754733131163,0.010893932070117135,0.008593593062081899,0.007439185237505295,0.01063762317872337
2007-05-10,11.94718,"12.481,44","12.481,44","11.902,28",,"-4,17%",-0.04258507338022438,-0.020349115848898747,0.005683707690894066,0.0081828645970547,0.004887206863493624,0.01643355954084255,0.012827007703580242,0.012114481222424135
2007-05-11,11.48646,"11.636,42","11.749,78","11.474,08",,"-3,86%",-0.039326316870308874,-0.04258507338022438,-0.020349115848898747,0.005683707690894066,0.0017204754733131163,0.0201002799239113,0.015777491853768533,0.013234993326671449
2007-05-14,10.97578,"11.396,65","11.396,65","10.975,78",,"-4,45%",-0.04547792334430804,-0.039326316870308874,-0.04258507338022438,-0.020349115848898747,0.0081828645970547,0.02317187798268317,0.018631117454316202,0.01452413755387438
2007-05-15,11.07622,"10.738,53","11.364,04","10.576,53",,"0,92%",0.009109440826922145,-0.04547792334430804,-0.039326316870308874,-0.04258507338022438,0.005683707690894066,0.023616510324275385,0.01879512350064907,0.014381489058890744
2007-05-16,11.44898,"11.223,12","11.561,71","11.223,12",,"3,37%",0.03310017518489817,0.009109440826922145,-0.04547792334430804,-0.039326316870308874,-0.020349115848898747,0.026715912956508846,0.020388267286276556,0.014606402664362039
2007-05-17,11.57929,"11.548,33","11.783,48","11.495,23",,"1,14%",0.011317514594516706,0.03310017518489817,0.009109440826922145,-0.04547792334430804,-0.04258507338022438,0.027147972920496418,0.020547749010527305,0.014499815519862319
2007-05-18,11.57332,"11.716,80","11.726,85","11.518,64",,"-0,05%",-0.0005157086075662917,0.011317514594516706,0.03310017518489817,0.009109440826922145,-0.039326316870308874,0.027069363804640527,0.020470659919039954,0.014476075460929806
2007-05-21,11.8217,"11.655,67","11.827,91","11.624,05",,"2,15%",0.021234376613697682,-0.0005157086075662917,0.011317514594516706,0.03310017518489817,-0.04547792334430804,0.028230656267971,0.02103080598262938,0.013939582018996087
2007-05-22,11.74784,"11.856,25","11.868,37","11.747,84",,"-0,62%",-0.006267431759173525,0.021234376613697682,-0.0005157086075662917,0.011317514594516706,0.009109440826922145,0.02789532815310743,0.02082969509333118,0.01382097696763521
2007-05-23,11.57269,"11.724,06","11.724,06","11.411,18",,"-1,49%",-0.015021381882777116,-0.006267431759173525,0.021234376613697682,-0.0005157086075662917,0.03310017518489817,0.027682824592478714,0.020479447127824152,0.013790952593304253
2007-05-24,11.45629,"11.491,40","11.532,23","11.366,16",,"-1,01%",-0.01010908787769082,-0.015021381882777116,-0.006267431759173525,0.021234376613697682,0.011317514594516706,0.02486348921010679,0.020526732073277203,0.01387044992831717
2007-05-25,11.42496,"11.474,47","11.497,71","11.396,55",,"-0,27%",-0.0027384884636519526,-0.01010908787769082,-0.015021381882777116,-0.006267431759173525,-0.0005157086075662917,0.02159688598844792,0.020525985155688133,0.013861537651803355
2007-05-28,11.446,"11.399,39","11.467,99","11.390,66",,"0,18%",0.001839888306862798,-0.0027384884636519526,-0.01010908787769082,-0.015021381882777116,0.021234376613697682,0.014756846925090621,0.020503058839241056,0.01375408550152469
2007-05-29,11.43047,"11.446,00","11.462,32","11.395,06",,"-0,14%",-0.0013577271655720554,0.001839888306862798,-0.0027384884636519526,-0.01010908787769082,-0.006267431759173525,0.014740737952554558,0.02043956467864752,0.01362068014580734
2007-05-30,11.45337,"11.399,14","11.481,98","11.393,68",,"0,20%",0.002001413018455257,-0.0013577271655720554,0.001839888306862798,-0.0027384884636519526,-0.015021381882777116,0.010344542321359855,0.020198655511340858,0.013579695448872097
2007-05-31,11.86461,"11.482,37","11.864,61","11.457,00",,"3,59%",0.035276009722627996,0.002001413018455257,-0.0013577271655720554,0.001839888306862798,-0.01010908787769082,0.01498205890318606,0.0219848892186373,0.014154160013437642
2007-06-01,11.78941,"11.775,26","11.813,90","11.723,69",,"-0,63%",-0.006358348674126078,0.035276009722627996,0.002001413018455257,-0.0013577271655720554,-0.0027384884636519526,0.015221884634879945,0.021973336868440163,0.014072661785150405
2007-06-04,11.83157,"11.717,41","11.860,44","11.707,51",,"0,36%",0.0035697117367561645,-0.006358348674126078,0.035276009722627996,0.002001413018455257,0.001839888306862798,0.013668083302923332,0.02187244656795169,0.01402998727989979
2007-06-05,11.94653,"11.820,69","11.946,53","11.819,64",,"0,97%",0.009669477015991324,0.0035697117367561645,-0.006358348674126078,0.035276009722627996,-0.0013577271655720554,0.013774001426696226,0.02197698416970045,0.01375917008750319
2007-06-06,11.94575,"11.904,30","12.000,39","11.904,30",,"-0,01%",-6.529305702727601e-05,0.009669477015991324,0.0035697117367561645,-0.006358348674126078,0.002001413018455257,0.012513702807911637,0.021606382899939856,0.013760170445743927
2007-06-07,11.77235,"11.907,65","11.930,30","11.772,35",,"-1,45%",-0.014622005088334692,-6.529305702727601e-05,0.009669477015991324,0.0035697117367561645,0.035276009722627996,0.013112946613512587,0.019668988961111907,0.013747555753913576
2007-06-08,11.75214,"11.769,12","11.788,93","11.732,39",,"-0,17%",-0.0017182098291670946,-0.014622005088334692,-6.529305702727601e-05,0.009669477015991324,-0.006358348674126078,0.013069641865766967,0.017459168506490708,0.013745841582455991
2007-06-11,11.78998,"11.749,84","11.790,79","11.743,69",,"0,32%",0.003214666528485525,-0.0017182098291670946,-0.014622005088334692,-6.529305702727601e-05,0.0035697117367561645,0.013065375732867129,0.013579842758717073,0.013693911976528254
2007-06-12,11.7662,"11.786,36","11.786,36","11.745,55",,"-0,20%",-0.0020190037669961178,0.003214666528485525,-0.0017182098291670946,-0.014622005088334692,0.009669477015991324,0.01309131031316668,0.013569250909337341,0.013697238642098718
2007-06-13,11.68548,"11.754,00","11.754,00","11.649,73",,"-0,69%",-0.00688396897535255,-0.0020190037669961178,0.003214666528485525,-0.0017182098291670946,-6.529305702727601e-05,0.013455166602116916,0.011724522311975925,0.013728757838997343
2007-06-14,11.59142,"11.661,76","11.661,76","11.578,32",,"-0,80%",-0.008081876192593396,-0.00688396897535255,-0.0020190037669961178,0.003214666528485525,-0.014622005088334692,0.006962446650083152,0.011630048623017997,0.013733849005937274
2007-06-15,11.50886,"11.547,60","11.574,44","11.504,75",,"-0,71%",-0.007147995740773766,-0.008081876192593396,-0.00688396897535255,-0.0020190037669961178,-0.0017182098291670946,0.0070174775394867385,0.0117411232376926,0.013723058976816912
2007-06-18,11.57231,"11.564,39","11.654,83","11.563,16",,"0,55%",0.005498002036344758,-0.007147995740773766,-0.008081876192593396,-0.00688396897535255,0.003214666528485525,0.007223469879069368,0.010705099438959071,0.01373862278537581
2007-06-19,11.57842,"11.572,53","11.578,42","11.534,31",,"0,05%",0.0005278451385217291,0.005498002036344758,-0.007147995740773766,-0.008081876192593396,-0.0020190037669961178,0.006032511615015112,0.010638959456021087,0.01369341287865016
2007-06-20,11.59665,"11.585,62","11.620,90","11.574,12",,"0,16%",0.0015732426059622006,0.0005278451385217291,0.005498002036344758,-0.007147995740773766,-0.00688396897535255,0.006146178955049652,0.010098806024329334,0.013694466165102235
2007-06-21,11.52678,"11.592,23","11.598,37","11.526,78",,"-0,60%",-0.006043239488423609,0.0015732426059622006,0.0005278451385217291,0.005498002036344758,-0.008081876192593396,0.004786855528570437,0.009921776658733266,0.01371388426754046
2007-06-22,11.50007,"11.508,51","11.575,03","11.490,29",,"-0,23%",-0.0023199015044878747,-0.006043239488423609,0.0015732426059622006,0.0005278451385217291,-0.007147995740773766,0.004785192095781446,0.009915454410082403,0.01366490031004876
2007-06-25,11.51767,"11.474,65","11.540,64","11.472,15",,"0,15%",0.0015292555594059287,-0.0023199015044878747,-0.006043239488423609,0.0015732426059622006,0.005498002036344758,0.004600656447914618,0.009913203964155728,0.013666048675937806
2007-06-26,11.51119,"11.511,81","11.548,56","11.511,19",,"-0,06%",-0.0005627721190737655,0.0015292555594059287,-0.0023199015044878747,-0.006043239488423609,0.0005278451385217291,0.0046347524496755405,0.009907748483852804,0.013650204778733499
2007-06-27,11.4178,"11.500,67","11.514,10","11.410,82",,"-0,81%",-0.008146064561363233,-0.0005627721190737655,0.0015292555594059287,-0.0023199015044878747,0.0015732426059622006,0.0047912833406051035,0.010077204755766006,0.013647163921171655
2007-06-28,11.44843,"11.381,16","11.465,07","11.346,91",,"0,27%",0.002679061508629762,-0.008146064561363233,-0.0005627721190737655,0.0015292555594059287,-0.006043239488423609,0.004555365107326371,0.005753554217376176,0.013630167559684197
2007-06-29,11.46993,"11.448,64","11.506,16","11.387,08",,"0,19%",0.0018762255507868242,0.002679061508629762,-0.008146064561363233,-0.0005627721190737655,-0.0023199015044878747,0.004129132718475206,0.005703503483748411,0.013628191052733283
2007-07-02,11.37411,"11.413,32","11.439,44","11.374,11",,"-0,84%",-0.008389108227859716,0.0018762255507868242,0.002679061508629762,-0.008146064561363233,0.0015292555594059287,0.004280455524737616,0.005784272852054782,0.013662879543601406
2007-07-03,11.4565,"11.363,12","11.468,80","11.337,47",,"0,72%",0.007217534499533845,-0.008389108227859716,0.0018762255507868242,0.002679061508629762,-0.0005627721190737655,0.005113741521126465,0.005545616744654081,0.013695069039423196
2007-07-04,11.42492,"11.422,79","11.455,83","11.388,12",,"-0,28%",-0.0027603199496910105,0.007217534499533845,-0.008389108227859716,0.0018762255507868242,-0.008146064561363233,0.005049143520370481,0.005526432354554617,0.01367075897703923
2007-07-05,11.42542,"11.412,36","11.426,08","11.394,81",,"0,00%",4.3763024977390417e-05,-0.0027603199496910105,0.007217534499533845,-0.008389108227859716,0.002679061508629762,0.0048002715505414606,0.004707833726312358,0.013666803811649727
2007-07-06,11.52469,"11.458,85","11.525,31","11.451,28",,"0,87%",0.008650992880684426,4.3763024977390417e-05,-0.0027603199496910105,0.007217534499533845,0.0018762255507868242,0.005619261010386263,0.005224632643870583,0.01370798449334291
2007-07-09,11.48882,"11.484,72","11.495,73","11.454,54",,"-0,31%",-0.0031173018846263356,0.008650992880684426,4.3763024977390417e-05,-0.0027603199496910105,-0.008389108227859716,0.005690070723615977,0.005148544778665844,0.013688016500375367
2007-07-10,11.41276,"11.439,51","11.444,40","11.400,91",,"-0,66%",-0.00664236088978441,-0.0031173018846263356,0.008650992880684426,4.3763024977390417e-05,0.007217534499533845,0.006041069999387342,0.0052848110866033846,0.013709798396659168
2007-07-11,11.39624,"11.373,43","11.398,76","11.344,39",,"-0,14%",-0.0014485512638572925,-0.00664236088978441,-0.0031173018846263356,0.008650992880684426,-0.0027603199496910105,0.005489465555462694,0.005132276057570748,0.01369992679878109
2007-07-12,11.27135,"11.366,31","11.382,65","11.261,10",,"-1,10%",-0.011019368511920213,-0.0014485512638572925,-0.00664236088978441,-0.0031173018846263356,4.3763024977390417e-05,0.006337843290263535,0.005374309284851174,0.013754364247941466
2007-07-13,11.31069,"11.257,38","11.311,34","11.257,20",,"0,35%",0.003484188301636329,-0.011019368511920213,-0.0014485512638572925,-0.00664236088978441,0.008650992880684426,0.0064540104097067525,0.005301169718899006,0.013729618334312072
2007-07-16,11.39654,"11.338,02","11.396,54","11.318,76",,"0,76%",0.00756150433573204,0.003484188301636329,-0.011019368511920213,-0.0014485512638572925,-0.0031173018846263356,0.006505082372885862,0.005449602103036838,0.013748192546028517
2007-07-17,11.40149,"11.365,40","11.408,82","11.336,12",,"0,04%",0.00043424805369462815,0.00756150433573204,0.003484188301636329,-0.011019368511920213,-0.00664236088978441,0.006027824961057215,0.005448473265439814,0.013630349435878352
2007-07-18,11.39144,"11.358,94","11.397,29","11.349,06",,"-0,09%",-0.0008818524561164256,0.00043424805369462815,0.00756150433573204,0.003484188301636329,-0.0014485512638572925,0.005977976130331754,0.0054204872591109895,0.013378762766105699
2007-07-19,11.33063,"11.335,96","11.342,80","11.297,25",,"-0,53%",-0.0053525180743671415,-0.0008818524561164256,0.00043424805369462815,0.00756150433573204,-0.011019368511920213,0.006184155402809452,0.005388047348999773,0.013387949575742235
2007-07-20,11.30539,"11.301,74","11.322,01","11.297,98",,"-0,22%",-0.002230074939001546,-0.0053525180743671415,-0.0008818524561164256,0.00043424805369462815,0.003484188301636329,0.0052106484719101785,0.0053868020525244505,0.013387727824271617
2007-07-23,11.33338,"11.314,72","11.347,24","11.297,36",,"0,25%",0.002472750442012325,-0.002230074939001546,-0.0053525180743671415,-0.0008818524561164256,0.00756150433573204,0.005365621920892686,0.005412837234211063,0.013383238556755333
2007-07-24,11.33141,"11.294,81","11.345,27","11.294,63",,"-0,02%",-0.00017383792260688548,0.002472750442012325,-0.002230074939001546,-0.0053525180743671415,0.00043424805369462815,0.005038265344465467,0.005414457386602117,0.013367610023656678
2007-07-25,11.30903,"11.297,17","11.327,74","11.281,58",,"-0,20%",-0.001976994023911417,-0.00017383792260688548,0.002472750442012325,-0.002230074939001546,-0.0008818524561164256,0.005049568675022536,0.005142028488269404,0.01326976357481199
2007-07-26,11.39432,"11.298,26","11.394,32","11.298,26",,"0,75%",0.007513463980708976,-0.001976994023911417,-0.00017383792260688548,0.002472750442012325,-0.0053525180743671415,0.004198360011660925,0.005405174811254681,0.01329590596945161
2007-07-27,11.46433,"11.382,05","11.479,20","11.382,05",,"0,61%",0.0061254902548760265,0.007513463980708976,-0.001976994023911417,-0.00017383792260688548,-0.002230074939001546,0.004442076182955467,0.005573499868902643,0.01332655892858783
2007-07-31,11.61158,"11.426,58","11.611,58","11.411,66",,"1,28%",0.012762400152703851,0.0061254902548760265,0.007513463980708976,-0.001976994023911417,0.002472750442012325,0.005442136644364339,0.005899952985402639,0.01339592087629285
2007-08-01,11.66147,"11.556,56","11.685,02","11.556,56",,"0,43%",0.004287368988697203,0.012762400152703851,0.0061254902548760265,0.007513463980708976,-0.00017383792260688548,0.005465595754835339,0.005773321315259013,0.013384562765686246
2007-08-02,11.91943,"11.647,10","11.922,24","11.647,10",,"2,21%",0.021879596684801834,0.004287368988697203,0.012762400152703851,0.0061254902548760265,-0.001976994023911417,0.00811273719176384,0.007363997450944467,0.01348395977078188
2007-08-03,12.01594,"11.916,57","12.076,24","11.914,51",,"0,81%",0.008064259965199376,0.021879596684801834,0.004287368988697203,0.012762400152703851,0.007513463980708976,0.0073722743640211984,0.007462783058253131,0.012358914909820313
2007-08-06,12.01076,"11.942,58","12.012,52","11.910,67",,"-0,04%",-0.0004311869778419436,0.008064259965199376,0.021879596684801834,0.004287368988697203,0.0061254902548760265,0.007171821558093275,0.007345459139045581,0.01122406338621096
2007-08-07,12.05148,"12.003,95","12.080,62","12.003,65",,"0,34%",0.003384559282215339,-0.0004311869778419436,0.008064259965199376,0.021879596684801834,0.012762400152703851,0.007126910576582886,0.0072472267124785075,0.009445221328889716
2007-08-08,12.0473,"11.989,46","12.060,98","11.989,46",,"-0,03%",-0.00034690553147666677,0.003384559282215339,-0.0004311869778419436,0.008064259965199376,0.004287368988697203,0.007144145262313409,0.006965481954501769,0.009395851380910687
2007-08-09,12.14757,"12.042,73","12.147,57","12.024,65",,"0,83%",0.008288581343892008,-0.00034690553147666677,0.003384559282215339,-0.0004311869778419436,0.021879596684801834,0.00656442543250465,0.007000061379541751,0.008478251064333298
2007-08-10,12.21386,"12.094,00","12.213,90","12.094,00",,"0,55%",0.005442222694933323,0.008288581343892008,-0.00034690553147666677,0.003384559282215339,0.008064259965199376,0.006584425811907893,0.006158256313945413,0.008390389529913016
2007-08-13,12.23756,"12.137,30","12.238,12","12.124,25",,"0,19%",0.0019385383279917165,0.005442222694933323,0.008288581343892008,-0.00034690553147666677,-0.0004311869778419436,0.00677279954715333,0.0061749489616766354,0.00838940656262205
2007-08-15,12.20391,"12.236,74","12.244,38","12.149,92",,"-0,27%",-0.0027535186108535235,0.0019385383279917165,0.005442222694933323,0.008288581343892008,0.003384559282215339,0.006960276231388069,0.006286151098712302,0.00796630898663703
2007-08-16,12.08824,"12.171,38","12.171,38","12.048,06",,"-0,95%",-0.009523313021560724,-0.0027535186108535235,0.0019385383279917165,0.005442222694933323,-0.00034690553147666677,0.008344482337942084,0.0068996628336673495,0.008024276852909672
2007-08-17,12.143,"12.070,03","12.143,00","12.044,58",,"0,45%",0.004519792897280631,-0.009523313021560724,-0.0027535186108535235,0.0019385383279917165,0.008288581343892008,0.005406180383929642,0.00684835697769989,0.007777377935064766
2007-08-22,12.14727,"12.109,22","12.147,67","12.089,85",,"0,04%",0.0003515811099657787,0.004519792897280631,-0.009523313021560724,-0.0027535186108535235,0.005442222694933323,0.004953661329991449,0.0065874814271778505,0.0076447626947157106
2007-08-23,12.20212,"12.140,15","12.204,83","12.140,15",,"0,45%",0.004505253953023342,0.0003515811099657787,0.004519792897280631,-0.009523313021560724,0.0019385383279917165,0.005030917981016035,0.006450968086277158,0.0076423039239219255
2007-08-24,12.33297,"12.202,77","12.332,97","12.190,64",,"1,07%",0.010666456948045688,0.004505253953023342,0.0003515811099657787,0.004519792897280631,-0.0027535186108535235,0.005790662901132907,0.006619127453019065,0.0077411634199366615
2007-08-27,12.42345,"12.330,93","12.427,07","12.313,08",,"0,73%",0.007309651627289676,0.010666456948045688,0.004505253953023342,0.0003515811099657787,-0.009523313021560724,0.005905537825836619,0.0065686314676059775,0.0077725978296186125
2007-08-28,12.53244,"12.425,50","12.532,44","12.425,50",,"0,88%",0.00873466688169056,0.007309651627289676,0.010666456948045688,0.004505253953023342,0.004519792897280631,0.005950810558122217,0.0064395377575596205,0.007829994220288872
2007-08-29,12.60333,"12.536,62","12.613,40","12.530,61",,"0,57%",0.005640582162703436,0.00873466688169056,0.007309651627289676,0.010666456948045688,0.0003515811099657787,0.0059597384550935315,0.006416721467148543,0.00648197466055029
2007-08-30,12.63387,"12.591,57","12.633,87","12.562,29",,"0,24%",0.002420237974693466,0.005640582162703436,0.00873466688169056,0.007309651627289676,0.004505253953023342,0.005950897961114155,0.006437257777094983,0.006411607282123965
2007-08-31,12.62501,"12.660,23","12.680,46","12.610,72",,"-0,07%",-0.0007015354887764338,0.002420237974693466,0.005640582162703436,0.00873466688169056,0.010666456948045688,0.005755461088396122,0.0062688312786962005,0.006408030532604214
2007-09-03,12.82839,"12.647,75","12.829,35","12.647,75",,"1,61%",0.01598091637354088,-0.0007015354887764338,0.002420237974693466,0.005640582162703436,0.007309651627289676,0.004997107038528487,0.006801663496005298,0.006600308094914553
2007-09-04,13.08584,"12.876,41","13.087,26","12.876,41",,"2,01%",0.019870045951665444,0.01598091637354088,-0.0007015354887764338,0.002420237974693466,0.00873466688169056,0.006609094129235967,0.006545609753066502,0.007024345564547011
2007-09-05,13.50629,"13.151,62","13.506,29","13.151,62",,"3,21%",0.03162477329500521,0.019870045951665444,0.01598091637354088,-0.0007015354887764338,0.005640582162703436,0.009589427551580957,0.008889470996059771,0.007725481167191531
2007-09-06,13.09075,"13.741,42","13.823,09","13.090,75",,"-3,08%",-0.031249628934522492,0.03162477329500521,0.019870045951665444,0.01598091637354088,0.002420237974693466,0.016378792146183773,0.012119208995654988,0.008844809156723839
2007-09-07,13.06247,"12.954,95","13.233,72","12.935,35",,"-0,22%",-0.002162640854331939,-0.031249628934522492,0.03162477329500521,0.019870045951665444,-0.0007015354887764338,0.016563668091769394,0.012204562443077764,0.00885744386866023
2007-09-10,13.18236,"13.111,87","13.274,59","13.111,87",,"0,92%",0.009136339154081265,-0.002162640854331939,-0.031249628934522492,0.03162477329500521,0.01598091637354088,0.01659286673295359,0.012209871545247003,0.008894880573887523
2007-09-11,12.93638,"13.124,82","13.127,27","12.936,38",,"-1,87%",-0.018836074995880314,0.009136339154081265,-0.002162640854331939,-0.031249628934522492,0.019870045951665444,0.018279777362721034,0.013230896446619508,0.009222596534838277
2007-09-12,12.81155,"12.845,36","12.873,58","12.771,43",,"-0,96%",-0.00969638942168799,-0.018836074995880314,0.009136339154081265,-0.002162640854331939,0.03162477329500521,0.018688501722348493,0.013522423261135395,0.009253907771461569
2007-09-13,12.80577,"12.829,80","12.865,76","12.701,76",,"-0,05%",-0.0004512572039606302,-0.00969638942168799,-0.018836074995880314,0.009136339154081265,-0.031249628934522492,0.018697215749693,0.013537161826803026,0.009185909744796524
2007-09-14,12.93134,"12.770,51","12.942,36","12.770,51",,"0,98%",0.009757971767271086,-0.0004512572039606302,-0.00969638942168799,-0.018836074995880314,-0.002162640854331939,0.018861446629353622,0.013581847327968603,0.009231486648772146
2007-09-17,12.91232,"12.956,58","13.033,48","12.890,91",,"-0,15%",-0.0014719280035426665,0.009757971767271086,-0.0004512572039606302,-0.00969638942168799,0.009136339154081265,0.018262856407505416,0.0133110190817125,0.009239949588829503
2007-09-18,12.86343,"12.947,19","12.965,78","12.676,40",,"-0,38%",-0.0037934926145413686,-0.0014719280035426665,0.009757971767271086,-0.0004512572039606302,-0.018836074995880314,0.016984391057130756,0.013400339756984618,0.009268284714236404
2007-09-19,12.75733,"12.765,35","12.783,40","12.741,67",,"-0,82%",-0.008282393381016885,-0.0037934926145413686,-0.0014719280035426665,0.009757971767271086,-0.00969638942168799,0.01233161730646503,0.013623359448929399,0.009304542952085174
2007-09-20,12.85037,"12.793,12","12.850,37","12.750,71",,"0,73%",0.007266596328617725,-0.008282393381016885,-0.0037934926145413686,-0.0014719280035426665,-0.0004512572039606302,0.009043103311451365,0.01365922934979208,0.009316809619125076
2007-09-21,12.77983,"12.815,30","12.815,30","12.765,14",,"-0,55%",-0.0055044578745279725,0.007266596328617725,-0.008282393381016885,-0.0037934926145413686,0.009757971767271086,0.009117247181609112,0.013634462047720137,0.009365043853772912
2007-09-24,12.74333,"12.736,49","12.776,82","12.710,15",,"-0,29%",-0.002860149360989158,-0.0055044578745279725,0.007266596328617725,-0.008282393381016885,-0.0014719280035426665,0.008205344524646156,0.013606977881451127,0.009379275444632887
2007-09-25,12.73453,"12.690,47","12.734,53","12.669,40",,"-0,07%",-0.0006907958792416129,-0.002860149360989158,-0.0055044578745279725,0.007266596328617725,-0.0037934926145413686,0.006161036229731158,0.013497659647047775,0.009295706744250492
2007-09-26,12.6817,"12.680,11","12.721,98","12.666,84",,"-0,41%",-0.0041571921630445315,-0.0006907958792416129,-0.002860149360989158,-0.0055044578745279725,-0.008282393381016885,0.005570173803357884,0.013490521014730387,0.009326830954563482
2007-09-27,12.76875,"12.703,76","12.783,62","12.675,47",,"0,69%",0.006840770160583331,-0.0041571921630445315,-0.0006907958792416129,-0.002860149360989158,0.007266596328617725,0.006104402626624987,0.013562933725456756,0.009350366236379219
2007-09-28,12.81911,"12.794,67","12.819,11","12.779,12",,"0,39%",0.003936246721945242,0.006840770160583331,-0.0041571921630445315,-0.0006907958792416129,-0.0055044578745279725,0.005258744023611348,0.013580387573958167,0.009257927806651772
2007-10-01,12.88808,"12.830,68","12.888,08","12.777,84",,"0,54%",0.005365826874310609,0.003936246721945242,0.006840770160583331,-0.0041571921630445315,-0.002860149360989158,0.00560515832006446,0.013155098525750395,0.00924329214472559
2007-10-02,12.91603,"12.775,47","12.916,03","12.750,43",,"0,22%",0.0021663224138067953,0.005365826874310609,0.003936246721945242,0.006840770160583331,-0.0006907958792416129,0.00549495094291894,0.012334157175155583,0.009222486556405767
2007-10-03,12.87588,"12.858,85","12.888,13","12.837,97",,"-0,31%",-0.0031133818652163917,0.0021663224138067953,0.005365826874310609,0.003936246721945242,-0.0041571921630445315,0.004783709600840289,0.009718007408492168,0.009243079083211415
2007-10-04,12.93134,"12.871,81","12.931,34","12.824,47",,"0,43%",0.004298028642856858,-0.0031133818652163917,0.0021663224138067953,0.005365826874310609,0.006840770160583331,0.0044251178175092575,0.007045052032970874,0.009206938439947927
2007-10-05,12.92295,"12.901,18","12.922,95","12.867,46",,"-0,06%",-0.0006490219065779336,0.004298028642856858,-0.0031133818652163917,0.0021663224138067953,0.003936246721945242,0.003914361681302761,0.007035648177937883,0.00918955030123535
2007-10-08,13.04555,"12.906,55","13.047,39","12.887,06",,"0,95%",0.009442278982786167,-0.0006490219065779336,0.004298028642856858,-0.0031133818652163917,0.005365826874310609,0.004426431637578898,0.007058083648910536,0.009168921255787905
2007-10-09,13.12957,"13.035,33","13.141,66","13.035,33",,"0,64%",0.006419858901935158,0.009442278982786167,-0.0006490219065779336,0.004298028642856858,0.0021663224138067953,0.004455801181718918,0.00574633220833456,0.00917170621293461
2007-10-10,13.04439,"13.063,23","13.114,07","13.044,39",,"-0,65%",-0.006508782065481261,0.006419858901935158,0.009442278982786167,-0.0006490219065779336,-0.0031133818652163917,0.004916916014316428,0.005479615076053743,0.00907819392064358
2007-10-11,13.13754,"13.049,29","13.137,54","13.038,55",,"0,71%",0.0071156246335889965,-0.006508782065481261,0.006419858901935158,0.009442278982786167,0.004298028642856858,0.004942591689765038,0.0056402421304811105,0.009097393060427329
2007-10-12,13.10229,"13.089,59","13.160,19","13.076,50",,"-0,27%",-0.002686756827678897,0.0071156246335889965,-0.006508782065481261,0.006419858901935158,-0.0006490219065779336,0.005216602530803583,0.005333718068970482,0.009096870820786397
2007-10-15,13.17508,"13.110,78","13.175,08","13.100,83",,"0,56%",0.005540142425182442,-0.002686756827678897,0.0071156246335889965,-0.006508782065481261,0.009442278982786167,0.005228689662222769,0.0054162595185057415,0.009102767354239429
2007-10-16,13.10531,"13.148,09","13.159,76","13.092,23",,"-0,53%",-0.005309674926184645,0.005540142425182442,-0.002686756827678897,0.0071156246335889965,0.006419858901935158,0.005743538816548315,0.005496999123725988,0.00914774203250026
2007-10-17,13.1006,"13.113,88","13.154,37","13.063,36",,"-0,04%",-0.00035946090410256303,-0.005309674926184645,0.005540142425182442,-0.002686756827678897,-0.006508782065481261,0.005563360477246196,0.005066691097868582,0.009099196598244838
2007-10-18,13.15454,"13.077,97","13.154,54","13.071,09",,"0,41%",0.004108915503014061,-0.00035946090410256303,-0.005309674926184645,0.005540142425182442,0.0071156246335889965,0.0055539754959609625,0.004918928601331494,0.009081082761977855
2007-10-19,13.19112,"13.136,71","13.191,56","13.128,62",,"0,28%",0.002776929749091566,0.004108915503014061,-0.00035946090410256303,-0.005309674926184645,-0.002686756827678897,0.005497579692055771,0.004669783976745774,0.009081138124458743
2007-10-22,13.16683,"13.145,32","13.190,78","13.139,51",,"-0,18%",-0.0018430877117558934,0.002776929749091566,0.004108915503014061,-0.00035946090410256303,0.005540142425182442,0.004942705418313022,0.004624158220391743,0.009092111829317937
2007-10-23,13.21933,"13.178,16","13.227,75","13.145,31",,"0,40%",0.003979364127223553,-0.0018430877117558934,0.002776929749091566,0.004108915503014061,-0.005309674926184645,0.004695327539343031,0.0046184612924792205,0.009074879479248923
2007-10-24,13.24864,"13.178,20","13.268,27","13.169,97",,"0,22%",0.0022147533022580743,0.003979364127223553,-0.0018430877117558934,0.002776929749091566,-0.00035946090410256303,0.003964547402130819,0.004395325519833173,0.009052020143546741
2007-10-25,13.17113,"13.249,37","13.281,60","13.135,95",,"-0,59%",-0.005867592517286043,0.0022147533022580743,0.003979364127223553,-0.0018430877117558934,0.004108915503014061,0.0040653311793111485,0.004600893024534569,0.009103167665565367
2007-10-26,13.18417,"13.158,03","13.200,59","13.151,42",,"0,10%",0.0009895543639483963,-0.005867592517286043,0.0022147533022580743,0.003979364127223553,0.002776929749091566,0.003933810306562244,0.004567561312718105,0.009000420198224097
2007-10-29,13.23265,"13.182,03","13.275,55","13.177,47",,"0,37%",0.003670392910728561,0.0009895543639483963,-0.005867592517286043,0.0022147533022580743,-0.0018430877117558934,0.0037123282720325813,0.004505472832635264,0.008998250603070785
2007-10-30,13.14706,"13.229,09","13.252,09","13.146,68",,"-0,65%",-0.0064891009293257425,0.003670392910728561,0.0009895543639483963,-0.005867592517286043,0.003979364127223553,0.003927645476436683,0.004824241992816467,0.008681409035543501
2007-10-31,12.85284,"13.090,22","13.122,96","12.772,94",,"-2,24%",-0.022633360887963395,-0.0064891009293257425,0.003670392910728561,0.0009895543639483963,0.0022147533022580743,0.008269985338566339,0.007109386841775975,0.009185917540850267
2007-11-01,12.79743,"12.752,89","12.897,87","12.606,98",,"-0,43%",-0.004320429078580846,-0.022633360887963395,-0.0064891009293257425,0.003670392910728561,-0.005867592517286043,0.008014034680988814,0.00709061592233671,0.009210753397497088
2007-11-02,13.04856,"12.876,66","13.076,46","12.847,84",,"1,96%",0.019433413336360027,-0.004320429078580846,-0.022633360887963395,-0.0064891009293257425,0.0009895543639483963,0.010603516223174531,0.00837677139002447,0.00950772344943343
2007-11-05,13.10105,"13.051,81","13.143,55","13.051,81",,"0,40%",0.004014596814129939,0.019433413336360027,-0.004320429078580846,-0.022633360887963395,0.003670392910728561,0.010718259623371194,0.008156280226082658,0.00951139774171289
2007-11-07,13.02049,"13.028,16","13.110,48","13.003,94",,"-0,61%",-0.006168109185939129,0.004014596814129939,0.019433413336360027,-0.004320429078580846,-0.0064891009293257425,0.01072731910361281,0.008137713830481366,0.00951698177222813
2007-11-08,13.01691,"13.028,12","13.046,60","13.004,47",,"-0,03%",-0.00027498905593956175,-0.006168109185939129,0.004014596814129939,0.019433413336360027,-0.022633360887963395,0.010659800567408393,0.008010500851856037,0.009501954770986094
2007-11-09,12.99197,"12.986,57","13.041,22","12.985,02",,"-0,19%",-0.0019178071215735853,-0.00027498905593956175,-0.006168109185939129,0.004014596814129939,-0.004320429078580846,0.010563620385013128,0.00783465661796723,0.009508960259247388
2007-11-12,13.02576,"13.044,21","13.058,98","12.996,57",,"0,26%",0.0025974609620341015,-0.0019178071215735853,-0.00027498905593956175,-0.006168109185939129,0.019433413336360027,0.010615628185320821,0.007848147193032163,0.009498275291877994
2007-11-13,12.95611,"13.025,76","13.025,76","12.941,81",,"-0,53%",-0.005361443717572867,0.0025974609620341015,-0.0019178071215735853,-0.00027498905593956175,0.004014596814129939,0.010538314736787383,0.0078001292112612735,0.009434464729660497
2007-11-14,12.97162,"12.956,48","12.978,37","12.829,67",,"0,12%",0.0011964026044745902,-0.005361443717572867,0.0025974609620341015,-0.0019178071215735853,-0.006168109185939129,0.010463609749649055,0.007739252487146382,0.009424128762008727
2007-11-15,13.007,"12.946,21","13.007,00","12.905,05",,"0,27%",0.0027237799293122417,0.0011964026044745902,-0.005361443717572867,0.0025974609620341015,-0.00027498905593956175,0.007336109818828147,0.007773099461153726,0.009425910775161143
2007-11-16,12.98741,"12.932,07","12.987,41","12.924,04",,"-0,15%",-0.0015072474204033846,0.0027237799293122417,0.0011964026044745902,-0.005361443717572867,-0.0019178071215735853,0.007152875185684655,0.007704356198427496,0.00942148370911104
2007-11-19,13.01819,"12.969,41","13.033,68","12.962,33",,"0,24%",0.0023671835583971203,-0.0015072474204033846,0.0027237799293122417,0.0011964026044745902,0.0025974609620341015,0.003489520541133081,0.0076953331244079635,0.00933830605491306
2007-11-20,13.00178,"13.001,29","13.047,79","12.996,78",,"-0,13%",-0.0012613390542464888,0.0023671835583971203,-0.0015072474204033846,0.0027237799293122417,-0.005361443717572867,0.0031591569355174953,0.007691723711149886,0.009304106473108947
2007-11-21,12.96357,"12.987,26","13.007,70","12.950,93",,"-0,29%",-0.002943155211215304,-0.0012613390542464888,0.0023671835583971203,-0.0015072474204033846,0.0011964026044745902,0.0026730108224325526,0.007628851039711689,0.009256444276105094
2007-11-22,12.89934,"12.941,83","12.942,51","12.885,27",,"-0,50%",-0.004966968686067055,-0.002943155211215304,-0.0012613390542464888,0.0023671835583971203,0.0027237799293122417,0.003029252122864842,0.007639729357116645,0.009259134133793067
2007-11-23,12.79809,"12.868,10","12.906,29","12.789,59",,"-0,78%",-0.00788020622672243,-0.004966968686067055,-0.002943155211215304,-0.0012613390542464888,-0.0015072474204033846,0.003751035888488919,0.007715441973002402,0.009316110489126605
2007-11-26,12.61422,"12.713,48","12.755,27","12.564,03",,"-1,44%",-0.014471192013338512,-0.00788020622672243,-0.004966968686067055,-0.002943155211215304,0.0023671835583971203,0.005258219762313473,0.008217748612005072,0.009506728949746298
2007-11-27,12.6005,"12.539,83","12.666,02","12.419,25",,"-0,11%",-0.0010882533182238723,-0.014471192013338512,-0.00788020622672243,-0.004966968686067055,-0.0012613390542464888,0.005237583588617191,0.008106681008275265,0.00927247430730168
2007-11-28,12.72805,"12.635,14","12.805,92","12.635,14",,"1,01%",0.010071723664937601,-0.0010882533182238723,-0.014471192013338512,-0.00788020622672243,-0.002943155211215304,0.006569487104341646,0.00850798976311967,0.008993325724347615
2007-11-29,12.80694,"12.790,76","12.891,38","12.784,49",,"0,62%",0.006178992120314484,0.010071723664937601,-0.0010882533182238723,-0.014471192013338512,-0.004966968686067055,0.006920900233946181,0.007082440404019767,0.007999642694570442
2007-11-30,12.68343,"12.859,41","12.859,41","12.683,43",,"-0,96%",-0.009690794333903307,0.006178992120314484,0.010071723664937601,-0.0010882533182238723,-0.00788020622672243,0.007383635388175479,0.007344673439616772,0.007039232336860825
2007-12-03,12.6592,"12.691,53","12.714,67","12.629,35",,"-0,19%",-0.0019121935949860407,-0.009690794333903307,0.006178992120314484,0.010071723664937601,-0.014471192013338512,0.007200414351828076,0.005661771933236576,0.007038320086212201
2007-12-04,12.64322,"12.609,43","12.671,88","12.601,34",,"-0,13%",-0.0012631204544576468,-0.0019121935949860407,-0.009690794333903307,0.006178992120314484,-0.0010882533182238723,0.007200372177887681,0.005511496375674846,0.006923539766386122
2007-12-05,12.5961,"12.612,83","12.635,38","12.552,44",,"-0,37%",-0.003733860876161659,-0.0012631204544576468,-0.0019121935949860407,-0.009690794333903307,0.010071723664937601,0.007206500345297975,0.005435817149323627,0.006515370349797607
2007-12-06,12.55494,"12.510,79","12.554,95","12.423,47",,"-0,33%",-0.0032730286099191064,-0.003733860876161659,-0.0012631204544576468,-0.0019121935949860407,0.006178992120314484,0.007171703388852911,0.005437042184674883,0.006412732978236139
2007-12-07,12.41444,"12.559,65","12.574,92","12.414,44",,"-1,12%",-0.01125390240855211,-0.0032730286099191064,-0.003733860876161659,-0.0012631204544576468,-0.009690794333903307,0.007513356282806346,0.0058334123106212376,0.006565809770776664
2007-12-10,12.54704,"12.432,22","12.457,52","12.358,33",,"1,07%",0.010624469968495741,-0.01125390240855211,-0.0032730286099191064,-0.003733860876161659,-0.0019121935949860407,0.007463242504585776,0.006431648487522374,0.006589702884473138
2007-12-11,12.52662,"12.549,18","12.563,96","12.495,91",,"-0,16%",-0.0016288012611252087,0.010624469968495741,-0.01125390240855211,-0.0032730286099191064,-0.0012631204544576468,0.007469657700543374,0.006379010774763809,0.006590125016672595
2007-12-12,12.49807,"12.509,62","12.530,18","12.464,63",,"-0,23%",-0.0022817475370783273,-0.0016288012611252087,0.010624469968495741,-0.01125390240855211,-0.003733860876161659,0.00646476817625346,0.006343618995098963,0.006580223298509318
2007-12-13,12.44429,"12.500,81","12.510,58","12.426,03",,"-0,43%",-0.00431234921977249,-0.0022817475370783273,-0.0016288012611252087,0.010624469968495741,-0.0032730286099191064,0.005843218668947127,0.006270748439530263,0.006520124942257425
2007-12-14,12.43634,"12.436,26","12.465,04","12.393,53",,"-0,06%",-0.0006390513640979116,-0.00431234921977249,-0.0022817475370783273,-0.0016288012611252087,-0.01125390240855211,0.0053499240307345475,0.006278878558986226,0.006441688999940021
2007-12-17,12.46581,"12.445,51","12.465,81","12.415,03",,"0,24%",0.002366865010266244,-0.0006390513640979116,-0.00431234921977249,-0.0022817475370783273,0.010624469968495741,0.005523149268037868,0.0062788664499756446,0.006419104482563637
2007-12-18,12.58608,"12.442,47","12.599,46","12.431,67",,"0,96%",0.009601744539666796,0.002366865010266244,-0.0006390513640979116,-0.00431234921977249,-0.0016288012611252087,0.0065556759739972235,0.0068089004079851445,0.0065391239627162635
2007-12-19,12.64212,"12.582,59","12.684,84","12.582,59",,"0,45%",0.004442654820606116,0.009601744539666796,0.002366865010266244,-0.0006390513640979116,-0.0022817475370783273,0.0066106755521025485,0.006932793711653575,0.006566212729218042
2007-12-20,12.55993,"12.659,92","12.665,74","12.559,14",,"-0,65%",-0.006522508397902889,0.004442654820606116,0.009601744539666796,0.002366865010266244,-0.00431234921977249,0.0068835863114059676,0.006985151504448137,0.006597877447906955
2007-12-24,12.50397,"12.561,29","12.603,93","12.470,30",,"-0,45%",-0.004465393892062661,-0.006522508397902889,0.004442654820606116,0.009601744539666796,-0.0006390513640979116,0.005912278818041903,0.0068572626930886215,0.00655584112445966
2007-12-25,12.44629,"12.480,18","12.521,24","12.446,29",,"-0,46%",-0.004623607349635545,-0.004465393892062661,-0.006522508397902889,0.004442654820606116,0.002366865010266244,0.004963841958756907,0.006170506961190215,0.006554139201753415
2007-12-26,12.42771,"12.431,04","12.493,17","12.394,20",,"-0,15%",-0.001493929682046359,-0.004623607349635545,-0.004465393892062661,-0.006522508397902889,0.009601744539666796,0.004961541297494607,0.006172620252686907,0.006509906958216748
2007-12-27,12.51013,"12.442,18","12.510,13","12.424,56",,"0,66%",0.006610059259107346,-0.001493929682046359,-0.004623607349635545,-0.004465393892062661,0.004442654820606116,0.005438849574334161,0.005897358348257263,0.006567012009029496
2007-12-28,12.61784,"12.538,23","12.617,84","12.527,97",,"0,86%",0.008572969458757731,0.006610059259107346,-0.001493929682046359,-0.004623607349635545,-0.006522508397902889,0.005793104445073527,0.006069602690354036,0.006661778135545592
2007-12-31,12.69497,"12.630,57","12.709,47","12.624,53",,"0,61%",0.00609416644852185,0.008572969458757731,0.006610059259107346,-0.001493929682046359,-0.004465393892062661,0.005921586129493823,0.005867894535994561,0.006686949183961515
2008-01-02,12.97567,"12.727,92","12.976,76","12.727,01",,"2,21%",0.021870213464944336,0.00609416644852185,0.008572969458757731,0.006610059259107346,-0.004623607349635545,0.0086278953557659,0.00760338668588581,0.007273684813302199
2008-01-03,13.06795,"13.022,65","13.079,13","13.022,32",,"0,71%",0.007086602107612939,0.021870213464944336,0.00609416644852185,0.008572969458757731,-0.001493929682046359,0.008482161850151075,0.007687788856899777,0.0072284436416439595
2008-01-04,13.24658,"13.103,91","13.254,10","13.103,12",,"1,37%",0.013576738316422695,0.007086602107612939,0.021870213464944336,0.00609416644852185,0.006610059259107346,0.009037793343612953,0.00801691037996256,0.007392877618034209
2008-01-07,13.36278,"13.322,14","13.501,52","13.322,14",,"0,88%",0.008733824386660207,0.013576738316422695,0.007086602107612939,0.021870213464944336,0.008572969458757731,0.008185936657795228,0.008010019489532384,0.007422091286580708
2008-01-08,13.40023,"13.405,72","13.409,19","13.314,35",,"0,28%",0.002798640694270243,0.008733824386660207,0.013576738316422695,0.007086602107612939,0.00609416644852185,0.0074213188039620945,0.0072646437490219975,0.007376691097265899
2008-01-09,13.61338,"13.419,24","13.615,36","13.407,55",,"1,59%",0.015781261645565262,0.002798640694270243,0.008733824386660207,0.013576738316422695,0.021870213464944336,0.006660081639111551,0.007602497199334728,0.007629643459457584
2008-01-14,13.58659,"13.673,80","13.723,66","13.586,59",,"-0,20%",-0.001969855750784992,0.015781261645565262,0.002798640694270243,0.008733824386660207,0.007086602107612939,0.006744277779201044,0.007616342391691072,0.007609430514276646
2008-01-15,13.68266,"13.629,10","13.688,62","13.584,90",,"0,71%",0.007046060853530482,-0.001969855750784992,0.015781261645565262,0.002798640694270243,0.013576738316422695,0.006729110177052361,0.0074920578726301625,0.00761637988305011
2008-01-16,13.72294,"13.648,48","13.722,94","13.631,69",,"0,29%",0.0029395473191424484,0.007046060853530482,-0.001969855750784992,0.015781261645565262,0.008733824386660207,0.0069955562152615395,0.007211953342016351,0.0076203727458988065
2008-01-17,13.89265,"13.763,31","13.892,65","13.763,31",,"1,24%",0.01229103825025929,0.0029395473191424484,0.007046060853530482,-0.001969855750784992,0.002798640694270243,0.007043330138766464,0.007269509839986546,0.007753126694158889
2008-01-18,13.84407,"13.919,94","13.922,22","13.835,13",,"-0,35%",-0.0035029412039676512,0.01229103825025929,0.0029395473191424484,0.007046060853530482,0.015781261645565262,0.006442565019259428,0.007518454613033165,0.007769864986110291
2008-01-21,13.59139,"13.790,96","13.790,96","13.591,39",,"-1,83%",-0.018420478080677764,-0.0035029412039676512,0.01229103825025929,0.0029395473191424484,-0.001969855750784992,0.010154731642251365,0.009106781000060163,0.008151022633999775
2008-01-22,13.3752,"13.446,64","13.451,98","13.174,69",,"-1,59%",-0.016034258080435317,-0.018420478080677764,-0.0035029412039676512,0.01229103825025929,0.007046060853530482,0.011282942664125906,0.010129388616736686,0.008412731398217833
2008-01-23,13.59371,"13.414,48","13.645,11","13.414,48",,"1,63%",0.01620493981459342,-0.016034258080435317,-0.018420478080677764,-0.0035029412039676512,0.0029395473191424484,0.012074046303313006,0.010299732889339011,0.008659897152520333
2008-01-24,13.70203,"13.626,21","13.703,57","13.619,92",,"0,80%",0.00793681128381045,0.01620493981459342,-0.016034258080435317,-0.018420478080677764,0.01229103825025929,0.012233634936892645,0.010138182041070677,0.008673153772121434
2008-01-25,13.71549,"13.715,56","13.749,94","13.698,43",,"0,10%",0.0009818540175281095,0.00793681128381045,0.01620493981459342,-0.016034258080435317,-0.0035029412039676512,0.011268899383942464,0.00994616683455208,0.008673148849034609
2008-01-28,13.69772,"13.716,80","13.726,71","13.697,69",,"-0,13%",-0.0012964554307197018,0.0009818540175281095,0.00793681128381045,0.01620493981459342,-0.018420478080677764,0.011252859053685688,0.009939628132546206,0.008667615716505641
2008-01-29,13.70605,"13.639,43","13.706,66","13.636,15",,"0,06%",0.0006079455678224242,-0.0012964554307197018,0.0009818540175281095,0.00793681128381045,-0.016034258080435317,0.011038862429704126,0.009974716448828287,0.008617853264219768
2008-01-30,13.75916,"13.660,95","13.759,77","13.654,66",,"0,39%",0.0038674429358218944,0.0006079455678224242,-0.0012964554307197018,0.0009818540175281095,0.01620493981459342,0.01106858146730819,0.009930599751771038,0.008063284772817083
2008-01-31,13.80979,"13.725,95","13.815,54","13.711,30",,"0,37%",0.003672976803233061,0.0038674429358218944,0.0006079455678224242,-0.0012964554307197018,0.00793681128381045,0.010339561393775435,0.009922711944816231,0.00803760354617871
2008-02-01,13.86551,"13.789,48","13.865,51","13.788,58",,"0,40%",0.004026700725084618,0.003672976803233061,0.0038674429358218944,0.0006079455678224242,0.0009818540175281095,0.010378619301021616,0.009011468779587483,0.00768586714172293
2008-02-04,13.94106,"13.877,70","13.968,78","13.865,19",,"0,54%",0.005433980955163752,0.004026700725084618,0.003672976803233061,0.0038674429358218944,-0.0012964554307197018,0.008133397571707805,0.008982609088070203,0.007697440807284202
2008-02-05,13.88796,"13.915,77","13.917,38","13.834,74",,"-0,38%",-0.0038161648841220906,0.005433980955163752,0.004026700725084618,0.003672976803233061,0.0006079455678224242,0.005536086222995903,0.008767936926558053,0.007666058052089703
2008-02-06,13.93424,"13.848,42","13.934,75","13.835,17",,"0,33%",0.003326842786345358,-0.0038161648841220906,0.005433980955163752,0.004026700725084618,0.0038674429358218944,0.0034093402775717202,0.00864367680298779,0.007669409477500232
2008-02-07,13.98661,"13.938,76","13.996,77","13.937,64",,"0,38%",0.0037513228583216617,0.003326842786345358,-0.0038161648841220906,0.005433980955163752,0.003672976803233061,0.002880035589352245,0.008650387994737137,0.007666082636165343
2008-02-08,13.98263,"13.948,38","13.990,65","13.948,38",,"-0,03%",-0.00028459836784015623,0.0037513228583216617,0.003326842786345358,-0.0038161648841220906,0.004026700725084618,0.0029592560216908054,0.008041635097511329,0.0076663950779192885
2008-02-11,13.97186,"13.962,13","13.991,32","13.948,53",,"-0,08%",-0.0007705381520373361,-0.00028459836784015623,0.0037513228583216617,0.003326842786345358,0.005433980955163752,0.0028996369706495127,0.008020112172154573,0.007622772234436166
2008-02-12,14.04004,"14.008,50","14.054,81","14.006,53",,"0,49%",0.004867940742151224,-0.0007705381520373361,-0.00028459836784015623,0.0037513228583216617,-0.0038161648841220906,0.0029870164821195087,0.007953896479630232,0.007636993164598488
2008-02-13,14.0633,"14.003,61","14.092,25","14.001,77",,"0,17%",0.001655319638960673,0.004867940742151224,-0.0007705381520373361,-0.00028459836784015623,0.003326842786345358,0.002948555223727902,0.007945050888075973,0.007634907813321701
2008-02-14,14.10653,"14.077,84","14.144,41","14.041,87",,"0,31%",0.003069243508850817,0.001655319638960673,0.004867940742151224,-0.0007705381520373361,0.0037513228583216617,0.0029207842869334788,0.0075255512203481695,0.007629231690321404
2008-02-15,14.26722,"14.134,52","14.269,65","14.132,71",,"1,14%",0.011326787469982872,0.003069243508850817,0.001655319638960673,0.004867940742151224,-0.00028459836784015623,0.004116247685906609,0.007808286031938145,0.007735866422230927
2008-02-18,14.47018,"14.275,80","14.470,18","14.275,80",,"1,42%",0.014125381881834395,0.011326787469982872,0.003069243508850817,0.001655319638960673,-0.0007705381520373361,0.005429243398485649,0.006757764380981967,0.007895261625555946
2008-02-19,14.32794,"14.415,26","14.415,26","14.327,94",,"-0,98%",-0.009878502951131867,0.014125381881834395,0.011326787469982872,0.003069243508850817,0.004867940742151224,0.006581142669406441,0.0059280998366037395,0.00801548517220675
2008-02-20,14.36939,"14.374,36","14.374,36","14.234,03",,"0,29%",0.002888772497304656,-0.009878502951131867,0.014125381881834395,0.011326787469982872,0.001655319638960673,0.006581062856531987,0.005110419829780997,0.007969299279591984
2008-02-21,14.60049,"14.408,13","14.641,90","14.408,13",,"1,61%",0.015954840152689876,0.002888772497304656,-0.009878502951131867,0.014125381881834395,0.003069243508850817,0.00774834050581644,0.005804111241023667,0.00807204744446244
2008-02-22,14.60287,"14.595,99","14.693,96","14.555,24",,"0,02%",0.00016299494340836355,0.015954840152689876,0.002888772497304656,-0.009878502951131867,0.011326787469982872,0.0077201850870519785,0.005823256936660983,0.007775546150297916
2008-02-25,14.48284,"14.604,21","14.637,58","14.482,84",,"-0,82%",-0.008253584415583246,0.00016299494340836355,0.015954840152689876,0.002888772497304656,0.014125381881834395,0.00858484350533264,0.006290898513766278,0.007884908179706081
2008-02-26,14.54298,"14.563,16","14.563,16","14.487,49",,"0,42%",0.00414390263978497,-0.008253584415583246,0.00016299494340836355,0.015954840152689876,-0.009878502951131867,0.00857593450649036,0.006276112465836511,0.007823034357233152
2008-02-27,14.55465,"14.574,49","14.594,71","14.532,29",,"0,08%",0.0008021272265620456,0.00414390263978497,-0.008253584415583246,0.00016299494340836355,0.002888772497304656,0.008600749664289762,0.006290289520878012,0.0078077156346818815
2008-02-28,14.57907,"14.596,84","14.608,24","14.547,45",,"0,17%",0.0016764083487485818,0.0008021272265620456,0.00414390263978497,-0.008253584415583246,0.015954840152689876,0.008618576074971256,0.0062917206955360235,0.007652339033085177
2008-02-29,14.48154,"14.556,06","14.567,03","14.477,11",,"-0,67%",-0.006712203644279273,0.0016764083487485818,0.0008021272265620456,0.00414390263978497,0.00016299494340836355,0.008638476782325332,0.006622994671699694,0.0077221220735925605
2008-03-03,14.41102,"14.411,02","14.411,02","14.411,02",,"-0,49%",-0.004881543209584844,-0.006712203644279273,0.0016764083487485818,0.0008021272265620456,-0.008253584415583246,0.00757529193363876,0.006756049096736159,0.007763971785384251
2008-03-04,14.27007,"14.394,05","14.394,05","14.220,03",,"-0,98%",-0.009828854811354256,-0.004881543209584844,-0.006712203644279273,0.0016764083487485818,0.00414390263978497,0.007568409713750959,0.0071355682899934235,0.007881657052159822
2008-03-05,14.36547,"14.277,57","14.365,51","14.241,26",,"0,67%",0.006663073436176954,-0.009828854811354256,-0.004881543209584844,-0.006712203644279273,0.0008021272265620456,0.007840135073522403,0.0072225060805357144,0.007871663784184012
2008-03-06,14.44179,"14.364,79","14.464,81","14.350,59",,"0,53%",0.005298676692133586,0.006663073436176954,-0.009828854811354256,-0.004881543209584844,0.0016764083487485818,0.005914122890286048,0.007255832695636397,0.007678224969619388
2008-03-07,14.49866,"14.449,89","14.503,80","14.430,16",,"0,39%",0.003930144362047843,0.005298676692133586,0.006663073436176954,-0.009828854811354256,-0.006712203644279273,0.006119424530294298,0.0072593819688776895,0.007606784475754732
2008-03-10,14.52906,"14.475,97","14.570,69","14.475,97",,"0,21%",0.002094550389358116,0.003930144362047843,0.005298676692133586,0.006663073436176954,-0.004881543209584844,0.005551833233849184,0.007233961166226378,0.007588446965986887
2008-03-11,14.63681,"14.549,23","14.648,20","14.525,54",,"0,74%",0.0073888068631159055,0.002094550389358116,0.003930144362047843,0.005298676692133586,-0.009828854811354256,0.005885079364378299,0.00730895486712891,0.007588476377707043
2008-03-12,14.88683,"14.614,98","14.893,72","14.595,12",,"1,71%",0.016937340855064667,0.0073888068631159055,0.002094550389358116,0.003930144362047843,0.006663073436176954,0.007825523173960182,0.008025743332013117,0.007752937433766353
2008-03-13,14.92599,"14.886,44","14.960,24","14.844,61",,"0,26%",0.0026270592665636455,0.016937340855064667,0.0073888068631159055,0.002094550389358116,0.005298676692133586,0.007823465306367948,0.008025703350149413,0.007738499776977141
2008-03-14,14.82892,"14.904,17","14.904,17","14.809,70",,"-0,65%",-0.006524660593176345,0.0026270592665636455,0.016937340855064667,0.0073888068631159055,0.003930144362047843,0.007799511335008222,0.00802288846453245,0.007836155199670071
2008-03-17,14.7999,"14.802,58","14.837,45","14.773,65",,"-0,20%",-0.001958904153448114,-0.006524660593176345,0.0026270592665636455,0.016937340855064667,0.002094550389358116,0.007548282063899954,0.00752697871316434,0.007810493078843928
2008-03-18,14.70483,"14.798,78","14.798,78","14.667,84",,"-0,64%",-0.006444412744994268,-0.001958904153448114,-0.006524660593176345,0.0026270592665636455,0.0073888068631159055,0.006980480864804312,0.007298419407268631,0.007895335258461842
2008-03-19,14.71072,"14.671,38","14.710,72","14.649,07",,"0,04%",0.0004004684650613207,-0.006444412744994268,-0.001958904153448114,-0.006524660593176345,0.016937340855064667,0.0068958608795587776,0.007291083747816349,0.007811099098112729
2008-03-24,14.65138,"14.689,29","14.702,07","14.625,76",,"-0,40%",-0.004041950731606486,0.0004004684650613207,-0.006444412744994268,-0.001958904153448114,0.0026270592665636455,0.007085815064718608,0.006483866323883546,0.007804764367285457
2008-03-25,14.69325,"14.656,99","14.709,31","14.640,44",,"0,29%",0.002853675675167992,-0.004041950731606486,0.0004004684650613207,-0.006444412744994268,-0.006524660593176345,0.007051891591582359,0.006511482291364498,0.007746271144744112
2008-03-26,14.62926,"14.693,45","14.693,45","14.565,21",,"-0,44%",-0.004364571899292543,0.002853675675167992,-0.004041950731606486,0.0004004684650613207,-0.001958904153448114,0.00726693779921307,0.006296869208991324,0.007781812271404534
2008-03-27,14.66578,"14.634,81","14.666,01","14.561,99",,"0,25%",0.0024932561224255884,-0.004364571899292543,0.002853675675167992,-0.004041950731606486,-0.006444412744994268,0.0069220257189796935,0.006257329375545011,0.00776504717835569
2008-03-28,14.63918,"14.663,59","14.663,59","14.528,49",,"-0,18%",-0.0018153928417141403,0.0024932561224255884,-0.004364571899292543,0.002853675675167992,0.0004004684650613207,0.00364998556095032,0.006276270506508191,0.007746528447662342
2008-03-31,14.68413,"14.488,93","14.687,49","14.485,88",,"0,31%",0.003065822733387902,-0.0018153928417141403,0.0024932561224255884,-0.004364571899292543,-0.004041950731606486,0.003709630381814576,0.006300073739275315,0.007732410767423571
2008-04-01,14.57918,"14.684,48","14.684,48","14.579,18",,"-0,71%",-0.00717283519662904,0.003065822733387902,-0.0018153928417141403,0.0024932561224255884,0.002853675675167992,0.0038089189350152307,0.006328064816769256,0.007396315744398667
2008-04-02,14.36251,"14.558,45","14.567,36","14.362,51",,"-1,49%",-0.014973144140044827,-0.00717283519662904,0.003065822733387902,-0.0018153928417141403,-0.004364571899292543,0.005674333030966614,0.007118909382932944,0.0076791233344967996
2008-04-03,14.58373,"14.372,43","14.639,02","14.372,43",,"1,54%",0.015285184333353397,-0.014973144140044827,-0.00717283519662904,0.003065822733387902,0.0024932561224255884,0.007923558177351357,0.007528407091192722,0.007727398223466655
2008-04-04,14.71616,"14.622,10","14.716,79","14.622,10",,"0,91%",0.009039685937528531,0.015285184333353397,-0.014973144140044827,-0.00717283519662904,-0.0018153928417141403,0.008520728234773213,0.007638996344416727,0.0077322815809605094
2008-04-07,14.86109,"14.808,41","14.894,77","14.716,07",,"0,98%",0.009800178175010974,0.009039685937528531,0.015285184333353397,-0.014973144140044827,0.003065822733387902,0.008900358233069186,0.007829862869406654,0.007803064694995551
2008-04-08,14.8783,"14.866,79","14.924,63","14.858,68",,"0,12%",0.0011573876882565802,0.009800178175010974,0.009039685937528531,0.015285184333353397,-0.00717283519662904,0.008886176613804704,0.007807800128625245,0.007581811727076811
2008-04-09,14.84819,"14.874,80","14.922,09","14.826,19",,"-0,20%",-0.0020258032682172783,0.0011573876882565802,0.009800178175010974,0.009039685937528531,-0.014973144140044827,0.008751700885618961,0.007839814338185667,0.007582246736655526
2008-04-10,14.8045,"14.840,35","14.858,86","14.750,42",,"-0,29%",-0.0029467836891219922,-0.0020258032682172783,0.0011573876882565802,0.009800178175010974,0.015285184333353397,0.00885061115230315,0.007742552511479319,0.007567646120008974
2008-04-11,14.78913,"14.806,18","14.817,52","14.758,83",,"-0,10%",-0.0010387371459322898,-0.0029467836891219922,-0.0020258032682172783,0.0011573876882565802,0.009039685937528531,0.008827108059855971,0.006718087870479326,0.00757058416347258
2008-04-14,14.52647,"14.688,70","14.758,10","14.526,47",,"-1,78%",-0.017919949026735167,-0.0010387371459322898,-0.0029467836891219922,-0.0020258032682172783,0.009800178175010974,0.010602508013982168,0.007736129900436411,0.00782402205553285
2008-04-15,14.53167,"14.526,39","14.531,95","14.368,61",,"0,04%",0.00035790315935633956,-0.017919949026735167,-0.0010387371459322898,-0.0029467836891219922,0.0011573876882565802,0.01038687473611712,0.0076466994735383135,0.007804357323985748
2008-04-16,14.59135,"14.532,31","14.601,46","14.500,66",,"0,41%",0.004098481787933112,0.00035790315935633956,-0.017919949026735167,-0.0010387371459322898,-0.0020258032682172783,0.009065591675619586,0.007726779982537299,0.00739470460203231
2008-04-17,14.57036,"14.585,54","14.585,54","14.488,19",,"-0,14%",-0.0014395591770750894,0.004098481787933112,0.00035790315935633956,-0.017919949026735167,-0.0029467836891219922,0.007695624838075314,0.007611457956919004,0.007050790846503843
2008-04-18,14.55455,"14.550,44","14.587,65","14.494,23",,"-0,11%",-0.001085668697544956,-0.0014395591770750894,0.004098481787933112,0.00035790315935633956,-0.0010387371459322898,0.006994893874167406,0.007609876396425018,0.006784865656081216
2008-04-21,14.63499,"14.567,10","14.635,39","14.502,52",,"0,55%",0.00551157734108192,-0.001085668697544956,-0.0014395591770750894,0.004098481787933112,-0.017919949026735167,0.006354178219592318,0.007677606156141615,0.006750815848508082
2008-04-22,14.57431,"14.634,59","14.634,59","14.523,99",,"-0,41%",-0.004154847072128978,0.00551157734108192,-0.001085668697544956,-0.0014395591770750894,0.00035790315935633956,0.006326249696941284,0.00769773018777495,0.006784797329695587
2008-04-23,14.48389,"14.552,04","14.552,04","14.483,87",,"-0,62%",-0.0062233924905870505,-0.004154847072128978,0.00551157734108192,-0.001085668697544956,0.004098481787933112,0.006461227833049299,0.007759013439032768,0.006842780137682482
2008-04-24,14.39123,"14.496,18","14.496,18","14.374,79",,"-0,64%",-0.006418004015998585,-0.0062233924905870505,-0.004154847072128978,0.00551157734108192,-0.0014395591770750894,0.006580980937510693,0.007833625470850513,0.006908191222722775
2008-04-25,14.33577,"14.369,22","14.385,90","14.325,59",,"-0,39%",-0.0038611806943363363,-0.006418004015998585,-0.0062233924905870505,-0.004154847072128978,-0.001085668697544956,0.006556040463421037,0.007858906334097445,0.006922312847404865
2008-04-28,14.39725,"14.423,86","14.423,86","14.324,43",,"0,43%",0.004279403545125644,-0.0038611806943363363,-0.006418004015998585,-0.0062233924905870505,0.00551157734108192,0.004384015920339672,0.00789692757903382,0.006927191626545816
2008-04-29,14.49496,"14.404,91","14.495,84","14.352,37",,"0,68%",0.006763786675328998,0.004279403545125644,-0.0038611806943363363,-0.006418004015998585,-0.004154847072128978,0.0050104471094135775,0.007937097144558647,0.0069584503273182104
2008-04-30,14.38779,"14.499,89","14.501,81","14.385,17",,"-0,74%",-0.007421072566929508,0.006763786675328998,0.004279403545125644,-0.0038611806943363363,-0.0062233924905870505,0.005218753100825525,0.0073604689927115555,0.00700918983438274
2008-05-02,14.3846,"14.391,70","14.419,43","14.370,54",,"-0,02%",-0.00022174035685400953,-0.007421072566929508,0.006763786675328998,0.004279403545125644,-0.006418004015998585,0.005232046573496717,0.006433750148862161,0.0069867761197158805
2008-05-05,14.29201,"14.370,64","14.395,65","14.292,01",,"-0,64%",-0.006457550020707441,-0.00022174035685400953,-0.007421072566929508,0.006763786675328998,-0.0038611806943363363,0.005479445394747958,0.0061264713611884165,0.007035724025774585
2008-05-06,14.39456,"14.315,90","14.455,94","14.315,90",,"0,72%",0.007149717575121767,-0.006457550020707441,-0.00022174035685400953,-0.007421072566929508,0.004279403545125644,0.00574122850342411,0.005894295522663584,0.007076536880732916
2008-05-07,14.32305,"14.397,41","14.397,41","14.307,66",,"-0,50%",-0.0049802297477605706,0.007149717575121767,-0.006457550020707441,-0.00022174035685400953,0.006763786675328998,0.005786888226831594,0.005903231656823817,0.007111007527603019
2008-05-08,14.44747,"14.324,27","14.448,82","14.288,84",,"0,87%",0.008649185043404128,-0.0049802297477605706,0.007149717575121767,-0.006457550020707441,-0.007421072566929508,0.006386432789714457,0.006356606032568303,0.007188269932081416
2008-05-09,14.47019,"14.429,64","14.470,19","14.374,76",,"0,16%",0.0015713584484331625,0.008649185043404128,-0.0049802297477605706,0.007149717575121767,-0.00022174035685400953,0.006018462829522461,0.006377791850680868,0.00716733619003385
2008-05-12,14.57129,"14.479,90","14.571,40","14.427,51",,"0,70%",0.0069624832075652985,0.0015713584484331625,0.008649185043404128,-0.0049802297477605706,-0.006457550020707441,0.0061101429242482784,0.006630550391624721,0.007214392255143514
2008-05-13,14.63153,"14.528,45","14.631,53","14.505,67",,"0,41%",0.004125634815042313,0.0069624832075652985,0.0015713584484331625,0.008649185043404128,0.007149717575121767,0.006102922480605753,0.00532931203905142,0.007221827047428523
2008-05-14,14.56647,"14.631,59","14.640,78","14.493,59",,"-0,44%",-0.004456476996731226,0.004125634815042313,0.0069624832075652985,0.0015713584484331625,-0.0049802297477605706,0.006082355645415932,0.005437067367013632,0.0071114244618416525
2008-05-15,14.42624,"14.573,70","14.611,85","14.426,20",,"-0,96%",-0.009673541626725112,-0.004456476996731226,0.004125634815042313,0.0069624832075652985,0.008649185043404128,0.006439204566830552,0.005768621526847161,0.006992547289207472
2008-05-16,14.54373,"14.429,29","14.543,73","14.429,29",,"0,81%",0.00811120233496382,-0.009673541626725112,-0.004456476996731226,0.004125634815042313,0.0015713584484331625,0.006892193502644824,0.006079690914351143,0.006949556720217425
2008-05-19,14.44079,"14.539,36","14.539,36","14.388,27",,"-0,71%",-0.007103131796903704,0.00811120233496382,-0.009673541626725112,-0.004456476996731226,0.0069624832075652985,0.006973396614584356,0.006277171230826083,0.007004729977498823
2008-05-20,14.5007,"14.444,79","14.602,46","14.386,86",,"0,41%",0.004140083013891864,-0.007103131796903704,0.00811120233496382,-0.009673541626725112,0.004125634815042313,0.006741282892102904,0.006216477512519962,0.006710878091159449
2008-05-21,14.4608,"14.460,42","14.513,04","14.414,94",,"-0,28%",-0.0027553838885322254,0.004140083013891864,-0.007103131796903704,0.00811120233496382,-0.004456476996731226,0.006566154952202,0.006180481972593685,0.006719404820163889
2008-05-22,14.49023,"14.479,36","14.543,90","14.446,14",,"0,20%",0.002033088987665424,-0.0027553838885322254,0.004140083013891864,-0.007103131796903704,-0.009673541626725112,0.006015187915154622,0.006044653017427655,0.006640239605054409
2008-05-23,14.45108,"14.458,67","14.510,98","14.415,88",,"-0,27%",-0.0027054769725497235,0.002033088987665424,-0.0027553838885322254,0.004140083013891864,0.00811120233496382,0.006066223037824204,0.005891546071451398,0.006626802772518129
2008-05-26,14.38616,"14.454,86","14.454,86","14.360,78",,"-0,45%",-0.004502518942530138,-0.0027054769725497235,0.002033088987665424,-0.0027553838885322254,-0.007103131796903704,0.005645186652032408,0.005916549258485635,0.006649832098032098
2008-05-27,14.34988,"14.381,46","14.381,46","14.203,30",,"-0,25%",-0.0025250535060818207,-0.004502518942530138,-0.0027054769725497235,0.002033088987665424,0.004140083013891864,0.005320163163963653,0.005863538890770978,0.006651922599096134
2008-05-28,14.297,"14.350,81","14.378,15","14.279,18",,"-0,37%",-0.003691854754300246,-0.0025250535060818207,-0.004502518942530138,-0.0027054769725497235,-0.0027553838885322254,0.005285417979208573,0.005676404711077744,0.0066136168433581
2008-05-29,14.51877,"14.303,07","14.518,77","14.303,07",,"1,55%",0.015392570017663575,-0.003691854754300246,-0.0025250535060818207,-0.004502518942530138,0.002033088987665424,0.006876315459007641,0.006486493218946373,0.006883502771458191
2008-05-30,14.51697,"14.522,73","14.592,81","14.516,43",,"-0,01%",-0.00012398513020881458,0.015392570017663575,-0.003691854754300246,-0.0025250535060818207,-0.0027054769725497235,0.006355450337346518,0.006485994740406021,0.006758552027639575
2008-06-02,14.48283,"14.493,55","14.496,73","14.450,44",,"-0,24%",-0.0023545000842586927,-0.00012398513020881458,0.015392570017663575,-0.003691854754300246,-0.004502518942530138,0.005945204003238596,0.006318468968922116,0.006714456439473594
2008-06-03,14.44609,"14.482,83","14.497,47","14.413,35",,"-0,25%",-0.0025400201426779285,-0.0023545000842586927,-0.00012398513020881458,0.015392570017663575,-0.0025250535060818207,0.005838967404129768,0.006164534839840484,0.006688504167420433
2008-06-04,14.56433,"14.445,54","14.564,33","14.341,90",,"0,82%",0.008151598959211338,-0.0025400201426779285,-0.0023545000842586927,-0.00012398513020881458,-0.003691854754300246,0.006342386190666727,0.00628431366672332,0.006752391691971409
2008-06-05,14.53161,"14.554,67","14.554,67","14.456,31",,"-0,22%",-0.002249111992453609,0.008151598959211338,-0.0025400201426779285,-0.0023545000842586927,0.015392570017663575,0.006387781803071894,0.006038807461255016,0.006753660714780726
2008-06-06,14.54634,"14.533,38","14.546,34","14.441,62",,"0,10%",0.0010131389083458714,-0.002249111992453609,0.008151598959211338,-0.0025400201426779285,-0.00012398513020881458,0.006302001493038578,0.006033863099750333,0.006685293554194684
2008-06-09,14.5043,"14.562,83","14.562,83","14.482,79",,"-0,29%",-0.002894258394753435,0.0010131389083458714,-0.002249111992453609,0.008151598959211338,-0.0023545000842586927,0.0061749410337431886,0.005857783474517439,0.006308113612860108
2008-06-10,14.46112,"14.492,35","14.502,64","14.436,80",,"-0,30%",-0.0029814884083548218,-0.002894258394753435,0.0010131389083458714,-0.002249111992453609,-0.0025400201426779285,0.006204014903628947,0.005794856192498809,0.006303540076012797
2008-06-11,14.38875,"14.467,32","14.508,20","14.383,58",,"-0,50%",-0.005017017532405857,-0.0029814884083548218,-0.002894258394753435,0.0010131389083458714,0.008151598959211338,0.006322972938696999,0.0058158797812506895,0.0062821969259959165
2008-06-12,14.36428,"14.387,92","14.459,91","14.273,01",,"-0,17%",-0.0017020818958999318,-0.005017017532405857,-0.0029814884083548218,-0.002894258394753435,-0.002249111992453609,0.0036275747181225082,0.005422141038215053,0.0062812750120944975
2008-06-13,14.39963,"14.352,60","14.421,49","14.290,91",,"0,25%",0.002457942456167802,-0.0017020818958999318,-0.005017017532405857,-0.0029814884083548218,0.0010131389083458714,0.0037905922938749424,0.005103204818424581,0.006243459230432043
2008-06-16,14.41301,"14.383,29","14.413,01","14.310,32",,"0,09%",0.0009287591114033762,0.002457942456167802,-0.0017020818958999318,-0.005017017532405857,-0.002894258394753435,0.0037842877938080526,0.004866597004439594,0.006244907227230851
2008-06-17,14.34914,"14.369,25","14.369,25","14.275,07",,"-0,44%",-0.004441260822657669,0.0009287591114033762,0.002457942456167802,-0.0017020818958999318,-0.0029814884083548218,0.0039435117851115845,0.004851704534496083,0.006249129772938658
2008-06-18,14.30362,"14.351,62","14.351,62","14.275,71",,"-0,32%",-0.0031773580133980144,-0.004441260822657669,0.0009287591114033762,0.002457942456167802,-0.005017017532405857,0.0024836518507695975,0.004862817554451756,0.006245271027215937
2008-06-19,14.2906,"14.303,59","14.303,59","14.244,53",,"-0,09%",-0.0009106736186418406,-0.0031773580133980144,-0.004441260822657669,0.0009287591114033762,-0.0017020818958999318,0.002493181603127065,0.004825034934460657,0.00622444116046708
2008-06-20,14.20861,"14.270,43","14.300,61","14.208,61",,"-0,57%",-0.005753859577354526,-0.0009106736186418406,-0.0031773580133980144,-0.004441260822657669,0.002457942456167802,0.002599362168788217,0.004938740666739188,0.006250687673003505
2008-06-23,14.06246,"14.202,92","14.202,92","14.062,31",,"-1,03%",-0.010339283370605027,-0.005753859577354526,-0.0009106736186418406,-0.0031773580133980144,0.0009287591114033762,0.0036333746834114047,0.005323633169630934,0.006376055357519235
2008-06-24,14.11756,"14.057,73","14.117,94","13.963,34",,"0,39%",0.003910577083945478,-0.010339283370605027,-0.005753859577354526,-0.0009106736186418406,-0.004441260822657669,0.004257138040284202,0.005428832680576179,0.006385369994676988
2008-06-25,14.15993,"14.053,20","14.160,01","14.037,88",,"0,30%",0.0029967321504350145,0.003910577083945478,-0.010339283370605027,-0.005753859577354526,-0.0031773580133980144,0.004460117947815203,0.005448337442673611,0.006344288224399535
2008-06-26,14.18896,"14.152,96","14.218,12","14.078,15",,"0,21%",0.0020480526854661516,0.0029967321504350145,0.003910577083945478,-0.010339283370605027,-0.0009106736186418406,0.004606134392959211,0.0040360688917759945,0.006059696513525916
2008-06-27,14.17239,"14.140,75","14.226,36","14.093,53",,"-0,12%",-0.0011684917597612327,0.0020480526854661516,0.0029967321504350145,0.003910577083945478,-0.005753859577354526,0.0044227978022591515,0.004028860119114709,0.005709083140065347
2008-06-30,14.19107,"14.174,41","14.191,07","14.116,04",,"0,13%",0.0013171878678264976,-0.0011684917597612327,0.0020480526854661516,0.0029967321504350145,-0.010339283370605027,0.004449011107152628,0.004057093609724235,0.00557640975646972
2008-07-01,14.21352,"14.188,55","14.213,52","14.119,97",,"0,16%",0.001580730767433776,0.0013171878678264976,-0.0011684917597612327,0.0020480526854661516,0.003910577083945478,0.0044219286878735015,0.0040802750573112135,0.005415074643171937
2008-07-02,14.19832,"14.213,45","14.213,45","14.064,30",,"-0,11%",-0.0010699765625980368,0.001580730767433776,0.0013171878678264976,-0.0011684917597612327,0.0029967321504350145,0.004353653913380996,0.0034928640655467144,0.0054094608690083285
2008-07-03,14.17768,"14.176,22","14.200,15","14.125,62",,"-0,15%",-0.0014547507499320413,-0.0010699765625980368,0.001580730767433776,0.0013171878678264976,0.0020480526854661516,0.004359434917936631,0.003485684410496557,0.005407733314137418
2008-07-04,14.21675,"14.180,87","14.216,75","14.129,89",,"0,28%",0.002751949918147063,-0.0014547507499320413,-0.0010699765625980368,0.001580730767433776,-0.0011684917597612327,0.004106484843961737,0.003565425917018696,0.005418889442670748
2008-07-07,14.2068,"14.188,87","14.206,80","14.119,27",,"-0,07%",-0.0007001236936579398,0.002751949918147063,-0.0014547507499320413,-0.0010699765625980368,0.0013171878678264976,0.0019709808392144477,0.003542481662713495,0.005418680709022213
2008-07-08,14.32791,"14.188,24","14.327,91","14.133,69",,"0,85%",0.008488660108193479,-0.0007001236936579398,0.002751949918147063,-0.0014547507499320413,0.001580730767433776,0.002986666074228955,0.004096182084933144,0.005054006274552253
2008-07-09,14.35921,"14.327,46","14.359,21","14.277,28",,"0,22%",0.0021821648475325536,0.008488660108193479,-0.0007001236936579398,0.002751949918147063,-0.0010699765625980368,0.0029515747457091695,0.003989840663046683,0.005063078361027794
2008-07-10,14.44812,"14.356,16","14.448,12","14.282,70",,"0,62%",0.006172754108798511,0.0021821648475325536,0.008488660108193479,-0.0007001236936579398,-0.0014547507499320413,0.0033180369922071167,0.004206394006241217,0.005099867227441892
2008-07-11,14.50458,"14.396,29","14.521,43","14.388,56",,"0,39%",0.003900159333594442,0.006172754108798511,0.0021821648475325536,0.008488660108193479,0.002751949918147063,0.0031974373337530317,0.004257548656620101,0.0051237724522593415
2008-07-14,14.50274,"14.477,88","14.524,53","14.468,83",,"-0,01%",-0.00012686452953728896,0.003900159333594442,0.006172754108798511,0.0021821648475325536,-0.0007001236936579398,0.003279166747817566,0.0042567102651971155,0.005122063137197646
2008-07-15,14.46516,"14.432,42","14.489,16","14.428,83",,"-0,26%",-0.002594597542947777,-0.00012686452953728896,0.003900159333594442,0.006172754108798511,0.008488660108193479,0.003611830176154839,0.0041673075640969925,0.005079356740636877
2008-07-16,14.39411,"14.468,29","14.483,29","14.394,11",,"-0,49%",-0.00492390441958973,-0.002594597542947777,-0.00012686452953728896,0.003900159333594442,0.0021821648475325536,0.004117029256753691,0.004263466565151531,0.005090478035912536
2008-07-17,14.36614,"14.373,16","14.383,21","14.295,29",,"-0,19%",-0.0019450462925753426,-0.00492390441958973,-0.002594597542947777,-0.00012686452953728896,0.006172754108798511,0.004157125059376374,0.004285339140457504,0.0050344353592802335
2008-07-18,14.42514,"14.340,66","14.441,05","14.340,66",,"0,41%",0.0040984688827608645,-0.0019450462925753426,-0.00492390441958973,-0.002594597542947777,0.003900159333594442,0.004229813613654799,0.004120305372375922,0.00499493258402959
2008-07-21,14.45273,"14.414,23","14.454,55","14.353,10",,"0,19%",0.0019108063298762582,0.0040984688827608645,-0.0019450462925753426,-0.00492390441958973,-0.00012686452953728896,0.004162031316332952,0.0031894649936047865,0.0049740787804064025
2008-07-22,14.42846,"14.461,41","14.461,41","14.399,17",,"-0,17%",-0.0016806790657116475,0.0019108063298762582,0.0040984688827608645,-0.0019450462925753426,-0.002594597542947777,0.0035155968301701676,0.003199965389818429,0.004949370372733654
2008-07-23,14.41708,"14.458,12","14.458,12","14.377,30",,"-0,08%",-0.0007890301648297236,-0.0016806790657116475,0.0019108063298762582,0.0040984688827608645,-0.00492390441958973,0.003501878601836627,0.0031931503224638083,0.004870784462272226
2008-07-24,14.45148,"14.417,20","14.451,48","14.404,48",,"0,24%",0.0023832166399617516,-0.0007890301648297236,-0.0016806790657116475,0.0019108063298762582,-0.0019450462925753426,0.0029731671658968953,0.003200364661277988,0.00478435643108293
2008-07-25,14.4634,"14.454,12","14.481,15","14.417,67",,"0,08%",0.0008244890295411229,0.0023832166399617516,-0.0007890301648297236,-0.0016806790657116475,0.0040984688827608645,0.002671310708892794,0.0031628309865600825,0.004785168213100054
2008-07-28,14.45096,"14.447,75","14.479,57","14.384,02",,"-0,09%",-0.0008604721506932901,0.0008244890295411229,0.0023832166399617516,-0.0007890301648297236,0.0019108063298762582,0.0026765744656067876,0.0031892999008969075,0.004709297225792863
2008-07-29,14.3355,"14.417,61","14.417,61","14.312,61",,"-0,80%",-0.008021869945621044,-0.0008604721506932901,0.0008244890295411229,0.0023832166399617516,-0.0016806790657116475,0.0035787488861293505,0.0037551998356405354,0.00473619377480996
2008-07-31,14.13469,"14.336,89","14.336,89","14.134,69",,"-1,40%",-0.014106918863166368,-0.008021869945621044,-0.0008604721506932901,0.0008244890295411229,-0.0007890301648297236,0.005426864561241984,0.004965309848047061,0.005033824199424174
2008-08-01,14.23785,"14.119,40","14.237,85","14.096,11",,"0,73%",0.007271851909619008,-0.014106918863166368,-0.008021869945621044,-0.0008604721506932901,0.0023832166399617516,0.006138990558612537,0.005227997589788068,0.004995685960397334
2008-08-04,14.12319,"14.210,97","14.274,73","14.123,19",,"-0,81%",-0.008085784209910811,0.007271851909619008,-0.014106918863166368,-0.008021869945621044,0.0008244890295411229,0.006245556799348241,0.005505169183862741,0.005090881589848227
2008-08-05,14.07269,"14.144,14","14.190,89","14.072,69",,"-0,36%",-0.003582087453811601,-0.008085784209910811,0.007271851909619008,-0.014106918863166368,-0.0008604721506932901,0.006091761605137664,0.005552874451530046,0.005013672898059208
2008-08-06,14.14236,"14.117,91","14.142,36","14.076,54",,"0,50%",0.004938509171358873,-0.003582087453811601,-0.008085784209910811,0.007271851909619008,-0.008021869945621044,0.006552739364659749,0.005302372938754373,0.005027683422550404
2008-08-07,14.11931,"14.047,32","14.173,46","14.003,97",,"-0,16%",-0.0016311849307478542,0.004938509171358873,-0.003582087453811601,-0.008085784209910811,-0.014106918863166368,0.00654080746405643,0.00526352502256228,0.0050038093478478665
2008-08-08,14.16163,"14.094,58","14.161,63","14.078,93",,"0,30%",0.0029928306193833416,-0.0016311849307478542,0.004938509171358873,-0.003582087453811601,0.007271851909619008,0.006589757797845668,0.005085480726128974,0.004876644768920452
2008-08-11,14.14261,"14.161,10","14.167,43","14.106,42",,"-0,13%",-0.0013439684558150464,0.0029928306193833416,-0.0016311849307478542,0.004938509171358873,-0.008085784209910811,0.006520851621753985,0.004952921195876613,0.004751107238188061
2008-08-12,14.15184,"14.143,52","14.151,84","14.109,45",,"0,07%",0.0006524247919577192,-0.0013439684558150464,0.0029928306193833416,-0.0016311849307478542,-0.003582087453811601,0.006573824310339913,0.004965384260890859,0.004672325773523792
2008-08-13,14.07992,"14.150,85","14.150,85","14.079,92",,"-0,51%",-0.005094982075501366,0.0006524247919577192,-0.0013439684558150464,0.0029928306193833416,0.004938509171358873,0.006341504773282628,0.005032713549438192,0.004674456634277863
2008-08-15,14.07349,"14.079,92","14.111,84","14.064,63",,"-0,05%",-0.0004567830406194264,-0.005094982075501366,0.0006524247919577192,-0.0013439684558150464,-0.0016311849307478542,0.004638178747448133,0.004964400708680964,0.004664991952667692
2008-08-18,13.91901,"14.059,22","14.078,06","13.919,01",,"-1,10%",-0.011037354167531217,-0.0004567830406194264,-0.005094982075501366,0.0006524247919577192,0.0029928306193833416,0.004866502371032308,0.005437129512350162,0.004848520902968684
2008-08-19,13.90817,"13.917,66","13.966,77","13.908,17",,"-0,08%",-0.0007790944356066972,-0.011037354167531217,-0.0004567830406194264,-0.005094982075501366,-0.0013439684558150464,0.004423810011950617,0.00527597856807404,0.004841188490581502
2008-08-22,13.90443,"13.907,15","13.926,46","13.894,53",,"-0,03%",-0.00026894285486032737,-0.0007790944356066972,-0.011037354167531217,-0.0004567830406194264,0.0006524247919577192,0.004377213594574533,0.0052169329621694445,0.004814691544561578
2008-08-25,13.88041,"13.913,41","13.970,38","13.880,41",,"-0,17%",-0.001729000849662667,-0.00026894285486032737,-0.0007790944356066972,-0.011037354167531217,-0.005094982075501366,0.0038086874732211826,0.005216820758306446,0.004810301049142706
2008-08-26,13.8828,"13.881,19","13.932,37","13.860,92",,"0,02%",0.00017217029341377892,-0.001729000849662667,-0.00026894285486032737,-0.0007790944356066972,-0.0004567830406194264,0.0038635288644541517,0.00523234979699979,0.004793420798889237
2008-08-27,13.90486,"13.886,37","13.905,68","13.853,19",,"0,16%",0.0015877554737879485,0.00017217029341377892,-0.001729000849662667,-0.00026894285486032737,-0.011037354167531217,0.003696260928416543,0.005201102693968809,0.004326742519005284
2008-08-28,13.98523,"13.941,70","13.985,23","13.915,53",,"0,58%",0.005763353396540625,0.0015877554737879485,0.00017217029341377892,-0.001729000849662667,-0.0007790944356066972,0.004413732712382892,0.0054499552550632165,0.004406511106183228
2008-08-29,13.99062,"13.974,18","14.021,11","13.943,29",,"0,04%",0.000385332353919078,0.005763353396540625,0.0015877554737879485,0.00017217029341377892,-0.00026894285486032737,0.004402615890128277,0.005466919843961627,0.004402446935020493
2008-09-01,14.08391,"13.968,44","14.083,91","13.968,44",,"0,67%",0.006645905977386385,0.000385332353919078,0.005763353396540625,0.0015877554737879485,-0.001729000849662667,0.004781631190022245,0.0055459924200732995,0.004491815747266392
2008-09-02,14.04486,"14.049,12","14.057,29","14.026,76",,"-0,28%",-0.0027765184959417455,0.006645905977386385,0.000385332353919078,0.005763353396540625,0.00017217029341377892,0.004863351773498874,0.004626861918049663,0.0043577888451830785
2008-09-03,14.07758,"14.039,69","14.077,58","14.008,98",,"0,23%",0.002326968411297533,-0.0027765184959417455,0.006645905977386385,0.000385332353919078,0.0015877554737879485,0.0030558468700416417,0.0043219688953794605,0.004368563161882168
2008-09-04,13.99973,"14.075,04","14.077,43","13.964,43",,"-0,55%",-0.005545417242694676,0.002326968411297533,-0.0027765184959417455,0.006645905977386385,0.005763353396540625,0.0036925630260435066,0.004122044524999153,0.004411166540924293
2008-09-05,13.90493,"14.000,22","14.000,22","13.903,75",,"-0,68%",-0.006794590202118305,-0.005545417242694676,0.002326968411297533,-0.0027765184959417455,0.000385332353919078,0.004385768141250164,0.004309306103662413,0.004473275833195853
2008-09-08,13.66749,"13.901,91","13.901,91","13.614,13",,"-1,71%",-0.017223433388836647,-0.006794590202118305,-0.005545417242694676,0.002326968411297533,0.006645905977386385,0.007014869625056669,0.005496192758721473,0.004948795369041369
2008-09-09,13.538,"13.634,18","13.634,18","13.502,67",,"-0,95%",-0.009519474037630305,-0.017223433388836647,-0.006794590202118305,-0.005545417242694676,-0.0027765184959417455,0.007409527678786443,0.005766787159135493,0.005044857835137448
2008-09-10,13.40249,"13.516,51","13.519,43","13.399,60",,"-1,00%",-0.01006003549659197,-0.009519474037630305,-0.017223433388836647,-0.006794590202118305,0.002326968411297533,0.0076058273288535485,0.005896972169834256,0.00517776918185159
2008-09-11,13.40137,"13.387,25","13.402,53","13.347,33",,"-0,01%",-8.357005301866693e-05,-0.01006003549659197,-0.009519474037630305,-0.017223433388836647,-0.005545417242694676,0.0069998306592331284,0.005919534514141714,0.005158069108344095
2008-09-12,13.27533,"13.374,15","13.374,15","13.273,92",,"-0,94%",-0.009449514960714426,-8.357005301866693e-05,-0.01006003549659197,-0.009519474037630305,-0.006794590202118305,0.0069647526117243555,0.006048740724754666,0.005258594419680146
2008-09-15,12.82584,"13.260,16","13.260,16","12.653,09",,"-3,39%",-0.03444553958807416,-0.009449514960714426,-8.357005301866693e-05,-0.01006003549659197,-0.017223433388836647,0.01042834424520344,0.009247936599117925,0.0067661253077847
2008-09-16,12.30251,"12.753,10","12.753,10","12.262,42",,"-4,08%",-0.041658579387432754,-0.03444553958807416,-0.009449514960714426,-8.357005301866693e-05,-0.009519474037630305,0.014250350298082241,0.012335121139309011,0.00849501585232562
2008-09-17,12.23058,"12.268,33","12.368,58","12.074,49",,"-0,58%",-0.005863933659690335,-0.041658579387432754,-0.03444553958807416,-0.009449514960714426,-0.01006003549659197,0.013469851050287545,0.01229409462132951,0.008503256031097362
2008-09-18,12.54737,"12.246,61","12.560,30","12.246,61",,"2,59%",0.025571708922778998,-0.005863933659690335,-0.041658579387432754,-0.03444553958807416,-8.357005301866693e-05,0.01836225912891777,0.014199881435448569,0.009236082174028114
2008-09-19,13.09211,"12.598,67","13.092,11","12.598,67",,"4,34%",0.04249867681756897,0.025571708922778998,-0.005863933659690335,-0.041658579387432754,-0.009449514960714426,0.025014062391690083,0.017749819976945528,0.010817988825911866
2008-09-22,13.44181,"13.137,69","13.441,81","13.137,69",,"2,67%",0.026360239965266628,0.04249867681756897,0.025571708922778998,-0.005863933659690335,-0.03444553958807416,0.026592883189830878,0.0189286464597683,0.011371521252049908
2008-09-23,13.32968,"13.446,09","13.446,09","13.216,62",,"-0,83%",-0.008376870745539791,0.026360239965266628,0.04249867681756897,0.025571708922778998,-0.041658579387432754,0.02655781706288017,0.018982842406626815,0.011401619123944783
2008-09-24,13.18624,"13.329,32","13.360,03","13.185,03",,"-1,08%",-0.010819266253096208,-0.008376870745539791,0.026360239965266628,0.04249867681756897,-0.005863933659690335,0.02658591658810929,0.01906086202707616,0.011464022324402905
2008-09-25,13.17403,"13.179,90","13.202,10","13.056,92",,"-0,09%",-0.0009263942192719769,-0.010819266253096208,-0.008376870745539791,0.026360239965266628,0.025571708922778998,0.02658181677918806,0.018963841273375637,0.011464083904809706
2008-09-26,13.11662,"13.159,22","13.187,66","13.072,89",,"-0,44%",-0.004367339054111925,-0.0009263942192719769,-0.010819266253096208,-0.008376870745539791,0.04249867681756897,0.026465753523643405,0.018949121293731778,0.011466270787092451
2008-09-29,12.97414,"13.117,30","13.117,30","12.974,14",,"-1,09%",-0.010921982829450736,-0.004367339054111925,-0.0009263942192719769,-0.010819266253096208,0.026360239965266628,0.024124604054318467,0.018874488108388633,0.011526255835304276
2008-09-30,12.4877,"12.903,64","12.903,64","12.465,55",,"-3,75%",-0.038213985682604396,-0.010921982829450736,-0.004367339054111925,-0.0009263942192719769,-0.008376870745539791,0.023460921742172392,0.02034910593301859,0.012461212604188653
2008-10-03,12.52932,"12.483,10","12.564,62","12.207,93",,"0,33%",0.003327337820293928,-0.038213985682604396,-0.010921982829450736,-0.004367339054111925,-0.010819266253096208,0.023320248867310843,0.020371546288500922,0.012480944907689084
2008-10-06,12.24054,"12.514,18","12.514,18","12.232,51",,"-2,30%",-0.023318103924642796,0.003327337820293928,-0.038213985682604396,-0.010921982829450736,-0.0009263942192719769,0.0230489078336844,0.020742930187311433,0.012761231065556556
2008-10-07,12.40314,"12.219,88","12.403,14","12.030,28",,"1,33%",0.0131962726031159,-0.023318103924642796,0.003327337820293928,-0.038213985682604396,-0.004367339054111925,0.0180071541467116,0.021215131055808835,0.012919472205373235
2008-10-08,12.29389,"12.402,20","12.402,20","12.172,70",,"-0,88%",-0.008847275370453572,0.0131962726031159,-0.023318103924642796,0.003327337820293928,-0.010921982829450736,0.014130774985163607,0.02105807487749987,0.012868700503231977
2008-10-09,12.0129,"12.281,45","12.281,45","12.012,90",,"-2,29%",-0.02312131860148058,-0.008847275370453572,0.0131962726031159,-0.023318103924642796,-0.038213985682604396,0.014819478300897602,0.02141822244297483,0.013123034557292704
2008-10-10,11.97133,"11.938,48","11.971,33","11.466,36",,"-0,35%",-0.0034664478806551054,-0.02312131860148058,-0.008847275370453572,0.0131962726031159,0.003327337820293928,0.014977991741193838,0.02140279026167002,0.013068054225883944
2008-10-13,12.51778,"11.972,20","12.517,78","11.972,20",,"4,56%",0.044635409147019536,-0.0034664478806551054,-0.02312131860148058,-0.008847275370453572,-0.023318103924642796,0.022812593285001022,0.024171346275388778,0.014427176931045746
2008-10-14,12.58117,"12.707,86","12.750,81","12.506,22",,"0,51%",0.005051218061464322,0.044635409147019536,-0.0034664478806551054,-0.02312131860148058,0.0131962726031159,0.02303994782702628,0.02419812798025608,0.014456797900870942
2008-10-15,12.4039,"12.568,97","12.568,97","12.300,65",,"-1,41%",-0.014190312426900388,0.005051218061464322,0.044635409147019536,-0.0034664478806551054,-0.008847275370453572,0.023169222308978363,0.023202288555756574,0.0145371495253569
2008-10-16,12.30793,"12.314,76","12.377,42","12.295,99",,"-0,77%",-0.007767169204387668,-0.014190312426900388,0.005051218061464322,0.044635409147019536,-0.02312131860148058,0.020034234538712236,0.021286773707340268,0.0145496074721727
2008-10-17,12.57251,"12.359,85","12.589,51","12.352,14",,"2,15%",0.021268914364616795,-0.007767169204387668,-0.014190312426900388,0.005051218061464322,-0.0034664478806551054,0.02127458702296294,0.021751447970907604,0.014872642047128124
2008-10-20,12.48982,"12.556,43","12.580,15","12.424,78",,"-0,66%",-0.00659877194600735,0.021268914364616795,-0.007767169204387668,-0.014190312426900388,0.044635409147019536,0.019815319053024714,0.021046281655373842,0.014859693680172526
2008-10-21,12.4641,"12.468,55","12.478,46","12.410,04",,"-0,21%",-0.0020614003016615127,-0.00659877194600735,0.021268914364616795,-0.007767169204387668,0.005051218061464322,0.0194427091305711,0.018488005006130254,0.014849002788462426
2008-10-22,12.34922,"12.428,02","12.441,35","12.325,24",,"-0,92%",-0.009259609018048712,-0.0020614003016615127,-0.00659877194600735,0.021268914364616795,-0.014190312426900388,0.019465136476584734,0.01723927936808738,0.014874412857705199
2008-10-23,12.12145,"12.342,08","12.342,08","12.121,45",,"-1,84%",-0.018616292735771707,-0.009259609018048712,-0.0020614003016615127,-0.00659877194600735,-0.007767169204387668,0.018903025399535964,0.017518422735322933,0.0150151439870064
2008-10-24,11.93546,"12.061,81","12.061,81","11.903,55",,"-1,53%",-0.01546280929780997,-0.018616292735771707,-0.009259609018048712,-0.0020614003016615127,0.021268914364616795,0.01957944787039792,0.01763347603309656,0.015085494820395276
2008-10-27,11.41185,"11.935,48","11.935,48","11.411,85",,"-4,39%",-0.0448615119451397,-0.01546280929780997,-0.018616292735771707,-0.009259609018048712,-0.00659877194600735,0.017048120573260418,0.019715308950703326,0.01600452645438519
2008-10-28,11.70897,"11.383,03","11.725,75","11.145,95",,"2,60%",0.025702925525627633,-0.0448615119451397,-0.01546280929780997,-0.018616292735771707,-0.0020614003016615127,0.01997295193831061,0.021042969726293603,0.016452556500400905
2008-10-29,11.84065,"11.805,88","11.939,69","11.770,32",,"1,12%",0.011183311866020796,0.025702925525627633,-0.0448615119451397,-0.01546280929780997,-0.009259609018048712,0.020586369731762345,0.021331493449524504,0.01654975805386607
2008-10-30,11.95346,"11.844,70","11.955,47","11.844,70",,"0,95%",0.009482249620297131,0.011183311866020796,0.025702925525627633,-0.0448615119451397,-0.018616292735771707,0.02101412722192701,0.01999672949789089,0.016566123666206776
2008-10-31,11.97753,"11.929,20","12.028,41","11.865,06",,"0,20%",0.0020116182503791516,0.009482249620297131,0.011183311866020796,0.025702925525627633,-0.01546280929780997,0.01936889333503327,0.019979793378610965,0.01652582324716814
2008-11-03,12.0038,"12.014,64","12.063,45","11.987,32",,"0,22%",0.0021908718580514962,0.0020116182503791516,0.009482249620297131,0.011183311866020796,-0.0448615119451397,0.019479737340773944,0.019369090163519873,0.016524222126092274
2008-11-04,12.14471,"12.003,76","12.239,26","12.003,76",,"1,17%",0.011670417703536235,0.0021908718580514962,0.0020116182503791516,0.009482249620297131,0.025702925525627633,0.020103176762098433,0.019313251565380954,0.016627576157862173
2008-11-05,12.22421,"12.128,58","12.259,81","12.106,67",,"0,65%",0.00652472756607694,0.011670417703536235,0.0021908718580514962,0.0020116182503791516,0.011183311866020796,0.02014145863111387,0.019292597655121778,0.016640787586397778
2008-11-07,12.10984,"12.254,97","12.263,50","12.102,87",,"-0,94%",-0.009400066339559546,0.00652472756607694,0.011670417703536235,0.0021908718580514962,0.009482249620297131,0.019445537319381177,0.018671725779361388,0.0166646800103474
2008-11-10,12.08437,"12.102,36","12.193,00","12.084,37",,"-0,21%",-0.0021054632004094903,-0.009400066339559546,0.00652472756607694,0.011670417703536235,0.0020116182503791516,0.018717825446919713,0.018659361651944914,0.016648883628961973
2008-11-11,11.95119,"12.042,83","12.063,28","11.904,83",,"-1,10%",-0.011082027046444006,-0.0021054632004094903,-0.009400066339559546,0.00652472756607694,0.0021908718580514962,0.010881159565288661,0.015632116717571337,0.016683427978708216
2008-11-12,11.83049,"11.890,27","11.978,18","11.830,49",,"-1,01%",-0.010150757758711298,-0.011082027046444006,-0.0021054632004094903,-0.009400066339559546,0.011670417703536235,0.008885568061196829,0.015624629950505797,0.01670375401983946
2008-11-13,11.79561,"11.846,20","11.911,04","11.790,01",,"-0,29%",-0.0029526688993149904,-0.010150757758711298,-0.011082027046444006,-0.0021054632004094903,0.00652472756607694,0.008188335471790308,0.015404419216058908,0.016701459208526857
2008-11-14,11.75165,"11.791,46","11.892,67","11.703,20",,"-0,37%",-0.003733772088193376,-0.0029526688993149904,-0.010150757758711298,-0.011082027046444006,-0.009400066339559546,0.007453021027457455,0.015358362294547456,0.016698524446539954
2008-11-17,11.67873,"11.758,11","11.789,94","11.661,50",,"-0,62%",-0.006224417651819918,-0.003733772088193376,-0.0029526688993149904,-0.010150757758711298,-0.0021054632004094903,0.007452024676786359,0.014332759812687569,0.01667082204063702
2008-11-19,11.55796,"11.678,05","11.678,05","11.553,56",,"-1,03%",-0.010394861528291202,-0.006224417651819918,-0.003733772088193376,-0.0029526688993149904,-0.011082027046444006,0.007627553382568582,0.014398331849020176,0.016696046120539605
2008-11-20,11.377,"11.508,35","11.508,35","11.299,52",,"-1,57%",-0.015780603525650225,-0.010394861528291202,-0.006224417651819918,-0.003733772088193376,-0.010150757758711298,0.00626534511436403,0.01463218591037003,0.016771624705109744
2008-11-21,11.12689,"11.323,20","11.323,20","11.093,68",,"-2,20%",-0.02222907229409719,-0.015780603525650225,-0.010394861528291202,-0.006224417651819918,-0.0029526688993149904,0.006206164658376089,0.015130206258125386,0.016946079890167984
2008-11-24,10.96906,"11.084,05","11.084,05","10.742,27",,"-1,42%",-0.014286118888446794,-0.02222907229409719,-0.015780603525650225,-0.010394861528291202,-0.003733772088193376,0.006395159961834681,0.014958295757942797,0.016993031009988432
2008-11-25,11.12553,"10.969,09","11.125,55","10.902,37",,"1,43%",0.014163884991936335,-0.014286118888446794,-0.02222907229409719,-0.015780603525650225,-0.006224417651819918,0.009773735909343292,0.01532946350797867,0.017139128882291597
2008-11-26,11.18908,"11.125,53","11.207,54","11.116,80",,"0,57%",0.00569583531239787,0.014163884991936335,-0.014286118888446794,-0.02222907229409719,-0.010394861528291202,0.010638615930786667,0.011947725653776334,0.01713849811370947
2008-11-27,11.23844,"11.212,72","11.270,18","11.186,62",,"0,44%",0.004401742118359969,0.00569583531239787,0.014163884991936335,-0.014286118888446794,-0.015780603525650225,0.011083328509148747,0.010275852188412909,0.017162622345916655
2008-11-28,11.11928,"11.236,27","11.294,32","11.119,28",,"-1,06%",-0.0106595062729875,0.004401742118359969,0.00569583531239787,0.014163884991936335,-0.02222907229409719,0.011182302171524019,0.009950890228522418,0.017132034522052947
2008-12-01,11.13219,"11.120,12","11.154,68","11.101,14",,"0,12%",0.0011603729055718929,-0.0106595062729875,0.004401742118359969,0.00569583531239787,-0.014286118888446794,0.011392989513524394,0.00956156008397478,0.017144097844895963
2008-12-02,10.94246,"11.124,83","11.124,83","10.899,57",,"-1,70%",-0.017190276825866206,0.0011603729055718929,-0.0106595062729875,0.004401742118359969,0.014163884991936335,0.011991537994469304,0.009929726064672049,0.01720948878746274
2008-12-03,10.72146,"10.942,19","10.942,19","10.710,27",,"-2,02%",-0.020403294205505993,-0.017190276825866206,0.0011603729055718929,-0.0106595062729875,0.00569583531239787,0.012745588405344456,0.010400276725705324,0.01733562724380725
2008-12-04,10.44286,"10.680,29","10.680,29","10.416,34",,"-2,60%",-0.026328849100748588,-0.020403294205505993,-0.017190276825866206,0.0011603729055718929,0.004401742118359969,0.01389089560585945,0.01053980315402876,0.0175624202865691
2008-12-05,10.39241,"10.442,86","10.508,45","10.391,46",,"-0,48%",-0.0048427592824487435,-0.026328849100748588,-0.020403294205505993,-0.017190276825866206,-0.0106595062729875,0.013053822581647683,0.01003535845739123,0.017486213431157496
2008-12-08,10.64962,"10.414,14","10.649,62","10.377,71",,"2,47%",0.02444847875194265,-0.0048427592824487435,-0.026328849100748588,-0.020403294205505993,0.0011603729055718929,0.016007802681848256,0.012386425049983898,0.017868800035592103
2008-12-11,10.83858,"10.644,35","10.858,46","10.644,35",,"1,77%",0.017587780353083716,0.02444847875194265,-0.0048427592824487435,-0.026328849100748588,-0.017190276825866206,0.01644528979920191,0.013482150897827182,0.01806527395470171
2008-12-12,10.84941,"10.838,88","11.010,15","10.800,48",,"0,10%",0.0009987095069826928,0.017587780353083716,0.02444847875194265,-0.0048427592824487435,-0.020403294205505993,0.016247491991248083,0.013486694888429244,0.018069322319266987
2008-12-15,11.04827,"10.875,50","11.048,27","10.862,10",,"1,83%",0.018163153993069118,0.0009987095069826928,0.017587780353083716,0.02444847875194265,-0.026328849100748588,0.017487336413213986,0.014357390968091579,0.01826632497485084
2008-12-16,11.1093,"11.048,88","11.150,08","11.048,88",,"0,55%",0.005508740745105212,0.018163153993069118,0.0009987095069826928,0.017587780353083716,-0.0048427592824487435,0.017314183070525322,0.014495894800405801,0.017825742786724826
2008-12-17,11.10791,"11.093,96","11.107,91","11.023,74",,"-0,01%",-0.00012512822283376214,0.005508740745105212,0.018163153993069118,0.0009987095069826928,0.02444847875194265,0.017308641058684023,0.014508697569577443,0.01706538461384524
2008-12-18,11.20156,"11.063,50","11.201,56","11.022,76",,"0,84%",0.008395587172885896,-0.00012512822283376214,0.005508740745105212,0.018163153993069118,0.017587780353083716,0.016387634845187883,0.014695080837580806,0.017105691751257035
2008-12-19,11.29099,"11.201,37","11.329,92","11.201,37",,"0,80%",0.007952008220866709,0.008395587172885896,-0.00012512822283376214,0.005508740745105212,0.0009987095069826928,0.014340356215265197,0.014721716259144849,0.016781854075272096
2008-12-22,11.55102,"11.288,57","11.551,02","11.288,57",,"2,30%",0.022768682220019668,0.007952008220866709,0.008395587172885896,-0.00012512822283376214,0.018163153993069118,0.01014738558316949,0.015222939359160588,0.016078518490258795
2008-12-23,11.31842,"11.545,98","11.610,30","11.313,38",,"-2,01%",-0.020342257695193662,0.022768682220019668,0.007952008220866709,0.008395587172885896,0.005508740745105212,0.013357052907263123,0.015078135760813422,0.01580615554897198
2008-12-24,11.06965,"11.235,47","11.275,23","11.069,65",,"-2,20%",-0.022224357823791327,-0.020342257695193662,0.022768682220019668,0.007952008220866709,-0.00012512822283376214,0.015205318523140512,0.015593317581371493,0.015988040551212022
2008-12-25,11.11482,"11.089,24","11.159,11","11.037,17",,"0,41%",0.004072223715164959,-0.022224357823791327,-0.020342257695193662,0.022768682220019668,0.008395587172885896,0.014431314711522206,0.015286676375404882,0.015981705936099228
2008-12-26,10.94314,"11.071,53","11.071,53","10.751,92",,"-1,54%",-0.015566577031913855,0.004072223715164959,-0.022224357823791327,-0.020342257695193662,0.007952008220866709,0.015533571309917102,0.015602277963894757,0.016063418202441178
2008-12-30,11.06257,"10.868,79","11.062,57","10.655,49",,"1,09%",0.01085456207651133,-0.015566577031913855,0.004072223715164959,-0.022224357823791327,0.022768682220019668,0.014782798388179634,0.015787897509735537,0.016162834876620062
2008-12-31,10.98429,"11.037,64","11.037,64","10.825,88",,"-0,71%",-0.007101267841171859,0.01085456207651133,-0.015566577031913855,0.004072223715164959,-0.020342257695193662,0.014810742608992233,0.015690558057337104,0.01613795515387241
2009-01-02,10.57698,"10.984,29","10.944,24","10.518,07",,"-3,71%",-0.037786128707682866,-0.007101267841171859,0.01085456207651133,-0.015566577031913855,-0.022224357823791327,0.018782158517764144,0.01774187895422297,0.016122116854050027
2009-01-05,10.09484,"10.576,98","10.585,35","10.094,84",,"-4,56%",-0.04665553924000305,-0.037786128707682866,-0.007101267841171859,0.01085456207651133,0.004072223715164959,0.0222082630304463,0.02008899621170206,0.017065570243889383
2009-01-06,9.76589,"10.094,03","10.094,03","9.697,59",,"-3,26%",-0.03312870020023103,-0.04665553924000305,-0.037786128707682866,-0.007101267841171859,-0.015566577031913855,0.02223526293053054,0.020822946626017698,0.017303036159159783
2009-01-07,9.57181,"9.761,65","9.792,19","9.528,19",,"-1,99%",-0.02007338172065365,-0.03312870020023103,-0.04665553924000305,-0.037786128707682866,0.01085456207651133,0.01797309370907564,0.020525309979861336,0.017283374098224183
2009-01-08,9.40586,"9.571,81","9.571,81","9.367,53",,"-1,73%",-0.017489420992336076,-0.02007338172065365,-0.03312870020023103,-0.04665553924000305,-0.007101267841171859,0.01796844874426343,0.020734869805384096,0.01735760458139295
2009-01-09,9.5893,"9.442,52","9.680,74","9.442,52",,"1,95%",0.019314994234954776,-0.017489420992336076,-0.02007338172065365,-0.03312870020023103,-0.037786128707682866,0.021473902966950335,0.020380049736757184,0.017448777847054592
2009-01-12,9.5488,"9.693,89","9.737,43","9.532,75",,"-0,42%",-0.004232401383324853,0.019314994234954776,-0.017489420992336076,-0.02007338172065365,-0.04665553924000305,0.02083306396356918,0.019664979927132516,0.017448842940395223
2009-01-13,9.56709,"9.505,33","9.567,09","9.471,43",,"0,19%",0.0019135918423097505,-0.004232401383324853,0.019314994234954776,-0.017489420992336076,-0.03312870020023103,0.021519650080819845,0.019683991728007496,0.016272160416618858
2009-01-14,9.66665,"9.509,90","9.685,57","9.486,98",,"1,04%",0.01035273318944205,0.0019135918423097505,-0.004232401383324853,0.019314994234954776,-0.02007338172065365,0.02145720007646139,0.019245941648683273,0.016339050755962217
2009-01-15,9.83751,"9.705,86","9.837,51","9.691,01",,"1,77%",0.01752081308248227,0.01035273318944205,0.0019135918423097505,-0.004232401383324853,-0.017489420992336076,0.023579326060285222,0.01982503603643559,0.016528513690970005
2009-01-16,9.92998,"9.920,59","9.943,23","9.835,35",,"0,94%",0.009355833694932798,0.01752081308248227,0.01035273318944205,0.0019135918423097505,0.019314994234954776,0.022313354706181752,0.020086523447714527,0.01660760428726542
2009-01-19,9.91519,"9.906,64","9.978,19","9.891,45",,"-0,15%",-0.0014905392836900243,0.009355833694932798,0.01752081308248227,0.01035273318944205,-0.004232401383324853,0.017232537484228008,0.019844032135556574,0.016287298675588206
2009-01-20,9.9989,"9.912,94","9.998,90","9.912,94",,"0,84%",0.008407162270929885,-0.0014905392836900243,0.009355833694932798,0.01752081308248227,0.0019135918423097505,0.013426580200647832,0.019861248176667057,0.016361096248889196
2009-01-21,9.9248,"9.994,55","10.009,35","9.878,97",,"-0,74%",-0.0074384117068861015,0.008407162270929885,-0.0014905392836900243,0.009355833694932798,0.01035273318944205,0.01154362549891865,0.01866477306432112,0.016366653234281926
2009-01-22,10.01281,"9.923,02","10.012,81","9.888,39",,"0,89%",0.008828597976847506,-0.0074384117068861015,0.008407162270929885,-0.0014905392836900243,0.01752081308248227,0.008891194609006487,0.018755099076312683,0.016430791170300448
2009-01-23,9.97921,"10.012,33","10.012,33","9.879,35",,"-0,34%",-0.0033613443400090817,0.008828597976847506,-0.0074384117068861015,0.008407162270929885,0.009355833694932798,0.008040792740826282,0.018373470278665125,0.01631043280170515
2009-01-26,10.0072,"10.009,96","10.051,58","9.912,42",,"0,28%",0.002800905044839914,-0.0033613443400090817,0.008828597976847506,-0.0074384117068861015,-0.0014905392836900243,0.007533704245012322,0.018341929331718052,0.016248787803207078
2009-01-27,10.06384,"9.977,44","10.063,84","9.910,93",,"0,57%",0.005643967662119382,0.002800905044839914,-0.0033613443400090817,0.008828597976847506,0.008407162270929885,0.0074731243679395645,0.01832714326308417,0.015321857400853279
2009-01-28,10.08056,"10.036,88","10.125,32","10.012,20",,"0,17%",0.001660015075111484,0.005643967662119382,0.002800905044839914,-0.0033613443400090817,-0.0074384117068861015,0.00729271408335182,0.018043061636373432,0.014890867329158319
2009-01-29,10.08931,"10.061,57","10.105,88","10.003,93",,"0,09%",0.0008676308324152904,0.001660015075111484,0.005643967662119382,0.002800905044839914,0.008828597976847506,0.005620772438959087,0.01807399513959118,0.014789459955547132
2009-01-30,10.13332,"10.075,80","10.146,41","10.068,37",,"0,44%",0.0043525564656863224,0.0008676308324152904,0.001660015075111484,0.005643967662119382,-0.0033613443400090817,0.005148224866632781,0.016330825851329507,0.014732751230194763
2009-02-02,10.08267,"10.137,85","10.181,98","10.082,37",,"-0,50%",-0.00501089543288926,0.0043525564656863224,0.0008676308324152904,0.001660015075111484,0.002800905044839914,0.005522257514052805,0.012580956166059046,0.014722147152808627
2009-02-03,10.18472,"10.063,58","10.213,92","10.063,58",,"1,01%",0.01007044937110106,-0.00501089543288926,0.0043525564656863224,0.0008676308324152904,0.005643967662119382,0.005767175316757835,0.01006069641968909,0.014802981349425632
2009-02-04,10.19884,"10.184,41","10.257,73","10.184,41",,"0,14%",0.0013854304408567305,0.01007044937110106,-0.00501089543288926,0.0043525564656863224,0.001660015075111484,0.0047801757029590185,0.008611429640814561,0.014692431788102448
2009-02-05,10.00765,"10.163,61","10.194,26","9.994,27",,"-1,87%",-0.018924187802102956,0.0013854304408567305,0.01007044937110106,-0.00501089543288926,0.0008676308324152904,0.007888050109385647,0.008796601116881766,0.014782499304971936
2009-02-06,10.01021,"9.933,35","10.045,90","9.907,83",,"0,03%",0.0002557715973592669,-0.018924187802102956,0.0013854304408567305,0.01007044937110106,0.0043525564656863224,0.007801875459802219,0.007938105117292754,0.014767898904043425
2009-02-09,10.07715,"10.009,78","10.094,20","9.987,09",,"0,67%",0.00666491244198175,0.0002557715973592669,-0.018924187802102956,0.0013854304408567305,-0.00501089543288926,0.008031253708614444,0.007850627456256217,0.014821955725599802
2009-02-10,10.15168,"10.078,50","10.163,79","10.041,51",,"0,74%",0.007368724462674964,0.00666491244198175,0.0002557715973592669,-0.018924187802102956,0.01007044937110106,0.008166685477233617,0.00791661945383721,0.014843396913847558
2009-02-11,10.20202,"10.156,13","10.233,67","10.156,13",,"0,50%",0.004946530866026248,0.007368724462674964,0.00666491244198175,0.0002557715973592669,0.0013854304408567305,0.008267559977586172,0.007741468626750751,0.014843257907419024
2009-02-12,10.27314,"10.211,59","10.273,14","10.211,59",,"0,70%",0.006946982199312114,0.004946530866026248,0.007368724462674964,0.00666491244198175,-0.018924187802102956,0.008461825873500627,0.0070013715400220776,0.014892720524043846
2009-02-13,10.35281,"10.279,06","10.352,81","10.223,88",,"0,78%",0.007725258349072581,0.006946982199312114,0.004946530866026248,0.007368724462674964,0.0002557715973592669,0.008639959778183695,0.0069222950900854644,0.014947439175407308
2009-02-16,10.34522,"10.343,78","10.354,36","10.296,92",,"-0,07%",-0.0007334031635096794,0.007725258349072581,0.006946982199312114,0.004946530866026248,0.00666491244198175,0.008347366860998632,0.006903757581148656,0.01493864243774111
2009-02-17,10.45987,"10.347,42","10.459,87","10.326,09",,"1,11%",0.011021452977656136,-0.0007334031635096794,0.007725258349072581,0.006946982199312114,0.007368724462674964,0.008447126053836643,0.007052160644288237,0.014990928329790681
2009-02-18,10.62051,"10.459,20","10.653,65","10.459,20",,"1,54%",0.015241006998348884,0.011021452977656136,-0.0007334031635096794,0.007725258349072581,0.004946530866026248,0.009306423671131549,0.007232778711031283,0.015030701749759644
2009-02-19,10.69565,"10.618,62","10.758,47","10.618,62",,"0,71%",0.007050079491545311,0.015241006998348884,0.011021452977656136,-0.0007334031635096794,0.006946982199312114,0.0046324798050991775,0.007173047209397822,0.014808286327311989
2009-02-20,10.72566,"10.698,88","10.816,77","10.698,88",,"0,28%",0.0028018846310456013,0.007050079491545311,0.015241006998348884,0.011021452977656136,0.007725258349072581,0.004300114301307158,0.007002226012627261,0.014705724072969899
2009-02-23,11.00798,"10.724,22","11.021,70","10.724,22",,"2,63%",0.025981462946666586,0.0028018846310456013,0.007050079491545311,0.015241006998348884,-0.0007334031635096794,0.007401379369554396,0.008598358244606441,0.014980311081796706
2009-02-24,11.10081,"10.989,19","11.168,61","10.869,62",,"0,84%",0.008397614299991276,0.025981462946666586,0.0028018846310456013,0.007050079491545311,0.011021452977656136,0.007385866639762843,0.008635128364320784,0.015002308196619091
2009-02-25,11.29877,"11.080,09","11.328,31","11.054,23",,"1,78%",0.017675791607366136,0.008397614299991276,0.025981462946666586,0.0028018846310456013,0.015241006998348884,0.007711289562485669,0.00905111373463863,0.015167266198738994
2009-02-26,11.22313,"11.279,49","11.315,35","11.204,73",,"-0,67%",-0.006717042913588505,0.017675791607366136,0.008397614299991276,0.025981462946666586,0.007050079491545311,0.009383229943053297,0.009415971443944278,0.015128401194014896
2009-02-27,11.20937,"11.220,75","11.250,44","11.171,40",,"-0,12%",-0.0012267916394296623,-0.006717042913588505,0.017675791607366136,0.008397614299991276,0.0028018846310456013,0.009913894452717953,0.009528279044226918,0.015128851178435104
2009-03-02,11.21632,"11.279,73","11.312,67","11.213,75",,"0,06%",0.000619824872501559,-0.0012267916394296623,-0.006717042913588505,0.017675791607366136,0.025981462946666586,0.009790679998402906,0.009295833753732868,0.014957304379675612
2009-03-03,11.11381,"11.200,81","11.232,49","11.113,81",,"-0,91%",-0.009181381399269863,0.000619824872501559,-0.0012267916394296623,-0.006717042913588505,0.008397614299991276,0.011112492440065203,0.009763847852024918,0.014761490343189585
2009-03-04,11.04088,"11.063,77","11.063,77","10.942,54",,"-0,66%",-0.006583731339251319,-0.009181381399269863,0.000619824872501559,-0.0012267916394296623,0.017675791607366136,0.011252228488444767,0.010050250628281562,0.014365789297843214
2009-03-05,11.15588,"11.021,24","11.155,88","10.964,19",,"1,04%",0.010361965346634569,-0.006583731339251319,-0.009181381399269863,0.000619824872501559,-0.006717042913588505,0.011403565205267207,0.00856300317009678,0.014396339008794046
2009-03-06,11.06637,"11.155,81","11.155,81","11.058,00",,"-0,80%",-0.00805593349772925,0.010361965346634569,-0.006583731339251319,-0.009181381399269863,-0.0012267916394296623,0.012051358057344513,0.009017039543569595,0.014114777703791452
2009-03-09,11.0727,"11.071,14","11.105,09","11.060,65",,"0,06%",0.0005718397541082503,-0.00805593349772925,0.010361965346634569,-0.006583731339251319,0.000619824872501559,0.008986184387185538,0.009061193713134229,0.013938323035174794
2009-03-12,10.95711,"11.005,16","11.005,16","10.945,78",,"-1,04%",-0.01049405880302348,0.0005718397541082503,-0.00805593349772925,0.010361965346634569,-0.009181381399269863,0.009145907312163555,0.0096468203429919,0.014008137749717063
2009-03-13,10.87795,"10.936,86","10.972,82","10.874,09",,"-0,72%",-0.007250756060144502,-0.01049405880302348,0.0005718397541082503,-0.00805593349772925,-0.006583731339251319,0.006375987778273396,0.009952396728206733,0.01383787737098379
2009-03-16,11.06184,"10.950,58","11.061,84","10.945,14",,"1,69%",0.016763542980271894,-0.007250756060144502,-0.01049405880302348,0.0005718397541082503,0.010361965346634569,0.008974587763788127,0.010379423257930497,0.013992801803288234
2009-03-17,11.02966,"11.066,70","11.069,37","10.999,36",,"-0,29%",-0.0029133397696646285,0.016763542980271894,-0.007250756060144502,-0.01049405880302348,-0.00805593349772925,0.008985818441197923,0.010434652057547355,0.013997612422350097
2009-03-18,10.99343,"11.028,16","11.028,16","10.955,07",,"-0,33%",-0.003290186134956829,-0.0029133397696646285,0.016763542980271894,-0.007250756060144502,0.0005718397541082503,0.008962749946524082,0.010500401017071908,0.01395839204914446
2009-03-19,10.93641,"10.932,28","10.959,12","10.919,99",,"-0,52%",-0.005200232057915236,-0.003290186134956829,-0.0029133397696646285,0.016763542980271894,-0.01049405880302348,0.00869303444266577,0.010477814371722073,0.013929646665921275
2009-03-20,10.8201,"10.934,83","10.934,83","10.759,76",,"-1,06%",-0.01069207405496814,-0.005200232057915236,-0.003290186134956829,-0.0029133397696646285,-0.007250756060144502,0.009044245155250274,0.010386856889097467,0.013647950881679381
2009-03-23,10.59858,"10.820,10","10.828,96","10.598,58",,"-2,05%",-0.020685485639679545,-0.01069207405496814,-0.005200232057915236,-0.003290186134956829,0.016763542980271894,0.009631447150646823,0.011335113453231762,0.013656226781160987
2009-03-24,10.43347,"10.594,10","10.594,10","10.378,12",,"-1,56%",-0.015701122046385275,-0.020685485639679545,-0.01069207405496814,-0.005200232057915236,-0.0029133397696646285,0.010177901633239497,0.011800754668673736,0.013510348566166218
2009-03-25,10.53146,"10.457,69","10.540,79","10.386,37",,"0,94%",0.009348060172902219,-0.015701122046385275,-0.020685485639679545,-0.01069207405496814,-0.003290186134956829,0.011130707117031477,0.010255866351933427,0.01356090455736807
2009-03-26,10.62495,"10.539,40","10.689,48","10.539,40",,"0,89%",0.008838040910413058,0.009348060172902219,-0.015701122046385275,-0.020685485639679545,-0.005200232057915236,0.01173510692765837,0.010280291522865475,0.013479245235301014
2009-03-27,10.62829,"10.628,39","10.678,86","10.586,63",,"0,03%",0.0003143050214927418,0.008838040910413058,0.009348060172902219,-0.015701122046385275,-0.01069207405496814,0.011679958192953825,0.009189615414248483,0.013397300140678211
2009-03-30,10.55391,"10.624,17","10.624,17","10.379,36",,"-0,70%",-0.00702290656391586,0.0003143050214927418,0.008838040910413058,0.009348060172902219,-0.020685485639679545,0.009597806720211375,0.009196276031027907,0.013396666122686477
2009-03-31,10.40209,"10.533,48","10.533,48","10.342,18",,"-1,44%",-0.014489659878908453,-0.00702290656391586,0.0003143050214927418,0.008838040910413058,-0.015701122046385275,0.01004597085516146,0.00952826193631476,0.012617529389249486
2009-04-01,10.40256,"10.385,65","10.423,13","10.363,25",,"0,00%",4.5182206870104646e-05,-0.014489659878908453,-0.00702290656391586,0.0003143050214927418,0.009348060172902219,0.010194966287467714,0.009515289675671426,0.011051335713095608
2009-04-02,10.47019,"10.398,36","10.470,53","10.327,38",,"0,65%",0.006480242102110693,4.5182206870104646e-05,-0.014489659878908453,-0.00702290656391586,0.008838040910413058,0.010882215142333718,0.009689021386104621,0.010155134720536802
2009-04-03,10.51733,"10.475,22","10.547,17","10.475,22",,"0,45%",0.004492201010241181,0.006480242102110693,4.5182206870104646e-05,-0.014489659878908453,0.0003143050214927418,0.010959057727035794,0.009788395473940037,0.00977253008688526
2009-04-06,10.56712,"10.532,75","10.581,34","10.493,85",,"0,47%",0.004722920688108386,0.004492201010241181,0.006480242102110693,4.5182206870104646e-05,-0.00702290656391586,0.009159029485363991,0.009476819518289567,0.009453806550042026
2009-04-07,10.59245,"10.576,52","10.704,38","10.536,09",,"0,24%",0.0023941896834008946,0.004722920688108386,0.004492201010241181,0.006480242102110693,-0.014489659878908453,0.0073952821926130926,0.009454672592745156,0.009174989149207472
2009-04-08,10.62205,"10.560,41","10.622,05","10.516,98",,"0,28%",0.0027905460141219095,0.0023941896834008946,0.004722920688108386,0.004492201010241181,4.5182206870104646e-05,0.006897228973696798,0.009501664611980922,0.009143308888372621
2009-04-09,10.57694,"10.624,27","10.624,27","10.524,74",,"-0,42%",-0.004255869556767202,0.0027905460141219095,0.0023941896834008946,0.004722920688108386,0.006480242102110693,0.006441465895466416,0.00931131860002005,0.009176357755815243
2009-04-10,10.48514,"10.523,51","10.557,17","10.461,82",,"-0,87%",-0.008717142970866539,-0.004255869556767202,0.0027905460141219095,0.0023941896834008946,0.004492201010241181,0.006936097375733587,0.00936241609250677,0.009200831142537457
2009-04-13,10.44946,"10.508,81","10.508,81","10.436,22",,"-0,34%",-0.0034087142384513426,-0.008717142970866539,-0.004255869556767202,0.0027905460141219095,0.004722920688108386,0.00669808267134859,0.008276497197039226,0.008971428406129254
2009-04-14,10.53188,"10.437,98","10.531,88","10.423,85",,"0,79%",0.007856545287338552,-0.0034087142384513426,-0.008717142970866539,-0.004255869556767202,0.0023941896834008946,0.0052712017972060534,0.008615413257015954,0.008949838838246894
2009-04-15,10.56464,"10.548,14","10.564,64","10.524,68",,"0,31%",0.00310572799043059,0.007856545287338552,-0.0034087142384513426,-0.008717142970866539,0.0027905460141219095,0.005282956994574017,0.008695411600843087,0.008947997547383122
2009-04-16,10.6342,"10.542,60","10.634,20","10.532,29",,"0,66%",0.006562646791295245,0.00310572799043059,0.007856545287338552,-0.0034087142384513426,-0.004255869556767202,0.0052915658432905474,0.008862992341126062,0.008925458749295236
2009-04-17,10.62066,"10.608,10","10.647,57","10.593,24",,"-0,13%",-0.0012740617281457125,0.006562646791295245,0.00310572799043059,0.007856545287338552,-0.008717142970866539,0.005249862106717606,0.008589342751859377,0.00886161735867332
2009-04-20,10.62768,"10.632,73","10.652,19","10.614,26",,"0,07%",0.0006607575232145272,-0.0012740617281457125,0.006562646791295245,0.00310572799043059,-0.0034087142384513426,0.005082354600436916,0.007222905293841794,0.008803887513172149
2009-04-21,10.66681,"10.643,49","10.666,81","10.610,67",,"0,37%",0.0036751332427097353,0.0006607575232145272,-0.0012740617281457125,0.006562646791295245,0.007856545287338552,0.005149102517995446,0.00621599596618111,0.008791754712980044
2009-04-22,10.65048,"10.640,27","10.650,48","10.618,37",,"-0,15%",-0.0015320899790060923,0.0036751332427097353,0.0006607575232145272,-0.0012740617281457125,0.00310572799043059,0.005135484443598849,0.005926037865942913,0.008795429720916771
2009-04-23,10.93233,"10.684,83","10.932,33","10.671,24",,"2,65%",0.02611949265600974,-0.0015320899790060923,0.0036751332427097353,0.0006607575232145272,0.006562646791295245,0.00938657288346681,0.008068796908297406,0.009356481122527344
2009-04-24,10.96765,"10.912,26","10.967,65","10.866,88",,"0,32%",0.0032255765186495356,0.02611949265600974,-0.0015320899790060923,0.0036751332427097353,-0.0012740617281457125,0.008394345713039491,0.008073945046689351,0.009359458884371456
2009-04-27,10.96642,"10.962,28","10.969,99","10.889,64",,"-0,01%",-0.00011215428794484779,0.0032255765186495356,0.02611949265600974,-0.0015320899790060923,0.0006607575232145272,0.008109176966082142,0.007830996545728521,0.009361268116128616
2009-04-28,10.9748,"10.975,91","10.977,55","10.925,94",,"0,08%",0.0007638591115229244,-0.00011215428794484779,0.0032255765186495356,0.02611949265600974,0.0036751332427097353,0.008125091715802796,0.006827502986861713,0.009353475883940608
2009-04-29,10.91654,"10.935,72","10.948,78","10.895,25",,"-0,53%",-0.0053226652681656675,0.0007638591115229244,-0.00011215428794484779,0.0032255765186495356,-0.0015320899790060923,0.00866138826065191,0.007038757929499343,0.009357143788160407
2009-04-30,10.93791,"10.908,00","10.937,91","10.885,76",,"0,20%",0.0019556664030465436,-0.0053226652681656675,0.0007638591115229244,-0.00011215428794484779,0.02611949265600974,0.008589409566716683,0.006973507724017547,0.00928696831931498
2009-05-04,10.9079,"10.952,04","10.961,43","10.907,90",,"-0,27%",-0.002747439337552267,0.0019556664030465436,-0.0053226652681656675,0.0007638591115229244,0.0032255765186495356,0.008679526583045044,0.007035075311567376,0.00930080386296503
2009-05-05,10.89594,"10.889,61","10.942,92","10.862,49",,"-0,11%",-0.0010970545738289148,-0.002747439337552267,0.0019556664030465436,-0.0053226652681656675,-0.00011215428794484779,0.008742281776835446,0.007029182341234648,0.008926852821939548
2009-05-06,10.95201,"10.878,13","10.952,01","10.858,99",,"0,51%",0.005132758276902773,-0.0010970545738289148,-0.002747439337552267,0.0019556664030465436,0.0007638591115229244,0.008776270545103252,0.007073393352560131,0.008938293210284238
2009-05-07,10.97266,"10.958,39","10.972,66","10.874,43",,"0,19%",0.001883723322287333,0.005132758276902773,-0.0010970545738289148,-0.002747439337552267,-0.0053226652681656675,0.008661631630104027,0.007068731140507096,0.008912730195348583
2009-05-08,10.96994,"10.970,40","11.003,00","10.930,76",,"-0,02%",-0.00024791957324403724,0.001883723322287333,0.005132758276902773,-0.0010970545738289148,0.0019556664030465436,0.00299413055999834,0.00694907187545118,0.008880735549216458
2009-05-11,11.05438,"10.959,95","11.071,59","10.956,57",,"0,77%",0.0076679247064129884,-0.00024791957324403724,0.001883723322287333,0.005132758276902773,-0.002747439337552267,0.0037126109972311335,0.0065978876334672615,0.008906628452838098
2009-05-12,11.13074,"11.085,63","11.131,31","11.084,31",,"0,69%",0.006883920533015325,0.0076679247064129884,-0.00024791957324403724,0.001883723322287333,-0.0010970545738289148,0.004156807081038567,0.006501690508596002,0.008905958963375305
2009-05-13,11.17462,"11.137,06","11.175,12","11.112,07",,"0,39%",0.003934485397754517,0.006883920533015325,0.0076679247064129884,-0.00024791957324403724,0.005132758276902773,0.004215996153456316,0.006411031694317492,0.008873252961041196
2009-05-14,11.09948,"11.162,85","11.186,25","11.098,14",,"-0,67%",-0.006746875073100595,0.003934485397754517,0.006883920533015325,0.0076679247064129884,0.001883723322287333,0.004498121210738342,0.006768003053776212,0.008930080520322186
2009-05-15,11.07461,"11.065,20","11.096,05","11.020,88",,"-0,22%",-0.0022431595098902995,-0.006746875073100595,0.003934485397754517,0.006883920533015325,-0.00024791957324403724,0.004660688869373833,0.006774121963494704,0.008845928657969645
2009-05-18,11.07786,"11.058,55","11.095,93","11.025,46",,"0,03%",0.00029342100662523864,-0.0022431595098902995,-0.006746875073100595,0.003934485397754517,0.0076679247064129884,0.004466635048048082,0.006742891093872188,0.008644882385802036
2009-05-19,11.14934,"11.057,29","11.149,34","11.057,29",,"0,65%",0.006431781458222482,0.00029342100662523864,-0.0022431595098902995,-0.006746875073100595,0.006883920533015325,0.004604012740330916,0.006800958365761543,0.008637553269161775
2009-05-20,11.22429,"11.169,94","11.224,29","11.139,53",,"0,67%",0.006699876628416839,0.006431781458222482,0.00029342100662523864,-0.0022431595098902995,0.003934485397754517,0.004735965511977917,0.00686423939207676,0.008668293068804884
2009-05-21,11.24002,"11.232,63","11.262,92","11.212,81",,"0,14%",0.0014004438659244165,0.006699876628416839,0.006431781458222482,0.00029342100662523864,-0.006746875073100595,0.004744908306719267,0.0068035694074530285,0.008011968144453888
2009-05-22,11.15247,"11.240,79","11.240,79","11.152,47",,"-0,78%",-0.007819625786552929,0.0014004438659244165,0.006699876628416839,0.006431781458222482,-0.0022431595098902995,0.00571970766711525,0.0044936053279546325,0.008009344288585067
2009-05-25,11.02749,"11.161,24","11.161,24","10.980,80",,"-1,12%",-0.011269751864142386,-0.007819625786552929,0.0014004438659244165,0.006699876628416839,0.00029342100662523864,0.006576767360009978,0.005224704468736975,0.00780038624741437
2009-05-26,11.05565,"11.026,49","11.069,08","10.986,24",,"0,26%",0.0025503633327096666,-0.011269751864142386,-0.007819625786552929,0.0014004438659244165,0.006431781458222482,0.006186113286280583,0.005248266833065928,0.00776495516545941
2009-05-27,11.11292,"11.061,16","11.145,80","11.061,16",,"0,52%",0.0051667858959834456,0.0025503633327096666,-0.011269751864142386,-0.007819625786552929,0.006699876628416839,0.00629941726953339,0.005355354838489622,0.007795142827619894
2009-05-28,11.20858,"11.143,85","11.208,61","11.141,75",,"0,86%",0.008571161045287486,0.0051667858959834456,0.0025503633327096666,-0.011269751864142386,0.0014004438659244165,0.00648576709744768,0.005443597219831852,0.007875523291430807
2009-05-29,11.02437,"11.206,01","11.269,96","11.024,37",,"-1,64%",-0.01657127960362615,0.008571161045287486,0.0051667858959834456,0.0025503633327096666,-0.007819625786552929,0.008535300106119947,0.006749481818321997,0.00807657995653087
2009-06-01,11.24013,"11.034,08","11.240,13","11.034,08",,"1,96%",0.01938213339190867,-0.01657127960362615,0.008571161045287486,0.0051667858959834456,-0.011269751864142386,0.010604840819156544,0.007919873590221378,0.008413785707685136
2009-06-02,11.29148,"11.239,74","11.291,48","11.193,69",,"0,46%",0.00455804879483679,0.01938213339190867,-0.01657127960362615,0.008571161045287486,0.0025503633327096666,0.010523361683629167,0.007923216239298944,0.008329058683606902
2009-06-03,11.28087,"11.283,71","11.304,86","11.230,41",,"-0,09%",-0.0009400882744948332,0.00455804879483679,0.01938213339190867,-0.01657127960362615,0.0051667858959834456,0.010361175586797293,0.007904425904276317,0.008259864105576407
2009-06-04,11.26989,"11.278,65","11.292,88","11.223,67",,"-0,10%",-0.000973803177160143,-0.0009400882744948332,0.00455804879483679,0.01938213339190867,0.008571161045287486,0.010365523055864061,0.007922535255524724,0.008261475337047379
2009-06-05,11.32761,"11.272,84","11.338,02","11.269,98",,"0,51%",0.0051085408144639684,-0.000973803177160143,-0.0009400882744948332,0.00455804879483679,-0.01657127960362615,0.010046400025424115,0.007956623229265885,0.008161090545334065
2009-06-08,11.38376,"11.342,15","11.406,56","11.325,33",,"0,50%",0.004944669952051301,0.0051085408144639684,-0.000973803177160143,-0.0009400882744948332,0.01938213339190867,0.008999951268946049,0.00787022526954125,0.008115145475397002
2009-06-09,11.32713,"11.399,16","11.430,91","11.327,13",,"-0,50%",-0.004987045190087364,0.004944669952051301,0.0051085408144639684,-0.000973803177160143,0.00455804879483679,0.009366665539641016,0.007887895913692756,0.007870133574389683
2009-06-10,11.26988,"11.310,40","11.323,68","11.215,98",,"-0,51%",-0.005067052896928653,-0.004987045190087364,0.004944669952051301,0.0051085408144639684,-0.0009400882744948332,0.009590323856433318,0.007960581727540448,0.007890363897810058
2009-06-11,11.19262,"11.202,55","11.217,97","11.128,65",,"-0,69%",-0.0068790477168656165,-0.005067052896928653,-0.004987045190087364,0.004944669952051301,-0.000973803177160143,0.009551574166854288,0.007966900815497757,0.007931990038617817
2009-06-12,11.3263,"11.180,82","11.345,10","11.166,34",,"1,19%",0.011872822527396638,-0.0068790477168656165,-0.005067052896928653,-0.004987045190087364,0.0051085408144639684,0.008264039705370376,0.008335504045858092,0.008036901741687827
2009-06-15,11.45746,"11.325,14","11.457,64","11.285,28",,"1,16%",0.011513591163881546,0.011872822527396638,-0.0068790477168656165,-0.005067052896928653,0.004944669952051301,0.006731961660792976,0.008648393940208119,0.008020113499657
2009-06-16,11.60002,"11.425,20","11.600,02","11.383,89",,"1,24%",0.012365776016709613,0.011513591163881546,0.011872822527396638,-0.0068790477168656165,-0.004987045190087364,0.007483387001036526,0.00891742971209078,0.007634412276488398
2009-06-17,11.72986,"11.614,05","11.730,10","11.614,05",,"1,12%",0.011130905136529052,0.012365776016709613,0.011513591163881546,0.011872822527396638,-0.005067052896928653,0.007798641470791805,0.009094124415684059,0.007391464075590335
2009-06-18,11.65843,"11.729,96","11.767,36","11.658,43",,"-0,61%",-0.006108203899349641,0.011130905136529052,0.012365776016709613,0.011513591163881546,-0.0068790477168656165,0.00830778353683184,0.009282042826611341,0.007398664218253127
2009-06-19,11.63739,"11.620,61","11.667,00","11.608,02",,"-0,18%",-0.0018063331293635067,-0.006108203899349641,0.011130905136529052,0.012365776016709613,0.011872822527396638,0.008435595066250733,0.009047536582938037,0.007351937755395739
2009-06-22,11.59435,"11.648,90","11.739,33","11.589,16",,"-0,37%",-0.003705279866397395,-0.0018063331293635067,-0.006108203899349641,0.011130905136529052,0.011513591163881546,0.008621071233259604,0.00860527722099907,0.007381337599311364
2009-06-23,11.62896,"11.610,08","11.629,97","11.558,26",,"0,30%",0.00298062813813772,-0.003705279866397395,-0.0018063331293635067,-0.006108203899349641,0.012365776016709613,0.008282251870543106,0.008605930897341796,0.007299233579774582
2009-06-24,11.67291,"11.594,23","11.673,85","11.554,75",,"0,38%",0.0037722339122518793,0.00298062813813772,-0.003705279866397395,-0.0018063331293635067,0.011130905136529052,0.00782880663473123,0.008589057131020162,0.006990457150081435
2009-06-25,11.57822,"11.669,99","11.669,99","11.578,22",,"-0,81%",-0.008145025509613702,0.0037722339122518793,0.00298062813813772,-0.003705279866397395,-0.006108203899349641,0.008023357213000485,0.008774220573013058,0.007106707577800099
2009-06-26,11.61508,"11.554,10","11.615,08","11.539,48",,"0,32%",0.0031785068129807424,-0.008145025509613702,0.0037722339122518793,0.00298062813813772,-0.0018063331293635067,0.007452407959258166,0.007659408895325887,0.007082473298585425
2009-06-29,11.63044,"11.610,87","11.630,97","11.564,08",,"0,13%",0.001321545161002748,0.0031785068129807424,-0.008145025509613702,0.0037722339122518793,-0.003705279866397395,0.006749172770195825,0.0065642713032507604,0.007073333585670704
2009-06-30,11.58855,"11.610,76","11.610,76","11.556,22",,"-0,36%",-0.003608257331517707,0.001321545161002748,0.0031785068129807424,-0.008145025509613702,0.00298062813813772,0.0057001512277538805,0.006631221150228817,0.007094262635582547
2009-07-01,11.52365,"11.577,49","11.577,49","11.506,91",,"-0,56%",-0.005616096311182127,-0.003608257331517707,0.001321545161002748,0.0031785068129807424,0.0037722339122518793,0.004329604836946503,0.006794717251740773,0.0071530024468537505
2009-07-02,11.40372,"11.525,92","11.525,92","11.377,26",,"-1,04%",-0.010461827401736273,-0.005616096311182127,-0.003608257331517707,0.001321545161002748,-0.008145025509613702,0.004983418700411828,0.007259834703900382,0.007312304784638371
2009-07-03,11.31536,"11.374,48","11.374,48","11.262,01",,"-0,77%",-0.007778523207907279,-0.010461827401736273,-0.005616096311182127,-0.003608257331517707,0.0031785068129807424,0.005278899433465921,0.007408091080649332,0.007370626875887054
2009-07-06,11.28037,"11.305,40","11.341,22","11.253,55",,"-0,31%",-0.0030970478022006023,-0.007778523207907279,-0.010461827401736273,-0.005616096311182127,0.001321545161002748,0.0052708873162051915,0.0073404245317759045,0.007278569191630084
2009-07-07,11.33684,"11.281,13","11.369,11","11.221,74",,"0,50%",0.0049935529044114425,-0.0030970478022006023,-0.007778523207907279,-0.010461827401736273,-0.003608257331517707,0.00554515835031738,0.007355431853968324,0.0072688577297183
2009-07-08,11.39179,"11.320,19","11.391,79","11.279,14",,"0,48%",0.0048353206561386535,0.0049935529044114425,-0.0030970478022006023,-0.007778523207907279,-0.005616096311182127,0.005688055486326073,0.0073265886607836745,0.007233458694217016
2009-07-09,11.30912,"11.367,15","11.380,38","11.309,12",,"-0,73%",-0.007283440660280894,0.0048353206561386535,0.0049935529044114425,-0.0030970478022006023,-0.010461827401736273,0.005597810375372306,0.0073486599438763915,0.0073136009496053474
2009-07-10,11.35054,"11.312,34","11.357,58","11.279,27",,"0,37%",0.003655840037501924,-0.007283440660280894,0.0048353206561386535,0.0049935529044114425,-0.007778523207907279,0.0056519792426578865,0.006896174102919631,0.0072866152328721345
2009-07-13,11.33648,"11.348,74","11.361,01","11.305,24",,"-0,12%",-0.0012394754181052467,0.003655840037501924,-0.007283440660280894,0.0048353206561386535,-0.0030970478022006023,0.005526070760972623,0.006354256938619657,0.0072864266910138455
2009-07-14,11.20056,"11.294,82","11.294,82","11.185,08",,"-1,20%",-0.012062067418973036,-0.0012394754181052467,0.003655840037501924,-0.007283440660280894,0.0049935529044114425,0.0062970976618892715,0.006086955301939705,0.007481558413346216
2009-07-15,11.02472,"11.184,10","11.184,10","11.024,72",,"-1,57%",-0.015823752866082435,-0.012062067418973036,-0.0012394754181052467,0.003655840037501924,0.0048353206561386535,0.007422114970315263,0.006068376044135213,0.007775582483473442
2009-07-16,11.04821,"11.005,70","11.048,21","10.938,89",,"0,21%",0.002128399706576322,-0.015823752866082435,-0.012062067418973036,-0.0012394754181052467,-0.007283440660280894,0.007352031129091373,0.006132619718008275,0.007773328867195587
2009-07-17,11.04198,"11.042,90","11.066,46","11.018,64",,"-0,06%",-0.000564051297446861,0.002128399706576322,-0.015823752866082435,-0.012062067418973036,0.003655840037501924,0.00720167660710468,0.00614829142942547,0.007015585105391922
2009-07-20,10.98525,"11.036,39","11.094,79","10.985,25",,"-0,51%",-0.005150908709748387,-0.000564051297446861,0.002128399706576322,-0.015823752866082435,-0.0012394754181052467,0.00725143275843207,0.006170107310567171,0.007036987358690886
2009-07-21,10.95931,"10.956,83","10.959,31","10.889,35",,"-0,24%",-0.002364140550724254,-0.005150908709748387,-0.000564051297446861,0.002128399706576322,-0.012062067418973036,0.0067451889800038065,0.006025246012143547,0.007043743101201056
2009-07-22,10.94981,"10.979,53","10.989,06","10.938,73",,"-0,09%",-0.0008672188198693926,-0.002364140550724254,-0.005150908709748387,-0.000564051297446861,-0.015823752866082435,0.006191131467230258,0.005838610434208055,0.007043850162745258
2009-07-23,11.07217,"10.992,61","11.076,72","10.992,61",,"1,12%",0.011112648289888904,-0.0008672188198693926,-0.002364140550724254,-0.005150908709748387,0.002128399706576322,0.007653332353951185,0.006527089036742684,0.007153570588554907
2009-07-24,11.06878,"11.079,88","11.082,35","11.011,39",,"-0,03%",-0.000306219925205545,0.011112648289888904,-0.0008672188198693926,-0.002364140550724254,-0.000564051297446861,0.007420251341785936,0.006420628938631322,0.007150313390451697
2009-07-27,11.09807,"11.057,94","11.106,02","11.016,47",,"0,26%",0.0026426864481212606,-0.000306219925205545,0.011112648289888904,-0.0008672188198693926,-0.005150908709748387,0.007593846626246641,0.006467651392324541,0.007146536543181443
2009-07-28,11.10434,"11.065,94","11.104,41","11.003,75",,"0,06%",0.0005648035656200003,0.0026426864481212606,-0.000306219925205545,0.011112648289888904,-0.002364140550724254,0.00676228254290606,0.006491943338054078,0.0071442973423757
2009-07-29,11.07614,"11.054,72","11.081,82","11.032,01",,"-0,25%",-0.0025427777211707555,0.0005648035656200003,0.0026426864481212606,-0.000306219925205545,-0.0008672188198693926,0.004383166259317272,0.006441361186249184,0.007125276088016642
2009-07-31,10.97166,"11.062,99","11.086,36","10.971,66",,"-0,94%",-0.009477660545206264,-0.0025427777211707555,0.0005648035656200003,0.0026426864481212606,0.011112648289888904,0.0053285012629103136,0.006376591401353511,0.007229645267903244
2009-08-03,11.03132,"11.037,14","11.037,14","10.942,55",,"0,54%",0.005422915096658796,-0.009477660545206264,-0.0025427777211707555,0.0005648035656200003,-0.000306219925205545,0.0056702644657513025,0.006422556490480105,0.007263358552769909
2009-08-04,10.97081,"11.007,67","11.007,67","10.949,46",,"-0,55%",-0.005500390421945828,0.005422915096658796,-0.009477660545206264,-0.0025427777211707555,0.0026426864481212606,0.005705843024031728,0.00648073774186584,0.007229462545721249
2009-08-05,10.97645,"10.953,14","10.976,51","10.891,12",,"0,05%",0.000513959384829961,-0.005500390421945828,0.005422915096658796,-0.009477660545206264,0.0005648035656200003,0.0056530581075338576,0.006323971223326855,0.007171306768169361
2009-08-06,11.09215,"11.173,93","11.178,02","11.076,50",,"1,05%",0.010485582236714131,0.000513959384829961,-0.005500390421945828,0.005422915096658796,-0.0025427777211707555,0.006501043022868404,0.006739842005782486,0.007284800658376313
2009-08-07,11.12297,"11.043,45","11.122,97","11.027,86",,"0,28%",0.002774688570066668,0.010485582236714131,0.000513959384829961,-0.005500390421945828,-0.009477660545206264,0.005569417404462927,0.006647065993999222,0.00724165155295972
2009-08-10,11.08733,"11.111,12","11.112,14","11.054,70",,"-0,32%",-0.0032093245557506937,0.002774688570066668,0.010485582236714131,0.000513959384829961,0.005422915096658796,0.005688064760341843,0.006580153988315386,0.007247875249416581
2009-08-11,11.0367,"11.098,37","11.107,68","11.012,62",,"-0,46%",-0.004576931814353782,-0.0032093245557506937,0.002774688570066668,0.010485582236714131,-0.005500390421945828,0.0057961364056325565,0.00662409770013218,0.007271983934712151
2009-08-12,10.91546,"11.048,40","11.054,51","10.901,45",,"-1,10%",-0.011045950169428066,-0.004576931814353782,-0.0032093245557506937,0.002774688570066668,0.000513959384829961,0.006647415410542085,0.006540907012866542,0.007357008221512358
2009-08-13,10.98966,"10.911,23","10.989,66","10.911,23",,"0,68%",0.0067746977686794435,-0.011045950169428066,-0.004576931814353782,-0.0032093245557506937,0.010485582236714131,0.007152407348685831,0.0058089030753536094,0.007358230249714384
2009-08-17,11.00942,"11.064,78","11.087,55","10.975,53",,"0,18%",0.0017964392432877065,0.0067746977686794435,-0.011045950169428066,-0.004576931814353782,0.002774688570066668,0.006487399780534976,0.005802493142764823,0.007360006195660954
2009-08-18,11.05529,"11.011,53","11.083,02","11.003,95",,"0,42%",0.004157776474736229,0.0017964392432877065,0.0067746977686794435,-0.011045950169428066,-0.0032093245557506937,0.006388927629982347,0.005881391326379287,0.0073161505764259595
2009-08-19,10.98872,"11.042,88","11.073,27","10.972,86",,"-0,60%",-0.006039754324652163,0.004157776474736229,0.0017964392432877065,0.0067746977686794435,-0.004576931814353782,0.0064445925259206715,0.005926030272815931,0.007211782609884583
2009-08-24,11.06492,"11.089,83","11.090,97","11.001,65",,"0,69%",0.0069104513576719,-0.006039754324652163,0.004157776474736229,0.0017964392432877065,-0.011045950169428066,0.006791390453546,0.006090589021584976,0.0072603213606760465
2009-08-25,11.0453,"11.022,71","11.048,24","11.011,03",,"-0,18%",-0.0017747453575582145,0.0069104513576719,-0.006039754324652163,0.004157776474736229,0.0067746977686794435,0.005896910359989307,0.006104515353957397,0.007232071466520526
2009-08-26,11.0863,"11.003,32","11.086,30","11.003,32",,"0,37%",0.003705113674884382,-0.0017747453575582145,0.0069104513576719,-0.006039754324652163,0.0017964392432877065,0.005959977638152588,0.005628696524780915,0.0071600907209875796
2009-08-27,11.1086,"11.088,59","11.129,62","11.051,50",,"0,20%",0.0020094713203395484,0.003705113674884382,-0.0017747453575582145,0.0069104513576719,0.004157776474736229,0.005908123967443562,0.005644480378289896,0.006833637716112167
2009-08-28,11.08956,"11.110,01","11.113,33","11.067,32",,"-0,17%",-0.0017154579180647677,0.0020094713203395484,0.003705113674884382,-0.0017747453575582145,-0.006039754324652163,0.005717732700621187,0.005628486665359033,0.0063518682215913
2009-08-31,11.04873,"11.089,11","11.123,15","11.048,73",,"-0,37%",-0.0036886359600966025,-0.0017154579180647677,0.0020094713203395484,0.003705113674884382,0.0069104513576719,0.00438914705232244,0.005684575374770868,0.006335823745168048
2009-09-01,11.04482,"11.042,16","11.092,80","11.004,15",,"-0,04%",-0.00035394945953204994,-0.0036886359600966025,-0.0017154579180647677,0.0020094713203395484,-0.0017747453575582145,0.003941661108317087,0.005659144758040458,0.006335369500070872
2009-09-02,10.93922,"11.039,98","11.052,14","10.939,22",,"-0,96%",-0.00960704330934835,-0.00035394945953204994,-0.0036886359600966025,-0.0017154579180647677,0.003705113674884382,0.005025636059879998,0.005670441483842976,0.006446779182323958
2009-09-03,10.77094,"10.933,70","10.933,70","10.770,89",,"-1,54%",-0.015502729623279594,-0.00960704330934835,-0.00035394945953204994,-0.0036886359600966025,0.0020094713203395484,0.006553661995197612,0.006463502575000405,0.006687698809254067
2009-09-04,10.81442,"10.784,44","10.814,42","10.702,14",,"0,40%",0.004028661908544214,-0.015502729623279594,-0.00960704330934835,-0.00035394945953204994,-0.0017154579180647677,0.00673827921682591,0.006480569817505999,0.006675304028652167
2009-09-07,10.79939,"10.758,74","10.817,71","10.752,46",,"-0,14%",-0.0013907776946927401,0.004028661908544214,-0.015502729623279594,-0.00960704330934835,-0.0036886359600966025,0.006049638208357216,0.006475507964464933,0.006653685021573235
2009-09-08,10.8269,"10.783,18","10.827,06","10.747,61",,"0,25%",0.002544127063716694,-0.0013907776946927401,0.004028661908544214,-0.015502729623279594,-0.00035394945953204994,0.006252304994095595,0.005969964077545787,0.00664340705651496
2009-09-09,10.88141,"10.834,27","10.881,46","10.812,83",,"0,50%",0.005022050501978771,0.002544127063716694,-0.0013907776946927401,0.004028661908544214,-0.00960704330934835,0.006397931248215566,0.006069240825203903,0.006632487372069688
2009-09-10,10.87207,"10.917,31","10.931,90","10.851,00",,"-0,09%",-0.0008587132333708617,0.005022050501978771,0.002544127063716694,-0.0013907776946927401,-0.015502729623279594,0.006267887275705224,0.006048925427107623,0.0064315275354961815
2009-09-11,10.86471,"10.869,61","10.901,28","10.782,46",,"-0,07%",-0.000677193244010267,-0.0008587132333708617,0.005022050501978771,0.002544127063716694,0.004028661908544214,0.006284503844674542,0.005989447534976402,0.006229093436207677
2009-09-14,10.76741,"10.864,72","10.864,72","10.752,46",,"-0,90%",-0.008995942716857032,-0.000677193244010267,-0.0008587132333708617,0.005022050501978771,-0.0013907776946927401,0.006651782609283199,0.0058197475623868065,0.006067248278276205
2009-09-15,10.80198,"10.755,04","10.834,03","10.723,85",,"0,32%",0.0032054712349946406,-0.008995942716857032,-0.000677193244010267,-0.0008587132333708617,0.002544127063716694,0.006875554860282535,0.005630682526803429,0.005876602210080316
2009-09-16,10.8633,"10.795,36","10.866,77","10.777,47",,"0,57%",0.005660685090749899,0.0032054712349946406,-0.008995942716857032,-0.000677193244010267,0.005022050501978771,0.00674770506581123,0.005790704806279761,0.005912190760375114
2009-09-17,10.9003,"10.836,72","10.900,30","10.814,19",,"0,34%",0.003400176041373366,0.005660685090749899,0.0032054712349946406,-0.008995942716857032,-0.0008587132333708617,0.004366636522685767,0.005759870862891413,0.005940941010153248
2009-09-18,10.95019,"10.898,61","10.950,19","10.821,46",,"0,46%",0.0045664959180172,0.003400176041373366,0.005660685090749899,0.0032054712349946406,-0.000677193244010267,0.004408543236908309,0.005731126662087643,0.005975113610151339
2009-09-23,10.98001,"10.949,57","11.021,16","10.949,57",,"0,27%",0.002719539117636178,0.0045664959180172,0.003400176041373366,0.005660685090749899,-0.008995942716857032,0.004326058858064187,0.005531544753825782,0.005972294959875392
2009-09-24,10.9216,"10.978,21","10.989,02","10.921,60",,"-0,53%",-0.00533386709753139,0.002719539117636178,0.0045664959180172,0.003400176041373366,0.0032054712349946406,0.004834348424222014,0.005634886992809756,0.005965776331698676
2009-09-25,10.93092,"10.921,66","10.947,17","10.851,70",,"0,09%",0.0008529909195916824,-0.00533386709753139,0.002719539117636178,0.0045664959180172,0.005660685090749899,0.004611196974602885,0.005556730695722342,0.0058986203272976935
2009-09-28,10.93701,"10.945,29","10.961,09","10.910,32",,"0,06%",0.0005569800303403021,0.0008529909195916824,-0.00533386709753139,0.002719539117636178,0.003400176041373366,0.004588092187804655,0.005528797767663615,0.0058771247533822265
2009-09-29,10.93172,"10.933,04","10.944,69","10.877,48",,"-0,05%",-0.00048379582199622513,0.0005569800303403021,0.0008529909195916824,-0.00533386709753139,0.0045664959180172,0.004582535536224958,0.0055246683539773534,0.0058696411770773884
2009-09-30,10.76539,"10.778,77","10.810,31","10.714,77",,"-1,52%",-0.015332296179750807,-0.00048379582199622513,0.0005569800303403021,0.0008529909195916824,0.002719539117636178,0.00620865148619003,0.00639868425280067,0.0061455020530227925
2009-10-01,10.77803,"10.746,87","10.806,92","10.627,39",,"0,12%",0.0011734442767590717,-0.015332296179750807,-0.00048379582199622513,0.0005569800303403021,-0.00533386709753139,0.006124077632918509,0.006419637323627762,0.006125810979116601
2009-10-02,10.80714,"10.779,59","10.807,14","10.754,36",,"0,27%",0.0026972238484085907,0.0011734442767590717,-0.015332296179750807,-0.00048379582199622513,0.0008529909195916824,0.00587439665209631,0.006158089160328505,0.006020147304806721
2009-10-05,10.80385,"10.748,54","10.803,85","10.718,00",,"-0,03%",-0.0003044747163749539,0.0026972238484085907,0.0011734442767590717,-0.015332296179750807,0.0005569800303403021,0.005714460862628588,0.005063751186671915,0.0059522551848206024
2009-10-06,10.84002,"10.801,90","10.840,02","10.756,62",,"0,33%",0.0033422889410197284,-0.0003044747163749539,0.0026972238484085907,0.0011734442767590717,-0.00048379582199622513,0.0055965030469456115,0.005038361086815758,0.005967636467887192
2009-10-07,10.88384,"10.774,15","10.883,84","10.765,60",,"0,40%",0.004034279306932749,0.0033422889410197284,-0.0003044747163749539,0.0026972238484085907,-0.015332296179750807,0.005708212420379807,0.005098521168457406,0.005953491594073307
2009-10-08,10.89898,"10.883,30","10.959,91","10.833,01",,"0,14%",0.001390086539572895,0.004034279306932749,0.0033422889410197284,-0.0003044747163749539,0.0011734442767590717,0.005518098274082166,0.005079346973748392,0.0059158947171462205
2009-10-09,10.91588,"10.907,44","10.960,69","10.900,38",,"0,16%",0.0015494028731712962,0.001390086539572895,0.004034279306932749,0.0033422889410197284,0.0026972238484085907,0.005537327918122342,0.004968725837148345,0.005859865410885478
2009-10-12,10.92564,"10.912,49","10.941,58","10.908,37",,"0,09%",0.000893710753612887,0.0015494028731712962,0.001390086539572895,0.004034279306932749,-0.0003044747163749539,0.005543042525221742,0.0049653007546639795,0.005836749821129751
2009-10-13,10.90317,"10.933,35","10.963,19","10.888,70",,"-0,21%",-0.0020587478599596756,0.000893710753612887,0.0015494028731712962,0.001390086539572895,0.0033422889410197284,0.0055773011181250234,0.004988373323808325,0.005839143617957966
2009-10-14,10.86612,"10.913,55","10.928,86","10.866,12",,"-0,34%",-0.0034038809509192797,-0.0020587478599596756,0.000893710753612887,0.0015494028731712962,0.004034279306932749,0.0023207694501054155,0.004587817524786135,0.005656451940949423
2009-10-15,10.98813,"10.875,49","10.988,13","10.870,06",,"1,12%",0.011165907560841551,-0.0034038809509192797,-0.0020587478599596756,0.000893710753612887,0.001390086539572895,0.003988548857078154,0.005149771975156705,0.00548827615611552
2009-10-16,10.9907,"10.984,87","10.990,70","10.928,67",,"0,02%",0.0002338614031515191,0.011165907560841551,-0.0034038809509192797,-0.0020587478599596756,0.0015494028731712962,0.004011940397750267,0.005024644752088531,0.005480944149908898
2009-10-19,10.9994,"10.964,19","11.026,36","10.958,09",,"0,08%",0.0007912652015153977,0.0002338614031515191,0.011165907560841551,-0.0034038809509192797,0.000893710753612887,0.003966293225395339,0.004981335899028911,0.0054817374580232265
2009-10-20,11.00212,"10.997,57","11.002,12","10.930,12",,"0,02%",0.00024725564541516976,0.0007912652015153977,0.0002338614031515191,0.011165907560841551,-0.0020587478599596756,0.003952769822719684,0.004886312727186011,0.005440987125582219
2009-10-21,10.80223,"10.989,61","10.989,61","10.802,23",,"-1,82%",-0.018335387204294465,0.00024725564541516976,0.0007912652015153977,0.0002338614031515191,-0.0034038809509192797,0.007279327963020393,0.006366985057172049,0.005928699188291463
2009-10-22,10.83043,"10.780,37","10.852,93","10.775,09",,"0,26%",0.0026071704518761123,-0.018335387204294465,0.00024725564541516976,0.0007912652015153977,0.011165907560841551,0.0073291388833494325,0.0063178461707540995,0.005939433018084554
2009-10-23,10.85242,"10.809,22","10.860,11","10.798,39",,"0,20%",0.0020283318419067192,0.0026071704518761123,-0.018335387204294465,0.00024725564541516976,0.0002338614031515191,0.007346513832096856,0.006335742986141876,0.005759683463689596
2009-10-26,10.84914,"10.853,29","10.859,49","10.797,06",,"-0,03%",-0.0003022824188653949,0.0020283318419067192,0.0026071704518761123,-0.018335387204294465,0.0007912652015153977,0.007329516842981577,0.00633210729562397,0.005759683809294188
2009-10-27,10.80661,"10.809,04","10.826,79","10.776,31",,"-0,39%",-0.00392783022327641,-0.0003022824188653949,0.0020283318419067192,0.0026071704518761123,0.00024725564541516976,0.00739151007858706,0.006381051798784408,0.005764588460863352
2009-10-28,10.73536,"10.784,89","10.807,79","10.735,36",,"-0,66%",-0.0066150180151291725,-0.00392783022327641,-0.0003022824188653949,0.0020283318419067192,-0.018335387204294465,0.007580220738158241,0.0055656484059824225,0.005817579069429275
2009-10-29,10.69872,"10.723,11","10.725,23","10.625,08",,"-0,34%",-0.003418857789944796,-0.0066150180151291725,-0.00392783022327641,-0.0003022824188653949,0.0026071704518761123,0.006214342961458629,0.005603226261799458,0.005823727879086962
2009-10-30,10.77576,"10.681,42","10.775,78","10.681,42",,"0,72%",0.007175059001266958,-0.003418857789944796,-0.0066150180151291725,-0.00392783022327641,0.0020283318419067192,0.006921989653617946,0.00581756796474149,0.00578910524075055
2009-11-02,10.7862,"10.752,50","10.810,53","10.749,75",,"0,10%",0.000968372153165786,0.007175059001266958,-0.003418857789944796,-0.0066150180151291725,-0.0003022824188653949,0.006930075813753532,0.005822696076046455,0.005742842984170953
2009-11-03,10.76583,"10.785,53","10.785,53","10.721,30",,"-0,19%",-0.001890309735614386,0.000968372153165786,0.007175059001266958,-0.003418857789944796,-0.00392783022327641,0.006887355409487616,0.005778134085982758,0.005707028550421198
2009-11-04,10.72856,"10.779,76","10.779,76","10.699,26",,"-0,35%",-0.0034678850948036423,-0.001890309735614386,0.000968372153165786,0.007175059001266958,-0.0066150180151291725,0.004016818144878726,0.005722229670968822,0.005720369149725931
2009-11-05,10.65187,"10.716,27","10.716,27","10.602,28",,"-0,71%",-0.007173880871543377,-0.0034678850948036423,-0.001890309735614386,0.000968372153165786,-0.003418857789944796,0.004306673748910089,0.005874535841894659,0.005604943261802756
2009-11-09,10.58516,"10.601,19","10.642,37","10.585,16",,"-0,63%",-0.006282443393933449,-0.007173880871543377,-0.0034678850948036423,-0.001890309735614386,0.007175059001266958,0.004317185932527892,0.005945955970081526,0.005632356831172812
2009-11-10,10.64243,"10.572,62","10.642,43","10.569,60",,"0,54%",0.005395821094219606,-0.006282443393933449,-0.007173880871543377,-0.0034678850948036423,0.000968372153165786,0.004965839426785,0.0061253879788671205,0.005679997089531871
2009-11-11,10.55418,"10.634,08","10.642,84","10.554,18",,"-0,83%",-0.008326851313605284,0.005395821094219606,-0.006282443393933449,-0.007173880871543377,-0.001890309735614386,0.0053435812472685225,0.006322718075875921,0.005743846036996079
2009-11-12,10.44443,"10.524,32","10.538,81","10.336,03",,"-1,04%",-0.010453168028902731,-0.008326851313605284,0.005395821094219606,-0.006282443393933449,-0.0034678850948036423,0.005801131745419595,0.006616660633519095,0.005726310740275497
2009-11-13,10.40554,"10.387,31","10.443,58","10.354,87",,"-0,37%",-0.003730465329267222,-0.010453168028902731,-0.008326851313605284,0.005395821094219606,-0.007173880871543377,0.005805974018471327,0.00585350279749143,0.005652929989634278
2009-11-16,10.2976,"10.388,34","10.391,22","10.297,58",,"-1,04%",-0.010427498248965385,-0.003730465329267222,-0.010453168028902731,-0.008326851313605284,-0.006282443393933449,0.005075323725234694,0.006052059486129773,0.005772732905547087
2009-11-17,10.24331,"10.303,00","10.318,16","10.243,31",,"-0,53%",-0.0052860488085112265,-0.010427498248965385,-0.003730465329267222,-0.010453168028902731,0.005395821094219606,0.004692162134991448,0.005990359828113247,0.005755277711457528
2009-11-19,10.33846,"10.256,78","10.355,59","10.235,50",,"0,93%",0.009246112250616384,-0.0052860488085112265,-0.010427498248965385,-0.003730465329267222,-0.008326851313605284,0.006520785970513587,0.006598526445514956,0.005877646186621002
2009-11-20,10.29172,"10.322,80","10.353,90","10.291,68",,"-0,45%",-0.004531233365138604,0.009246112250616384,-0.0052860488085112265,-0.010427498248965385,-0.010453168028902731,0.006518896996235954,0.005562911859796721,0.0058012104060111485
2009-11-23,10.30076,"10.314,18","10.323,47","10.233,86",,"0,09%",0.0008779904684351532,-0.004531233365138604,0.009246112250616384,-0.0052860488085112265,-0.003730465329267222,0.006601598325825322,0.005493663059387992,0.005806918475486631
2009-11-24,10.26315,"10.304,12","10.304,12","10.199,05",,"-0,37%",-0.0036578687550328083,0.0008779904684351532,-0.004531233365138604,0.009246112250616384,-0.010427498248965385,0.006523853319843211,0.005392801129681987,0.005780033301697227
2009-11-25,10.28479,"10.190,82","10.325,76","10.190,82",,"0,21%",0.0021062946456381812,-0.0036578687550328083,0.0008779904684351532,-0.004531233365138604,-0.0052860488085112265,0.006118829285067438,0.00547754021717553,0.0057809823476809765
2009-11-26,10.31298,"10.293,68","10.334,19","10.271,46",,"0,27%",0.002737191220259394,0.0021062946456381812,-0.0036578687550328083,0.0008779904684351532,0.009246112250616384,0.006132925309930226,0.005598463513817528,0.005803886841948615
2009-11-27,10.30067,"10.314,93","10.339,07","10.262,44",,"-0,12%",-0.0011943543684241004,0.002737191220259394,0.0021062946456381812,-0.0036578687550328083,-0.004531233365138604,0.005425357019123196,0.005511022751598497,0.00579475805317971
2009-11-30,10.20845,"10.240,39","10.257,43","10.208,45",,"-0,90%",-0.008993132960810377,-0.0011943543684241004,0.002737191220259394,0.0021062946456381812,0.0008779904684351532,0.005911504811300154,0.005719999842486847,0.0058808688544828075
2009-12-01,10.20099,"10.239,62","10.252,80","10.164,49",,"-0,07%",-0.0007310342990523957,-0.008993132960810377,-0.0011943543684241004,0.002737191220259394,-0.0036578687550328083,0.005098984339152966,0.005283992960272887,0.005779444613245241
2009-12-02,10.20246,"10.203,30","10.226,26","10.185,53",,"0,01%",0.00014409327859207763,-0.0007310342990523957,-0.008993132960810377,-0.0011943543684241004,0.0021062946456381812,0.0048689900074668935,0.005256684277869907,0.005466018103320346
2009-12-03,10.12042,"10.220,14","10.245,43","10.114,22",,"-0,80%",-0.00807370270802312,0.00014409327859207763,-0.0007310342990523957,-0.008993132960810377,0.002737191220259394,0.004071830915983802,0.005381830897267855,0.005504086528162376
2009-12-04,9.99756,"10.119,11","10.168,77","9.992,95",,"-1,21%",-0.012214101753218253,-0.00807370270802312,0.00014409327859207763,-0.0007310342990523957,-0.0011943543684241004,0.005155521218964631,0.005756370816337355,0.005687887956006119
2009-12-07,10.07007,"10.011,35","10.070,07","9.987,09",,"0,73%",0.0072265948257236355,-0.012214101753218253,-0.00807370270802312,0.00014409327859207763,-0.008993132960810377,0.0059949708444932215,0.006162673708187746,0.005772816610718321
2009-12-08,10.15698,"10.062,99","10.187,75","10.062,99",,"0,86%",0.008593495823139579,0.0072265948257236355,-0.012214101753218253,-0.00807370270802312,-0.0007310342990523957,0.006867106658673867,0.006603275425893392,0.005855955736008834
2009-12-09,10.18956,"10.132,30","10.227,96","10.132,30",,"0,32%",0.0032025128444713035,0.008593495823139579,0.0072265948257236355,-0.012214101753218253,0.00014409327859207763,0.006931359221844961,0.006490096807042094,0.005882768872001071
2009-12-10,10.3628,"10.197,35","10.362,80","10.197,35",,"1,70%",0.016858803870640142,0.0032025128444713035,0.008593495823139579,0.0072265948257236355,-0.00807370270802312,0.008915976978005807,0.007584586134470024,0.0063223359805257475
2009-12-11,10.4889,"10.374,46","10.488,91","10.359,93",,"1,22%",0.01209508455153127,0.016858803870640142,0.0032025128444713035,0.008593495823139579,-0.012214101753218253,0.00960235302961449,0.0077658373733858425,0.006443425184730245
2009-12-14,10.46924,"10.491,93","10.491,93","10.422,05",,"-0,19%",-0.0018761212365845845,0.01209508455153127,0.016858803870640142,0.0032025128444713035,0.0072265948257236355,0.008954508580871044,0.007727258792505068,0.00642811799298335
2009-12-15,10.38988,"10.435,92","10.454,43","10.362,44",,"-0,76%",-0.007609178422575858,-0.0018761212365845845,0.01209508455153127,0.016858803870640142,0.008593495823139579,0.00948088375468317,0.007544777658173216,0.006440079986668547
2009-12-16,10.40712,"10.388,85","10.408,28","10.364,81",,"0,17%",0.0016579318121864126,-0.007609178422575858,-0.0018761212365845845,0.01209508455153127,0.0032025128444713035,0.009462958137859495,0.007425950975785531,0.006424994155577685
2009-12-17,10.38667,"10.381,79","10.414,11","10.355,40",,"-0,20%",-0.001966934031086202,0.0016579318121864126,-0.007609178422575858,-0.0018761212365845845,0.016858803870640142,0.008923286547477823,0.007173165449874769,0.006388248842014636
2009-12-21,10.39596,"10.395,97","10.398,34","10.325,78",,"0,09%",0.0008940158794882036,-0.001966934031086202,0.0016579318121864126,-0.007609178422575858,0.01209508455153127,0.007325598512202699,0.007085579370160195,0.006375145779919032
2009-12-22,10.44609,"10.384,20","10.477,11","10.359,40",,"0,48%",0.004810476576936872,0.0008940158794882036,-0.001966934031086202,0.0016579318121864126,-0.0018761212365845845,0.007243352034663683,0.007150770535903064,0.00639035905161524
2009-12-23,10.42394,"10.437,86","10.466,46","10.420,32",,"-0,21%",-0.0021226618569075264,0.004810476576936872,0.0008940158794882036,-0.001966934031086202,-0.007609178422575858,0.00722603559390879,0.007109644588370109,0.006389318175345123
2009-12-24,10.41445,"10.428,50","10.458,02","10.397,90",,"-0,09%",-0.0009108189889974718,-0.0021226618569075264,0.004810476576936872,0.0008940158794882036,0.0016579318121864126,0.007304223018192892,0.007111969260076288,0.0063868770789478075
2009-12-25,10.42673,"10.349,25","10.447,67","10.334,80",,"0,12%",0.0011784362901825747,-0.0009108189889974718,-0.0021226618569075264,0.004810476576936872,-0.001966934031086202,0.005176973345757437,0.0070961437710235584,0.006391945403175541
2009-12-28,10.43199,"10.399,99","10.433,21","10.356,25",,"0,05%",0.000504345435529937,0.0011784362901825747,-0.0009108189889974718,-0.0021226618569075264,0.0008940158794882036,0.0032659079306947844,0.0070843418972947585,0.006101573895815933
2009-12-29,10.47116,"10.416,01","10.508,18","10.388,66",,"0,38%",0.003747764891667458,0.000504345435529937,0.0011784362901825747,-0.0009108189889974718,0.004810476576936872,0.003487722161466758,0.006737493585484079,0.006122729118495255
2009-12-30,10.52255,"10.465,60","10.522,58","10.435,06",,"0,49%",0.004895761887250539,0.003747764891667458,0.000504345435529937,0.0011784362901825747,-0.0021226618569075264,0.0025701440232153666,0.006766933846683485,0.006148598618356014
2009-12-31,10.44381,"10.519,04","10.519,04","10.434,23",,"-0,75%",-0.007511114965898185,0.004895761887250539,0.003747764891667458,0.000504345435529937,-0.0009108189889974718,0.003770936916014118,0.007060866969773789,0.006215833427007292
2010-01-04,10.31235,"10.446,12","10.446,12","10.271,68",,"-1,26%",-0.012667252307432684,-0.007511114965898185,0.004895761887250539,0.003747764891667458,0.0011784362901825747,0.005584223030109529,0.0074417759833983405,0.00638654313421704
2010-01-05,10.29175,"10.309,83","10.322,77","10.222,49",,"-0,20%",-0.001999602687226134,-0.012667252307432684,-0.007511114965898185,0.004895761887250539,0.000504345435529937,0.005566346528179661,0.006815724366884273,0.006356055937749677
2010-01-06,10.45291,"10.261,23","10.486,64","10.253,36",,"1,57%",0.015537805131832286,-0.001999602687226134,-0.012667252307432684,-0.007511114965898185,0.003747764891667458,0.007507388349955337,0.0074136076486337995,0.006696953008978696
2010-01-07,10.72049,"10.475,12","10.720,49","10.475,12",,"2,56%",0.025276455008183315,0.015537805131832286,-0.001999602687226134,-0.012667252307432684,0.004895761887250539,0.010867861720719506,0.008982896703664497,0.007485882843690679
2010-01-08,10.7822,"10.719,81","10.782,91","10.699,48",,"0,58%",0.0057397627384232885,0.025276455008183315,0.015537805131832286,-0.001999602687226134,-0.007511114965898185,0.010818574028366036,0.009008250825133473,0.007525032162894371
2010-01-12,10.84381,"10.775,43","10.843,84","10.689,30",,"0,57%",0.0056977839813546335,0.0057397627384232885,0.025276455008183315,0.015537805131832286,-0.012667252307432684,0.010806587849410847,0.008419703333837732,0.007559460270892683
2010-01-13,10.77857,"10.833,74","10.833,74","10.738,32",,"-0,60%",-0.0060345066526040405,0.0056977839813546335,0.0057397627384232885,0.025276455008183315,-0.001999602687226134,0.011226057520043266,0.008280872851924491,0.007586580216724712
2010-01-14,10.83456,"10.707,96","10.834,62","10.685,85",,"0,52%",0.005181121406261994,-0.0060345066526040405,0.0056977839813546335,0.0057397627384232885,0.015537805131832286,0.011241999110659748,0.008285982509191945,0.007473990465164878
2010-01-15,10.81091,"10.755,25","10.829,48","10.738,19",,"-0,22%",-0.002185215605025744,0.005181121406261994,-0.0060345066526040405,0.0056977839813546335,0.025276455008183315,0.011360510466992147,0.008050149551925102,0.007477944409410688
2010-01-18,10.88915,"10.789,28","10.889,15","10.772,55",,"0,72%",0.00721107121701608,-0.002185215605025744,0.005181121406261994,-0.0060345066526040405,0.0057397627384232885,0.010831310838808892,0.00813356640694884,0.007539135843262996
2010-01-19,10.98893,"10.888,19","10.988,93","10.884,65",,"0,92%",0.00912152179944494,0.00721107121701608,-0.002185215605025744,0.005181121406261994,0.0056977839813546335,0.009123564444382592,0.008207582898929745,0.007633871888475459
2010-01-20,11.008,"10.981,16","11.008,00","10.939,95",,"0,17%",0.0017338787528592928,0.00912152179944494,0.00721107121701608,-0.002185215605025744,-0.0060345066526040405,0.00881488123617476,0.008199363989625643,0.007247668797942665
2010-01-21,10.97354,"10.991,71","10.998,96","10.957,03",,"-0,31%",-0.0031353606917327364,0.0017338787528592928,0.00912152179944494,0.00721107121701608,0.005181121406261994,0.00871857839441347,0.008291876125082167,0.0072547926967163525
2010-01-22,10.92014,"10.953,37","10.953,37","10.870,13",,"-0,49%",-0.00487812975185761,-0.0031353606917327364,0.0017338787528592928,0.00912152179944494,-0.002185215605025744,0.005489701406456477,0.008394337118798046,0.007280340504066762
2010-01-25,10.90303,"10.885,83","10.939,89","10.838,64",,"-0,16%",-0.0015680584906638186,-0.00487812975185761,-0.0031353606917327364,0.0017338787528592928,0.00721107121701608,0.005399316591188534,0.008408945872174441,0.007283370087354568
2010-01-26,10.90567,"10.898,37","10.905,67","10.841,77",,"0,02%",0.00024210521607402423,-0.0015680584906638186,-0.00487812975185761,-0.0031353606917327364,0.00912152179944494,0.0051548331030181384,0.008418075343221601,0.007264323717900759
2010-01-27,10.94081,"10.884,54","10.945,29","10.860,79",,"0,32%",0.0032169969995642046,0.00024210521607402423,-0.0015680584906638186,-0.00487812975185761,0.0017338787528592928,0.004642798546007232,0.008410394832396575,0.007219843754785805
2010-01-28,10.9875,"10.931,23","11.007,58","10.918,43",,"0,43%",0.0042584285389234726,0.0032169969995642046,0.00024210521607402423,-0.0015680584906638186,-0.0031353606917327364,0.004569977594867675,0.008415535739627873,0.007220562120458966
2010-01-29,10.92844,"10.975,35","10.981,20","10.907,89",,"-0,54%",-0.005389697450224114,0.0042584285389234726,0.0032169969995642046,0.00024210521607402423,-0.00487812975185761,0.00494629664902623,0.008568307209270475,0.007204219252151206
2010-02-01,10.84639,"10.924,53","10.931,41","10.846,39",,"-0,75%",-0.007536259831823834,-0.005389697450224114,0.0042584285389234726,0.0032169969995642046,-0.0015680584906638186,0.005111335991680332,0.00856976134622506,0.007272872997951852
2010-02-02,10.90992,"10.846,91","10.909,92","10.818,01",,"0,59%",0.005840161366574141,-0.007536259831823834,-0.005389697450224114,0.0042584285389234726,0.00024210521607402423,0.0045015829452150335,0.00788702151320609,0.0073055475619865735
2010-02-03,10.93174,"10.903,85","10.931,74","10.827,62",,"0,20%",0.0019980172989524977,0.005840161366574141,-0.007536259831823834,-0.005389697450224114,0.0032169969995642046,0.004518335523520985,0.007808810728475833,0.007292829131697896
2010-02-04,10.90199,"10.907,56","10.907,56","10.846,13",,"-0,27%",-0.0027251430159933184,0.0019980172989524977,0.005840161366574141,-0.007536259831823834,0.0042584285389234726,0.0044955242315614,0.007320036394372185,0.007237831305041645
2010-02-05,10.92696,"10.834,62","10.926,96","10.833,11",,"0,23%",0.002287788546039225,-0.0027251430159933184,0.0019980172989524977,0.005840161366574141,-0.005389697450224114,0.004314905888023873,0.004891928120118301,0.007188380671068643
2010-02-08,10.94926,"10.901,21","10.961,03","10.879,16",,"0,20%",0.0020387441453891277,0.002287788546039225,-0.0027251430159933184,0.0019980172989524977,-0.007536259831823834,0.004314215642617064,0.0047698347098914995,0.007162882455374201
2010-02-09,11.00864,"10.949,29","11.008,64","10.902,43",,"0,54%",0.00540854496562521,0.0020387441453891277,0.002287788546039225,-0.0027251430159933184,0.005840161366574141,0.004590626384150835,0.00475451743953514,0.007096029429041258
2010-02-10,11.01941,"11.008,47","11.037,73","11.006,54",,"0,10%",0.0009778442357060164,0.00540854496562521,0.0020387441453891277,0.002287788546039225,0.0019980172989524977,0.004521294169199684,0.0044780558659868585,0.006943244807120785
2010-02-11,10.99784,"11.009,37","11.036,08","10.991,78",,"-0,20%",-0.0019593733913964716,0.0009778442357060164,0.00540854496562521,0.0020387441453891277,-0.0027251430159933184,0.004406052296335404,0.00442023943394328,0.006927000750113621
2010-02-12,11.09727,"10.988,23","11.097,27","10.943,74",,"0,90%",0.009000242242534614,-0.0019593733913964716,0.0009778442357060164,0.00540854496562521,0.002287788546039225,0.00475232158636864,0.0047266001442811765,0.0068409869493497935
2010-02-15,11.03728,"11.096,44","11.113,50","11.037,28",,"-0,54%",-0.005420498441075974,0.009000242242534614,-0.0019593733913964716,0.0009778442357060164,0.0020387441453891277,0.004332215579523666,0.004740096475728749,0.006843184670069949
2010-02-16,11.04029,"11.058,54","11.071,18","11.010,41",,"0,03%",0.00027267493828796044,-0.005420498441075974,0.009000242242534614,-0.0019593733913964716,0.00540854496562521,0.004098867615821492,0.004303090736723114,0.006762926321330522
2010-02-17,11.00578,"11.045,14","11.055,35","10.999,36",,"-0,31%",-0.0031307192789643214,0.00027267493828796044,-0.005420498441075974,0.009000242242534614,0.0009778442357060164,0.0043020675595452475,0.004351015466942666,0.00674557431779834
2010-02-18,10.97646,"11.005,82","11.020,38","10.976,42",,"-0,27%",-0.002667609614589172,-0.0031307192789643214,0.00027267493828796044,-0.005420498441075974,-0.0019593733913964716,0.0042970506923231105,0.004334558347386131,0.006763219848536697
2010-02-19,11.05355,"10.987,85","11.088,32","10.987,85",,"0,70%",0.006998663610568306,-0.002667609614589172,-0.0031307192789643214,0.00027267493828796044,0.009000242242534614,0.004729292836951049,0.004441406626722671,0.00677716398356756
2010-02-22,11.07656,"11.053,56","11.081,54","11.043,87",,"0,21%",0.00207952046257769,0.006998663610568306,-0.002667609614589172,-0.0031307192789643214,-0.005420498441075974,0.004730159986964954,0.0044222340068375224,0.006777106625278134
2010-02-23,11.06678,"11.076,87","11.076,87","11.010,64",,"-0,09%",-0.0008833356337328161,0.00207952046257769,0.006998663610568306,-0.002667609614589172,0.00027267493828796044,0.004515218743655583,0.004436703223255415,0.0067796322923594395
2010-02-24,11.03594,"11.057,80","11.077,05","11.020,35",,"-0,28%",-0.002790608577936273,-0.0008833356337328161,0.00207952046257769,0.006998663610568306,-0.0031307192789643214,0.004629206705543722,0.004462984501919221,0.006792210819017393
2010-02-25,11.07978,"11.036,55","11.079,78","11.025,46",,"0,40%",0.003964605938531015,-0.002790608577936273,-0.0008833356337328161,0.00207952046257769,-0.002667609614589172,0.004707672677045741,0.004450194118796607,0.006669150274777018
2010-02-26,11.0968,"11.078,61","11.096,80","11.026,31",,"0,15%",0.0015349529405985004,0.003964605938531015,-0.002790608577936273,-0.0008833356337328161,0.006998663610568306,0.0037464231295541257,0.00423890846385419,0.006663492555651494
2010-03-01,11.03635,"11.097,27","11.097,27","11.029,85",,"-0,54%",-0.005462408225522749,0.0015349529405985004,0.003964605938531015,-0.002790608577936273,0.00207952046257769,0.0037531726729077715,0.00404615252066881,0.0067205092850687416
2010-03-02,11.00012,"11.035,54","11.070,78","11.000,12",,"-0,33%",-0.0032881884116445852,-0.005462408225522749,0.0015349529405985004,0.003964605938531015,-0.0008833356337328161,0.0038899670453273107,0.003969904637081229,0.00663511809417594
2010-03-03,11.01097,"11.001,32","11.010,97","10.972,38",,"0,10%",0.0009858667497874716,-0.0032881884116445852,-0.005462408225522749,0.0015349529405985004,-0.002790608577936273,0.0037809991348331535,0.003955041601328481,0.006390766698730929
2010-03-04,11.03287,"10.994,05","11.032,87","10.980,26",,"0,20%",0.0019869502958692335,0.0009858667497874716,-0.0032881884116445852,-0.005462408225522749,0.003964605938531015,0.0036951926831518076,0.003901506016362612,0.006348364088921275
2010-03-05,10.98517,"11.031,75","11.043,87","10.973,11",,"-0,43%",-0.004332817509994127,0.0019869502958692335,0.0009858667497874716,-0.0032881884116445852,0.0015349529405985004,0.003187804666665761,0.004029246691667263,0.006323598722396199
2010-03-08,10.99185,"10.987,59","11.000,38","10.934,17",,"0,06%",0.0006079077332336808,-0.004332817509994127,0.0019869502958692335,0.0009858667497874716,-0.005462408225522749,0.0030815050800423113,0.004008757973880495,0.006319282683103624
2010-03-09,11.03282,"10.991,95","11.049,05","10.991,95",,"0,37%",0.003720377854123657,0.0006079077332336808,-0.004332817509994127,0.0019869502958692335,-0.0032881884116445852,0.00339069288628977,0.003909734204624386,0.005988695403441381
2010-03-10,11.01194,"11.011,86","11.055,00","11.011,86",,"-0,19%",-0.0018943282888045656,0.003720377854123657,0.0006079077332336808,-0.004332817509994127,0.0009858667497874716,0.0033290431466844474,0.003928870263800749,0.005821140687120172
2010-03-11,11.02058,"10.995,11","11.020,58","10.974,04",,"0,08%",0.0007842952547314107,-0.0018943282888045656,0.003720377854123657,0.0006079077332336808,0.0019869502958692335,0.0030229414832849315,0.0039059337683086466,0.005810447858918976
2010-03-12,11.02188,"10.980,26","11.021,88","10.954,36",,"0,01%",0.00011795416677678225,0.0007842952547314107,-0.0018943282888045656,0.003720377854123657,-0.004332817509994127,0.002947359223621757,0.003298879633198954,0.005704320111354632
2010-03-15,10.96664,"11.030,07","11.072,04","10.966,33",,"-0,50%",-0.005024450596181914,0.00011795416677678225,0.0007842952547314107,-0.0018943282888045656,0.0006079077332336808,0.002870612327451641,0.003267825313245459,0.005755943313505868
2010-03-16,10.93864,"10.932,89","10.980,84","10.924,19",,"-0,26%",-0.0025564626655766973,-0.005024450596181914,0.00011795416677678225,0.0007842952547314107,0.003720377854123657,0.002803981662654261,0.0033018289089473355,0.0057613735385955225
2010-03-17,10.94843,"10.926,92","10.990,45","10.915,97",,"0,09%",0.0008945921635840589,-0.0025564626655766973,-0.005024450596181914,0.00011795416677678225,-0.0018943282888045656,0.0027985320319322887,0.0032529459542355345,0.00576137359170881
2010-03-18,11.01344,"10.945,98","11.013,48","10.912,40",,"0,59%",0.0059202781804650155,0.0008945921635840589,-0.0025564626655766973,-0.005024450596181914,0.0007842952547314107,0.0034078582697478674,0.003477629359334016,0.005776024558336574
2010-03-19,10.98499,"10.994,99","10.996,33","10.949,54",,"-0,26%",-0.002586549663902319,0.0059202781804650155,0.0008945921635840589,-0.0025564626655766973,0.00011795416677678225,0.0032102108173898743,0.0031298495164670684,0.005780422678276607
2010-03-22,11.0081,"10.965,92","11.039,05","10.965,92",,"0,21%",0.002101569948163678,-0.002586549663902319,0.0059202781804650155,0.0008945921635840589,-0.005024450596181914,0.0032758021608099235,0.003130739675145052,0.005777741534139397
2010-03-23,11.0083,"11.009,56","11.009,56","10.980,70",,"0,00%",1.8168274559350074e-05,0.002101569948163678,-0.002586549663902319,0.0059202781804650155,-0.0025564626655766973,0.0030269206691505308,0.0031285393799044695,0.0057788169292495185
2010-03-24,11.04084,"11.020,41","11.049,71","11.006,31",,"0,30%",0.002951591184394471,1.8168274559350074e-05,0.002101569948163678,-0.002586549663902319,0.0008945921635840589,0.00311611805127614,0.00314797806675453,0.005784577486905077
2010-03-25,11.03275,"11.045,54","11.045,54","10.977,62",,"-0,07%",-0.0007330026844047301,0.002951591184394471,1.8168274559350074e-05,0.002101569948163678,0.0059202781804650155,0.003124794097692418,0.003010594433022528,0.005776703714349725
2010-03-26,11.22849,"11.015,45","11.348,56","11.002,28",,"1,77%",0.017586176218554902,-0.0007330026844047301,0.002951591184394471,1.8168274559350074e-05,-0.002586549663902319,0.006348831489413819,0.004989847783403972,0.0061470254618513276
2010-03-29,11.44454,"11.265,41","11.446,72","11.257,57",,"1,92%",0.0190584619279671,0.017586176218554902,-0.0007330026844047301,0.002951591184394471,0.002101569948163678,0.007840755439163053,0.006272193880263537,0.00646621348834901
2010-03-30,11.58572,"11.424,93","11.589,83","11.424,93",,"1,23%",0.012260544911058952,0.0190584619279671,0.017586176218554902,-0.0007330026844047301,1.8168274559350074e-05,0.00780829142460476,0.006563126790769094,0.006338442928157316
2010-03-31,11.41877,"11.585,75","11.585,75","11.418,77",,"-1,44%",-0.014514812636335672,0.012260544911058952,0.0190584619279671,0.017586176218554902,0.002951591184394471,0.010066338790882695,0.007596778738543188,0.006667678835030784
2010-04-01,11.33793,"11.413,63","11.413,63","11.301,99",,"-0,71%",-0.007104750693174917,-0.014514812636335672,0.012260544911058952,0.0190584619279671,-0.0007330026844047301,0.010645896980017722,0.007853828231760016,0.0065119948921863735
2010-04-02,11.35356,"11.293,83","11.353,78","11.285,40",,"0,14%",0.0013776091805248608,-0.007104750693174917,-0.014514812636335672,0.012260544911058952,0.017586176218554902,0.01049142742263644,0.007738790700885462,0.005704863494536375
2010-04-05,11.35212,"11.356,85","11.403,71","11.343,51",,"-0,01%",-0.00012684050880055429,0.0013776091805248608,-0.007104750693174917,-0.014514812636335672,0.0190584619279671,0.010543252489753218,0.007745735234830695,0.005671666056431774
2010-04-06,11.33157,"11.357,67","11.416,64","11.330,13",,"-0,18%",-0.0018118750187426063,-0.00012684050880055429,0.0013776091805248608,-0.007104750693174917,0.012260544911058952,0.010617869896777357,0.007765256662184007,0.0056458650579033895
2010-04-07,11.39855,"11.339,15","11.416,24","11.339,15",,"0,59%",0.005893518720627804,-0.0018118750187426063,-0.00012684050880055429,0.0013776091805248608,-0.014514812636335672,0.010660305015701938,0.00778997285235846,0.005613429730697527
2010-04-08,11.40496,"11.397,88","11.404,96","11.359,09",,"0,06%",0.0005621941682513872,0.005893518720627804,-0.0018118750187426063,-0.00012684050880055429,-0.007104750693174917,0.010615138378536657,0.007791543063569354,0.005585775090514547
2010-04-09,11.3941,"11.402,73","11.414,63","11.346,09",,"-0,10%",-0.0009526709277805979,0.0005621941682513872,0.005893518720627804,-0.0018118750187426063,0.0013776091805248608,0.009395153575317469,0.007806750121235667,0.005576663332139777
2010-04-12,11.44162,"11.395,25","11.451,99","11.374,52",,"0,42%",0.004161906748987478,-0.0009526709277805979,0.0005621941682513872,0.005893518720627804,-0.00012684050880055429,0.007226088382796383,0.007661618603906561,0.005531662811595371
2010-04-13,11.52387,"11.441,62","11.523,87","11.441,62",,"0,72%",0.007162952035638857,0.004161906748987478,-0.0009526709277805979,0.0005621941682513872,-0.0018118750187426063,0.006395097064261189,0.007657630000715935,0.005487475934964938
2010-04-14,11.55873,"11.523,37","11.576,10","11.516,34",,"0,30%",0.0030204592639317867,0.007162952035638857,0.004161906748987478,-0.0009526709277805979,0.005893518720627804,0.004143839632670275,0.007647372238702419,0.0054937282000818545
2010-04-15,11.6339,"11.567,66","11.633,90","11.540,05",,"0,65%",0.006482254338358885,0.0030204592639317867,0.007162952035638857,0.004161906748987478,0.0005621941682513872,0.003240702677667233,0.007660800569830402,0.0055168136866167675
2010-04-16,11.96651,"11.621,62","11.966,51","11.621,62",,"2,86%",0.028188664862749638,0.006482254338358885,0.0030204592639317867,0.007162952035638857,-0.0009526709277805979,0.008674083946717473,0.009422690734624524,0.006488385738774107
2010-04-19,11.95736,"11.969,13","11.989,99","11.926,87",,"-0,08%",-0.0007649264476147744,0.028188664862749638,0.006482254338358885,0.0030204592639317867,0.004161906748987478,0.008720321624354169,0.009479186820350155,0.006482722459248822
2010-04-20,12.13795,"11.952,61","12.137,95","11.952,61",,"1,51%",0.014989919739599221,-0.0007649264476147744,0.028188664862749638,0.006482254338358885,0.007162952035638857,0.008838272110136144,0.009724885588509053,0.006708396794204657
2010-04-21,12.03845,"12.138,49","12.217,19","12.028,07",,"-0,82%",-0.008231214058644286,0.014989919739599221,-0.0007649264476147744,0.028188664862749638,0.0030204592639317867,0.010057075426655284,0.010153881084357655,0.006828684152615413
2010-04-22,12.09768,"12.046,15","12.120,12","12.020,83",,"0,49%",0.0049080046301393345,-0.008231214058644286,0.014989919739599221,-0.0007649264476147744,0.006482254338358885,0.009914711303667962,0.010084087511994716,0.006833494108478429
2010-04-23,12.13552,"12.063,68","12.135,97","12.063,68",,"0,31%",0.0031229908352740634,0.0049080046301393345,-0.008231214058644286,0.014989919739599221,0.028188664862749638,0.009682936454726784,0.009611888868231978,0.006773934648749008
2010-04-26,12.1557,"12.135,48","12.155,70","12.106,20",,"0,17%",0.0016615060620595974,0.0031229908352740634,0.0049080046301393345,-0.008231214058644286,-0.0007649264476147744,0.009776234321842025,0.008929331870030987,0.006663484564807645
2010-04-27,12.1935,"12.153,62","12.199,03","12.133,19",,"0,31%",0.003104827293368645,0.0016615060620595974,0.0031229908352740634,0.0049080046301393345,0.014989919739599221,0.009809260483786306,0.008661012643265673,0.006645399188924275
2010-04-28,12.21348,"12.171,86","12.219,94","12.142,96",,"0,16%",0.001637236926740312,0.003104827293368645,0.0016615060620595974,0.0031229908352740634,-0.008231214058644286,0.009860053688931163,0.007683273050142508,0.006645429746884339
2010-04-29,12.28065,"12.214,18","12.280,65","12.213,28",,"0,55%",0.005484593114919953,0.001637236926740312,0.003104827293368645,0.0016615060620595974,0.0049080046301393345,0.00985416784996588,0.007285878124937379,0.0066341861107216855
2010-04-30,12.28699,"12.280,31","12.286,99","12.254,48",,"0,05%",0.0005161261025268862,0.005484593114919953,0.001637236926740312,0.003104827293368645,0.0031229908352740634,0.005797087164887804,0.0073046798750901615,0.006636756255739728
2010-05-03,12.29132,"12.279,74","12.304,86","12.256,65",,"0,04%",0.000352343187533903,0.0005161261025268862,0.005484593114919953,0.001637236926740312,0.0016615060620595974,0.005734539624074206,0.007291376222982272,0.00663996633153597
2010-05-04,12.30992,"12.293,23","12.309,92","12.270,63",,"0,15%",0.0015121191894458283,0.000352343187533903,0.0005161261025268862,0.005484593114919953,0.003104827293368645,0.0037953334041279456,0.007189716006509853,0.006624374794180063
2010-05-05,12.24747,"12.312,58","12.312,58","12.241,31",,"-0,51%",-0.005086056345659276,0.0015121191894458283,0.000352343187533903,0.0005161261025268862,0.001637236926740312,0.0029423598278920373,0.007462820489099293,0.0066840818569797395
2010-05-06,12.1152,"12.207,42","12.211,87","12.042,21",,"-1,08%",-0.01085852245529524,-0.005086056345659276,0.0015121191894458283,0.000352343187533903,0.005484593114919953,0.004727672907785619,0.008115250781992444,0.006864341233139003
2010-05-07,12.17189,"12.099,56","12.171,89","12.037,79",,"0,47%",0.004668332266670576,-0.01085852245529524,-0.005086056345659276,0.0015121191894458283,0.0005161261025268862,0.004859265994160622,0.00806759821030609,0.006807871814797816
2010-05-10,12.18811,"12.167,20","12.207,81","12.154,87",,"0,13%",0.0013316914940105788,0.004668332266670576,-0.01085852245529524,-0.005086056345659276,0.000352343187533903,0.0048501032115644905,0.008076531994488153,0.0067463841161505
2010-05-11,12.18848,"12.162,60","12.213,41","12.127,68",,"0,00%",3.0356994151198784e-05,0.0013316914940105788,0.004668332266670576,-0.01085852245529524,0.0015121191894458283,0.00474651352127851,0.00804790496456049,0.006747296925846832
2010-05-12,12.18955,"12.158,06","12.208,97","12.100,30",,"0,01%",8.778395962978331e-05,3.0356994151198784e-05,0.0013316914940105788,0.004668332266670576,-0.005086056345659276,0.004710791272143465,0.008070429886350568,0.006721397620774972
2010-05-13,12.22974,"12.199,75","12.229,74","12.163,60",,"0,33%",0.0032916629671349215,8.778395962978331e-05,3.0356994151198784e-05,0.0013316914940105788,-0.01085852245529524,0.004461404981807458,0.008022224186648184,0.00669971918866352
2010-05-14,12.29467,"12.201,27","12.341,79","12.187,82",,"0,53%",0.005295144854608029,0.0032916629671349215,8.778395962978331e-05,3.0356994151198784e-05,0.004668332266670576,0.0048142848181286285,0.00535254429866367,0.0066809065750780584
2010-05-17,12.36554,"12.272,12","12.365,56","12.268,22",,"0,58%",0.005747736544645043,0.005295144854608029,0.0032916629671349215,8.778395962978331e-05,0.0013316914940105788,0.005141585127437836,0.005414678861583933,0.0067005089343588065
2010-05-18,12.42334,"12.370,48","12.423,34","12.339,76",,"0,47%",0.004663389773882079,0.005747736544645043,0.005295144854608029,0.0032916629671349215,3.0356994151198784e-05,0.005297760959981042,0.0044923120202996405,0.006700636577557016
2010-05-19,12.45759,"12.429,60","12.492,03","12.421,47",,"0,28%",0.0027531142632970544,0.004663389773882079,0.005747736544645043,0.005295144854608029,8.778395962978331e-05,0.0048737782289491015,0.003918262374632277,0.006672643409408417
2010-05-20,12.4369,"12.455,99","12.467,16","12.411,42",,"-0,17%",-0.0016622155958049378,0.0027531142632970544,0.004663389773882079,0.005747736544645043,0.0032916629671349215,0.002558093182407686,0.003911555449791061,0.006684373982893663
2010-05-21,12.37036,"12.412,35","12.413,44","12.361,73",,"-0,54%",-0.00536457146636998,-0.0016622155958049378,0.0027531142632970544,0.004663389773882079,0.005295144854608029,0.0034705172262220357,0.004165019214429255,0.00675023337840238
2010-05-24,12.05991,"12.177,73","12.177,92","12.017,37",,"-2,51%",-0.025416560064040344,-0.00536457146636998,-0.0016622155958049378,0.0027531142632970544,0.005747736544645043,0.00923524277097327,0.007211393032017856,0.007557873703405192
2010-05-25,11.9274,"12.051,57","12.051,57","11.881,88",,"-1,10%",-0.011048454198232662,-0.025416560064040344,-0.00536457146636998,-0.0016622155958049378,0.004663389773882079,0.009740927258742857,0.007536908819946766,0.007705776882345447
2010-05-26,11.98488,"11.957,03","11.994,43","11.888,66",,"0,48%",0.004807580934184015,-0.011048454198232662,-0.025416560064040344,-0.00536457146636998,0.0027531142632970544,0.009973787747484364,0.007630340809749713,0.0077185099367011074
2010-05-27,12.07154,"11.980,73","12.071,54","11.963,30",,"0,72%",0.007204760713864846,0.004807580934184015,-0.011048454198232662,-0.025416560064040344,-0.0016622155958049378,0.010263649492658523,0.007715841316830551,0.0077544019349771835
2010-05-28,11.99024,"12.086,02","12.134,78","11.990,24",,"-0,67%",-0.006757630514783421,0.007204760713864846,0.004807580934184015,-0.011048454198232662,-0.00536457146636998,0.010109384935046307,0.007818371154371725,0.00779154324805323
2010-05-31,12.06853,"11.990,24","12.085,76","11.990,24",,"0,65%",0.006508252611935694,-0.006757630514783421,0.007204760713864846,0.004807580934184015,-0.025416560064040344,0.010180993583284195,0.008002631249181956,0.007817808490615008
2010-06-01,12.07682,"12.058,72","12.081,34","12.033,33",,"0,07%",0.0006866746869060046,0.006508252611935694,-0.006757630514783421,0.007204760713864846,-0.011048454198232662,0.009948087030070933,0.007991578037385138,0.007813391660005558
2010-06-02,12.14965,"12.069,63","12.149,65","12.032,94",,"0,60%",0.006012449968777097,0.0006866746869060046,0.006508252611935694,-0.006757630514783421,0.004807580934184015,0.010201460738710722,0.008074591127145179,0.007821727761198896
2010-06-03,12.1317,"12.149,66","12.149,66","12.082,25",,"-0,15%",-0.00147850125877186,0.006012449968777097,0.0006866746869060046,0.006508252611935694,0.007204760713864846,0.010203308311217126,0.007698880614454136,0.0078313662572444
2010-06-04,12.16258,"12.102,42","12.162,58","12.068,66",,"0,25%",0.0025421635570521744,-0.00147850125877186,0.006012449968777097,0.0006866746869060046,-0.006757630514783421,0.010261524537735493,0.007646516587934199,0.007829838813736483
2010-06-07,12.178,"12.118,22","12.178,00","12.108,74",,"0,13%",0.0012670201008244647,0.0025421635570521744,-0.00147850125877186,0.006012449968777097,0.006508252611935694,0.005986025219870873,0.007645920421626963,0.007781032519099947
2010-06-08,12.27046,"12.163,80","12.270,46","12.161,92",,"0,76%",0.007563702646263029,0.0012670201008244647,0.0025421635570521744,-0.00147850125877186,0.0006866746869060046,0.004554850295377931,0.007832920212848949,0.007795855756570693
2010-06-09,12.32619,"12.268,52","12.330,76","12.227,89",,"0,45%",0.004531519159428619,0.007563702646263029,0.0012670201008244647,0.0025421635570521744,0.006012449968777097,0.004542390328156972,0.00788836219080961,0.007801924961915371
2010-06-10,12.32951,"12.311,09","12.329,51","12.266,32",,"0,03%",0.0002693089241081754,0.004531519159428619,0.007563702646263029,0.0012670201008244647,-0.00147850125877186,0.004320542127976703,0.007862130234018936,0.007787592892079139
2010-06-11,12.29023,"12.287,40","12.290,23","12.240,77",,"-0,32%",-0.0031909381113981892,0.0002693089241081754,0.004531519159428619,0.007563702646263029,0.0025421635570521744,0.0035926565742881154,0.007813235857304656,0.007793858333521878
2010-06-14,12.22583,"12.224,61","12.257,97","12.191,01",,"-0,52%",-0.005253711087986744,-0.0031909381113981892,0.0002693089241081754,0.004531519159428619,0.0012670201008244647,0.00402362318623081,0.007773106402135587,0.007847832207320955
2010-06-15,12.28272,"12.214,22","12.282,72","12.193,99",,"0,47%",0.004642469846392218,-0.005253711087986744,-0.0031909381113981892,0.0002693089241081754,0.007563702646263029,0.004149655962087165,0.007772366737284181,0.007853254629140804
2010-06-16,12.15561,"12.252,76","12.255,87","12.155,61",,"-1,03%",-0.01040260494532458,0.004642469846392218,-0.005253711087986744,-0.0031909381113981892,0.004531519159428619,0.0053291329550668965,0.008028859180493621,0.008008507431418009
2010-06-17,12.08667,"12.155,24","12.155,24","11.989,94",,"-0,57%",-0.005687599173317498,-0.01040260494532458,0.004642469846392218,-0.005253711087986744,0.0002693089241081754,0.005621397047861368,0.008090561915189037,0.008058392483789522
2010-06-18,12.05674,"12.084,71","12.135,61","12.012,32",,"-0,25%",-0.0024793527784281906,-0.005687599173317498,-0.01040260494532458,0.004642469846392218,-0.0031909381113981892,0.005556070788240129,0.008042258520506926,0.007792335992328137
2010-06-21,12.03341,"12.069,81","12.069,81","11.978,37",,"-0,19%",-0.0019368918245537658,-0.0024793527784281906,-0.005687599173317498,-0.01040260494532458,-0.005253711087986744,0.005511084299622575,0.005709457978653516,0.0074395837775344505
2010-06-22,11.97221,"12.036,34","12.037,25","11.943,22",,"-0,51%",-0.005098817076119087,-0.0019368918245537658,-0.0024793527784281906,-0.005687599173317498,0.004642469846392218,0.004664932714313182,0.005245693842111557,0.007324424637012321
2010-06-23,12.05536,"11.972,89","12.055,36","11.961,72",,"0,69%",0.006921243549126963,-0.005098817076119087,-0.0019368918245537658,-0.0024793527784281906,-0.01040260494532458,0.005103515670164221,0.005363637709218709,0.007096552814902486
2010-06-24,12.06206,"12.059,33","12.062,06","11.987,05",,"0,06%",0.0005556150013029452,0.006921243549126963,-0.005098817076119087,-0.0019368918245537658,-0.005687599173317498,0.005119819871555607,0.0051128933687684406,0.007018502345485378
2010-06-25,12.01497,"12.013,69","12.053,64","12.006,40",,"-0,39%",-0.003911617009462482,0.0005556150013029452,0.006921243549126963,-0.005098817076119087,-0.0024793527784281906,0.005140457623901137,0.004953179051687321,0.007047243998257574
2010-06-28,11.94013,"12.011,25","12.011,25","11.911,03",,"-0,62%",-0.00624837662903471,-0.003911617009462482,0.0005556150013029452,0.006921243549126963,-0.0019368918245537658,0.005213811241373091,0.0049060773785092925,0.007107063316925798
2010-06-29,11.84371,"11.933,75","11.933,75","11.819,72",,"-0,81%",-0.008108070709089457,-0.00624837662903471,-0.003911617009462482,0.0005556150013029452,-0.005098817076119087,0.0048566726642745575,0.005177467110345934,0.00719287136100096
2010-06-30,11.77387,"11.820,73","11.820,73","11.752,57",,"-0,59%",-0.005914255700566071,-0.008108070709089457,-0.00624837662903471,-0.003911617009462482,0.006921243549126963,0.004342389797988466,0.005014648913693898,0.007210898195556522
2010-07-01,11.70446,"11.773,45","11.792,73","11.704,46",,"-0,59%",-0.005912703519774537,-0.005914255700566071,-0.008108070709089457,-0.00624837662903471,0.0005556150013029452,0.004357328722625592,0.005107513142506301,0.0072588502545166455
2010-07-02,11.78596,"11.712,26","11.804,74","11.701,94",,"0,70%",0.006939026804894802,-0.005912703519774537,-0.005914255700566071,-0.008108070709089457,-0.003911617009462482,0.005421538558050574,0.005390691709039082,0.007304687595627669
2010-07-05,11.77117,"11.794,56","11.809,97","11.746,47",,"-0,13%",-0.0012556709534050632,0.006939026804894802,-0.005912703519774537,-0.005914255700566071,-0.00624837662903471,0.0054304822993423785,0.005350108818950623,0.007292928398186326
2010-07-06,11.74508,"11.719,00","11.745,08","11.684,83",,"-0,22%",-0.0022188921026498345,-0.0012556709534050632,0.006939026804894802,-0.005912703519774537,-0.008108070709089457,0.005335399911363436,0.004885744674827657,0.007247501306018117
2010-07-07,11.67394,"11.731,26","11.731,26","11.644,70",,"-0,61%",-0.00607542235491788,-0.0022188921026498345,-0.0012556709534050632,0.006939026804894802,-0.005914255700566071,0.0044538047498345135,0.004689708420319502,0.007285025083950337
2010-07-08,11.76688,"11.664,81","11.788,53","11.628,67",,"0,80%",0.007929798276533223,-0.00607542235491788,-0.0022188921026498345,-0.0012556709534050632,-0.005912703519774537,0.005608317885124787,0.005228449183170714,0.007308658013701216
2010-07-09,11.73971,"11.696,49","11.747,57","11.675,58",,"-0,23%",-0.002311693197485143,0.007929798276533223,-0.00607542235491788,-0.0022188921026498345,0.006939026804894802,0.005585639016592897,0.005224571456750317,0.006322365627781967
2010-07-12,11.83082,"11.763,81","11.830,82","11.757,85",,"0,78%",0.007730878667266587,-0.002311693197485143,0.007929798276533223,-0.00607542235491788,-0.0012556709534050632,0.006207289235950293,0.005628251010767721,0.006406780527110812
2010-07-13,11.96757,"11.861,33","11.967,57","11.840,05",,"1,16%",0.011492500554083752,0.007730878667266587,-0.002311693197485143,0.007929798276533223,-0.0022188921026498345,0.006755621407901831,0.0062092604353911375,0.006281124636161096
2010-07-14,11.91589,"11.960,43","11.960,43","11.864,71",,"-0,43%",-0.004327687919508418,0.011492500554083752,0.007730878667266587,-0.002311693197485143,-0.00607542235491788,0.0065907623508763636,0.005880401545362585,0.006216790427545302
2010-07-15,11.89357,"11.891,33","11.893,57","11.843,40",,"-0,19%",-0.001874885573907434,-0.004327687919508418,0.011492500554083752,0.007730878667266587,0.007929798276533223,0.006219907779452024,0.0057812630885292655,0.006184462192509175
2010-07-16,11.84622,"11.873,59","11.873,59","11.827,85",,"-0,40%",-0.003989088596769399,-0.001874885573907434,-0.004327687919508418,0.011492500554083752,-0.002311693197485143,0.006137649763145649,0.005814035905149158,0.006186219777134743
2010-07-19,11.81285,"11.882,65","11.894,33","11.808,68",,"-0,28%",-0.0028209073415422048,-0.003989088596769399,-0.001874885573907434,-0.004327687919508418,0.007730878667266587,0.006207244904616519,0.005825836088601525,0.006187941535838349
2010-07-20,11.80454,"11.807,09","11.809,16","11.773,81",,"-0,07%",-0.0007037187718828839,-0.0028209073415422048,-0.003989088596769399,-0.001874885573907434,0.011492500554083752,0.006155756657361891,0.0057424041374523295,0.006170086401131342
2010-07-21,11.8092,"11.804,54","11.809,26","11.753,58",,"0,04%",0.00039468547214422127,-0.0007037187718828839,-0.0028209073415422048,-0.003989088596769399,-0.004327687919508418,0.0057112397408907506,0.0054649421261732094,0.006164736746727558
2010-07-22,11.8272,"11.817,25","11.827,23","11.787,92",,"0,15%",0.0015230748743153939,0.00039468547214422127,-0.0007037187718828839,-0.0028209073415422048,-0.001874885573907434,0.005203190466328955,0.005483978690201375,0.00611994128793991
2010-07-23,11.85708,"11.827,25","11.857,08","11.800,20",,"0,25%",0.0025231939372952704,0.0015230748743153939,0.00039468547214422127,-0.0007037187718828839,-0.003989088596769399,0.005135923367999802,0.005491882186029812,0.00613176950691882
2010-07-26,11.79346,"11.857,99","11.863,82","11.781,93",,"-0,54%",-0.005380016985189844,0.0025231939372952704,0.0015230748743153939,0.00039468547214422127,-0.0028209073415422048,0.004893004935261412,0.005448650164013899,0.006161367594085884
2010-07-27,11.78563,"11.780,69","11.792,33","11.752,04",,"-0,07%",-0.0006641477926258804,-0.005380016985189844,0.0025231939372952704,0.0015230748743153939,-0.0007037187718828839,0.002611271660677775,0.005156489252062597,0.006154591437422904
2010-07-28,11.78769,"11.779,17","11.818,16","11.768,88",,"0,02%",0.00017477385495509663,-0.0006641477926258804,-0.005380016985189844,0.0025231939372952704,0.00039468547214422127,0.0024594081401706253,0.004980963147977566,0.0061288350782600495
2010-07-29,11.78252,"11.819,86","11.822,43","11.760,42",,"-0,04%",-0.00043868935261191024,0.00017477385495509663,-0.0006641477926258804,-0.005380016985189844,0.0015230748743153939,0.002449858489895677,0.004781994037326717,0.00598013654481495
2010-08-02,11.78593,"11.769,70","11.786,00","11.728,60",,"0,03%",0.00028936990118538265,-0.00043868935261191024,0.00017477385495509663,-0.0006641477926258804,0.0025231939372952704,0.0022207044303654074,0.004522602410281801,0.005943043994399734
2010-08-03,11.74341,"11.770,72","11.771,21","11.701,01",,"-0,36%",-0.003614214957577046,0.00028936990118538265,-0.00043868935261191024,0.00017477385495509663,-0.005380016985189844,0.00232417965464467,0.0045873500093002485,0.005950980028101596
2010-08-04,11.75381,"11.752,73","11.756,78","11.672,84",,"0,09%",0.0008852111593727779,-0.003614214957577046,0.00028936990118538265,-0.00043868935261191024,-0.0006641477926258804,0.002369382855930321,0.004564987302471128,0.005953584959050626
2010-08-05,11.70938,"11.690,61","11.709,42","11.638,57",,"-0,38%",-0.003787213341825096,0.0008852111593727779,-0.003614214957577046,0.00028936990118538265,0.00017477385495509663,0.0025682261442738492,0.004430418112291272,0.0059669424751241425
2010-08-06,11.76111,"11.700,21","11.761,11","11.700,21",,"0,44%",0.004408095763241784,-0.003787213341825096,0.0008852111593727779,-0.003614214957577046,-0.00043868935261191024,0.0029914559428223684,0.004167167932560694,0.005981228885828179
2010-08-09,11.77556,"11.762,48","11.786,00","11.753,10",,"0,12%",0.0012278713866900014,0.004408095763241784,-0.003787213341825096,0.0008852111593727779,0.00028936990118538265,0.0028686223693523945,0.004139993695994168,0.0059355678421723155
2010-08-10,11.78913,"11.741,62","11.795,07","11.720,02",,"0,12%",0.0011517233199344697,0.0012278713866900014,0.004408095763241784,-0.003787213341825096,-0.003614214957577046,0.0023848809166644685,0.003749057186637381,0.005880095547147793
2010-08-11,11.69948,"11.761,29","11.793,82","11.678,31",,"-0,76%",-0.007633524106381155,0.0011517233199344697,0.0012278713866900014,0.004408095763241784,0.0008852111593727779,0.0033936121577559835,0.002975376357834188,0.005900865262362985
2010-08-12,11.62606,"11.670,40","11.684,97","11.621,15",,"-0,63%",-0.006295266259361756,-0.007633524106381155,0.0011517233199344697,0.0012278713866900014,-0.003787213341825096,0.003794286731331521,0.0031157882087435923,0.005918903990827408
2010-08-13,11.62828,"11.603,79","11.661,61","11.603,79",,"0,02%",0.00019093210185649909,-0.006295266259361756,-0.007633524106381155,0.0011517233199344697,0.004408095763241784,0.0038168116640165018,0.0031275454312770573,0.005921027655005462
2010-08-16,11.6519,"11.629,85","11.662,35","11.605,36",,"0,20%",0.002029194628638424,0.00019093210185649909,-0.006295266259361756,-0.007633524106381155,0.0012278713866900014,0.003935999064444172,0.0031272910835626042,0.005908127556611605
2010-08-17,11.61737,"11.604,13","11.617,47","11.564,78",,"-0,30%",-0.002967864943391557,0.002029194628638424,0.00019093210185649909,-0.006295266259361756,0.0011517233199344697,0.0038960261673421474,0.0031323910791322854,0.004972182162278056
2010-08-18,11.54006,"11.579,68","11.579,68","11.519,43",,"-0,67%",-0.006676931526127819,-0.002967864943391557,0.002029194628638424,0.00019093210185649909,-0.007633524106381155,0.004194838361104268,0.0033931867888446444,0.004847287198083302
2010-08-19,11.49964,"11.544,70","11.562,99","11.453,64",,"-0,35%",-0.0035087298418093444,-0.006676931526127819,-0.002967864943391557,0.002029194628638424,-0.006295266259361756,0.004181343024136736,0.0034128946834792563,0.004810245586132703
2010-08-23,11.59585,"11.532,06","11.622,27","11.475,56",,"0,84%",0.008331544949359724,-0.0035087298418093444,-0.006676931526127819,-0.002967864943391557,0.00019093210185649909,0.004943902294245764,0.004001129577207658,0.004843668827101903
2010-08-24,11.60434,"11.589,90","11.609,99","11.549,08",,"0,07%",0.0007318905904635086,0.008331544949359724,-0.0035087298418093444,-0.006676931526127819,0.002029194628638424,0.0049168553095613795,0.003937951470484982,0.004780217955636419
2010-08-25,11.72777,"11.583,94","11.727,77","11.567,60",,"1,06%",0.010580367693880549,0.0007318905904635086,0.008331544949359724,-0.0035087298418093444,-0.002967864943391557,0.006208661558444902,0.004584257438009157,0.004909225972925746
2010-08-26,11.75203,"11.725,29","11.770,77","11.702,95",,"0,21%",0.002066457860204765,0.010580367693880549,0.0007318905904635086,0.008331544949359724,-0.006676931526127819,0.005711990792454861,0.00461276525855176,0.004917994952590447
2010-08-27,11.76499,"11.723,32","11.788,52","11.716,24",,"0,11%",0.0011021805749186566,0.002066457860204765,0.010580367693880549,0.0007318905904635086,-0.0035087298418093444,0.005197470320264253,0.004620779667408809,0.004848929771709927
2010-08-30,11.74655,"11.764,99","11.795,85","11.718,37",,"-0,16%",-0.0015685917452397437,0.0011021805749186566,0.002066457860204765,0.010580367693880549,0.008331544949359724,0.005264324412875912,0.004632078585098008,0.004849240445742626
2010-08-31,11.73615,"11.717,80","11.736,23","11.652,22",,"-0,09%",-0.0008857585098782004,-0.0015685917452397437,0.0011021805749186566,0.002066457860204765,0.0007318905904635086,0.005282411382485165,0.00463362640792532,0.004832503912955288
2010-09-01,11.701,"11.704,96","11.743,83","11.638,84",,"-0,30%",-0.0029995137082751214,-0.0008857585098782004,-0.0015685917452397437,0.0011021805749186566,0.010580367693880549,0.005284875623903537,0.004611856572845749,0.004836031995358464
2010-09-02,11.67968,"11.685,95","11.699,76","11.644,71",,"-0,18%",-0.001823728472325737,-0.0029995137082751214,-0.0008857585098782004,-0.0015685917452397437,0.002066457860204765,0.004723417810282384,0.004618672600439277,0.004715624483192722
2010-09-03,11.70111,"11.667,96","11.701,14","11.634,13",,"0,18%",0.0018331293340428662,-0.001823728472325737,-0.0029995137082751214,-0.0008857585098782004,0.0011021805749186566,0.004423966887024912,0.004567070205753816,0.0046764026394995216
2010-09-06,11.72423,"11.675,33","11.725,55","11.660,81",,"0,20%",0.0019739314355373583,0.0018331293340428662,-0.001823728472325737,-0.0029995137082751214,-0.0015685917452397437,0.0037810487274855782,0.0044739087789061474,0.004688587484516849
2010-09-07,11.71821,"11.718,83","11.718,83","11.682,80",,"-0,05%",-0.0005135984251069485,0.0019739314355373583,0.0018331293340428662,-0.001823728472325737,-0.0008857585098782004,0.003814921264367702,0.004462468481205758,0.004678553527220844
2010-09-08,11.7213,"11.707,99","11.737,28","11.707,99",,"0,03%",0.0002636573902696237,-0.0005135984251069485,0.0019739314355373583,0.0018331293340428662,-0.0029995137082751214,0.0017830305431184063,0.004452255028705837,0.004643510089945402
2010-09-09,11.6944,"11.705,79","11.713,40","11.656,20",,"-0,23%",-0.002297604755247915,0.0002636573902696237,-0.0005135984251069485,0.0019739314355373583,-0.001823728472325737,0.0017395838797925854,0.004137712061111646,0.004594291688005313
2010-09-13,11.74306,"11.693,78","11.743,08","11.633,03",,"0,42%",0.004152333052793326,-0.002297604755247915,0.0002636573902696237,-0.0005135984251069485,0.0018331293340428662,0.0022442751968303064,0.003959666239170928,0.004461993627999278
2010-09-14,11.69545,"11.742,94","11.742,94","11.670,64",,"-0,41%",-0.004062550518856328,0.004152333052793326,-0.002297604755247915,0.0002636573902696237,0.0019739314355373583,0.0025346964781188448,0.004089283636178368,0.0044352893447435005
2010-09-15,11.71985,"11.703,00","11.734,19","11.668,29",,"0,21%",0.002084108154223643,-0.004062550518856328,0.004152333052793326,-0.002297604755247915,-0.0005135984251069485,0.0026476121613487552,0.004090532512579066,0.0044407398086480435
2010-09-16,11.67152,"11.722,50","11.747,92","11.655,75",,"-0,41%",-0.004132299114857481,0.002084108154223643,-0.004062550518856328,0.004152333052793326,0.0002636573902696237,0.002803257377472806,0.004147247874161795,0.004462005574820429
2010-09-17,11.68377,"11.678,73","11.683,77","11.625,81",,"0,10%",0.0010490129750781012,-0.004132299114857481,0.002084108154223643,-0.004062550518856328,-0.002297604755247915,0.002771337698794177,0.0038164143043175856,0.004425255357160353
2010-09-20,11.70557,"11.639,57","11.705,57","11.613,91",,"0,19%",0.0018640976028105063,0.0010490129750781012,-0.004132299114857481,0.002084108154223643,0.004152333052793326,0.002773586648323002,0.003697838032103163,0.004330467914402371
2010-09-21,11.69841,"11.715,85","11.718,59","11.675,92",,"-0,06%",-0.000611861762262318,0.0018640976028105063,0.0010490129750781012,-0.004132299114857481,-0.004062550518856328,0.002692406312534967,0.0032657741521038724,0.004328309015705187
2010-09-22,11.7583,"11.705,02","11.785,63","11.680,04",,"0,51%",0.005106439064942552,-0.000611861762262318,0.0018640976028105063,0.0010490129750781012,0.002084108154223643,0.0031688242756676994,0.0034287597827510523,0.004364616720578615
2010-09-23,11.72295,"11.754,51","11.802,88","11.710,53",,"-0,30%",-0.003010915237116654,0.005106439064942552,-0.000611861762262318,0.0018640976028105063,-0.004132299114857481,0.0033422146510185585,0.0026073817733116202,0.004310259551291733
2010-09-24,11.71823,"11.758,32","11.776,23","11.718,23",,"-0,04%",-0.0004027101079203337,-0.003010915237116654,0.005106439064942552,-0.000611861762262318,0.0010490129750781012,0.0032490061615233477,0.0025614134776935646,0.004186881286453595
2010-09-27,11.71767,"11.750,44","11.750,98","11.677,26",,"0,00%",-4.7789929134925864e-05,-0.0004027101079203337,-0.003010915237116654,0.005106439064942552,0.0018640976028105063,0.0029384553699251864,0.0025448201456125925,0.004118584621705687
2010-09-28,11.82312,"11.700,79","11.823,12","11.692,17",,"0,90%",0.008958977613973778,-4.7789929134925864e-05,-0.0004027101079203337,-0.003010915237116654,-0.000611861762262318,0.0038027849705784852,0.0032407782599302723,0.004208124928491845
2010-09-29,11.84779,"11.839,47","11.872,57","11.817,24",,"0,21%",0.0020844157602864333,0.008958977613973778,-4.7789929134925864e-05,-0.0004027101079203337,0.005106439064942552,0.0038027939451939644,0.003250421244350355,0.004121511972298234
2010-09-30,11.89636,"11.853,01","11.930,36","11.845,86",,"0,41%",0.004091118675042747,0.0020844157602864333,0.008958977613973778,-4.7789929134925864e-05,-0.003010915237116654,0.003418790224028311,0.00323836187849045,0.004149691277572859
2010-10-01,11.82545,"11.899,75","11.899,75","11.799,37",,"-0,60%",-0.005978482350781222,0.004091118675042747,0.0020844157602864333,0.008958977613973778,-0.0004027101079203337,0.004238899468032272,0.0035369139182586896,0.004214352582228462
2010-10-04,11.77333,"11.793,34","11.829,70","11.765,06",,"-0,44%",-0.004417184680310583,-0.005978482350781222,0.004091118675042747,0.0020844157602864333,-4.7789929134925864e-05,0.004581941009854422,0.0036966257540166497,0.004178360881547187
2010-10-05,11.63707,"11.725,27","11.732,63","11.608,03",,"-1,16%",-0.011641111538015232,-0.004417184680310583,-0.005978482350781222,0.004091118675042747,0.008958977613973778,0.006006075629523496,0.004532710732935604,0.0043214953238996014
2010-10-06,11.75021,"11.648,38","11.750,21","11.630,92",,"0,97%",0.009675420366998711,-0.011641111538015232,-0.004417184680310583,-0.005978482350781222,0.0020844157602864333,0.006624122829092818,0.005058219100433997,0.004495103652700965
2010-10-07,11.867,"11.773,64","11.867,00","11.765,36",,"0,99%",0.00989032591211695,0.009675420366998711,-0.011641111538015232,-0.004417184680310583,0.004091118675042747,0.0072172297577589445,0.005508921770752232,0.0045660156647034066
2010-10-08,11.86231,"11.829,83","11.862,84","11.787,33",,"-0,04%",-0.0003952917350794872,0.00989032591211695,0.009675420366998711,-0.011641111538015232,-0.005978482350781222,0.007217044662315354,0.005472238177538729,0.004311975366700242
2010-10-11,11.83622,"11.847,74","11.869,58","11.792,35",,"-0,22%",-0.0022018252221072897,-0.0003952917350794872,0.00989032591211695,0.009675420366998711,-0.004417184680310583,0.007290922821532853,0.005446429743799348,0.004285696771813212
2010-10-12,11.90145,"11.832,67","11.901,45","11.821,40",,"0,55%",0.0054959197082095936,-0.0022018252221072897,-0.0003952917350794872,0.00989032591211695,-0.011641111538015232,0.006945283422009106,0.005454056623572834,0.004339603396755415
2010-10-13,11.99937,"11.871,47","11.999,37","11.866,82",,"0,82%",0.008193906975802273,0.0054959197082095936,-0.0022018252221072897,-0.0003952917350794872,0.009675420366998711,0.007341864914704327,0.005691406869005518,0.004433275291303334
2010-10-14,12.08235,"12.027,47","12.091,68","12.027,47",,"0,69%",0.006891561600926362,0.008193906975802273,0.0054959197082095936,-0.0022018252221072897,0.00989032591211695,0.007512793925268211,0.005683809700516104,0.004497432604973982
2010-10-15,12.11352,"12.069,43","12.113,52","12.039,59",,"0,26%",0.002576474186939575,0.006891561600926362,0.008193906975802273,0.0054959197082095936,-0.0003952917350794872,0.007031776097810051,0.005684444113510861,0.0045040176232027775
2010-10-18,12.04235,"12.087,30","12.087,30","12.005,14",,"-0,59%",-0.0058925806384352245,0.002576474186939575,0.006891561600926362,0.008193906975802273,-0.0022018252221072897,0.007204228744741556,0.005939177730409026,0.004577408082304637
2010-10-19,12.06779,"12.037,14","12.067,79","12.003,79",,"0,21%",0.0021103161940396126,-0.0058925806384352245,0.002576474186939575,0.006891561600926362,0.0054959197082095936,0.005322899545567168,0.005921370538331525,0.004580638047861024
2010-10-20,12.18035,"12.057,85","12.199,32","12.052,70",,"0,93%",0.00928407774777723,0.0021103161940396126,-0.0058925806384352245,0.002576474186939575,0.008193906975802273,0.005274771934182656,0.006123503810807468,0.004716505224971836
2010-10-21,12.33824,"12.181,94","12.338,24","12.174,33",,"1,30%",0.012879385196388548,0.00928407774777723,0.0021103161940396126,-0.0058925806384352245,0.006891561600926362,0.005735682451766475,0.0064912897253925584,0.004918807208524425
2010-10-22,12.32596,"12.311,05","12.377,64","12.278,33",,"-0,10%",-0.000995775335482625,0.012879385196388548,0.00928407774777723,0.0021103161940396126,0.002576474186939575,0.005788480258666203,0.0065068612819124075,0.004920612182472269
2010-10-25,12.35776,"12.312,93","12.357,76","12.296,24",,"0,26%",0.0025765984700017843,-0.000995775335482625,0.012879385196388548,0.00928407774777723,-0.0058925806384352245,0.005420369778765331,0.0064785818813864835,0.004925644314682968
2010-10-26,12.25373,"12.342,08","12.401,73","12.253,73",,"-0,84%",-0.008453825392937842,0.0025765984700017843,-0.000995775335482625,0.012879385196388548,0.0021103161940396126,0.006720850200498592,0.006751702331734306,0.005066136211144762
2010-10-27,12.23951,"12.250,68","12.259,05","12.217,58",,"-0,12%",-0.001161136835932126,-0.008453825392937842,0.0025765984700017843,-0.000995775335482625,0.00928407774777723,0.0065537307033378235,0.0067831502991287955,0.005071361666754778
2010-10-28,12.23059,"12.241,57","12.279,24","12.220,13",,"-0,07%",-0.0007290530398401066,-0.001161136835932126,-0.008453825392937842,0.0025765984700017843,0.012879385196388548,0.00635953908514789,0.00677659671355767,0.00504404724950526
2010-10-29,12.1967,"12.208,14","12.210,02","12.160,19",,"-0,28%",-0.0027747672168461617,-0.0007290530398401066,-0.001161136835932126,-0.008453825392937842,-0.000995775335482625,0.006457057238585561,0.0066296388948422665,0.005063585259663611
2010-11-01,12.15585,"12.155,66","12.206,41","12.133,93",,"-0,33%",-0.00335488795340281,-0.0027747672168461617,-0.0007290530398401066,-0.001161136835932126,0.0025765984700017843,0.00621519521672898,0.006583447117438448,0.005057516625027158
2010-11-02,12.14801,"12.155,85","12.155,85","12.106,59",,"-0,06%",-0.0006451650290893326,-0.00335488795340281,-0.0027747672168461617,-0.0007290530398401066,-0.008453825392937842,0.006218531412390336,0.005836323721380492,0.00503545477271262
2010-11-03,12.13163,"12.138,30","12.187,54","12.131,63",,"-0,13%",-0.0013492788595757842,-0.0006451650290893326,-0.00335488795340281,-0.0027747672168461617,-0.001161136835932126,0.0054410066336584816,0.005604007912962578,0.005040472070284154
2010-11-04,12.20732,"12.141,11","12.207,32","12.137,97",,"0,62%",0.0062196803068203235,-0.0013492788595757842,-0.0006451650290893326,-0.00335488795340281,-0.0007290530398401066,0.0037928789653986225,0.005373478992507656,0.0050938190961284345
2010-11-05,12.22927,"12.182,24","12.230,38","12.182,24",,"0,18%",0.0017964868177916308,0.0062196803068203235,-0.0013492788595757842,-0.0006451650290893326,-0.0027747672168461617,0.003899955190891851,0.00535696821242757,0.004980283461860962
2010-11-08,12.26341,"12.178,56","12.263,41","12.175,53",,"0,28%",0.0027877734988928774,0.0017964868177916308,0.0062196803068203235,-0.0013492788595757842,-0.00335488795340281,0.003920711836362741,0.0052901225484017315,0.004900272403525223
2010-11-09,12.24893,"12.230,98","12.276,90","12.223,09",,"-0,12%",-0.0011814458908683246,0.0027877734988928774,0.0017964868177916308,0.0062196803068203235,-0.0006451650290893326,0.002870057837975834,0.005253364483055678,0.0049067870304658435
2010-11-10,12.26164,"12.233,57","12.261,64","12.225,52",,"0,10%",0.001037103677247983,-0.0011814458908683246,0.0027877734988928774,0.0017964868177916308,-0.0013492788595757842,0.0028587382350283666,0.005006992508286047,0.004904474096111596
2010-11-11,12.23852,"12.210,19","12.238,52","12.192,25",,"-0,19%",-0.0018873351735541743,0.001037103677247983,-0.0011814458908683246,0.0027877734988928774,0.0062196803068203235,0.0029224473674105485,0.004853245224692354,0.004892185612136591
2010-11-12,12.23544,"12.243,32","12.247,17","12.206,88",,"-0,03%",-0.0002516960897426789,-0.0018873351735541743,0.001037103677247983,-0.0011814458908683246,0.0017964868177916308,0.002754121027274836,0.004835086228746317,0.004793557645685742
2010-11-15,12.21958,"12.210,47","12.233,06","12.200,80",,"-0,13%",-0.0012970753835881426,-0.0002516960897426789,-0.0018873351735541743,0.001037103677247983,0.0027877734988928774,0.0025158421217727654,0.004619665774503548,0.004766922699989275
2010-11-16,12.22991,"12.228,92","12.242,53","12.204,62",,"0,08%",0.0008450074512529033,-0.0012970753835881426,-0.0002516960897426789,-0.0018873351735541743,-0.0011814458908683246,0.002482884878139092,0.004608425303855216,0.004669062516031929
2010-11-17,12.22991,"12.229,91","12.229,91","12.229,91",,"0,00%",0.0,0.0008450074512529033,-0.0012970753835881426,-0.0002516960897426789,0.001037103677247983,0.0023959833676467507,0.004138392667328608,0.0046704312338685
2010-11-18,12.23004,"12.229,91","12.230,04","12.229,91",,"0,00%",1.062962107464043e-05,0.0,0.0008450074512529033,-0.0012970753835881426,-0.0018873351735541743,0.001458562063059856,0.002869681516537137,0.004494168806920102
2010-11-19,12.32638,"12.230,04","12.326,38","12.230,04",,"0,79%",0.007846460866809941,1.062962107464043e-05,0.0,0.0008450074512529033,-0.0002516960897426789,0.002820088083850653,0.003409899488340194,0.004585008589703165
2010-11-22,12.30233,"12.307,08","12.313,07","12.228,65",,"-0,20%",-0.0019530058735806525,0.007846460866809941,1.062962107464043e-05,0.0,-0.0012970753835881426,0.0028454737672719095,0.003380172967278125,0.004598487457818312
2010-11-23,12.2821,"12.279,77","12.302,80","12.239,47",,"-0,16%",-0.001645757462435289,-0.0019530058735806525,0.007846460866809941,1.062962107464043e-05,0.0008450074512529033,0.0028762607070042735,0.002801036167219214,0.004599156040353418
2010-11-24,12.26391,"12.256,00","12.264,13","12.230,43",,"-0,15%",-0.001482114879752523,-0.001645757462435289,-0.0019530058735806525,0.007846460866809941,0.0,0.0029117554011399865,0.0028096428915735604,0.004603378202549083
2010-11-25,12.18422,"12.277,68","12.285,57","12.184,22",,"-0,65%",-0.006519131093383598,-0.001482114879752523,-0.001645757462435289,-0.0019530058735806525,1.062962107464043e-05,0.0035475819566787737,0.0031741737466125025,0.004673637689163114
2010-11-26,12.11595,"12.203,76","12.229,20","12.097,36",,"-0,56%",-0.00561890551538033,-0.006519131093383598,-0.001482114879752523,-0.001645757462435289,0.007846460866809941,0.0039033153800834557,0.0033546523798927232,0.004733321984532925
2010-11-29,12.20889,"12.090,50","12.208,89","12.055,69",,"0,77%",0.007641608517259735,-0.00561890551538033,-0.006519131093383598,-0.001482114879752523,-0.0019530058735806525,0.004753820264515525,0.003714959200843734,0.004817389181195457
2010-11-30,12.2242,"12.195,65","12.281,41","12.175,35",,"0,13%",0.0012532186476429342,0.007641608517259735,-0.00561890551538033,-0.006519131093383598,-0.001645757462435289,0.004764458389236758,0.0037160046149240836,0.00481507715536817
2010-12-01,12.30258,"12.244,69","12.348,19","12.232,36",,"0,64%",0.006391402933333083,0.0012532186476429342,0.007641608517259735,-0.00561890551538033,-0.001482114879752523,0.0051818331742753375,0.003930709316819089,0.00486790415178211
2010-12-02,12.36055,"12.314,35","12.403,43","12.311,80",,"0,47%",0.004700952941199708,0.006391402933333083,0.0012532186476429342,0.007641608517259735,-0.006519131093383598,0.00533337512479138,0.0038318841627650643,0.004893087854421045
2010-12-03,12.40103,"12.353,56","12.404,33","12.348,80",,"0,33%",0.0032695842560563253,0.004700952941199708,0.006391402933333083,0.0012532186476429342,-0.00561890551538033,0.004861971778455413,0.0038695854266572035,0.004884490341617279
2010-12-06,12.52327,"12.415,78","12.529,40","12.415,78",,"0,99%",0.009808980001015198,0.0032695842560563253,0.004700952941199708,0.006391402933333083,0.007641608517259735,0.00554890304096089,0.004357008913813417,0.005000025461779152
2010-12-08,12.74942,"12.549,69","12.749,42","12.546,07",,"1,81%",0.01789726669517693,0.009808980001015198,0.0032695842560563253,0.004700952941199708,0.0012532186476429342,0.007355655788233345,0.005718843831474814,0.005405112664109895
2010-12-09,12.93238,"12.781,94","12.932,38","12.770,20",,"1,44%",0.014248463530451026,0.01789726669517693,0.009808980001015198,0.0032695842560563253,0.006391402933333083,0.007785620806554467,0.006331652560558045,0.005652240092854671
2010-12-10,12.81385,"12.946,48","12.989,22","12.813,85",,"-0,92%",-0.009207626702403666,0.014248463530451026,0.01789726669517693,0.009808980001015198,0.004700952941199708,0.008270691782670805,0.006802602036976229,0.005776709550682875
2010-12-13,12.72525,"12.839,15","12.880,50","12.725,25",,"-0,69%",-0.00693840859267221,-0.009207626702403666,0.014248463530451026,0.01789726669517693,0.0032695842560563253,0.008467788684985381,0.0070925930491809565,0.005879713215786597
2010-12-14,12.623,"12.774,08","12.784,49","12.623,00",,"-0,80%",-0.008067661838296995,-0.00693840859267221,-0.009207626702403666,0.014248463530451026,0.009808980001015198,0.009318454423762924,0.007410806367273215,0.00600554433966486
2010-12-15,12.59034,"12.627,46","12.646,75","12.590,34",,"-0,26%",-0.0025906935191441017,-0.008067661838296995,-0.00693840859267221,-0.009207626702403666,0.01789726669517693,0.00949157254542342,0.007469403943997439,0.0060213974424503484
2010-12-16,12.59157,"12.573,77","12.606,39","12.556,79",,"0,01%",9.768917456852169e-05,-0.0025906935191441017,-0.008067661838296995,-0.00693840859267221,0.014248463530451026,0.00944667087677725,0.007468436162443473,0.006001355331314454
2010-12-17,12.71458,"12.588,28","12.714,58","12.584,48",,"0,98%",0.009721824050227168,9.768917456852169e-05,-0.0025906935191441017,-0.008067661838296995,-0.009207626702403666,0.009716737222268066,0.007682071861168341,0.006076693895440035
2010-12-20,12.71853,"12.667,14","12.718,53","12.655,62",,"0,03%",0.00031061871959505783,0.009721824050227168,9.768917456852169e-05,-0.0025906935191441017,-0.00693840859267221,0.009746666026353662,0.007561120408271525,0.006073897160439037
2010-12-21,12.76878,"12.727,49","12.768,78","12.711,49",,"0,40%",0.003943143871113755,0.00031061871959505783,0.009721824050227168,9.768917456852169e-05,-0.008067661838296995,0.009431196321079537,0.0075315842895017065,0.00608001013821821
2010-12-22,12.76531,"12.745,84","12.788,72","12.735,54",,"-0,03%",-0.0002717935137975206,0.003943143871113755,0.00031061871959505783,0.009721824050227168,-0.0025906935191441017,0.007585267015550488,0.007504133281241125,0.0060026091953093155
2010-12-23,12.73248,"12.772,40","12.787,15","12.704,26",,"-0,26%",-0.002575126561326647,-0.0002717935137975206,0.003943143871113755,0.00031061871959505783,9.768917456852169e-05,0.00574772098508249,0.007534206022651217,0.00602210794834924
2010-12-24,12.6453,"12.703,27","12.717,64","12.632,27",,"-0,68%",-0.006870604359052631,-0.002575126561326647,-0.0002717935137975206,0.003943143871113755,0.009721824050227168,0.005441472015474568,0.007555196079157762,0.006098708010135782
2010-12-27,12.57049,"12.632,06","12.648,55","12.533,58",,"-0,59%",-0.005933601088052822,-0.006870604359052631,-0.002575126561326647,-0.0002717935137975206,0.00031061871959505783,0.005334506509274739,0.007571894855076847,0.0060978380764706176
2010-12-28,12.49272,"12.570,23","12.570,23","12.469,73",,"-0,62%",-0.006205928897356712,-0.005933601088052822,-0.006870604359052631,-0.002575126561326647,0.003943143871113755,0.005096278898188124,0.0076463590383110845,0.006129154816041314
2010-12-29,12.45857,"12.491,66","12.491,66","12.385,81",,"-0,27%",-0.0027373351296736416,-0.006205928897356712,-0.005933601088052822,-0.006870604359052631,-0.0002717935137975206,0.005101453190990077,0.007695407091749759,0.00592249299862047
2010-12-30,12.63766,"12.446,42","12.637,66","12.416,84",,"1,44%",0.01427250548056705,-0.0027373351296736416,-0.006205928897356712,-0.005933601088052822,-0.002575126561326647,0.007052601731339017,0.008175535364176888,0.006062898008245488
2010-12-31,12.6552,"12.706,18","12.767,35","12.594,59",,"0,14%",0.0013869529038406084,0.01427250548056705,-0.0027373351296736416,-0.006205928897356712,-0.006870604359052631,0.006273454802654664,0.008137402936849435,0.00595506179247974
2011-01-03,12.58489,"12.631,48","12.631,48","12.537,27",,"-0,56%",-0.005571309917316211,0.0013869529038406084,0.01427250548056705,-0.0027373351296736416,-0.005933601088052822,0.0064651420737789084,0.008257048170302667,0.0060138747963676365
2011-01-04,12.77231,"12.571,01","12.774,20","12.570,05",,"1,49%",0.014782658417722838,-0.005571309917316211,0.0013869529038406084,0.01427250548056705,-0.006205928897356712,0.008098775121576283,0.008611962713774438,0.006256154873993468
2011-01-05,12.90466,"12.841,22","13.019,91","12.835,93",,"1,04%",0.010308940043492852,0.014782658417722838,-0.005571309917316211,0.0013869529038406084,-0.0027373351296736416,0.008722459308132811,0.007970925084398563,0.006341550509665624
2011-01-06,12.98402,"12.929,51","12.985,68","12.852,00",,"0,61%",0.006130884122334518,0.010308940043492852,0.014782658417722838,-0.005571309917316211,0.01427250548056705,0.008750899472607186,0.007427814113009316,0.006309318412025759
2011-01-07,13.02752,"12.959,49","13.029,09","12.947,11",,"0,34%",0.0033446724455580617,0.006130884122334518,0.010308940043492852,0.014782658417722838,0.0013869529038406084,0.008183872986765463,0.00711485551441815,0.0062726878731714335
2011-01-10,13.15415,"13.019,77","13.154,15","13.003,04",,"0,97%",0.009673255175515637,0.0033446724455580617,0.006130884122334518,0.010308940043492852,-0.005571309917316211,0.0077734539701430315,0.007130231332874158,0.006364263521936887
2011-01-12,13.39747,"13.151,07","13.399,41","13.151,07",,"1,85%",0.018328584971085138,0.009673255175515637,0.0033446724455580617,0.006130884122334518,0.014782658417722838,0.007876598870803511,0.007658756222240421,0.006657001236541637
2011-01-13,13.35048,"13.364,84","13.401,32","13.350,19",,"-0,35%",-0.0035135439045547714,0.018328584971085138,0.009673255175515637,0.0033446724455580617,0.010308940043492852,0.007986192938621116,0.007696753414824057,0.006691734009554473
2011-01-14,13.29227,"13.337,01","13.345,56","13.240,66",,"-0,44%",-0.004369675999820772,-0.0035135439045547714,0.018328584971085138,0.009673255175515637,0.006130884122334518,0.008249226013507045,0.007846674495986325,0.006660972997070389
2011-01-17,13.08933,"13.246,14","13.246,14","12.963,43",,"-1,53%",-0.015385268754400242,-0.004369675999820772,-0.0035135439045547714,0.018328584971085138,0.0033446724455580617,0.010480160510671223,0.008634318926154783,0.006836546379146421
2011-01-18,13.04486,"13.077,25","13.162,89","12.932,71",,"-0,34%",-0.00340320805200434,-0.015385268754400242,-0.004369675999820772,-0.0035135439045547714,0.009673255175515637,0.01029536290673771,0.008699853153808034,0.006855406675075677
2011-01-19,12.98787,"12.993,61","13.075,13","12.982,35",,"-0,44%",-0.004378341498636462,-0.00340320805200434,-0.015385268754400242,-0.004369675999820772,0.018328584971085138,0.009749328156988393,0.008763868427031054,0.006886077815782933
2011-01-20,13.04295,"13.000,49","13.069,87","12.974,98",,"0,42%",0.004231912955695237,-0.004378341498636462,-0.00340320805200434,-0.015385268754400242,-0.0035135439045547714,0.009331712955539855,0.008791327740608616,0.00679031759019254
2011-01-21,13.15107,"13.012,90","13.151,07","13.006,58",,"0,83%",0.008255366227899175,0.004231912955695237,-0.004378341498636462,-0.00340320805200434,-0.004369675999820772,0.009482795549365049,0.008887640429699738,0.006847156499180682
2011-01-24,13.15215,"13.130,74","13.178,10","13.112,04",,"0,01%",8.211922347205907e-05,0.008255366227899175,0.004231912955695237,-0.004378341498636462,-0.015385268754400242,0.00945990205847381,0.00867151264901634,0.00684408876723643
2011-01-25,13.15419,"13.127,92","13.195,75","13.121,48",,"0,02%",0.0001550956920719086,8.211922347205907e-05,0.008255366227899175,0.004231912955695237,-0.00340320805200434,0.00895001698484524,0.008484481077143693,0.006825598002327371
2011-01-26,13.18391,"13.158,37","13.211,80","13.141,09",,"0,23%",0.00225680763715762,0.0001550956920719086,8.211922347205907e-05,0.008255366227899175,-0.004378341498636462,0.00636187395235112,0.008247263479344694,0.006799694374953839
2011-01-27,13.20466,"13.184,86","13.265,40","13.175,38",,"0,16%",0.001572650907315584,0.00225680763715762,0.0001550956920719086,8.211922347205907e-05,0.004231912955695237,0.006395727817393503,0.008153692849133396,0.0067946737462968075
2011-01-28,12.86016,"13.159,09","13.166,80","12.858,01",,"-2,61%",-0.026435637183117294,0.001572650907315584,0.00225680763715762,0.0001550956920719086,0.008255366227899175,0.01027801386925369,0.010032093647461587,0.0076802247381106414
2011-01-31,12.58931,"12.656,22","12.729,02","12.559,74",,"-2,11%",-0.021286119258430193,-0.026435637183117294,0.001572650907315584,0.00225680763715762,8.211922347205907e-05,0.011178578928306994,0.011185653644879721,0.00816715179688489
2011-02-01,12.46501,"12.668,57","12.683,91","12.465,01",,"-0,99%",-0.009922521931783937,-0.021286119258430193,-0.026435637183117294,0.001572650907315584,0.0001550956920719086,0.011335712989505219,0.011335684215220689,0.008275362868341796
2011-02-02,12.61633,"12.517,83","12.644,42","12.517,83",,"1,21%",0.012066487357774429,-0.009922521931783937,-0.021286119258430193,-0.026435637183117294,0.00225680763715762,0.012496298982182257,0.011158101839215655,0.008407930446702197
2011-02-03,12.47243,"12.632,85","12.637,96","12.413,42",,"-1,14%",-0.011471398189121254,0.012066487357774429,-0.009922521931783937,-0.021286119258430193,0.001572650907315584,0.012486827781538434,0.011098597336715822,0.00854605504679092
2011-02-04,12.56001,"12.515,07","12.573,95","12.515,07",,"0,70%",0.006997348827937359,-0.011471398189121254,0.012066487357774429,-0.009922521931783937,-0.026435637183117294,0.01234993416189775,0.011132427426798147,0.008589282978783086
2011-02-07,12.75589,"12.556,59","12.756,88","12.556,59",,"1,56%",0.015475168499636918,0.006997348827937359,-0.011471398189121254,0.012066487357774429,-0.021286119258430193,0.013864574169911074,0.011733665889243367,0.008800761916758746
2011-02-08,12.98401,"12.802,89","12.984,01","12.802,89",,"1,79%",0.017725474672958392,0.015475168499636918,0.006997348827937359,-0.011471398189121254,-0.009922521931783937,0.015350849952313454,0.012247974759902589,0.009070050029126767
2011-02-09,12.90923,"12.940,07","12.940,52","12.856,26",,"-0,58%",-0.005776040997943399,0.017725474672958392,0.015475168499636918,0.006997348827937359,0.012066487357774429,0.015354093990353642,0.011441470547444498,0.00910754408188266
2011-02-10,12.73382,"12.829,00","12.829,00","12.721,87",,"-1,36%",-0.013681113283385308,-0.005776040997943399,0.017725474672958392,0.015475168499636918,-0.011471398189121254,0.015701851893731494,0.011740956692446979,0.00930046513782973
2011-02-11,12.77571,"12.713,58","12.778,45","12.713,58",,"0,33%",0.003284265735473943,-0.013681113283385308,-0.005776040997943399,0.017725474672958392,0.006997348827937359,0.013574345646129431,0.01179676713737003,0.009306100428251236
2011-02-14,12.77875,"12.757,16","12.823,00","12.732,35",,"0,02%",0.00023792324426671983,0.003284265735473943,-0.013681113283385308,-0.005776040997943399,0.015475168499636918,0.011486015848759946,0.01137213135511377,0.00930584984836829
2011-02-15,12.77992,"12.740,23","12.815,54","12.734,82",,"0,01%",9.155405980175991e-05,0.00023792324426671983,0.003284265735473943,-0.013681113283385308,0.017725474672958392,0.010795922970340592,0.01136335334644428,0.009259091533803932
2011-02-18,12.62905,"12.766,49","12.766,49","12.613,15",,"-1,18%",-0.011875473351034923,9.155405980175991e-05,0.00023792324426671983,0.003284265735473943,-0.005776040997943399,0.011088238916133185,0.011600937954715921,0.009393144468281643
2011-02-21,12.25166,"12.622,47","12.622,47","12.203,28",,"-2,99%",-0.030338277783714427,-0.011875473351034923,9.155405980175991e-05,0.00023792324426671983,-0.013681113283385308,0.014389680152243027,0.013184816390000199,0.010196949427540703
2011-02-22,12.3031,"12.192,88","12.404,36","12.142,14",,"0,42%",0.004189825129697578,-0.030338277783714427,-0.011875473351034923,9.155405980175991e-05,0.003284265735473943,0.01422572618809707,0.013030491948121378,0.010209649663290339
2011-02-23,12.35749,"12.390,72","12.434,18","12.354,78",,"0,44%",0.0044110938296462255,0.004189825129697578,-0.030338277783714427,-0.011875473351034923,0.00023792324426671983,0.013095145558463077,0.013125804463184874,0.010187883239021674
2011-02-24,12.51498,"12.431,10","12.529,30","12.428,49",,"1,27%",0.01266396982667639,0.0044110938296462255,0.004189825129697578,-0.030338277783714427,9.155405980175991e-05,0.012269412025572492,0.0135800463295665,0.010282791569181557
2011-02-25,12.70984,"12.557,85","12.709,84","12.518,26",,"1,56%",0.015450169808985522,0.01266396982667639,0.0044110938296462255,0.004189825129697578,-0.011875473351034923,0.013627293891034392,0.014132024596230182,0.010422657450239365
2011-02-28,12.80581,"12.712,37","12.805,81","12.665,81",,"0,76%",0.0075224775821471305,0.015450169808985522,0.01266396982667639,0.0044110938296462255,-0.030338277783714427,0.013173184531065274,0.014269402917604451,0.010459959347018292
2011-03-01,12.83983,"12.764,61","12.839,83","12.733,88",,"0,27%",0.0026530841074858145,0.0075224775821471305,0.015450169808985522,0.01266396982667639,0.004189825129697578,0.013160206819851654,0.01302589948997471,0.010437044684999178
2011-03-02,12.81638,"12.868,87","12.885,94","12.797,41",,"-0,18%",-0.0018280179753859436,0.0026530841074858145,0.0075224775821471305,0.015450169808985522,0.0044110938296462255,0.01318098877722134,0.012048580293322283,0.0104287873344002
2011-03-03,12.7376,"12.760,00","12.765,05","12.716,97",,"-0,61%",-0.0061657909712149765,-0.0018280179753859436,0.0026530841074858145,0.0075224775821471305,0.01266396982667639,0.01333924523849605,0.011899440075489567,0.010458999466499294
2011-03-04,12.72873,"12.738,59","12.783,23","12.705,24",,"-0,07%",-0.0006966060958676427,-0.0061657909712149765,-0.0018280179753859436,0.0026530841074858145,0.015450169808985522,0.012718301699875981,0.01161824150770735,0.010387294041754064
2011-03-07,12.62321,"12.691,76","12.725,31","12.623,21",,"-0,83%",-0.008324460325146634,-0.0006966060958676427,-0.0061657909712149765,-0.0018280179753859436,0.0075224775821471305,0.0076129079046798435,0.011468732003840923,0.0101827415144156
2011-03-08,12.66366,"12.633,20","12.682,60","12.622,23",,"0,32%",0.003199291529718438,-0.008324460325146634,-0.0006966060958676427,-0.0061657909712149765,0.0026530841074858145,0.007601963216554211,0.011388405320917068,0.010016192949887348
2011-03-09,12.66454,"12.665,61","12.689,24","12.627,22",,"0,01%",6.948776465397017e-05,0.003199291529718438,-0.008324460325146634,-0.0006966060958676427,-0.0018280179753859436,0.007629273810602141,0.0108228271506011,0.009948517023081187
2011-03-10,12.79968,"12.752,09","12.819,23","12.742,84",,"1,07%",0.010614208387531365,6.948776465397017e-05,0.003199291529718438,-0.008324460325146634,-0.0061657909712149765,0.007346799853194879,0.010301680092060962,0.010004786203753585
2011-03-11,12.77018,"12.789,33","12.789,33","12.719,11",,"-0,23%",-0.002307405131546049,0.010614208387531365,6.948776465397017e-05,0.003199291529718438,-0.0006966060958676427,0.005780711804743789,0.010241009262024587,0.009952610786846887
2011-03-14,12.75188,"12.743,70","12.771,88","12.707,97",,"-0,14%",-0.0014340537665202824,-0.002307405131546049,0.010614208387531365,6.948776465397017e-05,-0.008324460325146634,0.0052353569835108865,0.009769271326172531,0.009948246428672668
2011-03-15,12.66891,"12.715,27","12.736,71","12.652,69",,"-0,65%",-0.006527751074851686,-0.0014340537665202824,-0.002307405131546049,0.010614208387531365,0.003199291529718438,0.005437273246442013,0.009845481344031064,0.009986240327306802
2011-03-16,12.64298,"12.667,44","12.669,07","12.587,75",,"-0,20%",-0.002048840214668314,-0.006527751074851686,-0.0014340537665202824,-0.002307405131546049,6.948776465397017e-05,0.005439922705642407,0.009850718777906687,0.009909379270737834
2011-03-17,12.62509,"12.630,33","12.663,99","12.589,45",,"-0,14%",-0.0014160165765944,-0.002048840214668314,-0.006527751074851686,-0.0014340537665202824,0.010614208387531365,0.005174801441409279,0.009851447440909098,0.009910690992518394
2011-03-18,12.6616,"12.613,06","12.661,60","12.591,22",,"0,29%",0.0028876871880507216,-0.0014160165765944,-0.002048840214668314,-0.006527751074851686,-0.002307405131546049,0.005311789459297129,0.009510046166746923,0.009904286284188954
2011-03-21,12.63385,"12.653,00","12.656,34","12.616,91",,"-0,22%",-0.0021940713553034842,0.0028876871880507216,-0.0014160165765944,-0.002048840214668314,-0.0014340537665202824,0.00462094778683776,0.006307606459649752,0.009907826640046585
2011-03-22,12.6325,"12.598,60","12.639,03","12.590,65",,"-0,01%",-0.00010686149770625347,-0.0021940713553034842,0.0028876871880507216,-0.0014160165765944,-0.006527751074851686,0.004489721909567732,0.006285591199074553,0.00990280475858836
2011-03-23,12.59775,"12.609,94","12.625,26","12.581,07",,"-0,28%",-0.002754631600841636,-0.00010686149770625347,-0.0021940713553034842,0.0028876871880507216,-0.002048840214668314,0.004555979195003654,0.0063043858280115465,0.009869529386908596
2011-03-24,12.58171,"12.568,65","12.604,67","12.568,65",,"-0,13%",-0.0012740545007476319,-0.002754631600841636,-0.00010686149770625347,-0.0021940713553034842,-0.0014160165765944,0.0023349716932467455,0.005682534958787367,0.009840841813269672
2011-03-25,12.41627,"12.614,21","12.616,09","12.416,27",,"-1,31%",-0.013236462743897464,-0.0012740545007476319,-0.002754631600841636,-0.00010686149770625347,0.0028876871880507216,0.0043392362010440735,0.005252257807438401,0.00995733572906658
2011-03-28,12.44833,"12.479,95","12.523,33","12.448,33",,"0,26%",0.002578768028980975,-0.013236462743897464,-0.0012740545007476319,-0.002754631600841636,-0.0021940713553034842,0.004654748043220541,0.004928037626515143,0.009957143180715557
2011-03-29,12.40087,"12.486,21","12.502,42","12.400,87",,"-0,38%",-0.0038198459272953088,0.002578768028980975,-0.013236462743897464,-0.0012740545007476319,-0.00010686149770625347,0.004463362272475376,0.00485883074237904,0.009789715017799051
2011-03-30,12.3877,"12.403,73","12.453,14","12.387,70",,"-0,11%",-0.0010625866065832033,-0.0038198459272953088,0.002578768028980975,-0.013236462743897464,-0.002754631600841636,0.004476439232216101,0.004861108924208032,0.00978760348121248
2011-03-31,12.17379,"12.383,57","12.401,75","12.173,79",,"-1,73%",-0.017418764787377,-0.0010625866065832033,-0.0038198459272953088,0.002578768028980975,-0.0012740545007476319,0.006590068192229014,0.005937213262092834,0.010011545205907114
2011-04-01,11.95683,"12.159,66","12.184,69","11.956,83",,"-1,78%",-0.017982616822907256,-0.017418764787377,-0.0010625866065832033,-0.0038198459272953088,-0.013236462743897464,0.007530682046388132,0.006880367038744241,0.010054354894408295
2011-04-04,11.77784,"12.039,46","12.056,35","11.777,84",,"-1,50%",-0.015082863442497572,-0.017982616822907256,-0.017418764787377,-0.0010625866065832033,0.002578768028980975,0.007950095326628926,0.007302061748815654,0.01010029659172668
2011-04-05,11.78149,"11.740,23","11.861,45","11.680,68",,"0,03%",0.0003098560128157027,-0.015082863442497572,-0.017982616822907256,-0.017418764787377,-0.0038198459272953088,0.007991319879684142,0.007190989616331999,0.010053381552626911
2011-04-06,12.00388,"11.854,28","12.017,15","11.814,10",,"1,89%",0.01870027506680008,0.0003098560128157027,-0.015082863442497572,-0.017982616822907256,-0.0010625866065832033,0.011402234238557058,0.008733973102253528,0.010372297516785338
2011-04-07,12.17422,"12.045,78","12.174,26","12.022,50",,"1,42%",0.014090670347563226,0.01870027506680008,0.0003098560128157027,-0.015082863442497572,-0.017418764787377,0.012874617945224001,0.00904162951699613,0.01046721154298713
2011-04-08,12.03888,"12.170,33","12.263,34","12.038,88",,"-1,11%",-0.01117918891000973,0.014090670347563226,0.01870027506680008,0.0003098560128157027,-0.017982616822907256,0.012713491200065577,0.009246728258624536,0.010220092770207792
2011-04-11,12.02028,"12.080,71","12.146,94","12.020,28",,"-0,15%",-0.001546188953029689,-0.01117918891000973,0.014090670347563226,0.01870027506680008,-0.015082863442497572,0.012575418816400523,0.009245795548809903,0.010217599161868835
2011-04-12,11.94494,"12.020,12","12.087,22","11.944,94",,"-0,63%",-0.006287465601927557,-0.001546188953029689,-0.01117918891000973,0.014090670347563226,0.0003098560128157027,0.012606583334816254,0.00924106243725807,0.010228928701030695
2011-04-13,11.84144,"11.951,27","11.951,27","11.841,44",,"-0,87%",-0.00870251406080097,-0.006287465601927557,-0.001546188953029689,-0.01117918891000973,0.01870027506680008,0.012657297791383209,0.009326582135779651,0.010114026330798774
2011-04-14,11.85152,"11.802,68","11.851,55","11.793,32",,"0,09%",0.0008508857152645128,-0.00870251406080097,-0.006287465601927557,-0.001546188953029689,0.014090670347563226,0.011881756231373898,0.009364060679080553,0.010116580038032053
2011-04-15,11.93723,"11.875,88","11.937,26","11.845,42",,"0,72%",0.0072059583525792715,0.0008508857152645128,-0.00870251406080097,-0.006287465601927557,-0.01117918891000973,0.010907936417126207,0.009558644911558112,0.010173021408763323
2011-04-18,11.91103,"11.957,41","12.007,11","11.911,03",,"-0,22%",-0.0021972261742115307,0.0072059583525792715,0.0008508857152645128,-0.00870251406080097,-0.001546188953029689,0.009636774082574004,0.00955863188304342,0.01014645627999061
2011-04-19,11.94274,"11.856,54","11.942,74","11.854,78",,"0,27%",0.002658700798994108,-0.0021972261742115307,0.0072059583525792715,0.0008508857152645128,-0.006287465601927557,0.009643334621042431,0.00962165745345932,0.01008064385515384
2011-04-20,11.96057,"11.907,50","11.960,57","11.907,15",,"0,15%",0.00149184387491664,0.002658700798994108,-0.0021972261742115307,0.0072059583525792715,-0.00870251406080097,0.007502913396300662,0.009669619234974511,0.010086287165958526
2011-04-21,11.91563,"11.901,87","11.934,82","11.882,23",,"-0,38%",-0.0037644225689115684,0.00149184387491664,0.002658700798994108,-0.0021972261742115307,0.0008508857152645128,0.005552570000209908,0.009667746267462083,0.010087533042989259
2011-04-22,11.95723,"11.926,63","11.972,81","11.884,02",,"0,35%",0.0034851326658510164,-0.0037644225689115684,0.00149184387491664,0.002658700798994108,0.0072059583525792715,0.00478556196462843,0.009430512474141447,0.010096834388675036
2011-04-25,12.01717,"11.927,19","12.065,17","11.906,95",,"0,50%",0.00500034410806005,0.0034851326658510164,-0.0037644225689115684,0.00149184387491664,-0.0021972261742115307,0.00509195094952521,0.009506062893408053,0.010124906870996552
2011-04-26,12.03183,"12.047,94","12.076,02","12.014,10",,"0,12%",0.0012191776635932393,0.00500034410806005,0.0034851326658510164,-0.0037644225689115684,0.002658700798994108,0.004595400714738066,0.009515437741804654,0.009589077879789984
2011-04-27,12.06447,"12.044,70","12.093,02","12.040,38",,"0,27%",0.0027091312743570918,0.0012191776635932393,0.00500034410806005,0.0034851326658510164,0.00149184387491664,0.003198965073336819,0.0095620447507536,0.009226868518027575
2011-04-28,11.87035,"12.073,09","12.100,91","11.650,41",,"-1,61%",-0.016221075106383768,0.0027091312743570918,0.0012191776635932393,0.00500034410806005,-0.0037644225689115684,0.006574913795098476,0.009459125610780933,0.009368208285928088
2011-04-29,11.5515,"11.785,16","11.882,07","11.551,45",,"-2,69%",-0.027228395621002974,-0.016221075106383768,0.0027091312743570918,0.0012191776635932393,0.0034851326658510164,0.01038634785529884,0.010489154991454593,0.009815294208532195
2011-05-02,11.8366,"11.559,04","11.836,60","11.559,04",,"2,47%",0.024381127389471385,-0.027228395621002974,-0.016221075106383768,0.0027091312743570918,0.00500034410806005,0.013599262205444954,0.011506525047420026,0.010276566741861115
2011-05-03,11.97606,"11.859,23","11.976,49","11.850,42",,"1,18%",0.011713231070068468,0.024381127389471385,-0.027228395621002974,-0.016221075106383768,0.0012191776635932393,0.014133268792882474,0.011788775089925915,0.010355505376421765
2011-05-04,11.94955,"11.959,43","11.993,88","11.899,08",,"-0,22%",-0.0022160363601022217,0.011713231070068468,0.024381127389471385,-0.027228395621002974,0.0027091312743570918,0.01414653496442202,0.01102181088996288,0.010133926681938804
2011-05-05,12.07372,"11.929,42","12.101,55","11.926,90",,"1,04%",0.01033756901429859,-0.0022160363601022217,0.011713231070068468,0.024381127389471385,-0.016221075106383768,0.014439635671433037,0.01079482702926187,0.009944570137992865
2011-05-06,11.91501,"12.035,30","12.063,56","11.915,01",,"-1,31%",-0.013232239950439584,0.01033756901429859,-0.0022160363601022217,0.011713231070068468,-0.027228395621002974,0.015112887649296722,0.01091170984058602,0.010048620155570336
2011-05-09,11.94553,"11.906,16","11.966,34","11.896,88",,"0,26%",0.0025581999941792347,-0.013232239950439584,0.01033756901429859,-0.0022160363601022217,0.024381127389471385,0.015036294028663931,0.010929918275378385,0.009928447485781481
2011-05-10,11.95223,"11.944,15","11.970,91","11.917,98",,"0,06%",0.0005607220237834786,0.0025581999941792347,-0.013232239950439584,0.01033756901429859,0.011713231070068468,0.01502889246867862,0.010839762107065061,0.00991444156452647
2011-05-11,11.94442,"11.940,94","11.958,25","11.927,66",,"-0,07%",-0.0006536481287605523,0.0005607220237834786,0.0025581999941792347,-0.013232239950439584,-0.0022160363601022217,0.014982587099914763,0.010646154799574151,0.00991305441726754
2011-05-12,12.00834,"11.968,50","12.008,34","11.931,07",,"0,54%",0.005337184669566751,-0.0006536481287605523,0.0005607220237834786,0.0025581999941792347,0.01033756901429859,0.01407245743486296,0.01070253816621568,0.009947041835465699
2011-05-13,12.06439,"11.996,95","12.068,10","11.985,86",,"0,47%",0.004656729941939087,0.005337184669566751,-0.0006536481287605523,0.0005607220237834786,-0.013232239950439584,0.009928836642603288,0.010635411412506046,0.009870427754574777
2011-05-16,11.96564,"12.077,44","12.117,15","11.943,61",,"-0,82%",-0.008218929055529489,0.004656729941939087,0.005337184669566751,-0.0006536481287605523,0.0025581999941792347,0.007726714356564936,0.01080062891897366,0.009132551545078445
2011-05-17,12.04608,"11.989,99","12.046,08","11.941,51",,"0,67%",0.006700086534423982,-0.008218929055529489,0.004656729941939087,0.005337184669566751,0.0005607220237834786,0.007097484188664253,0.010885952500949305,0.009159615181456787
2011-05-18,12.05679,"12.006,20","12.080,72","12.002,23",,"0,09%",0.0008886909073376542,0.006700086534423982,-0.008218929055529489,0.004656729941939087,-0.0006536481287605523,0.007029016604824708,0.010883693547376588,0.009139837249231996
2011-05-19,12.00897,"12.026,37","12.035,60","11.995,64",,"-0,40%",-0.003974116166493468,0.0008886909073376542,0.006700086534423982,-0.008218929055529489,0.005337184669566751,0.006312973144790952,0.010888017222158831,0.00898756417830353
2011-05-20,11.88061,"11.837,70","11.918,48","11.837,70",,"-1,07%",-0.010746211131376903,-0.003974116166493468,0.0008886909073376542,0.006700086534423982,0.004656729941939087,0.00578433852073258,0.01113728296451435,0.00882513595144316
2011-05-23,11.92371,"11.858,19","11.934,60","11.858,19",,"0,36%",0.0036211954046757385,-0.010746211131376903,-0.003974116166493468,0.0008886909073376542,-0.008218929055529489,0.005851851633017779,0.01110682648644579,0.008774574534277574
2011-05-24,11.94515,"11.930,75","11.981,36","11.906,46",,"0,18%",0.0017964834320704395,0.0036211954046757385,-0.010746211131376903,-0.003974116166493468,0.006700086534423982,0.005882267212209386,0.011111978670326431,0.0087689115232099
2011-05-25,11.99749,"11.947,40","12.020,71","11.947,40",,"0,44%",0.004372122988545568,0.0017964834320704395,0.0036211954046757385,-0.010746211131376903,0.0008886909073376542,0.006038465236056565,0.011142345761708198,0.008797914870046752
2011-05-26,12.09958,"11.991,16","12.125,39","11.989,52",,"0,85%",0.008473280013526381,0.004372122988545568,0.0017964834320704395,0.0036211954046757385,-0.003974116166493468,0.0063919600118798195,0.010639589076671403,0.008857843190002152
2011-05-27,12.15448,"12.090,31","12.154,48","12.054,16",,"0,45%",0.004527084847839408,0.008473280013526381,0.004372122988545568,0.0017964834320704395,-0.010746211131376903,0.006383296981602293,0.008331190109508241,0.008885070296399332
2011-05-30,12.17816,"12.133,86","12.178,21","12.132,03",,"0,19%",0.0019463574421511225,0.004527084847839408,0.008473280013526381,0.004372122988545568,0.0036211954046757385,0.005552749260756848,0.006557850310884494,0.008835849698607677
2011-05-31,12.1967,"12.160,46","12.223,77","12.159,16",,"0,15%",0.001521239799973629,0.0019463574421511225,0.004527084847839408,0.008473280013526381,0.0017964834320704395,0.005275444978496904,0.006095801389507171,0.008826276495929635
2011-06-01,12.20273,"12.197,66","12.219,93","12.152,81",,"0,05%",0.0004942738517059842,0.001521239799973629,0.0019463574421511225,0.004527084847839408,0.004372122988545568,0.005279857652205324,0.006052556738939365,0.008827014303691694
2011-06-02,12.19958,"12.160,98","12.199,58","12.144,05",,"-0,03%",-0.00025817228102563894,0.0004942738517059842,0.001521239799973629,0.0019463574421511225,0.008473280013526381,0.004998249348788147,0.005646789324318947,0.008703230961146065
2011-06-03,12.19653,"12.182,37","12.218,68","12.182,37",,"-0,02%",-0.0002500398642152453,-0.00025817228102563894,0.0004942738517059842,0.001521239799973629,0.004527084847839408,0.0026946234253470295,0.0046391858240596405,0.008701245224909454
2011-06-06,12.13656,"12.109,37","12.137,00","12.085,76",,"-0,49%",-0.004929100366567696,-0.0002500398642152453,-0.00025817228102563894,0.0004942738517059842,0.0019463574421511225,0.0035605815910263296,0.004819654177989267,0.00871747690314279
2011-06-07,12.05278,"12.119,94","12.120,41","12.052,78",,"-0,69%",-0.006927045963865514,-0.004929100366567696,-0.0002500398642152453,-0.00025817228102563894,0.001521239799973629,0.004498348999924898,0.005120125432320882,0.00872205593958582
2011-06-08,12.02584,"12.016,38","12.047,03","12.015,02",,"-0,22%",-0.0022376707004883433,-0.006927045963865514,-0.004929100366567696,-0.0002500398642152453,0.0004942738517059842,0.004415843162204791,0.005149754577627046,0.00872253690154339
2011-06-09,11.99759,"12.032,73","12.064,63","11.997,59",,"-0,23%",-0.0023518717370168813,-0.0022376707004883433,-0.006927045963865514,-0.004929100366567696,-0.00025817228102563894,0.003376773480465605,0.0050429349781345,0.008724431704349962
2011-06-10,12.03645,"11.995,62","12.036,45","11.982,06",,"0,32%",0.0032337496204290243,-0.0023518717370168813,-0.0022376707004883433,-0.006927045963865514,-0.0002500398642152453,0.0031663009916317723,0.00498279136547989,0.008727058338690542
2011-06-13,11.9957,"12.015,23","12.023,03","11.984,26",,"-0,34%",-0.003391293667444676,0.0032337496204290243,-0.0023518717370168813,-0.0022376707004883433,-0.004929100366567696,0.003067308125116103,0.004677156652433991,0.008731565220287759
2011-06-14,11.98974,"11.995,56","12.004,33","11.970,26",,"-0,05%",-0.0004969681709124164,-0.003391293667444676,0.0032337496204290243,-0.0023518717370168813,-0.006927045963865514,0.002907988172893035,0.004414162629038618,0.008731137216774683
2011-06-15,11.92214,"11.944,67","11.977,50","11.922,14",,"-0,56%",-0.005654108342096419,-0.0004969681709124164,-0.003391293667444676,0.0032337496204290243,-0.0022376707004883433,0.00303694066135284,0.004566371870537846,0.008749747041319355
2011-06-16,11.81704,"11.919,11","11.919,11","11.817,04",,"-0,88%",-0.008854618119898352,-0.005654108342096419,-0.0004969681709124164,-0.003391293667444676,-0.0023518717370168813,0.0035583984702496716,0.004878102453670126,0.00880949154372297
2011-06-17,11.74151,"11.783,83","11.825,65","11.696,94",,"-0,64%",-0.006412131373720712,-0.008854618119898352,-0.005654108342096419,-0.0004969681709124164,0.0032337496204290243,0.0035269123150995785,0.004494439381104091,0.0086927008590171
2011-06-20,11.68669,"11.757,53","11.823,48","11.686,42",,"-0,47%",-0.004679838831027189,-0.006412131373720712,-0.008854618119898352,-0.005654108342096419,-0.003391293667444676,0.0035189341779064054,0.004468402969896605,0.008693532430996999
2011-06-21,11.61846,"11.696,01","11.714,09","11.615,69",,"-0,58%",-0.00585537487989077,-0.004679838831027189,-0.006412131373720712,-0.008854618119898352,-0.0004969681709124164,0.003427478334991247,0.0045429690422671785,0.008708474507196477
2011-06-22,11.65806,"11.608,38","11.671,51","11.577,46",,"0,34%",0.003402573770114281,-0.00585537487989077,-0.004679838831027189,-0.006412131373720712,-0.005654108342096419,0.004089513808867531,0.004483063226936375,0.008727737119015842
2011-06-23,11.60176,"11.608,18","11.650,95","11.579,62",,"-0,48%",-0.004840975549198021,0.003402573770114281,-0.00585537487989077,-0.004679838831027189,-0.008854618119898352,0.004114190004704587,0.00388263937201926,0.00847435513263588
2011-06-24,11.60153,"11.632,27","11.661,59","11.601,53",,"0,00%",-1.982477484937242e-05,-0.004840975549198021,0.003402573770114281,-0.00585537487989077,-0.006412131373720712,0.003636128775716437,0.0035967214846272856,0.00816890816550542
2011-06-27,11.6275,"11.575,31","11.702,44","11.575,31",,"0,22%",0.002235996149657268,-1.982477484937242e-05,-0.004840975549198021,0.003402573770114281,-0.004679838831027189,0.004092605708859738,0.0036153726053662623,0.007947982306084038
2011-06-28,11.62106,"11.626,27","11.657,83","11.605,30",,"-0,06%",-0.0005540128218452233,0.002235996149657268,-1.982477484937242e-05,-0.004840975549198021,-0.00585537487989077,0.00408858498135702,0.0035282502390237306,0.007947799493972377
2011-06-29,11.51279,"11.620,64","11.642,90","11.499,18",,"-0,93%",-0.00936037801924966,-0.0005540128218452233,0.002235996149657268,-1.982477484937242e-05,0.003402573770114281,0.0044916188635328825,0.003779413486203354,0.007634502616598658
2011-06-30,11.51093,"11.530,09","11.537,92","11.447,22",,"-0,02%",-0.0001615725003646245,-0.00936037801924966,-0.0005540128218452233,0.002235996149657268,-0.004840975549198021,0.00416841618267003,0.003783040877049789,0.007384249554110746
2011-07-01,11.51826,"11.475,44","11.547,73","11.460,81",,"0,06%",0.0006365834184816309,-0.0001615725003646245,-0.00936037801924966,-0.0005540128218452233,-1.982477484937242e-05,0.004051091436977274,0.0038207994585139613,0.007262943843125553
2011-07-04,11.60768,"11.528,35","11.607,68","11.496,13",,"0,78%",0.007733345813729463,0.0006365834184816309,-0.0001615725003646245,-0.00936037801924966,0.002235996149657268,0.004919980255610294,0.004456309705617486,0.0073437669650351835
2011-07-05,11.52365,"11.569,42","11.593,08","11.497,24",,"-0,72%",-0.007265502644624815,0.007733345813729463,0.0006365834184816309,-0.0001615725003646245,-0.0005540128218452233,0.005101698621844205,0.004475694914475102,0.0073577176574056765
2011-07-06,11.55549,"11.500,84","11.555,49","11.485,69",,"0,28%",0.002759203349896342,-0.007265502644624815,0.007733345813729463,0.0006365834184816309,-0.00936037801924966,0.005046296070545764,0.004613456079234173,0.007292244244710617
2011-07-07,11.60164,"11.574,85","11.601,64","11.545,79",,"0,40%",0.003985818717412644,0.002759203349896342,-0.007265502644624815,0.007733345813729463,-0.0001615725003646245,0.005049170803476146,0.004801470130761667,0.007312615167313772
2011-07-08,11.57799,"11.551,53","11.587,11","11.535,76",,"-0,20%",-0.002040585480141612,0.003985818717412644,0.002759203349896342,-0.007265502644624815,0.0006365834184816309,0.005090276140181975,0.004660267669398928,0.007247712961916973
2011-07-11,11.50161,"11.527,45","11.527,45","11.485,42",,"-0,66%",-0.006618856379290404,-0.002040585480141612,0.003985818717412644,0.002759203349896342,0.007733345813729463,0.005380726045585911,0.004767750880222948,0.00728753666671303
2011-07-12,11.47319,"11.426,92","11.475,98","11.412,84",,"-0,25%",-0.002474016269651018,-0.006618856379290404,-0.002040585480141612,0.003985818717412644,-0.007265502644624815,0.0053937709458884596,0.004753171556253708,0.007278959529870021
2011-07-13,11.50677,"11.475,21","11.506,77","11.453,44",,"0,29%",0.002922548507601541,-0.002474016269651018,-0.006618856379290404,-0.002040585480141612,0.002759203349896342,0.0047037975556630755,0.004811853076749228,0.007288493733451883
2011-07-14,11.41559,"11.499,64","11.499,64","11.415,59",,"-0,79%",-0.007955592784431986,0.002922548507601541,-0.002474016269651018,-0.006618856379290404,0.003985818717412644,0.005328193064276229,0.004745965278564027,0.007338810614743543
2011-07-15,11.45832,"11.408,53","11.458,37","11.379,58",,"0,37%",0.0037361386579476174,-0.007955592784431986,0.002922548507601541,-0.002474016269651018,-0.002040585480141612,0.0055101459431414574,0.0047612942093853096,0.007341316283278854
2011-07-18,11.42046,"11.428,92","11.460,95","11.407,57",,"-0,33%",-0.003309620054789113,0.0037361386579476174,-0.007955592784431986,0.002922548507601541,-0.006618856379290404,0.004722126182499776,0.004718567150840371,0.007310074413051121
2011-07-19,11.32285,"11.342,58","11.369,61","11.295,00",,"-0,85%",-0.00858367575524506,-0.003309620054789113,0.0037361386579476174,-0.007955592784431986,-0.002474016269651018,0.004911637682595434,0.004897729933545014,0.00737235285902135
2011-07-20,11.37401,"11.325,44","11.374,01","11.257,25",,"0,45%",0.004508120210841842,-0.00858367575524506,-0.003309620054789113,0.0037361386579476174,0.002922548507601541,0.005117187284224696,0.004959314460728717,0.0073913776532990375
2011-07-21,11.35514,"11.370,81","11.406,63","11.342,19",,"-0,17%",-0.0016604232305554613,0.004508120210841842,-0.00858367575524506,-0.003309620054789113,-0.007955592784431986,0.004731419970445951,0.00488802396398997,0.007116487631190746
2011-07-22,11.28184,"11.323,18","11.381,40","11.278,54",,"-0,65%",-0.006476151517261597,-0.0016604232305554613,0.004508120210841842,-0.00858367575524506,0.0037361386579476174,0.004924254361509174,0.005025966593339212,0.0062600313637601514
2011-07-25,11.3411,"11.276,55","11.341,10","11.267,75",,"0,53%",0.005238942024332104,-0.006476151517261597,-0.0016604232305554613,0.004508120210841842,-0.003309620054789113,0.0052626755040357616,0.005182630076289448,0.005405458274759578
2011-07-26,11.24179,"11.304,42","11.304,42","11.218,27",,"-0,88%",-0.008795210903683723,0.005238942024332104,-0.006476151517261597,-0.0016604232305554613,-0.00858367575524506,0.005761305181262689,0.005445582870167285,0.005252654341915638
2011-07-27,11.21355,"11.209,41","11.238,24","11.180,02",,"-0,25%",-0.002515215969824365,-0.008795210903683723,0.005238942024332104,-0.006476151517261597,0.004508120210841842,0.005491437995830325,0.0051427657878526664,0.005253917501176129
2011-07-28,11.22892,"11.221,81","11.233,61","11.180,33",,"0,14%",0.0013697246696135902,-0.002515215969824365,-0.008795210903683723,0.005238942024332104,-0.0016604232305554613,0.0052644917489273755,0.005172184396770314,0.0050477090833292125
2011-07-29,11.20295,"11.227,95","11.227,95","11.154,09",,"-0,23%",-0.002315456678630265,0.0013697246696135902,-0.002515215969824365,-0.008795210903683723,-0.006476151517261597,0.004912787246627532,0.005157908314797928,0.004797530826637321
2011-08-01,11.21237,"11.141,32","11.212,37","11.135,99",,"0,08%",0.0008404966384197507,-0.002315456678630265,0.0013697246696135902,-0.002515215969824365,0.005238942024332104,0.004988405205187125,0.004728805685135552,0.004780870117437885
2011-08-02,11.19906,"11.177,19","11.229,92","11.147,26",,"-0,12%",-0.0011877869073820195,0.0008404966384197507,-0.002315456678630265,0.0013697246696135902,-0.008795210903683723,0.004389627779547147,0.004546286554154391,0.004776177186531553
2011-08-03,11.13831,"11.186,09","11.186,09","11.121,16",,"-0,54%",-0.005439328782265436,-0.0011877869073820195,0.0008404966384197507,-0.002315456678630265,-0.002515215969824365,0.0040949437510511754,0.004518345574391304,0.004808704246131549
2011-08-04,11.05182,"11.139,17","11.154,18","11.023,37",,"-0,78%",-0.007795397141565061,-0.005439328782265436,-0.0011877869073820195,0.0008404966384197507,0.0013697246696135902,0.004465556144363174,0.0044869132272477835,0.004806625748792682
2011-08-05,11.02052,"11.062,14","11.062,14","10.995,35",,"-0,28%",-0.0028361307392406323,-0.007795397141565061,-0.005439328782265436,-0.0011877869073820195,-0.002315456678630265,0.004268226818344233,0.004486828327208809,0.004743963842919032
2011-08-08,10.95501,"10.989,33","10.989,33","10.926,98",,"-0,59%",-0.0059621036721422965,-0.0028361307392406323,-0.007795397141565061,-0.005439328782265436,0.0008404966384197507,0.003448245118954475,0.004457150760049834,0.004698585086701739
2011-08-09,10.78467,"10.958,75","10.958,75","10.716,54",,"-1,55%",-0.015671204552068562,-0.0059621036721422965,-0.0028361307392406323,-0.007795397141565061,-0.0011877869073820195,0.004976439955587314,0.0053506417599917585,0.004921548086619368
2011-08-10,11.01295,"10.784,68","11.014,46","10.760,66",,"2,12%",0.020946171763376407,-0.015671204552068562,-0.0059621036721422965,-0.0028361307392406323,-0.005439328782265436,0.009398844122498242,0.007502489544748905,0.005725764170408826
2011-08-11,11.03535,"11.021,05","11.035,77","10.920,97",,"0,20%",0.0020319033854561876,0.020946171763376407,-0.015671204552068562,-0.0059621036721422965,-0.007795397141565061,0.009425990515725841,0.007430797106546617,0.005734435632380913
2011-08-12,11.36656,"11.031,06","11.394,88","11.031,06",,"3,00%",0.02957195494413576,0.0020319033854561876,0.020946171763376407,-0.015671204552068562,-0.0028361307392406323,0.01365446264462106,0.010166527726322414,0.0068713337765734794
2011-08-15,11.40702,"11.338,89","11.504,66","11.337,06",,"0,36%",0.0035532439404882743,0.02957195494413576,0.0020319033854561876,0.020946171763376407,-0.0059621036721422965,0.013667951830307334,0.010179035365668212,0.006870608817840843
2011-08-16,11.33966,"11.442,53","11.446,09","11.304,41",,"-0,59%",-0.005922639866784845,0.0035532439404882743,0.02957195494413576,0.0020319033854561876,-0.015671204552068562,0.013860574475538305,0.01007863796393898,0.006894568421161329
2011-08-17,11.35907,"11.347,71","11.366,36","11.289,76",,"0,17%",0.0017102282577918025,-0.005922639866784845,0.0035532439404882743,0.02957195494413576,0.020946171763376407,0.013660268599435279,0.01003316949776326,0.006868800794501079
2011-08-18,11.41021,"11.375,94","11.410,21","11.314,06",,"0,45%",0.004492024867989281,0.0017102282577918025,-0.005922639866784845,0.0035532439404882743,0.0020319033854561876,0.013230888889189694,0.010075929192146563,0.006795444703187662
2011-08-19,11.3549,"11.383,16","11.398,52","11.313,71",,"-0,48%",-0.004859199786935523,0.004492024867989281,0.0017102282577918025,-0.005922639866784845,0.02957195494413576,0.013348238807043616,0.010025548675130613,0.006774579869603863
2011-08-22,11.37159,"11.286,01","11.371,59","11.284,34",,"0,15%",0.001468770848505521,-0.004859199786935523,0.004492024867989281,0.0017102282577918025,0.0035532439404882743,0.012996776522062351,0.009963498155983921,0.006771178815038839
2011-08-23,11.37287,"11.312,46","11.372,87","11.258,43",,"0,01%",0.00011255488161531499,0.001468770848505521,-0.004859199786935523,0.004492024867989281,-0.005922639866784845,0.011214797623515797,0.009739913912257044,0.00676422618229616
2011-08-24,11.30487,"11.339,93","11.348,86","11.277,20",,"-0,60%",-0.00599708822853839,0.00011255488161531499,0.001468770848505521,-0.004859199786935523,0.0017102282577918025,0.010234683065737956,0.009828855264024293,0.006789094783611816
2011-08-25,11.26819,"11.288,44","11.292,94","11.248,16",,"-0,32%",-0.0032498945454394906,-0.00599708822853839,0.00011255488161531499,0.001468770848505521,0.004492024867989281,0.010403088751720474,0.009859238246066184,0.006792494783785813
2011-08-26,11.33107,"11.227,11","11.331,07","11.227,11",,"0,56%",0.005564798340024888,-0.0032498945454394906,-0.00599708822853839,0.00011255488161531499,-0.004859199786935523,0.004385634074612913,0.009911812799647389,0.006849316990053618
2011-08-29,11.42936,"11.336,17","11.429,36","11.330,02",,"0,87%",0.00863697311635402,0.005564798340024888,-0.0032498945454394906,-0.00599708822853839,0.001468770848505521,0.005117192990247721,0.010075041020041484,0.0069482260441712336
2011-08-30,11.51714,"11.429,31","11.517,51","11.419,36",,"0,77%",0.00765087731809756,0.00863697311635402,0.005564798340024888,-0.0032498945454394906,0.00011255488161531499,0.005114182977979182,0.010169354756669828,0.006992219246856463
2011-09-02,11.61362,"11.539,33","11.613,62","11.511,19",,"0,84%",0.008342186726218231,0.00765087731809756,0.00863697311635402,0.005564798340024888,-0.00599708822853839,0.0055484111477092715,0.010148403554195402,0.007087022841803383
2011-09-05,11.69717,"11.571,61","11.711,58","11.571,61",,"0,72%",0.007168384921568618,0.008342186726218231,0.00765087731809756,0.00863697311635402,-0.0032498945454394906,0.005731901573518165,0.009930555953116095,0.007152977491340124
2011-09-06,11.72934,"11.710,93","11.785,38","11.701,50",,"0,28%",0.0027464628936772826,0.007168384921568618,0.008342186726218231,0.00765087731809756,0.005564798340024888,0.0051213761519660304,0.009840736525991838,0.007149031219883463
2011-09-07,11.79831,"11.763,57","11.837,78","11.734,13",,"0,59%",0.005862905777884579,0.0027464628936772826,0.007168384921568618,0.008342186726218231,0.00863697311635402,0.0051405716453430065,0.009619297381527739,0.007183819504872697
2011-09-08,11.68676,"11.766,24","11.791,18","11.686,65",,"-0,95%",-0.009499723773351414,0.005862905777884579,0.0027464628936772826,0.007168384921568618,0.00765087731809756,0.006579779789997016,0.00904687547299215,0.007281851524888203
2011-09-09,11.53478,"11.660,95","11.672,05","11.534,78",,"-1,30%",-0.013089758046819057,-0.009499723773351414,0.005862905777884579,0.0027464628936772826,0.008342186726218231,0.007878299730798314,0.008894599964310005,0.0074340078652502615
2011-09-12,11.57619,"11.579,23","11.580,92","11.490,13",,"0,36%",0.0035835834078651323,-0.013089758046819057,-0.009499723773351414,0.005862905777884579,0.007168384921568618,0.0076645149166213455,0.008898769334552869,0.0073716794745941365
2011-09-13,11.63219,"11.557,32","11.632,19","11.530,54",,"0,48%",0.004825852444786437,0.0035835834078651323,-0.013089758046819057,-0.009499723773351414,0.0027464628936772826,0.007637304297485783,0.006245610970408504,0.007357620516504745
2011-09-14,11.61955,"11.567,18","11.619,55","11.510,71",,"-0,11%",-0.001087230568130721,0.004825852444786437,0.0035835834078651323,-0.013089758046819057,0.005862905777884579,0.007401901338731006,0.006238020297577702,0.007334763361893172
2011-09-15,11.4715,"11.559,15","11.597,30","11.471,50",,"-1,27%",-0.012823325811894777,-0.001087230568130721,0.004825852444786437,0.0035835834078651323,-0.009499723773351414,0.008331033837351433,0.0068019455802136395,0.0074811982584185996
2011-09-16,11.43303,"11.474,26","11.510,26","11.433,03",,"-0,34%",-0.0033591639884827415,-0.012823325811894777,-0.001087230568130721,0.004825852444786437,-0.013089758046819057,0.007770045358591631,0.00685180298839626,0.007476751141736848
2011-09-19,11.54209,"11.412,49","11.542,22","11.412,49",,"0,95%",0.00949381932751009,-0.0033591639884827415,-0.012823325811894777,-0.001087230568130721,0.0035835834078651323,0.008088794649401501,0.007098755043786693,0.007558576760221905
2011-09-20,11.47949,"11.530,86","11.530,86","11.466,30",,"-0,54%",-0.005438389049617817,0.00949381932751009,-0.0033591639884827415,-0.012823325811894777,0.004825852444786437,0.008043929894229107,0.007123228171199555,0.007590078110615815
2011-09-21,11.50431,"11.469,20","11.504,43","11.440,16",,"0,22%",0.002159782946951899,-0.005438389049617817,0.00949381932751009,-0.0033591639884827415,-0.001087230568130721,0.00771230080546844,0.00712961443595205,0.007589673938834011
2011-09-22,11.42721,"11.490,31","11.500,68","11.416,20",,"-0,67%",-0.006724394241818803,0.002159782946951899,-0.005438389049617817,0.00949381932751009,-0.012823325811894777,0.007479791844011952,0.007314720491727054,0.007636521445741084
2011-09-23,11.39384,"11.388,93","11.397,06","11.358,58",,"-0,29%",-0.0029244950415121137,-0.006724394241818803,0.002159782946951899,-0.005438389049617817,-0.0033591639884827415,0.0064641232585110845,0.007208359707441326,0.007551546604183498
2011-09-26,11.28421,"11.326,47","11.331,71","11.247,27",,"-0,96%",-0.009668455092695611,-0.0029244950415121137,-0.006724394241818803,0.002159782946951899,0.00949381932751009,0.00672107216261919,0.007515379069379727,0.007650391464427498
2011-09-27,11.37119,"11.243,15","11.387,22","11.207,02",,"0,77%",0.0076785602870311906,-0.009668455092695611,-0.0029244950415121137,-0.006724394241818803,-0.005438389049617817,0.0071179584742896256,0.007610958637404273,0.0077192022152509955
2011-09-28,11.33504,"11.345,09","11.370,76","11.281,10",,"-0,32%",-0.0031841508293697506,0.0076785602870311906,-0.009668455092695611,-0.0029244950415121137,0.002159782946951899,0.0071101479112377726,0.007374707205262345,0.007657111436610025
2011-09-29,11.36838,"11.341,46","11.401,69","11.305,50",,"0,29%",0.0029370045540177895,-0.0031841508293697506,0.0076785602870311906,-0.009668455092695611,-0.006724394241818803,0.006258130036840881,0.007176029660609286,0.007615146308244277
2011-09-30,11.46763,"11.414,11","11.467,67","11.325,21",,"0,87%",0.008692466410277414,0.0029370045540177895,-0.0031841508293697506,0.0076785602870311906,-0.0029244950415121137,0.006863700751598025,0.007199520352626318,0.007692698205048362
2011-10-03,11.43941,"11.463,87","11.499,92","11.419,97",,"-0,25%",-0.0024638726152472314,0.008692466410277414,0.0029370045540177895,-0.0031841508293697506,-0.009668455092695611,0.006081479577189822,0.006968687937746362,0.007679301327259506
2011-10-04,11.40446,"11.455,10","11.475,67","11.404,46",,"-0,31%",-0.0030599042342452066,-0.0024638726152472314,0.008692466410277414,0.0029370045540177895,0.0076785602870311906,0.005928570793551019,0.006920168201043663,0.007684489883555861
2011-10-05,11.34703,"11.406,80","11.406,80","11.346,93",,"-0,50%",-0.005048471284894385,-0.0030599042342452066,-0.0024638726152472314,0.008692466410277414,-0.0031841508293697506,0.00598613682926057,0.006744968793163247,0.007665085824720736
2011-10-06,11.45984,"11.349,17","11.459,84","11.312,24",,"0,99%",0.009892713907560758,-0.005048471284894385,-0.0030599042342452066,-0.0024638726152472314,0.0029370045540177895,0.00661050724869727,0.006991898328038582,0.007769161989421615
2011-10-07,11.37416,"11.442,36","11.461,28","11.373,47",,"-0,75%",-0.007504633627138295,0.009892713907560758,-0.005048471284894385,-0.0030599042342452066,0.008692466410277414,0.007004524730275829,0.00658233480175803,0.007818702341609064
2011-10-10,11.41874,"11.382,37","11.419,09","11.343,72",,"0,39%",0.003911749434789892,-0.007504633627138295,0.009892713907560758,-0.005048471284894385,-0.0024638726152472314,0.0062329429462944135,0.0065939765329903885,0.007768954611128052
2011-10-11,11.43005,"11.399,49","11.447,23","11.387,55",,"0,10%",0.0009899868591482822,0.003911749434789892,-0.007504633627138295,0.009892713907560758,-0.0030599042342452066,0.0058027403407759914,0.006480060478970499,0.007754674475962849
2011-10-12,11.45663,"11.407,33","11.456,63","11.397,55",,"0,23%",0.0023227494726443232,0.0009899868591482822,0.003911749434789892,-0.007504633627138295,-0.005048471284894385,0.0056723854490819264,0.006518968360983729,0.007748526628878333
2011-10-13,11.48476,"11.487,74","11.515,98","11.446,09",,"0,25%",0.002452337377789048,0.0023227494726443232,0.0009899868591482822,0.003911749434789892,0.009892713907560758,0.005656680829611046,0.0058889766905733,0.007670636911444062
2011-10-14,11.54668,"11.478,31","11.546,85","11.453,39",,"0,54%",0.005377010659090833,0.002452337377789048,0.0023227494726443232,0.0009899868591482822,-0.007504633627138295,0.005238639059770556,0.005945913536967186,0.007679652688195728
2011-10-17,11.45266,"11.486,42","11.530,35","11.452,66",,"-0,81%",-0.008175932329954201,0.005377010659090833,0.002452337377789048,0.0023227494726443232,0.003911749434789892,0.005891146651196137,0.005850344168462382,0.007752856775832525
2011-10-18,11.38181,"11.465,05","11.498,35","11.381,81",,"-0,62%",-0.006205550412385938,-0.008175932329954201,0.005377010659090833,0.002452337377789048,0.0009899868591482822,0.006157516605552147,0.005887590162990402,0.00774901903587139
2011-10-19,11.36199,"11.372,86","11.406,74","11.361,94",,"-0,17%",-0.001742893009719371,-0.006205550412385938,-0.008175932329954201,0.005377010659090833,0.0023227494726443232,0.00595359228639718,0.005861951711196366,0.007723640075929083
2011-10-20,11.39214,"11.361,55","11.392,14","11.341,30",,"0,27%",0.0026500699121397527,-0.001742893009719371,-0.006205550412385938,-0.008175932329954201,0.002452337377789048,0.004998081133009611,0.0057214643828539975,0.007642880986454368
2011-10-21,11.38158,"11.384,89","11.417,42","11.350,49",,"-0,09%",-0.0009273847888563864,0.0026500699121397527,-0.001742893009719371,-0.006205550412385938,0.005377010659090833,0.004382237003819391,0.00568788991273241,0.007635990488256819
2011-10-24,11.38506,"11.351,57","11.393,21","11.331,74",,"0,03%",0.000305710462949585,-0.0009273847888563864,0.0026500699121397527,-0.001742893009719371,-0.008175932329954201,0.004173962475199446,0.0052184076802292145,0.0076345764032269255
2011-10-25,11.35549,"11.333,87","11.367,94","11.322,74",,"-0,26%",-0.002600642171450884,0.000305710462949585,-0.0009273847888563864,0.0026500699121397527,-0.006205550412385938,0.0042054250668754145,0.004968690050438494,0.007636276683429282
2011-10-26,11.37856,"11.355,52","11.379,16","11.343,46",,"0,20%",0.0020295554834234937,-0.002600642171450884,0.000305710462949585,-0.0009273847888563864,-0.001742893009719371,0.004183326307373507,0.004933298364843947,0.007639442293496224
2011-10-27,11.33813,"11.352,68","11.353,36","11.310,79",,"-0,36%",-0.0035595012026397605,0.0020295554834234937,-0.002600642171450884,0.000305710462949585,0.0026500699121397527,0.0041139652198854855,0.0049568376623357726,0.007653106473373986
2011-10-28,11.27906,"11.329,61","11.375,62","11.279,06",,"-0,52%",-0.005223472439210965,-0.0035595012026397605,0.0020295554834234937,-0.002600642171450884,-0.0009273847888563864,0.003531060303065464,0.004617870120282301,0.007650458137465267
2011-10-31,11.35219,"11.295,58","11.352,19","11.292,85",,"0,65%",0.006462767592343158,-0.005223472439210965,-0.0035595012026397605,0.0020295554834234937,0.000305710462949585,0.0038638415673548903,0.004875734329227374,0.007618981412810144
2011-11-01,11.23785,"11.320,33","11.326,08","11.235,34",,"-1,01%",-0.010123131826322707,0.006462767592343158,-0.005223472439210965,-0.0035595012026397605,-0.002600642171450884,0.004593398811157497,0.005315801854788614,0.00772947960404146
2011-11-02,11.26168,"11.233,48","11.280,25","11.198,45",,"0,21%",0.0021182672625201593,-0.010123131826322707,0.006462767592343158,-0.005223472439210965,0.0020295554834234937,0.0047102962823729255,0.005250946714018502,0.007688356460796005
2011-11-03,11.23885,"11.242,28","11.283,75","11.198,65",,"-0,20%",-0.0020292862287688545,0.0021182672625201593,-0.010123131826322707,0.006462767592343158,-0.0035595012026397605,0.00454958400090705,0.004668035312150454,0.007399511787162801
2011-11-04,11.25572,"11.243,68","11.255,78","11.192,14",,"0,15%",0.0014999178168578695,-0.0020292862287688545,0.0021182672625201593,-0.010123131826322707,-0.005223472439210965,0.00463879238646946,0.004433310002100088,0.006906589683192776
2011-11-09,11.28401,"11.250,81","11.284,07","11.195,82",,"0,25%",0.002510235469126887,0.0014999178168578695,-0.0020292862287688545,0.0021182672625201593,0.006462767592343158,0.004764337024796188,0.004370142364654329,0.00690882395529683
2011-11-10,11.24451,"11.255,72","11.297,37","11.239,28",,"-0,35%",-0.0035066698102439505,0.002510235469126887,0.0014999178168578695,-0.0020292862287688545,-0.010123131826322707,0.00480885722789739,0.004399959563922921,0.005764162068500961
2011-11-11,11.22512,"11.229,81","11.250,42","11.201,70",,"-0,17%",-0.0017258855453384128,-0.0035066698102439505,0.002510235469126887,0.0014999178168578695,0.0021182672625201593,0.004692766848402257,0.0043405750907888445,0.00574647602862816
2011-11-14,11.21458,"11.192,72","11.215,38","11.157,44",,"-0,09%",-0.0009394065673887277,-0.0017258855453384128,-0.0035066698102439505,0.002510235469126887,-0.0020292862287688545,0.004628882408630709,0.004263310499381614,0.005699179717085411
2011-11-15,11.20398,"11.222,57","11.223,30","11.151,66",,"-0,09%",-0.000945645107439258,-0.0009394065673887277,-0.0017258855453384128,-0.0035066698102439505,0.0014999178168578695,0.004396876598926757,0.003975397097929013,0.0056945233740548
2011-11-16,11.16532,"11.190,21","11.193,92","11.143,64",,"-0,35%",-0.0034565264439296015,-0.000945645107439258,-0.0009394065673887277,-0.0017258855453384128,0.002510235469126887,0.003667936380582089,0.0036883812295047903,0.005675254151621503
2011-11-17,11.10594,"11.150,67","11.150,67","11.074,09",,"-0,53%",-0.005332445555902111,-0.0034565264439296015,-0.000945645107439258,-0.0009394065673887277,-0.0035066698102439505,0.002595920162450756,0.003631626307955503,0.005681935752878076
2011-11-21,11.0743,"11.100,84","11.100,84","11.006,66",,"-0,28%",-0.002852991803633345,-0.005332445555902111,-0.0034565264439296015,-0.000945645107439258,-0.0017258855453384128,0.002359161914776241,0.0036483736411684524,0.005685629436736052
2011-11-22,10.94317,"11.000,42","11.014,53","10.943,17",,"-1,18%",-0.011911591155172692,-0.002852991803633345,-0.005332445555902111,-0.0034565264439296015,-0.0009394065673887277,0.004012900824520009,0.004229081616965278,0.00587453925534378
2011-11-23,10.88773,"10.938,47","10.944,02","10.870,03",,"-0,51%",-0.0050790502618711705,-0.011911591155172692,-0.002852991803633345,-0.005332445555902111,-0.000945645107439258,0.0037869467063887637,0.004274768807322845,0.005861536108085657
2011-11-24,10.90913,"10.872,15","10.962,93","10.854,34",,"0,20%",0.001963586211587053,-0.0050790502618711705,-0.011911591155172692,-0.002852991803633345,-0.0034565264439296015,0.0036962304017647786,0.004341830837639624,0.005860631812404907
2011-11-25,10.83624,"10.933,52","10.941,25","10.836,24",,"-0,67%",-0.006703980938770506,0.001963586211587053,-0.0050790502618711705,-0.011911591155172692,-0.005332445555902111,0.0038438717313587383,0.0044603192819980975,0.005858063217141276
2011-11-28,10.86584,"10.852,60","10.905,70","10.830,83",,"0,27%",0.0027278508193578797,-0.006703980938770506,0.001963586211587053,-0.0050790502618711705,-0.002852991803633345,0.00432563935641013,0.004498892242561388,0.005746279642751474
2011-11-29,10.87408,"10.845,83","10.923,58","10.823,89",,"0,08%",0.0007580525038350885,0.0027278508193578797,-0.006703980938770506,0.001963586211587053,-0.011911591155172692,0.004457804163409503,0.004538954525815924,0.005641543630669281
2011-11-30,10.95268,"10.844,36","10.952,68","10.833,61",,"0,72%",0.007202199479830751,0.0007580525038350885,0.0027278508193578797,-0.006703980938770506,-0.0050790502618711705,0.005511915726015514,0.004921667172221448,0.005611532546831924
2011-12-01,10.88785,"10.933,85","10.976,22","10.861,47",,"-0,59%",-0.005936686555402736,0.007202199479830751,0.0007580525038350885,0.0027278508193578797,0.001963586211587053,0.005625932536149197,0.004643124396295212,0.005543768165156008
2011-12-02,10.93299,"10.883,30","10.932,99","10.842,96",,"0,41%",0.004137335170458113,-0.005936686555402736,0.007202199479830751,0.0007580525038350885,-0.006703980938770506,0.005890071296999414,0.004434561831881105,0.005563401842195799
2011-12-05,10.90928,"10.936,97","10.948,09","10.868,33",,"-0,22%",-0.002171020623108653,0.004137335170458113,-0.005936686555402736,0.007202199479830751,0.0027278508193578797,0.005877494402394613,0.004359811078072479,0.005487382188989384
2011-12-06,10.87324,"10.932,26","10.938,52","10.837,79",,"-0,33%",-0.003309078369857517,-0.002171020623108653,0.004137335170458113,-0.005936686555402736,0.0007580525038350885,0.004695134212762829,0.0043759659830636755,0.005388001895535838
2011-12-07,10.8808,"10.838,96","10.880,83","10.779,94",,"0,07%",0.0006950433394758999,-0.003309078369857517,-0.002171020623108653,0.004137335170458113,0.007202199479830751,0.004436642733929097,0.0043490565412318384,0.005161675766909713
2011-12-08,10.98645,"10.862,17","11.010,33","10.850,56",,"0,97%",0.009662927168509205,0.0006950433394758999,-0.003309078369857517,-0.002171020623108653,-0.005936686555402736,0.005392619717449277,0.004963632659252068,0.00531016422753581
2011-12-09,10.86931,"11.027,71","11.032,36","10.869,31",,"-1,07%",-0.01071947364747858,0.009662927168509205,0.0006950433394758999,-0.003309078369857517,0.004137335170458113,0.00610779520978372,0.005374643214785081,0.005405849205106064
2011-12-12,10.95291,"10.867,99","10.952,91","10.857,12",,"0,77%",0.0076619527235437515,-0.01071947364747858,0.009662927168509205,0.0006950433394758999,-0.002171020623108653,0.0065112661781840265,0.005767552499671764,0.0055237538910258505
2011-12-13,11.00756,"10.952,95","11.007,56","10.881,10",,"0,50%",0.004977135080915296,0.0076619527235437515,-0.01071947364747858,0.009662927168509205,-0.003309078369857517,0.0066437250081621485,0.005932480526882243,0.005352506366535252
2011-12-14,10.98422,"10.939,92","11.016,69","10.936,00",,"-0,21%",-0.002122612063522025,0.004977135080915296,0.0076619527235437515,-0.01071947364747858,0.0006950433394758999,0.0063591010377794105,0.005938461526480934,0.005344421755106926
2011-12-15,10.92008,"10.983,92","10.983,92","10.907,59",,"-0,58%",-0.005856401101124364,-0.002122612063522025,0.004977135080915296,0.0076619527235437515,0.009662927168509205,0.006350414366019468,0.006014670957989371,0.0052156130308259364
2011-12-16,10.97386,"10.942,93","11.004,36","10.942,29",,"0,49%",0.004912784831512229,-0.005856401101124364,-0.002122612063522025,0.004977135080915296,-0.01071947364747858,0.006407020696420816,0.0060721763968743835,0.005234893180072416
2011-12-19,11.1039,"10.980,91","11.103,90","10.980,91",,"1,18%",0.011780316831445618,0.004912784831512229,-0.005856401101124364,-0.002122612063522025,0.0076619527235437515,0.0072543977023336766,0.006641148175029458,0.005467711740900181
2011-12-20,11.2432,"11.122,31","11.319,59","11.120,38",,"1,25%",0.012467103495588524,0.011780316831445618,0.004912784831512229,-0.005856401101124364,0.004977135080915296,0.007727538679845078,0.0065506583896495895,0.005660734882410104
2011-12-21,11.34118,"11.272,73","11.341,95","11.272,73",,"0,87%",0.008676847867704007,0.012467103495588524,0.011780316831445618,0.004912784831512229,-0.002122612063522025,0.007834787714279472,0.006561988429090896,0.005765709407005384
2011-12-22,11.30018,"11.355,56","11.392,21","11.300,18",,"-0,36%",-0.00362169452853401,0.008676847867704007,0.012467103495588524,0.011780316831445618,-0.005856401101124364,0.007920830259346374,0.006683150442396475,0.005646842336876995
2011-12-23,11.12198,"11.292,46","11.299,94","11.121,98",,"-1,58%",-0.015895324268937798,-0.00362169452853401,0.008676847867704007,0.012467103495588524,0.004912784831512229,0.008999243495559904,0.00755502640714372,0.005918762323720761
2011-12-26,11.18585,"11.110,26","11.204,40","11.107,78",,"0,57%",0.005726256164291303,-0.015895324268937798,-0.00362169452853401,0.008676847867704007,0.011780316831445618,0.008891217595466173,0.007614340165902934,0.005958589794751901
2011-12-27,10.98232,"11.146,80","11.163,61","10.982,32",,"-1,82%",-0.018362879667738658,0.005726256164291303,-0.015895324268937798,-0.00362169452853401,0.012467103495588524,0.010891724579984378,0.00881214868689082,0.006386404766815797
2011-12-28,11.04841,"10.968,91","11.048,41","10.965,24",,"0,60%",0.0059998191851048654,-0.018362879667738658,0.005726256164291303,-0.015895324268937798,0.008676847867704007,0.01103676237186181,0.008767974372930231,0.006329378435616169
2011-12-29,11.0051,"11.071,15","11.105,90","11.005,10",,"-0,39%",-0.003927724491808355,0.0059998191851048654,-0.018362879667738658,0.005726256164291303,-0.00362169452853401,0.010928053123702977,0.008702397806810916,0.006339417011437129
2011-12-30,11.02765,"11.009,68","11.086,74","10.985,80",,"0,20%",0.0020469535463110942,-0.003927724491808355,0.0059998191851048654,-0.018362879667738658,-0.015895324268937798,0.010844760971737123,0.008669352823292328,0.006340728470114047
2012-01-02,10.96871,"11.119,31","11.119,31","10.950,36",,"-0,53%",-0.0053590813263452745,0.0020469535463110942,-0.003927724491808355,0.0059998191851048654,0.005726256164291303,0.010196997217405378,0.008748661641913433,0.006344580800380153
2012-01-03,10.98258,"10.941,25","11.009,27","10.922,75",,"0,13%",0.001263707221381202,-0.0053590813263452745,0.0020469535463110942,-0.003927724491808355,-0.018362879667738658,0.009079756147796247,0.00870982395293783,0.0061996518869730935
2012-01-04,11.12829,"11.037,42","11.128,29","10.964,16",,"1,33%",0.013180133512561257,0.001263707221381202,-0.0053590813263452745,0.0020469535463110942,0.0059998191851048654,0.00977241717883253,0.009160287402627514,0.006387621242132552
2012-01-05,11.0654,"11.136,48","11.138,81","11.065,40",,"-0,57%",-0.005667391797575178,0.013180133512561257,0.001263707221381202,-0.0053590813263452745,-0.003927724491808355,0.009833798200604135,0.009048936276053353,0.006398637114913339
2012-01-06,11.02618,"11.022,71","11.068,28","11.021,92",,"-0,35%",-0.0035506777880886355,-0.005667391797575178,0.013180133512561257,0.001263707221381202,0.0020469535463110942,0.008607978965090957,0.00872316685087529,0.006407274668790249
2012-01-09,11.06331,"11.014,53","11.063,31","10.977,25",,"0,34%",0.003361782908430882,-0.0035506777880886355,-0.005667391797575178,0.013180133512561257,-0.0053590813263452745,0.00843759615980906,0.008595018322827238,0.0064167039658406195
2012-01-10,11.0916,"11.052,78","11.093,63","11.029,86",,"0,26%",0.002553837084042527,0.003361782908430882,-0.0035506777880886355,-0.005667391797575178,0.001263707221381202,0.005891558163610692,0.008545541741802222,0.006417530869439157
2012-01-11,11.0916,"11.091,60","11.091,60","11.091,60",,"0,00%",0.0,0.002553837084042527,0.003361782908430882,-0.0035506777880886355,0.013180133512561257,0.005624132295343542,0.00852597957521901,0.0063702966781613215
2012-01-12,11.04628,"11.074,76","11.121,80","11.046,28",,"-0,41%",-0.004094345376409513,0.0,0.002553837084042527,0.003361782908430882,-0.005667391797575178,0.005638574094545543,0.008465878952139379,0.006310296826652312
2012-01-13,10.98995,"11.046,29","11.070,40","10.989,95",,"-0,51%",-0.00511250088554199,-0.004094345376409513,0.0,0.002553837084042527,-0.0035506777880886355,0.005852933956647796,0.008492248455578376,0.006295406109741784
2012-01-16,10.98469,"11.006,51","11.059,93","10.975,88",,"-0,05%",-0.00047873367668003515,-0.00511250088554199,-0.004094345376409513,0.0,0.003361782908430882,0.005585514626057962,0.00803277043969317,0.006293576709204871
2012-01-17,11.00357,"10.951,70","11.003,57","10.945,38",,"0,17%",0.001717280461468219,-0.00047873367668003515,-0.00511250088554199,-0.004094345376409513,0.002553837084042527,0.005597432176294411,0.007455558859991848,0.0062866538701182905
2012-01-18,11.03941,"11.015,07","11.039,42","10.993,86",,"0,33%",0.003251831792455651,0.001717280461468219,-0.00047873367668003515,-0.00511250088554199,0.0,0.0035398365432329367,0.007175431291506194,0.006305844433038693
2012-01-19,11.03325,"11.049,84","11.075,38","11.000,47",,"-0,06%",-0.0005581565755937796,0.003251831792455651,0.001717280461468219,-0.00047873367668003515,-0.004094345376409513,0.0031010727931412335,0.007157024719728903,0.006304939459837617
2012-01-20,11.15858,"11.052,48","11.158,58","11.011,36",,"1,14%",0.011295267897788027,-0.0005581565755937796,0.003251831792455651,0.001717280461468219,-0.00511250088554199,0.004571953416277261,0.006790830018573019,0.006480118187366707
2012-01-23,11.20879,"11.161,74","11.208,79","11.139,32",,"0,45%",0.00448958320424171,0.011295267897788027,-0.0005581565755937796,0.003251831792455651,-0.00047873367668003515,0.004644710943148168,0.0067429817237393925,0.00650279572487064
2012-01-24,11.17218,"11.189,76","11.211,58","11.140,54",,"-0,33%",-0.0032715322573444523,0.00448958320424171,0.011295267897788027,-0.0005581565755937796,0.001717280461468219,0.004832390757110711,0.005246134471956672,0.006500417942018583
2012-01-25,11.16647,"11.145,88","11.181,44","11.131,18",,"-0,05%",-0.0005112215934586816,-0.0032715322573444523,0.00448958320424171,0.011295267897788027,0.003251831792455651,0.00484359063352495,0.005110466061192381,0.006467641985736844
2012-01-26,11.15401,"11.160,13","11.169,26","11.129,15",,"-0,11%",-0.001116463561202442,-0.0005112215934586816,-0.0032715322573444523,0.00448958320424171,-0.0005581565755937796,0.004603533147265792,0.005019208488193281,0.0064097123118540215
2012-01-27,11.16924,"11.117,29","11.182,15","11.114,24",,"0,14%",0.001364496868780452,-0.001116463561202442,-0.0005112215934586816,-0.0032715322573444523,0.011295267897788027,0.004078253726157042,0.005011683239826326,0.0062814075689501675
2012-01-30,11.16945,"11.130,43","11.180,15","11.115,62",,"0,00%",1.8801460605336453e-05,0.001364496868780452,-0.001116463561202442,-0.0005112215934586816,0.00448958320424171,0.004052784183388569,0.004813336323681292,0.006274673396009102
2012-01-31,11.21171,"11.161,66","11.211,72","11.139,88",,"0,38%",0.0037763949878412326,1.8801460605336453e-05,0.001364496868780452,-0.001116463561202442,-0.0032715322573444523,0.004107506523702988,0.004855748156504674,0.006289745300234685
2012-02-01,11.21883,"11.196,89","11.229,77","11.181,47",,"0,06%",0.0006348487588024489,0.0037763949878412326,1.8801460605336453e-05,0.001364496868780452,-0.0005112215934586816,0.0040933032257072285,0.003925016977046834,0.006287145818516596
2012-02-02,11.26623,"11.191,07","11.266,23","11.171,36",,"0,42%",0.004216139090978963,0.0006348487588024489,0.0037763949878412326,1.8801460605336453e-05,-0.001116463561202442,0.0040904607804446245,0.0037379488551697268,0.006302779408272559
2012-02-03,11.36088,"11.259,63","11.410,86","11.259,63",,"0,84%",0.008366119408169358,0.004216139090978963,0.0006348487588024489,0.0037763949878412326,0.001364496868780452,0.0034055411116645875,0.003935819343081178,0.006377591312537462
2012-02-07,11.47109,"11.327,11","11.471,09","11.327,11",,"0,97%",0.009654082059055432,0.008366119408169358,0.004216139090978963,0.0006348487588024489,1.8801460605336453e-05,0.004165984591591729,0.004325120844422207,0.006488458145524746
2012-02-08,11.52062,"11.425,64","11.575,87","11.418,51",,"0,43%",0.004308516123423699,0.009654082059055432,0.008366119408169358,0.004216139090978963,0.0037763949878412326,0.0037005359188974555,0.004358674531386273,0.0065059754832423565
2012-02-09,11.47906,"11.522,29","11.536,64","11.478,80",,"-0,36%",-0.0036139672581315518,0.004308516123423699,0.009654082059055432,0.008366119408169358,0.0006348487588024489,0.004138444833911913,0.00451363842253586,0.00652476099925832
2012-02-10,11.35361,"11.449,29","11.449,96","11.353,61",,"-1,09%",-0.010988750975314541,-0.0036139672581315518,0.004308516123423699,0.009654082059055432,0.004216139090978963,0.005948045574099814,0.005192965798712696,0.0066711207500844034
2012-02-13,11.34966,"11.350,49","11.350,80","11.307,67",,"-0,03%",-0.0003479674989422434,-0.010988750975314541,-0.0036139672581315518,0.004308516123423699,0.008366119408169358,0.005985666938597108,0.004984948449021737,0.006630976031619753
2012-02-14,11.30488,"11.344,18","11.366,08","11.295,57",,"-0,39%",-0.003953296630215288,-0.0003479674989422434,-0.010988750975314541,-0.0036139672581315518,0.009654082059055432,0.00622927028369551,0.005120293082321393,0.006641530515936904
2012-02-15,11.33937,"11.282,64","11.339,56","11.282,64",,"0,31%",0.003046250299411943,-0.003953296630215288,-0.0003479674989422434,-0.010988750975314541,0.004308516123423699,0.006199994651071637,0.005132735535580454,0.006451744847151084
2012-02-16,11.32875,"11.309,62","11.351,74","11.309,38",,"-0,09%",-0.0009369988139291156,0.003046250299411943,-0.003953296630215288,-0.0003479674989422434,-0.0036139672581315518,0.006233837320852864,0.005143072922465199,0.0064120655889987315
2012-02-17,11.3969,"11.352,68","11.397,10","11.331,17",,"0,60%",0.005997646209415252,-0.0009369988139291156,0.003046250299411943,-0.003953296630215288,-0.010988750975314541,0.006360914682985414,0.005227069262334102,0.006447001667423828
2012-02-20,11.41551,"11.380,41","11.421,26","11.350,52",,"0,16%",0.0016315684426450616,0.005997646209415252,-0.0009369988139291156,0.003046250299411943,-0.0003479674989422434,0.005848246064947763,0.004706489287552405,0.006373505846270504
2012-02-21,11.40625,"11.406,71","11.437,29","11.360,00",,"-0,08%",-0.0008115062561497646,0.0016315684426450616,0.005997646209415252,-0.0009369988139291156,-0.003953296630215288,0.004880381171636534,0.004656825359408224,0.006372378921569956
2012-02-22,11.48155,"11.410,56","11.483,51","11.404,75",,"0,66%",0.006579948416226499,-0.0008115062561497646,0.0016315684426450616,0.005997646209415252,0.003046250299411943,0.005176385253255695,0.0047159909557719735,0.0064157676476324504
2012-02-23,11.39733,"11.461,64","11.461,64","11.365,88",,"-0,73%",-0.007362281756426031,0.006579948416226499,-0.0008115062561497646,0.0016315684426450616,-0.0009369988139291156,0.005561229534090257,0.005093232150090333,0.006448950866635329
2012-02-24,11.42095,"11.392,32","11.421,44","11.385,06",,"0,21%",0.00207027071596243,-0.007362281756426031,0.006579948416226499,-0.0008115062561497646,0.005997646209415252,0.0042620729217417936,0.00507257760783662,0.00639266145333324
2012-02-27,11.3412,"11.400,99","11.402,69","11.320,55",,"-0,70%",-0.007007275351654209,0.00207027071596243,-0.007362281756426031,0.006579948416226499,0.0016315684426450616,0.004897955575583787,0.005392124177130181,0.006455549732429985
2012-02-28,11.37317,"11.340,27","11.390,72","11.340,27",,"0,28%",0.0028149599668272785,-0.007007275351654209,0.00207027071596243,-0.007362281756426031,-0.0008115062561497646,0.004768340249214561,0.0054080138310116654,0.0064512213224230735
2012-02-29,11.39894,"11.361,77","11.398,94","11.349,46",,"0,23%",0.0022632958474717545,0.0028149599668272785,-0.007007275351654209,0.00207027071596243,0.006579948416226499,0.004730025434362828,0.005376202020622087,0.006432698592367475
2012-03-01,11.43923,"11.398,85","11.439,81","11.382,31",,"0,35%",0.0035283073729070317,0.0022632958474717545,0.0028149599668272785,-0.007007275351654209,-0.007362281756426031,0.004787205721112419,0.0054095563557211256,0.006442404529754444
2012-03-02,11.41382,"11.388,53","11.432,47","11.353,46",,"-0,22%",-0.0022237741107992456,0.0035283073729070317,0.0022632958474717545,0.0028149599668272785,0.00207027071596243,0.004526808432409482,0.005397988451375545,0.006348386494577158
2012-03-05,11.40847,"11.367,44","11.408,47","11.355,82",,"-0,05%",-0.0004688399015172638,-0.0022237741107992456,0.0035283073729070317,0.0022632958474717545,-0.007007275351654209,0.004498984721763365,0.005085848102028669,0.006173124543676231
2012-03-06,11.4025,"11.408,50","11.408,50","11.379,80",,"-0,05%",-0.0005234323780448441,-0.0004688399015172638,-0.0022237741107992456,0.0035283073729070317,0.0028149599668272785,0.00449457023535599,0.0045745241323956265,0.006109178390437732
2012-03-07,11.38559,"11.398,96","11.430,63","11.377,25",,"-0,15%",-0.0014841088571968832,-0.0005234323780448441,-0.0004688399015172638,-0.0022237741107992456,0.0022632958474717545,0.0038540611165327333,0.004449048777664668,0.006088890225812836
2012-03-08,11.3675,"11.365,54","11.379,12","11.355,36",,"-0,16%",-0.0015901140294929852,-0.0014841088571968832,-0.0005234323780448441,-0.0004688399015172638,0.0035283073729070317,0.0031334500364190677,0.004399376050442502,0.0060852967748645
2012-03-09,11.3553,"11.347,01","11.369,29","11.312,65",,"-0,11%",-0.0010738114292506756,-0.0015901140294929852,-0.0014841088571968832,-0.0005234323780448441,-0.0022237741107992456,0.0030294326772013678,0.0036483870489060887,0.006030748755758268
2012-03-12,11.30025,"11.366,21","11.366,21","11.266,92",,"-0,48%",-0.004859745920407399,-0.0010738114292506756,-0.0015901140294929852,-0.0014841088571968832,-0.0004688399015172638,0.00256314060553028,0.0038075356607125293,0.006045654898020977
2012-03-13,11.26692,"11.279,55","11.288,57","11.252,49",,"-0,29%",-0.0029538505921948804,-0.004859745920407399,-0.0010738114292506756,-0.0015901140294929852,-0.0005234323780448441,0.002413551153801065,0.0037622222920837244,0.005876082560767191
2012-03-14,11.22619,"11.239,21","11.241,74","11.209,31",,"-0,36%",-0.003621557402848033,-0.0029538505921948804,-0.004859745920407399,-0.0010738114292506756,-0.0014841088571968832,0.0022585626964386407,0.0037578154152951605,0.0056723557238736715
2012-03-15,11.17008,"11.223,09","11.230,49","11.170,08",,"-0,50%",-0.005010666275683774,-0.003621557402848033,-0.0029538505921948804,-0.004859745920407399,-0.0015901140294929852,0.0016732123635437826,0.003890711007012408,0.005591105796484198
2012-03-16,11.08837,"11.175,41","11.175,41","11.088,37",,"-0,73%",-0.0073419637974734145,-0.005010666275683774,-0.003621557402848033,-0.0029538505921948804,-0.0010738114292506756,0.002289194744871245,0.0038239890096587884,0.005649417749702037
2012-03-19,11.0921,"11.111,91","11.130,30","11.064,78",,"0,03%",0.00033633192039320744,-0.0073419637974734145,-0.005010666275683774,-0.003621557402848033,-0.004859745920407399,0.0023956119153489266,0.0037811683434158115,0.005266359129170593
2012-03-20,11.04349,"11.085,85","11.103,87","11.042,13",,"-0,44%",-0.004392029138615723,0.00033633192039320744,-0.0073419637974734145,-0.005010666275683774,-0.0029538505921948804,0.002295180844167014,0.0038343836465318994,0.005240364872924027
2012-03-21,10.98984,"11.041,33","11.066,72","10.989,84",,"-0,49%",-0.004869904461114709,-0.004392029138615723,0.00033633192039320744,-0.0073419637974734145,-0.003621557402848033,0.002263585617166109,0.0033733197982448756,0.004711096006975301
2012-03-22,11.02432,"10.982,81","11.024,87","10.977,08",,"0,31%",0.0031325318063748137,-0.004869904461114709,-0.004392029138615723,0.00033633192039320744,-0.005010666275683774,0.003065638149147163,0.0033422726900514087,0.0046636248991532
2012-03-23,11.00078,"11.004,35","11.041,54","10.999,37",,"-0,21%",-0.0021375620508592417,0.0031325318063748137,-0.004869904461114709,-0.004392029138615723,-0.0073419637974734145,0.0030067404924247984,0.0032252383352147484,0.004643992705343051
2012-03-26,10.99751,"11.004,56","11.016,38","10.964,12",,"-0,03%",-0.00029729583745691316,-0.0021375620508592417,0.0031325318063748137,-0.004869904461114709,0.00033633192039320744,0.0030676953472044384,0.0030046238583487273,0.004636278315805373
2012-03-27,10.94937,"10.967,06","10.971,86","10.874,28",,"-0,44%",-0.0043869631771157585,-0.00029729583745691316,-0.0021375620508592417,0.0031325318063748137,-0.004392029138615723,0.003113199726619437,0.002884559113610563,0.004619061738176442
2012-03-28,10.90966,"10.943,59","10.943,59","10.895,13",,"-0,36%",-0.0036332850710673044,-0.0043869631771157585,-0.00029729583745691316,-0.0021375620508592417,-0.004869904461114709,0.0031135211368559564,0.002734192437272348,0.004639046168539477
2012-03-29,10.92549,"10.915,32","10.925,69","10.887,55",,"0,15%",0.0014499559447385276,-0.0036332850710673044,-0.0043869631771157585,-0.00029729583745691316,0.0031325318063748137,0.0032833512225336203,0.0025377125166405196,0.004304535641436076
2012-03-30,10.94845,"10.913,18","10.949,16","10.887,62",,"0,21%",0.0020993024971444614,0.0014499559447385276,-0.0036332850710673044,-0.0043869631771157585,-0.0021375620508592417,0.0029892161594656497,0.0027217615744186256,0.004257110625841536
2012-04-02,10.89801,"10.940,48","10.960,95","10.877,35",,"-0,46%",-0.0046176899715469,0.0020993024971444614,0.0014499559447385276,-0.0036332850710673044,-0.00029729583745691316,0.0031018325108342856,0.0027503484535027893,0.004273638798710655
2012-04-03,10.73868,"10.865,92","10.875,26","10.738,68",,"-1,46%",-0.014728027260701227,-0.0046176899715469,0.0020993024971444614,0.0014499559447385276,-0.0043869631771157585,0.005132053041927058,0.003874705036665303,0.004640799465264828
2012-04-04,10.64956,"10.749,08","10.771,30","10.635,98",,"-0,83%",-0.00833359975137006,-0.014728027260701227,-0.0046176899715469,0.0020993024971444614,-0.0036332850710673044,0.005397384988425419,0.004033220053544179,0.00473147953544558
2012-04-05,10.60978,"10.649,47","10.687,97","10.609,61",,"-0,37%",-0.00374235949257187,-0.00833359975137006,-0.014728027260701227,-0.0046176899715469,0.0014499559447385276,0.004926180422825214,0.00401269141564889,0.004747033904500286
2012-04-06,10.51204,"10.592,27","10.622,78","10.512,04",,"-0,92%",-0.009254950345348654,-0.00374235949257187,-0.00833359975137006,-0.014728027260701227,0.0020993024971444614,0.0051625372789202125,0.0041716546716220985,0.004854374869235124
2012-04-09,10.56157,"10.532,26","10.562,82","10.518,36",,"0,47%",0.004700674559566705,-0.009254950345348654,-0.00374235949257187,-0.00833359975137006,-0.0046176899715469,0.005819531973703153,0.004578737281086091,0.0048727911268352745
2012-04-10,10.5812,"10.557,00","10.595,00","10.546,01",,"0,19%",0.0018569000788904563,0.004700674559566705,-0.009254950345348654,-0.00374235949257187,-0.014728027260701227,0.006106605310516024,0.004726296083056525,0.004883602653584993
2012-04-11,10.49454,"10.542,26","10.590,32","10.494,54",,"-0,82%",-0.008223719631920116,0.0018569000788904563,0.004700674559566705,-0.009254950345348654,-0.00833359975137006,0.00629405232460123,0.004861105250680691,0.004970689383716733
2012-04-12,10.3943,"10.472,76","10.486,50","10.394,30",,"-0,96%",-0.009597542941398097,-0.008223719631920116,0.0018569000788904563,0.004700674559566705,-0.00374235949257187,0.006223854896319581,0.0050472383271123866,0.005069445197708732
2012-04-13,10.23279,"10.411,56","10.411,56","10.232,79",,"-1,55%",-0.015660308922251797,-0.009597542941398097,-0.008223719631920116,0.0018569000788904563,-0.009254950345348654,0.006505499815355124,0.005675535386550335,0.00541040686802449
2012-04-16,10.29361,"10.238,27","10.293,61","10.238,10",,"0,59%",0.005926044312654191,-0.015660308922251797,-0.009597542941398097,-0.008223719631920116,0.004700674559566705,0.007645799577311117,0.006027787009643293,0.0052410576774297325
2012-04-17,10.39034,"10.316,25","10.401,01","10.316,25",,"0,94%",0.009353213982989422,0.005926044312654191,-0.015660308922251797,-0.009597542941398097,0.0018569000788904563,0.008256321558176653,0.006695586492095619,0.0053688764946604
2012-04-18,10.45637,"10.349,81","10.456,62","10.332,98",,"0,64%",0.006334833728279275,0.009353213982989422,0.005926044312654191,-0.015660308922251797,-0.008223719631920116,0.008559638951315396,0.006997115022767934,0.005450600130272675
2012-04-19,10.39619,"10.415,56","10.451,05","10.384,12",,"-0,58%",-0.0057719692045277325,0.006334833728279275,0.009353213982989422,0.005926044312654191,-0.009597542941398097,0.008633744604238132,0.006903326654163442,0.005483125225020797
2012-04-20,10.37819,"10.386,91","10.427,52","10.336,27",,"-0,17%",-0.00173290413523151,-0.0057719692045277325,0.006334833728279275,0.009353213982989422,-0.015660308922251797,0.008254019576374165,0.0069063737004212145,0.005483560193124011
2012-04-23,10.36587,"10.351,23","10.365,87","10.332,34",,"-0,12%",-0.0011878100476490187,-0.00173290413523151,-0.0057719692045277325,0.006334833728279275,0.005926044312654191,0.007985505995229725,0.006891477211532832,0.005473206799326799
2012-04-24,10.36628,"10.330,68","10.395,73","10.330,68",,"0,00%",3.955209662813775e-05,-0.0011878100476490187,-0.00173290413523151,-0.0057719692045277325,0.009353213982989422,0.007911594148393855,0.00691419611372772,0.00547328860658468
2012-04-25,10.33824,"10.320,68","10.344,54","10.313,31",,"-0,27%",-0.0027085889595938077,3.955209662813775e-05,-0.0011878100476490187,-0.00173290413523151,0.006334833728279275,0.007620439551485255,0.006910972469378512,0.005436380226533123
2012-04-26,10.33074,"10.327,27","10.349,39","10.299,38",,"-0,07%",-0.0007257252490615181,-0.0027085889595938077,3.955209662813775e-05,-0.0011878100476490187,-0.0057719692045277325,0.007069559149214477,0.006859307731711044,0.005430787720466321
2012-04-27,10.21822,"10.301,08","10.301,31","10.218,22",,"-1,09%",-0.01095151526838408,-0.0007257252490615181,-0.0027085889595938077,3.955209662813775e-05,-0.00173290413523151,0.006037453165760019,0.0069883845141937495,0.005518449322622098
2012-04-30,10.2939,"10.262,61","10.294,85","10.218,11",,"0,74%",0.0073790854775986695,-0.01095151526838408,-0.0007257252490615181,-0.0027085889595938077,-0.0011878100476490187,0.006214619087049506,0.007386520041997411,0.005489549431255849
2012-05-02,10.24797,"10.271,60","10.272,44","10.234,92",,"-0,45%",-0.004471849596961922,0.0073790854775986695,-0.01095151526838408,-0.0007257252490615181,3.955209662813775e-05,0.005385916814390485,0.006855523114976528,0.005296314278999216
2012-05-03,10.23783,"10.235,12","10.240,53","10.202,69",,"-0,10%",-0.0009899540977757512,-0.004471849596961922,0.0073790854775986695,-0.01095151526838408,-0.0027085889595938077,0.004670780072670047,0.0067127079391329,0.005235214983206068
2012-05-04,10.30208,"10.294,67","10.303,99","10.246,79",,"0,63%",0.0062561335037688215,-0.0009899540977757512,-0.004471849596961922,0.0073790854775986695,-0.0007257252490615181,0.00514794970696149,0.006942269157652873,0.0053366883762495975
2012-05-07,10.34586,"10.308,09","10.346,83","10.250,77",,"0,42%",0.004240623094365508,0.0062561335037688215,-0.0009899540977757512,-0.004471849596961922,-0.01095151526838408,0.005382979818109273,0.0068003374012474225,0.005253917757881303
2012-05-08,10.36618,"10.309,70","10.366,87","10.275,65",,"0,20%",0.0019621443874529797,0.004240623094365508,0.0062561335037688215,-0.0009899540977757512,0.0073790854775986695,0.005418084374059492,0.006710800713223502,0.005271305254578221
2012-05-09,10.34574,"10.361,27","10.361,27","10.314,87",,"-0,20%",-0.0019737432971556157,0.0019621443874529797,0.004240623094365508,0.0062561335037688215,-0.004471849596961922,0.005453862531742491,0.006681564873533555,0.005261944478304986
2012-05-10,10.33283,"10.338,36","10.343,34","10.296,69",,"-0,12%",-0.0012486358270733724,-0.0019737432971556157,0.0019621443874529797,0.004240623094365508,-0.0009899540977757512,0.005398458328164765,0.006470241760291324,0.0052284663601245545
2012-05-11,10.24427,"10.310,14","10.310,14","10.243,09",,"-0,86%",-0.008607680071481077,-0.0012486358270733724,-0.0019737432971556157,0.0019621443874529797,0.0062561335037688215,0.0060444463731826915,0.0064026475790257015,0.005306441264217412
2012-05-14,10.24197,"10.244,15","10.246,67","10.217,42",,"-0,02%",-0.00022454096111963637,-0.008607680071481077,-0.0012486358270733724,-0.0019737432971556157,0.004240623094365508,0.004892838371510957,0.005351921285188682,0.005213905649191912
2012-05-15,10.16732,"10.192,84","10.205,63","10.153,19",,"-0,73%",-0.007315328745056117,-0.00022454096111963637,-0.008607680071481077,-0.0012486358270733724,0.0019621443874529797,0.004711124146396692,0.005404846144794705,0.005242519653030234
2012-05-16,9.97954,"10.144,71","10.146,52","9.978,51",,"-1,85%",-0.01864165809887884,-0.007315328745056117,-0.00022454096111963637,-0.008607680071481077,-0.0019737432971556157,0.007242802681539445,0.006246343441344166,0.005666269554663144
2012-05-17,9.81956,"9.959,22","9.959,22","9.819,56",,"-1,60%",-0.016160682231505647,-0.01864165809887884,-0.007315328745056117,-0.00022454096111963637,-0.0012486358270733724,0.00835837585628047,0.006674021056981136,0.0058255033613634245
2012-05-18,9.74704,"9.805,26","9.826,12","9.744,24",,"-0,74%",-0.007412665671750057,-0.016160682231505647,-0.01864165809887884,-0.007315328745056117,-0.008607680071481077,0.007541385746135132,0.00671799096663775,0.005826204164860504
2012-05-21,9.81349,"9.776,49","9.813,85","9.761,11",,"0,68%",0.006794320565573967,-0.007412665671750057,-0.016160682231505647,-0.01864165809887884,-0.00022454096111963637,0.007941914977364541,0.00707850981383591,0.005921620759260043
2012-05-22,9.74878,"9.722,53","9.791,09","9.698,11",,"-0,66%",-0.006615820763604109,0.006794320565573967,-0.007412665671750057,-0.016160682231505647,-0.007315328745056117,0.0075247361850408956,0.007117498204354275,0.005916815907542409
2012-05-23,9.89948,"9.754,29","9.899,61","9.751,86",,"1,55%",0.01534008153307893,-0.006615820763604109,0.006794320565573967,-0.007412665671750057,-0.01864165809887884,0.010130682382767413,0.00820794672725531,0.006315788292871763
2012-05-24,9.94069,"9.895,66","9.976,59","9.895,66",,"0,42%",0.004154204249743315,0.01534008153307893,-0.006615820763604109,0.006794320565573967,-0.016160682231505647,0.010456793898219687,0.008332638643558724,0.006343666337713239
2012-05-25,10.05214,"9.933,84","10.052,14","9.928,34",,"1,12%",0.011149112402696644,0.004154204249743315,0.01534008153307893,-0.006615820763604109,-0.007412665671750057,0.011294814277456246,0.008833295138462406,0.006535356325794649
2012-05-28,10.14574,"10.069,90","10.145,74","10.051,44",,"0,93%",0.009268365792781796,0.011149112402696644,0.004154204249743315,0.01534008153307893,0.006794320565573967,0.01183658134972217,0.008835685876185871,0.006699627276771768
2012-05-29,10.16516,"10.122,09","10.206,60","10.112,46",,"0,19%",0.001912274287984255,0.009268365792781796,0.011149112402696644,0.004154204249743315,-0.006615820763604109,0.011642793004283399,0.008666747095738133,0.006715660119157816
2012-05-30,10.2278,"10.108,90","10.227,80","10.089,43",,"0,62%",0.006143315830992289,0.001912274287984255,0.009268365792781796,0.011149112402696644,0.01534008153307893,0.009717362938799174,0.008743737327516541,0.006793907360843627
2012-05-31,10.28699,"10.207,12","10.286,99","10.170,20",,"0,58%",0.005770486974993026,0.006143315830992289,0.001912274287984255,0.009268365792781796,0.004154204249743315,0.007196424856663406,0.008837632264469266,0.006864035053764732
2012-06-01,10.23029,"10.279,55","10.307,45","10.230,25",,"-0,55%",-0.005527062489882651,0.005770486974993026,0.006143315830992289,0.001912274287984255,0.011149112402696644,0.006862171168744521,0.008808138214561717,0.0068818471700409145
2012-06-04,10.14253,"10.129,83","10.182,63","10.128,00",,"-0,86%",-0.008615453613108824,-0.005527062489882651,0.005770486974993026,0.006143315830992289,0.009268365792781796,0.00800871222721341,0.008923864476953532,0.006937806958358243
2012-06-05,10.05583,"10.140,71","10.158,07","10.055,79",,"-0,85%",-0.008584908129820958,-0.008615453613108824,-0.005527062489882651,0.005770486974993026,0.001912274287984255,0.008298507105201428,0.009050808628034675,0.006981433144667193
2012-06-06,10.0072,"10.026,94","10.089,11","10.005,91",,"-0,48%",-0.004847731896503961,-0.008584908129820958,-0.008615453613108824,-0.005527062489882651,0.006143315830992289,0.007396854477663151,0.009081159414800744,0.006990349472785191
2012-06-07,10.03615,"10.061,21","10.062,34","10.013,99",,"0,29%",0.0028887406677908303,-0.004847731896503961,-0.008584908129820958,-0.008615453613108824,0.005770486974993026,0.007349130692797689,0.009138053925797852,0.007014859458465775
2012-06-08,10.15055,"10.013,29","10.151,79","10.013,29",,"1,14%",0.011334316625656597,0.0028887406677908303,-0.004847731896503961,-0.008584908129820958,-0.005527062489882651,0.00737785040110322,0.009400904936466569,0.00720551338271075
2012-06-11,10.14439,"10.162,47","10.178,95","10.126,15",,"-0,06%",-0.0006070478837747555,0.011334316625656597,0.0028887406677908303,-0.004847731896503961,-0.008615453613108824,0.0067810974819875955,0.00940079079450121,0.007166826684034527
2012-06-12,10.20799,"10.140,13","10.208,90","10.118,17",,"0,63%",0.00624990365006291,-0.0006070478837747555,0.011334316625656597,0.0028887406677908303,-0.008584908129820958,0.007051303967032379,0.009370881989205515,0.007232629775868342
2012-06-13,10.15056,"10.164,47","10.200,27","10.132,02",,"-0,56%",-0.005641870598481997,0.00624990365006291,-0.0006070478837747555,0.011334316625656597,-0.004847731896503961,0.006972960516817047,0.008395284029447931,0.007243231006767983
2012-06-14,10.16385,"10.150,42","10.175,70","10.095,02",,"0,13%",0.001308431000066466,-0.005641870598481997,0.00624990365006291,-0.0006070478837747555,0.0028887406677908303,0.006643769400280553,0.007379693418429883,0.007237054834095566
2012-06-15,10.05241,"10.128,80","10.147,46","10.052,41",,"-1,10%",-0.011024900627267596,0.001308431000066466,-0.005641870598481997,0.00624990365006291,0.011334316625656597,0.007241797614794579,0.007654149729825311,0.007320328571178319
2012-06-18,10.08222,"10.046,64","10.129,42","9.987,67",,"0,30%",0.00296106973716477,-0.011024900627267596,0.001308431000066466,-0.005641870598481997,-0.0006070478837747555,0.006942179034468067,0.007563171527886789,0.007342811803597554
2012-06-19,10.12978,"10.048,76","10.129,78","10.021,32",,"0,47%",0.004706123864862257,0.00296106973716477,-0.011024900627267596,0.001308431000066466,0.00624990365006291,0.006501110888007031,0.007356386757660276,0.007384454884182528
2012-06-20,10.16829,"10.098,34","10.168,29","10.079,04",,"0,38%",0.003794453975692114,0.004706123864862257,0.00296106973716477,-0.011024900627267596,-0.005641870598481997,0.006246281604061865,0.0066684243925222405,0.007403310373361163
2012-06-21,10.07938,"10.134,35","10.134,35","10.057,93",,"-0,87%",-0.008782301515141965,0.003794453975692114,0.004706123864862257,0.00296106973716477,0.001308431000066466,0.007020465864564029,0.007000198493099332,0.007461216325075508
2012-06-22,10.03472,"10.042,86","10.051,80","9.966,71",,"-0,44%",-0.004440673297803728,-0.008782301515141965,0.003794453975692114,0.004706123864862257,-0.011024900627267596,0.005995470767430993,0.006632923245785766,0.007462915412641128
2012-06-25,9.95655,"10.025,76","10.025,76","9.943,21",,"-0,78%",-0.007820453468211003,-0.004440673297803728,-0.008782301515141965,0.003794453975692114,0.00296106973716477,0.0063468392071861284,0.006462886943685425,0.007493502259900048
2012-06-26,9.92223,"9.914,46","9.949,21","9.867,14",,"-0,34%",-0.0034529316285023433,-0.007820453468211003,-0.004440673297803728,-0.008782301515141965,0.004706123864862257,0.005673707697526684,0.006449548480384389,0.007487012695136879
2012-06-27,10.02753,"9.922,05","10.027,53","9.916,33",,"1,06%",0.010556616009713943,-0.0034529316285023433,-0.007820453468211003,-0.004440673297803728,0.003794453975692114,0.006952824114813564,0.0067813206897161925,0.007444935814657729
2012-06-28,10.09417,"10.020,59","10.094,17","9.990,74",,"0,66%",0.0066237190341616806,0.010556616009713943,-0.0034529316285023433,-0.007820453468211003,-0.008782301515141965,0.007358863349059897,0.006828600504457928,0.007450463094727601
2012-06-29,10.0539,"10.051,52","10.114,34","10.015,87",,"-0,40%",-0.003997410533497521,0.0066237190341616806,0.010556616009713943,-0.0034529316285023433,-0.004440673297803728,0.006553514197420077,0.006783005827234075,0.007452189094451052
2012-07-02,10.09488,"10.006,57","10.094,88","9.977,06",,"0,41%",0.004067745690455684,-0.003997410533497521,0.0066237190341616806,0.010556616009713943,-0.007820453468211003,0.006617823394260672,0.006611435633068273,0.007397211327001589
2012-07-03,10.03955,"10.058,48","10.075,54","10.018,43",,"-0,55%",-0.0054960720793673645,0.004067745690455684,-0.003997410533497521,0.0066237190341616806,-0.0034529316285023433,0.006619596559391265,0.006439982933268726,0.007388745182571546
2012-07-04,9.94434,"10.032,75","10.042,98","9.944,34",,"-0,95%",-0.009528747445833787,-0.0054960720793673645,0.004067745690455684,-0.003997410533497521,0.010556616009713943,0.006905541638983849,0.006702068412120141,0.007464004413993727
2012-07-05,10.03159,"9.924,54","10.032,18","9.904,42",,"0,88%",0.008735568740755336,-0.009528747445833787,-0.0054960720793673645,0.004067745690455684,0.0066237190341616806,0.0072701726228924755,0.006971283287833051,0.007508130153469714
2012-07-06,9.95838,"10.020,14","10.045,35","9.799,27",,"-0,73%",-0.007324706071841255,0.008735568740755336,-0.009528747445833787,-0.0054960720793673645,-0.003997410533497521,0.007498572542539514,0.006610620135049521,0.007468373455267922
2012-07-09,9.83986,"9.998,68","10.002,97","9.839,86",,"-1,19%",-0.011972924444381772,-0.007324706071841255,0.008735568740755336,-0.009528747445833787,0.004067745690455684,0.00802899070592238,0.007052826154687782,0.007357648536941364
2012-07-10,9.81968,"9.843,60","9.875,72","9.814,83",,"-0,21%",-0.0020529480432954833,-0.011972924444381772,-0.007324706071841255,0.008735568740755336,-0.0054960720793673645,0.007997075927391852,0.006811386174452887,0.007308673655999959
2012-07-11,9.80039,"9.824,67","9.824,67","9.778,79",,"-0,20%",-0.0019663544743192874,-0.0020529480432954833,-0.011972924444381772,-0.007324706071841255,-0.009528747445833787,0.006882347089985545,0.006755580501397667,0.007187618208278175
2012-07-12,9.77651,"9.785,47","9.792,85","9.722,07",,"-0,24%",-0.0024396111584455977,-0.0019663544743192874,-0.0020529480432954833,-0.011972924444381772,0.008735568740755336,0.00613398481413913,0.0067179988903380795,0.007125379636385471
2012-07-13,9.66879,"9.753,96","9.755,40","9.668,79",,"-1,10%",-0.011079397274498685,-0.0024396111584455977,-0.0019663544743192874,-0.0020529480432954833,-0.007324706071841255,0.006625709774787892,0.006721886440491259,0.00721646571286812
2012-07-16,9.78913,"9.703,91","9.789,13","9.691,26",,"1,24%",0.012369414033482688,-0.011079397274498685,-0.0024396111584455977,-0.0019663544743192874,-0.011972924444381772,0.008093294498216965,0.007380297950123408,0.007425731432959325
2012-07-17,9.90212,"9.776,07","9.903,25","9.757,23",,"1,15%",0.011476289226090236,0.012369414033482688,-0.011079397274498685,-0.0024396111584455977,-0.0020529480432954833,0.009229208945355165,0.007820841268708762,0.0075975421699285865
2012-07-18,9.96216,"9.867,37","9.962,16","9.831,13",,"0,61%",0.00604503992435035,0.011476289226090236,0.012369414033482688,-0.011079397274498685,-0.0019663544743192874,0.00901250905472723,0.007911193667605931,0.0076476853181813445
2012-07-19,9.88675,"9.949,33","9.950,21","9.883,01",,"-0,76%",-0.0075984386874643,0.00604503992435035,0.011476289226090236,0.012369414033482688,-0.0024396111584455977,0.008766240733770476,0.007854313803676431,0.0076957596451709045
2012-07-20,9.86211,"9.866,05","9.916,43","9.848,89",,"-0,25%",-0.002495335202688629,-0.0075984386874643,0.00604503992435035,0.011476289226090236,-0.011079397274498685,0.008536934195994614,0.007820978336621634,0.007699077743520517
2012-07-23,9.84662,"9.857,68","9.859,48","9.783,34",,"-0,16%",-0.0015718925764826941,-0.002495335202688629,-0.0075984386874643,0.00604503992435035,0.012369414033482688,0.007633425527743148,0.007651581563480764,0.007583272785181523
2012-07-24,9.77958,"9.767,18","9.816,37","9.737,90",,"-0,68%",-0.006831710748104332,-0.0015718925764826941,-0.002495335202688629,-0.0075984386874643,0.011476289226090236,0.007925017101232229,0.0077555236260884,0.007551140411217506
2012-07-25,9.80342,"9.745,52","9.803,42","9.730,43",,"0,24%",0.0024347660498523897,-0.006831710748104332,-0.0015718925764826941,-0.002495335202688629,0.00604503992435035,0.007951096978455419,0.00733499589814487,0.007547700440712263
2012-07-26,9.83916,"9.805,34","9.839,16","9.776,38",,"0,36%",0.003639037177483159,0.0024347660498523897,-0.006831710748104332,-0.0015718925764826941,-0.0075984386874643,0.00797356444863129,0.007198020103995084,0.007568721905779002
2012-07-27,9.77319,"9.823,08","9.823,08","9.763,23",,"-0,67%",-0.0067274190809962385,0.003639037177483159,0.0024347660498523897,-0.006831710748104332,-0.002495335202688629,0.0073579196443308076,0.00727772066490108,0.007553164119109828
2012-07-31,9.84977,"9.747,98","9.849,78","9.743,56",,"0,78%",0.007805182171933617,-0.0067274190809962385,0.003639037177483159,0.0024347660498523897,-0.0015718925764826941,0.006690705155670859,0.007471343833147177,0.007607929969551502
2012-08-01,9.94169,"9.796,84","9.941,69","9.791,22",,"0,93%",0.009288921679855346,0.007805182171933617,-0.0067274190809962385,0.003639037177483159,-0.006831710748104332,0.006321847821101127,0.007753056950429078,0.007711421775746015
2012-08-02,9.96188,"9.938,39","9.961,88","9.893,79",,"0,20%",0.002028782467175612,0.009288921679855346,0.007805182171933617,-0.0067274190809962385,0.0024347660498523897,0.006044793398531833,0.007469407653538186,0.007717498507000861
2012-08-03,9.92274,"9.956,39","9.983,95","9.920,98",,"-0,39%",-0.003936715969269401,0.002028782467175612,0.009288921679855346,0.007805182171933617,0.003639037177483159,0.005630245403296254,0.007230929129184104,0.007728943654084698
2012-08-06,9.86819,"9.981,75","9.981,75","9.868,19",,"-0,55%",-0.005512640198735103,-0.003936715969269401,0.002028782467175612,0.009288921679855346,-0.0067274190809962385,0.005875956720950155,0.007152441823796149,0.007685307386177089
2012-08-07,9.87009,"9.850,79","9.871,79","9.838,11",,"0,02%",0.000192519308254594,-0.005512640198735103,-0.003936715969269401,0.002028782467175612,0.007805182171933617,0.005847879232674141,0.0066187348361703095,0.007685862806322272
2012-08-08,9.85233,"9.853,47","9.909,61","9.838,39",,"-0,18%",-0.0018009965106219334,0.000192519308254594,-0.005512640198735103,-0.003936715969269401,0.009288921679855346,0.005368885509387157,0.0066145529297036935,0.0076372168021354115
2012-08-09,9.87838,"9.889,12","9.889,12","9.852,47",,"0,26%",0.002640555270054045,-0.0018009965106219334,0.000192519308254594,-0.005512640198735103,0.002028782467175612,0.0053764874659171695,0.006616603771703229,0.007266752137702889
2012-08-10,9.92385,"9.844,32","9.925,42","9.802,84",,"0,46%",0.004592420138006624,0.002640555270054045,-0.0018009965106219334,0.000192519308254594,-0.003936715969269401,0.005441241358809204,0.006644751695559864,0.0069810009387569
2012-08-13,9.90433,"9.872,51","9.904,33","9.835,16",,"-0,20%",-0.00196891558438363,0.004592420138006624,0.002640555270054045,-0.0018009965106219334,-0.005512640198735103,0.004883776298640094,0.006079506177126695,0.0069157718790958484
2012-08-15,9.8666,"9.898,79","9.921,49","9.865,71",,"-0,38%",-0.00381671937558372,-0.00196891558438363,0.004592420138006624,0.002640555270054045,0.000192519308254594,0.004543407729695491,0.0055709353456875116,0.006881609381601773
2012-08-16,9.82327,"9.823,63","9.844,62","9.797,43",,"-0,44%",-0.0044012550560867105,-0.00381671937558372,-0.00196891558438363,0.004592420138006624,-0.0018009965106219334,0.003412432743348757,0.0050118173065649635,0.006850903825800101
2012-08-17,9.8508,"9.770,75","9.857,02","9.769,02",,"0,28%",0.0027986093338492725,-0.0044012550560867105,-0.00381671937558372,-0.00196891558438363,0.002640555270054045,0.003500860677881304,0.004841787519939184,0.006564197836070529
2012-08-22,9.84141,"9.789,51","9.842,65","9.777,09",,"-0,10%",-0.0009536766784107159,0.0027986093338492725,-0.0044012550560867105,-0.00381671937558372,0.004592420138006624,0.003358504797056612,0.004552907382398624,0.006541407646489851
2012-08-23,9.82494,"9.833,29","9.833,29","9.761,75",,"-0,17%",-0.0016749426152240729,-0.0009536766784107159,0.0027986093338492725,-0.0044012550560867105,-0.00196891558438363,0.0029585348336319496,0.004535082671454865,0.00637271982684288
2012-08-24,9.86745,"9.877,33","9.890,89","9.835,37",,"0,43%",0.004317410535978618,-0.0016749426152240729,-0.0009536766784107159,0.0027986093338492725,-0.00381671937558372,0.003321671072926644,0.004630740358772673,0.00627699315807893
2012-08-27,9.87669,"9.785,67","9.876,99","9.783,42",,"0,09%",0.000935973982615294,0.004317410535978618,-0.0016749426152240729,-0.0009536766784107159,-0.0044012550560867105,0.0032716166622003386,0.004334541933428248,0.0062719934406156265
2012-08-28,9.8904,"9.877,87","9.892,51","9.820,89",,"0,14%",0.0013871543255375277,0.000935973982615294,0.004317410535978618,-0.0016749426152240729,0.0027986093338492725,0.0031927850702328695,0.004316145898518082,0.006216679204409632
2012-08-29,9.89381,"9.863,75","9.896,42","9.833,27",,"0,03%",0.0003447193528343604,0.0013871543255375277,0.000935973982615294,0.004317410535978618,-0.0009536766784107159,0.0027889104207299608,0.00425005740650814,0.006162271324791293
2012-08-30,9.92758,"9.894,18","9.927,89","9.867,58",,"0,34%",0.0034074333509570105,0.0003447193528343604,0.0013871543255375277,0.000935973982615294,-0.0016749426152240729,0.002945910263004433,0.003965640468960838,0.0061503473236010015
2012-08-31,9.94422,"9.940,14","9.964,43","9.902,29",,"0,17%",0.0016747354431140222,0.0034074333509570105,0.0003447193528343604,0.0013871543255375277,0.004317410535978618,0.002598121099444259,0.0036158516888233684,0.0060630809120823855
2012-09-03,9.95427,"9.890,95","9.972,18","9.860,06",,"0,10%",0.0010101269849670305,0.0016747354431140222,0.0034074333509570105,0.0003447193528343604,0.000935973982615294,0.001855688278640815,0.0029702331690229416,0.00596742116572987
2012-09-04,9.96443,"9.923,44","9.964,87","9.888,26",,"0,10%",0.0010201469856090898,0.0010101269849670305,0.0016747354431140222,0.0034074333509570105,0.0013871543255375277,0.0017825217895377627,0.0029435463811375512,0.005937454545609051
2012-09-05,9.91531,"9.905,18","9.946,20","9.895,08",,"-0,49%",-0.00494172458611503,0.0010201469856090898,0.0010101269849670305,0.0016747354431140222,0.0003447193528343604,0.0025747706449766425,0.003022050282602403,0.005957312205827007
2012-09-06,9.89149,"9.917,02","9.920,62","9.859,64",,"-0,24%",-0.0024052357254619565,-0.00494172458611503,0.0010201469856090898,0.0010101269849670305,0.0034074333509570105,0.002660076391523719,0.0027972627041527556,0.005767396529467166
2012-09-07,9.81969,"9.859,61","9.886,80","9.819,69",,"-0,73%",-0.007285237876503182,-0.0024052357254619565,-0.00494172458611503,0.0010201469856090898,0.0016747354431140222,0.0033386934220608314,0.0032498922026060373,0.005834898975680327
2012-09-10,9.83311,"9.821,71","9.833,11","9.774,10",,"0,14%",0.001365708915357671,-0.007285237876503182,-0.0024052357254619565,-0.00494172458611503,0.0010101269849670305,0.0033617045458767644,0.0032477970466025757,0.005772269606362112
2012-09-11,9.79672,"9.797,11","9.816,82","9.779,79",,"-0,37%",-0.0037076267788605003,0.001365708915357671,-0.007285237876503182,-0.0024052357254619565,0.0010201469856090898,0.003438832752993993,0.0032761892433680433,0.005749122971064525
2012-09-12,9.82079,"9.794,33","9.820,79","9.766,95",,"0,25%",0.0024539314192967695,-0.0037076267788605003,0.001365708915357671,-0.007285237876503182,-0.00494172458611503,0.0035886063770803416,0.0031360599331314762,0.005757434680613372
2012-09-13,9.82055,"9.791,83","9.849,34","9.776,83",,"0,00%",-2.443825115921197e-05,0.0024539314192967695,-0.0037076267788605003,0.001365708915357671,-0.0024052357254619565,0.003300346761139704,0.003118935375984019,0.005591702114605822
2012-09-14,9.82926,"9.824,32","9.859,85","9.823,64",,"0,09%",0.0008865226249462752,-2.443825115921197e-05,0.0024539314192967695,-0.0037076267788605003,-0.007285237876503182,0.0032359245605333383,0.003025638784532313,0.005577031298169982
2012-09-17,9.76984,"9.821,72","9.824,76","9.769,83",,"-0,60%",-0.00606356231222515,0.0008865226249462752,-2.443825115921197e-05,0.0024539314192967695,0.001365708915357671,0.003472643359840919,0.0031669560223267458,0.005582444684005294
2012-09-18,9.72874,"9.746,73","9.780,66","9.728,74",,"-0,42%",-0.004215697847684672,-0.00606356231222515,0.0008865226249462752,-2.443825115921197e-05,-0.0037076267788605003,0.0033819721687287103,0.0031971770787346705,0.005571267648742264
2012-09-19,9.73134,"9.727,98","9.778,31","9.639,69",,"0,03%",0.0002672137026641981,-0.004215697847684672,-0.00606356231222515,0.0008865226249462752,0.0024539314192967695,0.003346884552367716,0.00320219085883937,0.005471358229552018
2012-09-20,9.62737,"9.721,99","9.721,99","9.591,25",,"-1,07%",-0.010741521482793535,0.0002672137026641981,-0.004215697847684672,-0.00606356231222515,-2.443825115921197e-05,0.0043746160336661545,0.003927592503816582,0.005605427898295927
2012-09-21,9.50951,"9.613,12","9.613,12","9.486,92",,"-1,22%",-0.012317733110498767,-0.010741521482793535,0.0002672137026641981,-0.004215697847684672,0.0008865226249462752,0.005175949118805597,0.004463602589020097,0.005731042538855259
2012-09-24,9.57084,"9.491,67","9.571,21","9.456,16",,"0,64%",0.006428625388571041,-0.012317733110498767,-0.010741521482793535,0.0002672137026641981,-0.00606356231222515,0.005873801404285086,0.004800157826806405,0.005794144507785915
2012-09-25,9.4837,"9.546,05","9.569,84","9.482,11",,"-0,91%",-0.009146440427436823,0.006428625388571041,-0.012317733110498767,-0.010741521482793535,-0.004215697847684672,0.0062187869821472026,0.005030638616369671,0.00570877804969878
2012-09-26,9.58084,"9.496,27","9.580,84","9.474,39",,"1,02%",0.010190735330943303,-0.009146440427436823,0.006428625388571041,-0.012317733110498767,0.0002672137026641981,0.007379783942494378,0.005717322252272073,0.005806504100981943
2012-09-27,9.57718,"9.585,34","9.603,55","9.528,33",,"-0,04%",-0.0003820854184855073,0.010190735330943303,-0.009146440427436823,0.006428625388571041,-0.010741521482793535,0.007367451896038157,0.005604058782715617,0.0057922399153967925
2012-09-28,9.4718,"9.573,02","9.573,02","9.471,27",,"-1,10%",-0.01106422233875356,-0.0003820854184855073,0.010190735330943303,-0.009146440427436823,-0.012317733110498767,0.007716396151754697,0.00590462191964817,0.005904615161314915
2012-10-01,9.52294,"9.464,70","9.522,94","9.441,05",,"0,54%",0.005384661602651836,-0.01106422233875356,-0.0003820854184855073,0.010190735330943303,0.006428625388571041,0.008163779853818888,0.006116139119071397,0.005933138429638024
2012-10-02,9.47558,"9.466,98","9.475,58","9.387,07",,"-0,50%",-0.004985661841191587,0.005384661602651836,-0.01106422233875356,-0.0003820854184855073,-0.009146440427436823,0.008184738328067548,0.00609634970095834,0.005849296263968795
2012-10-03,9.51305,"9.424,55","9.513,05","9.401,40",,"0,40%",0.00394657736070486,-0.004985661841191587,0.005384661602651836,-0.01106422233875356,0.010190735330943303,0.00840940021200632,0.00623259840987469,0.005748716638886703
2012-10-04,9.52382,"9.489,25","9.523,82","9.444,32",,"0,11%",0.0011314886479804169,0.00394657736070486,-0.004985661841191587,0.005384661602651836,-0.0003820854184855073,0.007903149889162278,0.006272654012255623,0.005691525509183443
2012-10-05,9.46287,"9.516,73","9.560,03","9.462,87",,"-0,64%",-0.006420309107588626,0.0011314886479804169,0.00394657736070486,-0.004985661841191587,-0.01106422233875356,0.0071562628040010064,0.006236404560411094,0.005549206959457547
2012-10-08,9.4571,"9.459,91","9.485,83","9.445,81",,"-0,06%",-0.000609937561093489,-0.006420309107588626,0.0011314886479804169,0.00394657736070486,0.005384661602651836,0.006733649624590169,0.006198306958827149,0.005546154531637832
2012-10-09,9.4355,"9.422,49","9.453,37","9.412,26",,"-0,23%",-0.002286610568313312,-0.000609937561093489,-0.006420309107588626,0.0011314886479804169,-0.004985661841191587,0.006158516625546862,0.006185223348459515,0.005547619237848434
2012-10-10,9.4208,"9.436,15","9.436,15","9.368,94",,"-0,16%",-0.001559160914702558,-0.002286610568313312,-0.000609937561093489,-0.006420309107588626,0.00394657736070486,0.00487790749562459,0.006101812309796176,0.005543921083687856
2012-10-11,9.35478,"9.425,16","9.442,15","9.346,46",,"-0,70%",-0.007032568058699505,-0.001559160914702558,-0.002286610568313312,-0.000609937561093489,0.0011314886479804169,0.0051275740863242205,0.006178357741879376,0.005438094052622804
2012-10-12,9.28131,"9.346,71","9.368,10","9.280,86",,"-0,79%",-0.007884741985069214,-0.007032568058699505,-0.001559160914702558,-0.002286610568313312,-0.006420309107588626,0.004598432405441135,0.006241571847392594,0.005247822032881454
2012-10-15,9.25179,"9.284,60","9.329,74","9.251,79",,"-0,32%",-0.00318565431201943,-0.007884741985069214,-0.007032568058699505,-0.001559160914702558,-0.000609937561093489,0.0037902748241243032,0.006197039212894703,0.004997735356932434
2012-10-16,9.21349,"9.252,37","9.267,40","9.210,90",,"-0,41%",-0.004148331888201215,-0.00318565431201943,-0.007884741985069214,-0.007032568058699505,-0.002286610568313312,0.003747812546497343,0.006196204090818044,0.004922306116316165
2012-10-17,9.1233,"9.222,13","9.222,55","9.115,24",,"-0,98%",-0.009837133685884925,-0.004148331888201215,-0.00318565431201943,-0.007884741985069214,-0.001559160914702558,0.0035163901985070683,0.006349783963957676,0.00497900031177081
2012-10-18,9.13535,"9.151,72","9.180,29","9.092,25",,"0,13%",0.0013199225298096227,-0.009837133685884925,-0.004148331888201215,-0.00318565431201943,-0.007032568058699505,0.0035483944386739924,0.006168612518602726,0.004988341315802782
2012-10-19,9.0949,"9.089,49","9.192,82","9.068,25",,"-0,44%",-0.004437686414832832,0.0013199225298096227,-0.009837133685884925,-0.004148331888201215,-0.007884741985069214,0.0034626999182482947,0.005754555124364169,0.005004916752427191
2012-10-22,9.3366,"9.113,96","9.336,94","9.113,96",,"2,66%",0.026228343413968996,-0.004437686414832832,0.0013199225298096227,-0.009837133685884925,-0.00318565431201943,0.010199829611565315,0.008411911231344518,0.006090357431171296
2012-10-23,9.38531,"9.368,23","9.417,94","9.341,04",,"0,52%",0.005203540654702224,0.026228343413968996,-0.004437686414832832,0.0013199225298096227,-0.004148331888201215,0.010391112127902797,0.008313355390979178,0.00612545938316577
2012-10-24,9.52122,"9.413,24","9.540,35","9.406,97",,"1,45%",0.01437729092702234,0.005203540654702224,0.026228343413968996,-0.004437686414832832,-0.009837133685884925,0.011390320856231926,0.0086434362509819,0.006405634547690965
2012-10-25,9.55943,"9.615,05","9.658,85","9.556,30",,"0,40%",0.004005110001693414,0.01437729092702234,0.005203540654702224,0.026228343413968996,0.0013199225298096227,0.011048625270188033,0.008697071396717632,0.00637993571915336
2012-10-29,9.46762,"9.561,00","9.561,00","9.451,62",,"-0,96%",-0.00965054620072751,0.004005110001693414,0.01437729092702234,0.005203540654702224,-0.004437686414832832,0.01123953239468885,0.00860850349928079,0.00639885759048893
2012-10-30,9.43207,"9.409,02","9.459,25","9.376,49",,"-0,38%",-0.0037619709028614205,-0.00965054620072751,0.004005110001693414,0.01437729092702234,0.026228343413968996,0.011270440469538491,0.008548903834034146,0.006275581624744989
2012-10-31,9.50455,"9.432,64","9.504,55","9.392,66",,"0,77%",0.007655046565022801,-0.0037619709028614205,-0.00965054620072751,0.004005110001693414,0.005203540654702224,0.011180871418115815,0.00866470420012656,0.0063611872564767
2012-11-01,9.4791,"9.490,18","9.491,81","9.396,93",,"-0,27%",-0.002681256264939,0.007655046565022801,-0.0037619709028614205,-0.00965054620072751,0.01437729092702234,0.010466316065744882,0.008638668848167644,0.006352697696474345
2012-11-02,9.53903,"9.483,60","9.539,03","9.442,11",,"0,63%",0.006302428090581352,-0.002681256264939,0.007655046565022801,-0.0037619709028614205,0.004005110001693414,0.010452356892646071,0.008756523849691056,0.006385985773349534
2012-11-05,9.64266,"9.533,03","9.642,66","9.525,38",,"1,09%",0.010805201027859243,0.006302428090581352,-0.002681256264939,0.007655046565022801,-0.00965054620072751,0.010139412778843686,0.00892897346681155,0.006552147078741512
2012-11-07,9.8128,"9.652,02","9.812,80","9.644,04",,"1,76%",0.017490651719846286,0.010805201027859243,0.006302428090581352,-0.002681256264939,-0.0037619709028614205,0.00841845201680125,0.009651578680324006,0.006943323386723904
2012-11-08,9.80651,"9.852,14","9.863,79","9.670,42",,"-0,06%",-0.000641205038863005,0.017490651719846286,0.010805201027859243,0.006302428090581352,0.007655046565022801,0.008601686958736594,0.009621463101207732,0.006934553571906553
2012-11-09,9.69229,"9.806,08","9.806,08","9.692,20",,"-1,16%",-0.011715726759269312,-0.000641205038863005,0.017490651719846286,0.010805201027859243,-0.002681256264939,0.009174051434888334,0.010072680828362246,0.007065024681681622
2012-11-12,9.66977,"9.686,84","9.686,84","9.637,11",,"-0,23%",-0.0023261998108701936,-0.011715726759269312,-0.000641205038863005,0.017490651719846286,0.006302428090581352,0.009221833889573499,0.009918602011354624,0.007066525427550387
2012-11-13,9.65385,"9.637,12","9.674,12","9.617,89",,"-0,16%",-0.001647724763982647,-0.0023261998108701936,-0.011715726759269312,-0.000641205038863005,0.010805201027859243,0.00849959914434771,0.009698454277282737,0.007054284914160507
2012-11-14,9.66454,"9.626,36","9.672,25","9.626,36",,"0,11%",0.0011067175982175529,-0.001647724763982647,-0.0023261998108701936,-0.011715726759269312,0.017490651719846286,0.008272598559950828,0.009625632601920885,0.0070366637167416845
2012-11-15,9.68369,"9.655,02","9.719,24","9.647,34",,"0,20%",0.0019795098831476977,0.0011067175982175529,-0.001647724763982647,-0.0023261998108701936,-0.000641205038863005,0.008066790969155746,0.009510353554076532,0.00703139909017073
2012-11-19,9.69224,"9.676,33","9.754,21","9.671,20",,"0,09%",0.0008825383406057644,0.0019795098831476977,0.0011067175982175529,-0.001647724763982647,-0.011715726759269312,0.00792092031567292,0.009071056763972516,0.007032436024035774
2012-11-20,9.67237,"9.692,51","9.728,48","9.664,32",,"-0,21%",-0.0020521980017741697,0.0008825383406057644,0.0019795098831476977,0.0011067175982175529,-0.0023261998108701936,0.007883419717822098,0.009135521785427021,0.007033895990184186
2012-11-21,9.65934,"9.642,33","9.679,09","9.624,40",,"-0,13%",-0.0013480444278547634,-0.0020521980017741697,0.0008825383406057644,0.0019795098831476977,-0.001647724763982647,0.007175348899271329,0.00903121972665722,0.007009379310590331
2012-11-22,9.6636,"9.671,78","9.709,69","9.644,97",,"0,04%",0.0004409266984234679,-0.0013480444278547634,-0.0020521980017741697,0.0008825383406057644,0.0011067175982175529,0.0038653210981298967,0.007196433546897961,0.007008124867692272
2012-11-23,9.66152,"9.656,31","9.666,36","9.587,10",,"-0,02%",-0.00021526386465211305,0.0004409266984234679,-0.0013480444278547634,-0.0020521980017741697,0.0019795098831476977,0.0038785538588283134,0.007160342289141274,0.007004392519929983
2012-11-26,9.64947,"9.627,94","9.667,55","9.618,50",,"-0,12%",-0.0012479941798921492,-0.00021526386465211305,0.0004409266984234679,-0.0013480444278547634,0.0008825383406057644,0.0014875357266131372,0.0064973866612156785,0.007004578043070394
2012-11-27,9.67952,"9.631,76","9.679,52","9.631,76",,"0,31%",0.0031093217193429532,-0.0012479941798921492,-0.00021526386465211305,0.0004409266984234679,-0.0020521980017741697,0.0017006683817833708,0.0064762320647510346,0.007001924686157587
2012-11-28,9.67887,"9.635,47","9.683,32","9.635,47",,"-0,01%",-6.7154344988814e-05,0.0031093217193429532,-0.0012479941798921492,-0.00021526386465211305,-0.0013480444278547634,0.001589953623696511,0.006014042086398574,0.006996694085782231
2012-11-29,9.67092,"9.654,04","9.684,67","9.631,65",,"-0,08%",-0.0008217143904226956,-6.7154344988814e-05,0.0031093217193429532,-0.0012479941798921492,0.0004409266984234679,0.0015926349046030733,0.00592411412317351,0.006994207536518253
2012-11-30,9.73362,"9.656,21","9.733,62","9.638,25",,"0,65%",0.0064624276804679595,-0.0008217143904226956,-6.7154344988814e-05,0.0031093217193429532,-0.00021526386465211305,0.002540156388850762,0.005861929069724583,0.0070490831289585516
2012-12-03,9.65652,"9.716,69","9.725,55","9.656,52",,"-0,79%",-0.007952537355056242,0.0064624276804679595,-0.0008217143904226956,-6.7154344988814e-05,-0.0012479941798921492,0.003679026983423154,0.006156298075385738,0.007092612407478533
2012-12-04,9.7234,"9.642,07","9.723,46","9.642,07",,"0,69%",0.006902016675127446,-0.007952537355056242,0.0064624276804679595,-0.0008217143904226956,0.0031093217193429532,0.0042666390916636125,0.006185243467224951,0.007150462458913042
2012-12-05,9.77483,"9.722,16","9.774,83","9.674,09",,"0,53%",0.005275362868562192,0.006902016675127446,-0.007952537355056242,0.0064624276804679595,-6.7154344988814e-05,0.004453372087132225,0.005835561125389307,0.0071258886200679435
2012-12-06,9.77796,"9.705,79","9.784,31","9.705,65",,"0,03%",0.0003201589161173984,0.005275362868562192,0.006902016675127446,-0.007952537355056242,-0.0008217143904226956,0.004455787845105687,0.004290966175624414,0.007123580524725954
2012-12-07,9.74952,"9.765,19","9.767,76","9.725,95",,"-0,29%",-0.0029128203033175677,0.0003201589161173984,0.005275362868562192,0.006902016675127446,0.0064624276804679595,0.00462774312278911,0.004333728344738159,0.007117482745410115
2012-12-10,9.73924,"9.697,81","9.739,24","9.692,63",,"-0,11%",-0.0010549671660415472,-0.0029128203033175677,0.0003201589161173984,0.005275362868562192,-0.007952537355056242,0.004618149704225625,0.003412272380853407,0.007110717815833719
2012-12-11,9.76124,"9.727,46","9.782,70","9.722,12",,"0,23%",0.002256355672656066,-0.0010549671660415472,-0.0029128203033175677,0.0003201589161173984,0.006902016675127446,0.004581071850325357,0.0033845153680264594,0.007117433778781592
2012-12-12,9.70161,"9.746,25","9.750,48","9.701,61",,"-0,61%",-0.006127590417538535,0.002256355672656066,-0.0010549671660415472,-0.0029128203033175677,0.005275362868562192,0.005087414890656225,0.003668432946019215,0.007158424124602745
2012-12-13,9.65695,"9.655,47","9.692,90","9.654,22",,"-0,46%",-0.004613987737734377,-0.006127590417538535,0.002256355672656066,-0.0010549671660415472,0.0003201589161173984,0.0053113244493841315,0.0038178358325161596,0.007140784998217734
2012-12-14,9.63003,"9.611,50","9.660,35","9.601,85",,"-0,28%",-0.0027915223100133295,-0.004613987737734377,-0.006127590417538535,0.002256355672656066,-0.0029128203033175677,0.004815277835922645,0.0038340764381029338,0.0071295472949760704
2012-12-17,9.68928,"9.626,91","9.689,28","9.614,74",,"0,62%",0.006133778666488146,-0.0027915223100133295,-0.004613987737734377,-0.006127590417538535,-0.0010549671660415472,0.0046351730353271356,0.004089049821505,0.007175722619843948
2012-12-18,9.65971,"9.689,65","9.689,65","9.634,34",,"-0,31%",-0.003056492666604741,0.006133778666488146,-0.0027915223100133295,-0.004613987737734377,0.002256355672656066,0.004108203848602799,0.004121418796758588,0.007049529175392317
2012-12-19,9.67314,"9.650,60","9.673,14","9.622,33",,"0,14%",0.0013893453019400484,-0.003056492666604741,0.006133778666488146,-0.0027915223100133295,-0.006127590417538535,0.003642026238889346,0.0041220375868755285,0.006861333470652564
2012-12-20,9.68278,"9.655,29","9.692,48","9.650,37",,"0,10%",0.0009960777681498126,0.0013893453019400484,-0.003056492666604741,0.006133778666488146,-0.004613987737734377,0.003676303936193686,0.004126523784286341,0.006814563684498995
2012-12-21,9.55797,"9.642,29","9.686,51","9.549,80",,"-1,29%",-0.012973688720864117,0.0009960777681498126,0.0013893453019400484,-0.003056492666604741,-0.0027915223100133295,0.005287975227424345,0.005058587818942935,0.006920562533892829
2012-12-24,9.5535,"9.562,75","9.582,81","9.525,84",,"-0,05%",-0.00046778192169522374,-0.012973688720864117,0.0009960777681498126,0.0013893453019400484,0.006133778666488146,0.005302680566894166,0.005055838339722381,0.006793569744813936
2012-12-25,9.50563,"9.556,12","9.566,07","9.485,35",,"-0,50%",-0.005023324848695771,-0.00046778192169522374,-0.012973688720864117,0.0009960777681498126,-0.003056492666604741,0.005162625092293746,0.005077289598319386,0.006823798683627163
2012-12-26,9.41228,"9.470,71","9.484,29","9.384,47",,"-0,98%",-0.009869034969812914,-0.005023324848695771,-0.00046778192169522374,-0.012973688720864117,0.0013893453019400484,0.00556246289060948,0.0054513113599076925,0.006792998965338612
2012-12-27,9.40936,"9.377,55","9.438,29","9.355,24",,"-0,03%",-0.00031028114695931096,-0.009869034969812914,-0.005023324848695771,-0.00046778192169522374,0.0009960777681498126,0.005592499846946585,0.005455347578803463,0.006754671663125451
2012-12-28,9.38883,"9.378,40","9.486,67","9.353,82",,"-0,22%",-0.002184253714035597,-0.00031028114695931096,-0.009869034969812914,-0.005023324848695771,-0.012973688720864117,0.005593453406828703,0.005135108035189717,0.006730670440387977
2012-12-31,9.35919,"9.386,46","9.424,12","9.320,75",,"-0,32%",-0.0031619365345959285,-0.002184253714035597,-0.00031028114695931096,-0.009869034969812914,-0.00046778192169522374,0.004692259295395728,0.004941245566506304,0.006719834589523675
2013-01-02,9.36838,"9.319,67","9.410,14","9.317,32",,"0,10%",0.0009814408102781901,-0.0031619365345959285,-0.002184253714035597,-0.00031028114695931096,-0.005023324848695771,0.004900547883800968,0.0045708378934714595,0.006719331417289181
2013-01-03,9.36584,"9.373,48","9.392,24","9.336,29",,"-0,03%",-0.0002711615445493155,0.0009814408102781901,-0.0031619365345959285,-0.002184253714035597,-0.009869034969812914,0.0047590353864435395,0.00427375166627362,0.006670719481777931
2013-01-04,9.27161,"9.285,77","9.303,42","9.230,45",,"-1,01%",-0.01011198451872706,-0.0002711615445493155,0.0009814408102781901,-0.0031619365345959285,-0.00031028114695931096,0.004955743037719506,0.004583457786509095,0.006792970330697061
2013-01-07,9.26471,"9.261,08","9.265,08","9.220,66",,"-0,07%",-0.0007444843764781131,-0.01011198451872706,-0.0002711615445493155,0.0009814408102781901,-0.002184253714035597,0.00400620019394696,0.004602734563778387,0.00678835817327771
2013-01-08,9.28746,"9.239,10","9.287,63","9.223,06",,"0,25%",0.0024525445167210007,-0.0007444843764781131,-0.01011198451872706,-0.0002711615445493155,-0.0031619365345959285,0.004315233936461258,0.004727830633837099,0.006795543196114241
2013-01-09,9.29775,"9.293,77","9.302,90","9.254,83",,"0,11%",0.0011073322336906174,0.0024525445167210007,-0.0007444843764781131,-0.01011198451872706,0.0009814408102781901,0.0044027021924043595,0.004675280284376562,0.006738603295708537
2013-01-10,9.2275,"9.317,89","9.322,42","9.218,20",,"-0,76%",-0.007584279482212487,0.0011073322336906174,0.0024525445167210007,-0.0007444843764781131,-0.0002711615445493155,0.0040022151184903165,0.004746678321198304,0.006732830727933604
2013-01-14,9.15685,"9.230,96","9.239,80","9.156,85",,"-0,77%",-0.007685922841368535,-0.007584279482212487,0.0011073322336906174,0.0024525445167210007,-0.01011198451872706,0.004326265974773681,0.004866692946203205,0.006792624127291065
2013-01-15,9.02999,"9.102,75","9.115,18","9.029,99",,"-1,39%",-0.013950973072079114,-0.007685922841368535,-0.007584279482212487,0.0011073322336906174,-0.0007444843764781131,0.0055821639802432115,0.005483365310301541,0.00700447055598577
2013-01-16,8.89282,"9.012,04","9.054,15","8.839,33",,"-1,52%",-0.015307050434614854,-0.013950973072079114,-0.007685922841368535,-0.007584279482212487,0.0024525445167210007,0.0066277610006029814,0.005652367711737037,0.007164015254080808
2013-01-17,8.92943,"8.862,95","8.942,77","8.818,04",,"0,41%",0.004108353490012076,-0.015307050434614854,-0.013950973072079114,-0.007685922841368535,0.0011073322336906174,0.007009903049067782,0.00595360458796255,0.007184551258223635
2013-01-18,8.92727,"8.914,17","8.930,99","8.858,68",,"-0,02%",-0.00024192600094479578,0.004108353490012076,-0.015307050434614854,-0.013950973072079114,-0.007584279482212487,0.007012006923188657,0.005887696102197894,0.0071647791082726075
2013-01-21,8.9685,"8.893,93","8.968,50","8.848,20",,"0,46%",0.0046078009439104225,-0.00024192600094479578,0.004108353490012076,-0.015307050434614854,-0.007685922841368535,0.00731067715255644,0.00610091918898361,0.0062987993559645
2013-01-22,8.97982,"8.927,82","8.979,82","8.862,62",,"0,13%",0.0012613995628520192,0.0046078009439104225,-0.00024192600094479578,0.004108353490012076,-0.013950973072079114,0.007416071702646552,0.0058012252783064015,0.006256911061103849
2013-01-23,8.89959,"8.925,27","8.966,81","8.899,59",,"-0,89%",-0.008974629308556064,0.0012613995628520192,0.0046078009439104225,-0.00024192600094479578,-0.015307050434614854,0.007341462883078775,0.005907435050489106,0.006022778197096456
2013-01-28,8.9485,"8.883,69","8.949,28","8.836,42",,"0,55%",0.005480712214098132,-0.008974629308556064,0.0012613995628520192,0.0046078009439104225,0.004108353490012076,0.007812288453298253,0.006227366497024814,0.006047046576194463
2013-01-29,9.01723,"8.905,97","9.068,80","8.900,66",,"0,77%",0.007651271092094663,0.005480712214098132,-0.008974629308556064,0.0012613995628520192,-0.00024192600094479578,0.008457464413369323,0.0064417942424368,0.00604495529029546
2013-01-30,8.94987,"8.971,67","9.003,69","8.932,71",,"-0,75%",-0.007498184525812082,0.007651271092094663,0.005480712214098132,-0.008974629308556064,0.0046078009439104225,0.008444391204072792,0.006533961621307374,0.0060948924538291515
2013-01-31,8.99643,"8.933,05","9.021,83","8.932,66",,"0,52%",0.005188824934911579,-0.007498184525812082,0.007651271092094663,0.005480712214098132,0.0012613995628520192,0.00763726433478433,0.00675709866669054,0.00604450157834621
2013-02-01,8.93331,"8.994,62","8.999,50","8.933,30",,"-0,70%",-0.007040845071528208,0.005188824934911579,-0.007498184525812082,0.007651271092094663,-0.008974629308556064,0.006142209827006572,0.006843254298180487,0.0060921000396048286
2013-02-04,8.98436,"8.972,86","8.992,86","8.949,15",,"0,57%",0.0056983009660756985,-0.007040845071528208,0.005188824934911579,-0.007498184525812082,0.005480712214098132,0.006266625804510795,0.0070417352687733486,0.006080333727259878
2013-02-05,9.04547,"8.951,66","9.045,47","8.951,66",,"0,68%",0.006778792036363091,0.0056983009660756985,-0.007040845071528208,0.005188824934911579,0.007651271092094663,0.006547167407326465,0.007309098828474871,0.005969053267250127
2013-02-06,9.04068,"9.033,85","9.040,68","8.996,39",,"-0,05%",-0.0005296870933828362,0.006778792036363091,0.0056983009660756985,-0.007040845071528208,-0.007498184525812082,0.006461106726090245,0.007040574290025154,0.005450374858244324
2013-02-07,9.02873,"8.979,62","9.028,79","8.969,19",,"-0,13%",-0.001322677579642784,-0.0005296870933828362,0.006778792036363091,0.0056983009660756985,0.005188824934911579,0.006492272944786965,0.007039528196906074,0.005449549105400089
2013-02-08,8.9365,"9.010,60","9.028,22","8.936,50",,"-1,02%",-0.010267701586108551,-0.001322677579642784,-0.0005296870933828362,0.006778792036363091,-0.007040845071528208,0.00671206008312265,0.007254927065827961,0.0054060208279444666
2013-02-11,8.97967,"8.945,93","8.979,97","8.919,67",,"0,48%",0.004819119660954343,-0.010267701586108551,-0.001322677579642784,-0.0005296870933828362,0.0056983009660756985,0.0066596240556374905,0.007382954902633432,0.005462626836513241
2013-02-12,8.92066,"8.959,66","8.959,66","8.865,36",,"-0,66%",-0.006593198423143737,0.004819119660954343,-0.010267701586108551,-0.001322677579642784,0.006778792036363091,0.006443768466503668,0.007344895043820315,0.005506112484932975
2013-02-13,8.90635,"8.891,83","8.916,38","8.869,28",,"-0,16%",-0.0016054294100416554,-0.006593198423143737,0.004819119660954343,-0.010267701586108551,-0.0005296870933828362,0.0060486114655398686,0.007208258062533572,0.00549700749336707
2013-02-14,8.91109,"8.897,04","8.911,81","8.870,81",,"0,05%",0.0005320629800712709,-0.0016054294100416554,-0.006593198423143737,0.004819119660954343,-0.001322677579642784,0.005734128538660181,0.006579709148939821,0.005485259557066317
2013-02-15,8.84704,"8.891,38","8.891,38","8.846,92",,"-0,72%",-0.007213628658451003,0.0005320629800712709,-0.0016054294100416554,-0.006593198423143737,-0.010267701586108551,0.005754733852182279,0.005838808141468611,0.005527929778923441
2013-02-18,8.86968,"8.816,33","8.869,68","8.815,86",,"0,26%",0.0025557792101155536,-0.007213628658451003,0.0005320629800712709,-0.0016054294100416554,0.004819119660954343,0.005426554551730583,0.005787798049169036,0.005552375958991575
2013-02-19,8.85288,"8.816,50","8.861,28","8.807,40",,"-0,19%",-0.0018958891979662274,0.0025557792101155536,-0.007213628658451003,0.0005320629800712709,-0.006593198423143737,0.0046290968123672135,0.005798194645302904,0.0055526660881189795
2013-02-20,8.88581,"8.852,88","8.946,23","8.803,97",,"0,37%",0.0037127925261512093,-0.0018958891979662274,0.0025557792101155536,-0.007213628658451003,-0.0016054294100416554,0.004975740316360922,0.0057606934101937166,0.0055875379618571626
2013-02-21,8.89737,"8.842,42","8.924,94","8.827,68",,"0,13%",0.001300105113742089,0.0037127925261512093,-0.0018958891979662274,0.0025557792101155536,0.0005320629800712709,0.00506774676775387,0.005761309721987574,0.00559639476737171
2013-02-22,8.83312,"8.876,04","8.903,53","8.817,89",,"-0,72%",-0.0072474343606963015,0.001300105113742089,0.0037127925261512093,-0.0018958891979662274,-0.007213628658451003,0.004548246587313424,0.005638619006214855,0.0056474815781115935
2013-02-25,8.88033,"8.825,90","8.880,33","8.805,38",,"0,53%",0.005330425386713073,-0.0072474343606963015,0.001300105113742089,0.0037127925261512093,0.0025557792101155536,0.00462519888367972,0.005630499145916147,0.005685182395775053
2013-02-26,8.83696,"8.864,43","8.878,11","8.827,71",,"-0,49%",-0.004895792373116097,0.005330425386713073,-0.0072474343606963015,0.001300105113742089,-0.0018958891979662274,0.004428683162878364,0.005381783566053473,0.005699631677749526
2013-02-27,8.89657,"8.857,94","8.896,57","8.850,85",,"0,67%",0.00672288309397051,-0.004895792373116097,0.005330425386713073,-0.0072474343606963015,0.0037127925261512093,0.0050321742664131315,0.00541872553405722,0.005797605255266909
2013-02-28,8.93282,"8.883,12","8.933,00","8.852,14",,"0,41%",0.0040663253144914,0.00672288309397051,-0.004895792373116097,0.005330425386713073,0.001300105113742089,0.005203464938834432,0.005364438204324357,0.0057506550087295626
2013-03-01,8.82885,"8.879,23","8.888,54","8.828,85",,"-1,16%",-0.01170736620249867,0.0040663253144914,0.00672288309397051,-0.004895792373116097,-0.0072474343606963015,0.0060450163359530035,0.005757629394304366,0.005842525293330993
2013-03-04,8.84763,"8.826,01","8.847,74","8.811,97",,"0,21%",0.0021248582371615437,-0.01170736620249867,0.0040663253144914,0.00672288309397051,0.005330425386713073,0.006024644448098272,0.005605722551344004,0.005758116889524726
2013-03-05,8.86879,"8.808,07","8.872,79","8.807,19",,"0,24%",0.002388745588754976,0.0021248582371615437,-0.01170736620249867,0.0040663253144914,-0.004895792373116097,0.006046816766561616,0.00537595236704954,0.005711799597638282
2013-03-06,8.86669,"8.857,92","8.874,51","8.832,36",,"-0,02%",-0.00023681343947996563,0.002388745588754976,0.0021248582371615437,-0.01170736620249867,0.00672288309397051,0.005918010059182338,0.0053776601772293885,0.0057090429294099606
2013-03-07,8.79842,"8.872,41","8.880,10","8.798,42",,"-0,77%",-0.007729398785627849,-0.00023681343947996563,0.002388745588754976,0.0021248582371615437,0.0040663253144914,0.006335225160865413,0.00558643611741945,0.00576100681666332
2013-03-08,8.75915,"8.789,61","8.814,88","8.759,08",,"-0,45%",-0.004473291632476427,-0.007729398785627849,-0.00023681343947996563,0.002388745588754976,-0.01170736620249867,0.006093130097743045,0.005235684652739439,0.0057713046835931765
2013-03-11,8.7526,"8.765,17","8.790,38","8.711,70",,"-0,07%",-0.000748069188453852,-0.004473291632476427,-0.007729398785627849,-0.00023681343947996563,0.0021248582371615437,0.005699553042412195,0.005054763175856675,0.005748788325301343
2013-03-12,8.81946,"8.743,53","8.823,34","8.734,70",,"0,76%",0.0076098445661378555,-0.000748069188453852,-0.004473291632476427,-0.007729398785627849,0.002388745588754976,0.0062084363012167255,0.005262541112635299,0.00584695583958589
2013-03-13,8.88709,"8.833,20","8.887,18","8.812,17",,"0,77%",0.007639018202470345,0.0076098445661378555,-0.000748069188453852,-0.004473291632476427,-0.00023681343947996563,0.006327531123891017,0.005564189564640965,0.005952533389645649
2013-03-14,8.84524,"8.855,84","8.862,48","8.822,62",,"-0,47%",-0.0047202006394531735,0.007639018202470345,0.0076098445661378555,-0.000748069188453852,-0.007729398785627849,0.006293650182171148,0.005655573688528846,0.005965453134042249
2013-03-15,8.83471,"8.814,37","8.872,22","8.797,56",,"-0,12%",-0.0011911799801576663,-0.0047202006394531735,0.007639018202470345,0.0076098445661378555,-0.004473291632476427,0.005060854912931704,0.005427806830856307,0.005882690673361677
2013-03-18,8.85652,"8.845,71","8.859,96","8.797,92",,"0,25%",0.002465629698916543,-0.0011911799801576663,-0.0047202006394531735,0.007639018202470345,-0.000748069188453852,0.00507737624236511,0.00542554870465249,0.005901711136664665
2013-03-19,8.86033,"8.839,22","8.860,33","8.811,94",,"0,04%",0.0004300990366495979,0.002465629698916543,-0.0011911799801576663,-0.0047202006394531735,0.0076098445661378555,0.005016709891868423,0.0054093507688175385,0.005895193539403153
2013-03-20,8.8529,"8.842,95","8.859,31","8.833,63",,"-0,08%",-0.0008389210139270735,0.0004300990366495979,0.002465629698916543,-0.0011911799801576663,0.007639018202470345,0.00502220549188707,0.005342118520694007,0.005886975095973221
2013-03-21,8.87299,"8.855,98","8.885,18","8.835,56",,"0,23%",0.0022667418789200735,-0.0008389210139270735,0.0004300990366495979,0.002465629698916543,-0.0047202006394531735,0.004288445722695981,0.005360607660953677,0.005709347836577156
2013-03-22,8.91379,"8.881,06","8.913,79","8.854,56",,"0,46%",0.004587684961446416,0.0022667418789200735,-0.0008389210139270735,0.0004300990366495979,-0.0011911799801576663,0.003986769144340411,0.00518475323375615,0.00575802460474779
2013-03-25,8.91473,"8.902,02","8.929,34","8.872,10",,"0,01%",0.00010544902222635547,0.004587684961446416,0.0022667418789200735,-0.0008389210139270735,0.002465629698916543,0.003936159892197851,0.0050561815422473224,0.005737659951453602
2013-03-26,8.92832,"8.915,14","8.928,54","8.875,17",,"0,15%",0.0015232824688424487,0.00010544902222635547,0.004587684961446416,0.0022667418789200735,0.0004300990366495979,0.0033745613296986008,0.004917980286864464,0.005629003152232888
2013-03-27,8.96939,"8.890,33","8.969,39","8.890,33",,"0,46%",0.0045894220084456774,0.0015232824688424487,0.00010544902222635547,0.004587684961446416,-0.0008389210139270735,0.002823500911239554,0.004797896796100813,0.0056727757000179435
2013-03-28,9.03707,"8.923,47","9.037,27","8.922,10",,"0,75%",0.007517337524216104,0.0045894220084456774,0.0015232824688424487,0.00010544902222635547,0.0022667418789200735,0.002757668264934316,0.004994434430898025,0.005770026984579469
2013-03-29,9.04096,"9.054,96","9.054,96","9.001,05",,"0,04%",0.0004303566328894618,0.007517337524216104,0.0045894220084456774,0.0015232824688424487,0.004587684961446416,0.002581725882083132,0.004075707579737077,0.0057620091723731845
2013-04-01,9.07352,"9.019,86","9.073,92","9.011,71",,"0,36%",0.0035949179955020744,0.0004303566328894618,0.007517337524216104,0.0045894220084456774,0.00010544902222635547,0.0026138991176384374,0.004106649312620975,0.00578382349363918
2013-04-02,9.09177,"9.069,58","9.092,52","9.029,75",,"0,20%",0.0020093272543633086,0.0035949179955020744,0.0004303566328894618,0.007517337524216104,0.0015232824688424487,0.0025265205621553943,0.0041020369397294434,0.00579305900054933
2013-04-03,9.05171,"9.050,57","9.058,96","9.029,25",,"-0,44%",-0.004415918566736236,0.0020093272543633086,0.0035949179955020744,0.0004303566328894618,0.0045894220084456774,0.0032216941237523077,0.004283724885817518,0.005678324488026554
2013-04-04,9.05525,"9.023,12","9.055,58","9.020,38",,"0,04%",0.00039100987080129473,-0.004415918566736236,0.0020093272543633086,0.0035949179955020744,0.007517337524216104,0.0032729230390820137,0.003762680564991899,0.005679049269030673
2013-04-05,9.06671,"9.048,70","9.066,86","9.030,31",,"0,13%",0.001264764024161357,0.00039100987080129473,-0.004415918566736236,0.0020093272543633086,0.0004303566328894618,0.0031511853976085515,0.0034975985586569247,0.0056710686752526425
2013-04-08,9.13155,"9.086,66","9.135,97","9.055,14",,"0,72%",0.007125986152445214,0.001264764024161357,0.00039100987080129473,-0.004415918566736236,0.0035949179955020744,0.0035170330780172547,0.0036445844290384694,0.005750867315856866
2013-04-09,9.20556,"9.127,05","9.207,17","9.095,71",,"0,81%",0.008072199149846927,0.007125986152445214,0.001264764024161357,0.00039100987080129473,0.0020093272543633086,0.003921481358710633,0.003682513586511164,0.005769943878219369
2013-04-10,9.2078,"9.178,61","9.256,68","9.155,26",,"0,02%",0.0002433016039496156,0.008072199149846927,0.007125986152445214,0.001264764024161357,-0.004415918566736236,0.003973383977586941,0.0034664969157130053,0.005681981606897084
2013-04-11,9.26032,"9.204,78","9.260,32","9.188,09",,"0,57%",0.005687654355994809,0.0002433016039496156,0.008072199149846927,0.007125986152445214,0.00039100987080129473,0.003759344142623277,0.0032124033842890793,0.0054188458202923786
2013-04-12,9.26238,"9.232,87","9.279,85","9.227,42",,"0,02%",0.0002224297762737407,0.005687654355994809,0.0002433016039496156,0.008072199149846927,0.001264764024161357,0.0037722494462756745,0.0031465865536146297,0.005010422303917457
2013-04-15,9.27219,"9.263,85","9.283,50","9.252,76",,"0,11%",0.001058562558079684,0.0002224297762737407,0.005687654355994809,0.0002433016039496156,0.007125986152445214,0.003769709199250204,0.0031598880616955003,0.004990468532405975
2013-04-16,9.26191,"9.269,35","9.269,35","9.239,62",,"-0,11%",-0.0011093067431578612,0.001058562558079684,0.0002224297762737407,0.005687654355994809,0.008072199149846927,0.003910476535557802,0.0032257242089101476,0.004994285452452917
2013-04-17,9.27307,"9.257,57","9.276,41","9.245,68",,"0,12%",0.0012042096995640364,-0.0011093067431578612,0.001058562558079684,0.0002224297762737407,0.0002433016039496156,0.003258790475258492,0.0031554615272503406,0.004967403226183925
2013-04-18,9.23404,"9.271,91","9.299,48","9.234,04",,"-0,42%",-0.004217844694569169,0.0012042096995640364,-0.0011093067431578612,0.001058562558079684,0.005687654355994809,0.003849406038886054,0.003477749271598593,0.005004453637526347
2013-04-19,9.26051,"9.265,33","9.266,00","9.218,00",,"0,29%",0.002862466842823474,-0.004217844694569169,0.0012042096995640364,-0.0011093067431578612,0.0002224297762737407,0.0038507217451175875,0.0034311200139555097,0.00485715991755932
2013-04-22,9.26158,"9.259,89","9.272,42","9.222,77",,"0,01%",0.00011553771752443366,0.002862466842823474,-0.004217844694569169,0.0012042096995640364,0.001058562558079684,0.0034548721083679985,0.003430841793030128,0.004816168201664224
2013-04-23,9.17875,"9.257,33","9.276,57","9.178,75",,"-0,89%",-0.008983630669276758,0.00011553771752443366,0.002862466842823474,-0.004217844694569169,-0.0011093067431578612,0.003973684998248779,0.004209093350025446,0.004880179921253407
2013-04-24,9.2278,"9.181,21","9.228,13","9.141,19",,"0,53%",0.00532963712434013,-0.008983630669276758,0.00011553771752443366,0.002862466842823474,0.0012042096995640364,0.004356824641588776,0.00424189673541818,0.0048134724113689225
2013-04-25,9.22929,"9.179,53","9.238,99","9.150,44",,"0,02%",0.000161455571082747,0.00532963712434013,-0.008983630669276758,0.00011553771752443366,-0.004217844694569169,0.003913766493543786,0.0039972571819924954,0.00477423744724887
2013-04-26,9.23878,"9.223,06","9.253,28","9.195,73",,"0,10%",0.001027719825112664,0.000161455571082747,0.00532963712434013,-0.008983630669276758,0.002862466842823474,0.003934753779724855,0.0039945957996534946,0.004672915191764489
2013-04-29,9.22764,"9.239,49","9.258,21","9.194,98",,"-0,12%",-0.0012065144571990107,0.001027719825112664,0.000161455571082747,0.00532963712434013,0.00011553771752443366,0.00391587823554868,0.003979891038094874,0.004629055502671726
2013-04-30,9.14551,"9.201,84","9.207,82","9.076,30",,"-0,89%",-0.008940279379844946,-0.0012065144571990107,0.001027719825112664,0.000161455571082747,-0.008983630669276758,0.004749611990221556,0.004526472422169565,0.0047086630986028395
2013-05-02,9.14337,"9.088,61","9.143,38","9.052,69",,"-0,02%",-0.00023402198601173713,-0.008940279379844946,-0.0012065144571990107,0.001027719825112664,0.00532963712434013,0.0046879181332126155,0.004392011529184215,0.004708058945326159
2013-05-03,9.20041,"9.180,57","9.200,41","9.136,78",,"0,62%",0.0062190217982229625,-0.00023402198601173713,-0.008940279379844946,-0.0012065144571990107,0.000161455571082747,0.005133593396011999,0.004573715979699959,0.004767337258296015
2013-05-06,9.20556,"9.184,47","9.205,56","9.179,71",,"0,06%",0.0005596010570912111,0.0062190217982229625,-0.00023402198601173713,-0.008940279379844946,0.001027719825112664,0.005023198378044655,0.004572623266372598,0.0045604381312959325
2013-05-07,9.25932,"9.209,12","9.259,32","9.165,87",,"0,58%",0.0058229624999234,0.0005596010570912111,0.0062190217982229625,-0.00023402198601173713,-0.0012065144571990107,0.005421380394196298,0.004485599571367651,0.004578379101018647
2013-05-08,9.27782,"9.233,83","9.277,82","9.208,93",,"0,20%",0.0019959935720379185,0.0058229624999234,0.0005596010570912111,0.0062190217982229625,-0.008940279379844946,0.004425699647363635,0.00415307134390762,0.004485826295348931
2013-05-09,9.27985,"9.277,04","9.279,85","9.228,68",,"0,02%",0.00021877746593147653,0.0019959935720379185,0.0058229624999234,0.0005596010570912111,-0.00023402198601173713,0.0041671426854727675,0.004153120851381275,0.004476423241346393
2013-05-10,9.21789,"9.237,74","9.244,62","9.217,89",,"-0,67%",-0.006699221821478897,0.00021877746593147653,0.0019959935720379185,0.0058229624999234,0.0062190217982229625,0.004762704547572924,0.004244086508305534,0.004576822125334977
2013-05-13,9.24373,"9.230,06","9.254,54","9.217,58",,"0,28%",0.002799322797670418,-0.006699221821478897,0.00021877746593147653,0.0019959935720379185,0.0005596010570912111,0.004842568882455839,0.004297314176502812,0.004469712987834785
2013-05-14,9.16437,"9.224,40","9.235,26","9.164,37",,"-0,86%",-0.008622344692447307,0.002799322797670418,-0.006699221821478897,0.00021877746593147653,0.0058229624999234,0.0055701426556540685,0.004687375610151353,0.004622706294361505
2013-05-15,9.16677,"9.204,49","9.214,69","9.157,06",,"0,03%",0.00026184951003731884,-0.008622344692447307,0.002799322797670418,-0.006699221821478897,0.0019959935720379185,0.0047559662136107414,0.004689327634228565,0.0046117777611530434
2013-05-16,9.15961,"9.179,37","9.181,75","9.142,29",,"-0,08%",-0.000781387307728376,0.00026184951003731884,-0.008622344692447307,0.002799322797670418,0.00021877746593147653,0.004765069201890931,0.00467197245617221,0.004596516417634557
2013-05-17,9.02769,"9.096,11","9.097,28","9.027,57",,"-1,44%",-0.014507080610988628,-0.000781387307728376,0.00026184951003731884,-0.008622344692447307,-0.006699221821478897,0.006151160579242062,0.005569767955781209,0.004986661918103657
2013-05-20,9.04031,"9.019,32","9.077,16","9.019,32",,"0,14%",0.0013969451020900624,-0.014507080610988628,-0.000781387307728376,0.00026184951003731884,0.002799322797670418,0.006193840719788108,0.005523929946855029,0.004890551052236575
2013-05-21,9.02819,"9.055,42","9.077,10","9.028,19",,"-0,13%",-0.0013415614818921694,0.0013969451020900624,-0.014507080610988628,-0.000781387307728376,-0.008622344692447307,0.005598381908162183,0.005515222548839163,0.0048519307484510615
2013-05-22,8.96245,"8.999,57","9.013,80","8.962,45",,"-0,73%",-0.00730827726001337,-0.0013415614818921694,0.0013969451020900624,-0.014507080610988628,0.00026184951003731884,0.0055358118183508115,0.005403589621714036,0.00490521297674194
2013-05-23,8.82848,"8.898,49","8.898,49","8.787,75",,"-1,49%",-0.01506076774196605,-0.00730827726001337,-0.0013415614818921694,0.0013969451020900624,-0.000781387307728376,0.006442539936904193,0.0059990537772057475,0.00521335532111412
2013-05-24,8.81142,"8.810,54","8.848,30","8.782,60",,"-0,19%",-0.0019342519310116006,-0.01506076774196605,-0.00730827726001337,-0.0013415614818921694,-0.014507080610988628,0.0064778840500705984,0.005973665853406494,0.005189028229888885
2013-05-27,8.79553,"8.791,53","8.795,54","8.727,85",,"-0,18%",-0.0018049695505494366,-0.0019342519310116006,-0.01506076774196605,-0.00730827726001337,0.0013969451020900624,0.006050161869622905,0.005923568651624604,0.004970613102111723
2013-05-28,8.78703,"8.774,95","8.793,49","8.754,20",,"-0,10%",-0.0009668672436974751,-0.0018049695505494366,-0.0019342519310116006,-0.01506076774196605,-0.0013415614818921694,0.006020961263239973,0.005926475760342282,0.004963568127968038
2013-05-29,8.85615,"8.824,65","8.856,15","8.807,43",,"0,79%",0.007835362289876786,-0.0009668672436974751,-0.0018049695505494366,-0.0019342519310116006,-0.00730827726001337,0.007035971386192944,0.006142217249892909,0.005059013885829223
2013-05-30,8.81578,"8.805,07","8.839,17","8.776,28",,"-0,46%",-0.004568835461034079,0.007835362289876786,-0.0009668672436974751,-0.0018049695505494366,-0.01506076774196605,0.006978223463514124,0.006167627543323802,0.005092904871237472
2013-05-31,8.90665,"8.802,61","8.906,65","8.800,97",,"1,03%",0.010254891269861965,-0.004568835461034079,0.007835362289876786,-0.0009668672436974751,-0.0019342519310116006,0.0071579980141267445,0.006501620346403697,0.005164749611105108
2013-06-03,8.87599,"8.902,47","8.902,47","8.875,86",,"-0,34%",-0.0034483103050054727,0.010254891269861965,-0.004568835461034079,0.007835362289876786,-0.0018049695505494366,0.007115269849239769,0.006492583551595962,0.005150693478550353
2013-06-04,8.90631,"8.869,60","8.906,31","8.826,83",,"0,34%",0.0034101358522427,-0.0034483103050054727,0.010254891269861965,-0.004568835461034079,-0.0009668672436974751,0.007307892209394135,0.006364182677230005,0.0051653892430732875
2013-06-05,8.89189,"8.860,06","8.892,00","8.848,94",,"-0,16%",-0.0016203889331694245,0.0034101358522427,-0.0034483103050054727,0.010254891269861965,0.007835362289876786,0.007008637241982893,0.006297385697230076,0.005080447496459402
2013-06-06,8.8291,"8.866,08","8.867,74","8.805,69",,"-0,71%",-0.007086541188843615,-0.0016203889331694245,0.0034101358522427,-0.0034483103050054727,-0.004568835461034079,0.005494726119676754,0.006365817396500775,0.00506752866653989
2013-06-07,8.82653,"8.822,94","8.839,77","8.810,54",,"-0,03%",-0.0002911252691806494,-0.007086541188843615,-0.0016203889331694245,0.0034101358522427,0.010254891269861965,0.0054546462905140656,0.006303751485351057,0.0050313508389665616
2013-06-10,8.76134,"8.828,35","8.828,35","8.761,34",,"-0,74%",-0.007413097610730434,-0.0002911252691806494,-0.007086541188843615,-0.0016203889331694245,-0.0034483103050054727,0.005946532372791868,0.006293713377035583,0.0051189341491528735
2013-06-11,8.71493,"8.762,69","8.762,88","8.670,63",,"-0,53%",-0.005311214475200137,-0.007413097610730434,-0.0002911252691806494,-0.007086541188843615,0.0034101358522427,0.006148658431869335,0.006171531691928732,0.005150227230844558
2013-06-12,8.78715,"8.713,99","8.787,25","8.675,66",,"0,83%",0.008252780229375837,-0.005311214475200137,-0.007413097610730434,-0.0002911252691806494,-0.0016203889331694245,0.006215034564594067,0.00660421763675437,0.0052659306243516705
2013-06-13,8.76314,"8.754,68","8.786,88","8.752,62",,"-0,27%",-0.0027361388306573944,0.008252780229375837,-0.005311214475200137,-0.007413097610730434,-0.007086541188843615,0.006117217732623561,0.006597908050856387,0.005275896069157845
2013-06-14,8.70099,"8.731,29","8.753,04","8.694,15",,"-0,71%",-0.007117475919888918,-0.0027361388306573944,0.008252780229375837,-0.005311214475200137,-0.0002911252691806494,0.005069410176438713,0.006057994623240377,0.005341133224449683
2013-06-17,8.69803,"8.712,53","8.732,11","8.660,71",,"-0,03%",-0.0003402490517921388,-0.007117475919888918,-0.0027361388306573944,0.008252780229375837,-0.007413097610730434,0.005088886743668249,0.006021439121858045,0.005302035485454225
2013-06-18,8.79982,"8.716,70","8.799,82","8.707,83",,"1,17%",0.011634703491259155,-0.0003402490517921388,-0.007117475919888918,-0.0027361388306573944,-0.005311214475200137,0.0065265169737228415,0.0067439196079799625,0.00552519612390969
2013-06-19,8.86056,"8.817,75","8.860,56","8.777,66",,"0,69%",0.0068787013077093555,0.011634703491259155,-0.0003402490517921388,-0.007117475919888918,0.008252780229375837,0.007002165652026372,0.0068222492923623,0.005596569560940898
2013-06-20,8.94026,"8.813,49","8.943,88","8.803,87",,"0,90%",0.008954703499357767,0.0068787013077093555,0.011634703491259155,-0.0003402490517921388,-0.0027361388306573944,0.007124546218156742,0.0062251609179627115,0.005686571629534872
2013-06-21,8.86091,"8.900,57","8.959,10","8.860,91",,"-0,89%",-0.008915203390163043,0.008954703499357767,0.0068787013077093555,0.011634703491259155,-0.007117475919888918,0.007819997413565306,0.006562998670495623,0.005711387521312716
2013-06-24,8.84627,"8.843,87","8.865,90","8.816,96",,"-0,17%",-0.001653566896120767,-0.008915203390163043,0.008954703499357767,0.0068787013077093555,-0.0003402490517921388,0.0073813295854178885,0.006560553984852483,0.005713033206680422
2013-06-25,8.9137,"8.823,29","8.914,63","8.815,82",,"0,76%",0.007593517782894466,-0.001653566896120767,-0.008915203390163043,0.008954703499357767,0.011634703491259155,0.007289696275687396,0.0067508869386877215,0.005782878487742989
2013-06-26,8.92468,"8.921,39","8.956,19","8.884,39",,"0,12%",0.0012310536479966771,0.007593517782894466,-0.001653566896120767,-0.008915203390163043,0.0068787013077093555,0.006979367760056856,0.00654261043872059,0.005778490675566548
2013-06-27,8.87328,"8.925,40","8.928,70","8.845,54",,"-0,58%",-0.0057759589187985115,0.0012310536479966771,0.007593517782894466,-0.001653566896120767,0.008954703499357767,0.007247965791454759,0.006596068821602126,0.005797509593622073
2013-06-28,8.79215,"8.781,77","8.814,14","8.745,91",,"-0,91%",-0.009185235842088585,-0.0057759589187985115,0.0012310536479966771,0.007593517782894466,-0.008915203390163043,0.0075369088969271004,0.0064872451237096545,0.005908035350351573
2013-07-01,8.78322,"8.732,11","8.786,14","8.695,81",,"-0,10%",-0.0010161949100889586,-0.009185235842088585,-0.0057759589187985115,0.0012310536479966771,-0.001653566896120767,0.0075536978315857,0.00645468242073289,0.005903880506344554
2013-07-02,8.78808,"8.750,30","8.791,00","8.745,48",,"0,06%",0.0005531747934337213,-0.0010161949100889586,-0.009185235842088585,-0.0057759589187985115,0.007593517782894466,0.006564094887966032,0.006394334218485286,0.00581980688058667
2013-07-03,8.8029,"8.774,46","8.809,64","8.742,53",,"0,17%",0.0016849548468877164,0.0005531747934337213,-0.0010161949100889586,-0.009185235842088585,0.0012310536479966771,0.0061393482881840515,0.006411121178158958,0.0057152412568252575
2013-07-04,8.73277,"8.777,41","8.806,56","8.730,98",,"-0,80%",-0.007998596448842467,0.0016849548468877164,0.0005531747934337213,-0.0010161949100889586,-0.0057759589187985115,0.005498858259650321,0.006463445897501583,0.005789636394387948
2013-07-05,8.66371,"8.714,39","8.740,67","8.609,83",,"-0,79%",-0.007939578900680347,-0.007998596448842467,0.0016849548468877164,0.0005531747934337213,-0.009185235842088585,0.005376696532308543,0.006670370580822115,0.005794804169429651
2013-07-08,8.65219,"8.654,79","8.668,79","8.601,89",,"-0,13%",-0.0013305692109100097,-0.007939578900680347,-0.007998596448842467,0.0016849548468877164,-0.0010161949100889586,0.005381649825642514,0.006495644624283877,0.005792219914435978
2013-07-09,8.65557,"8.674,94","8.681,51","8.612,24",,"0,04%",0.000390576255156137,-0.0013305692109100097,-0.007939578900680347,-0.007998596448842467,0.0005531747934337213,0.004294764254968824,0.006403702060032133,0.005788571482604208
2013-07-10,8.66965,"8.650,17","8.669,65","8.619,50",,"0,16%",0.0016253765435323224,0.000390576255156137,-0.0013305692109100097,-0.007939578900680347,0.0016849548468877164,0.004338885557023119,0.0060998204367671855,0.005799628456725708
2013-07-11,8.69386,"8.622,04","8.693,88","8.613,18",,"0,28%",0.002788608488578473,0.0016253765435323224,0.000390576255156137,-0.0013305692109100097,-0.007998596448842467,0.004548182563113672,0.006126515005114595,0.005813893503789729
2013-07-12,8.71547,"8.675,78","8.715,47","8.657,91",,"0,25%",0.0024825781461875634,0.002788608488578473,0.0016253765435323224,0.000390576255156137,-0.007939578900680347,0.0039724516318698656,0.005945657532231537,0.005816851857392642
2013-07-15,8.71583,"8.717,59","8.725,59","8.678,16",,"0,00%",4.13050088119407e-05,0.0024825781461875634,0.002788608488578473,0.0016253765435323224,-0.0013305692109100097,0.003982367264375916,0.005944839598584951,0.0057967705004577175
2013-07-16,8.69826,"8.699,42","8.703,62","8.684,39",,"-0,20%",-0.0020179068744920385,4.13050088119407e-05,0.0024825781461875634,0.002788608488578473,0.000390576255156137,0.003970412224600423,0.005299743012519449,0.005796290795536159
2013-07-17,8.77214,"8.690,36","8.772,14","8.665,67",,"0,85%",0.008457784642734499,-0.0020179068744920385,4.13050088119407e-05,0.0024825781461875634,0.0016253765435323224,0.0049430229462951916,0.005426951258643512,0.005828718021804283
2013-07-18,8.76119,"8.756,49","8.763,96","8.728,05",,"-0,12%",-0.0012490498295094016,0.008457784642734499,-0.0020179068744920385,4.13050088119407e-05,0.002788608488578473,0.004185337869867827,0.004949844523629255,0.005773934687963751
2013-07-19,8.78414,"8.743,03","8.784,16","8.707,17",,"0,26%",0.002616082238285958,-0.0012490498295094016,0.008457784642734499,-0.0020179068744920385,0.0024825781461875634,0.003045195154420806,0.004642843578834,0.005790003046843551
2013-07-22,8.71248,"8.712,41","8.716,38","8.696,04",,"-0,82%",-0.008191342177741852,0.002616082238285958,-0.0012490498295094016,0.008457784642734499,4.13050088119407e-05,0.004256000641482573,0.004952945275391167,0.005861911066016363
2013-07-23,8.5798,"8.587,20","8.619,72","8.576,64",,"-1,52%",-0.01534587732676201,-0.008191342177741852,0.002616082238285958,-0.0012490498295094016,-0.0020179068744920385,0.006628696059287922,0.0055377508640701125,0.006148476851445797
2013-07-24,8.58625,"8.622,43","8.622,43","8.548,74",,"0,08%",0.0007514833410761425,-0.01534587732676201,-0.008191342177741852,0.002616082238285958,0.008457784642734499,0.006597695569745706,0.0055244613936988735,0.00606882732725299
2013-07-25,8.62404,"8.594,96","8.624,04","8.563,91",,"0,44%",0.0043915658288545,0.0007514833410761425,-0.01534587732676201,-0.008191342177741852,-0.0012490498295094016,0.0067174548065318095,0.005619210615638348,0.006108639376645587
2013-07-26,8.65845,"8.617,57","8.658,45","8.584,36",,"0,40%",0.003982070346298805,0.0043915658288545,0.0007514833410761425,-0.01534587732676201,0.002616082238285958,0.006815055459052716,0.005430272115002059,0.006070699371682672
2013-07-29,8.57985,"8.650,99","8.650,99","8.579,85",,"-0,91%",-0.0091192918915402,0.003982070346298805,0.0043915658288545,0.0007514833410761425,-0.008191342177741852,0.007308648853522449,0.005743180155635968,0.0061562279878658
2013-07-31,8.57759,"8.591,28","8.604,20","8.557,08",,"-0,03%",-0.0002634425663817796,-0.0091192918915402,0.003982070346298805,0.0043915658288545,-0.01534587732676201,0.007317819805029129,0.0057331686979067206,0.006088769268705803
2013-08-01,8.56163,"8.553,66","8.584,18","8.552,89",,"-0,19%",-0.0018623956764811831,-0.0002634425663817796,-0.0091192918915402,0.003982070346298805,0.0007514833410761425,0.0064498367333817915,0.005693558528345333,0.006073998423979755
2013-08-02,8.57001,"8.548,54","8.581,81","8.544,51",,"0,10%",0.0009783068834466238,-0.0018623956764811831,-0.0002634425663817796,-0.0091192918915402,0.0043915658288545,0.0065330355294531415,0.005495516048364564,0.006078089964364783
2013-08-05,8.54197,"8.541,62","8.561,31","8.476,59",,"-0,33%",-0.0032772391151098287,0.0009783068834466238,-0.0018623956764811831,-0.0002634425663817796,0.003982070346298805,0.006311749035173092,0.0052775659391810625,0.006042771300929293
2013-08-06,8.57806,"8.524,48","8.578,10","8.510,49",,"0,42%",0.004216120352629732,-0.0032772391151098287,0.0009783068834466238,-0.0018623956764811831,-0.0091192918915402,0.006352599309108032,0.005387693775899171,0.006061678096213535
2013-08-07,8.5417,"8.562,45","8.562,45","8.524,19",,"-0,42%",-0.0042477294857985615,0.004216120352629732,-0.0032772391151098287,0.0009783068834466238,-0.0002634425663817796,0.0043197528481443296,0.005449970956523242,0.005997415053942987
2013-08-08,8.52999,"8.531,67","8.531,80","8.506,23",,"-0,14%",-0.0013718620519145633,-0.0042477294857985615,0.004216120352629732,-0.0032772391151098287,-0.0018623956764811831,0.004306568483444253,0.005424909549197177,0.005994499516645939
2013-08-12,8.48847,"8.534,68","8.542,85","8.480,89",,"-0,49%",-0.004879417100972564,-0.0013718620519145633,-0.0042477294857985615,0.004216120352629732,0.0009783068834466238,0.004091417021846324,0.005428010300396573,0.006012967422456387
2013-08-13,8.5493,"8.484,19","8.563,01","8.477,38",,"0,72%",0.007140636183012777,-0.004879417100972564,-0.0013718620519145633,-0.0042477294857985615,-0.0032772391151098287,0.00465236864146566,0.005687844107465145,0.005852455764222409
2013-08-15,8.49216,"8.575,67","8.575,67","8.492,16",,"-0,67%",-0.006706023326118221,0.007140636183012777,-0.004879417100972564,-0.0013718620519145633,0.004216120352629732,0.004244614631102895,0.005823653313900652,0.005891737900326592
2013-08-16,8.50654,"8.465,26","8.506,54","8.463,97",,"0,17%",0.0016918944896063633,-0.006706023326118221,0.007140636183012777,-0.004879417100972564,-0.0042477294857985615,0.00432793258886389,0.005858555661455939,0.0059021341630904
2013-08-19,8.4656,"8.463,95","8.494,28","8.444,20",,"-0,48%",-0.004824386247756102,0.0016918944896063633,-0.006706023326118221,0.007140636183012777,-0.0013718620519145633,0.004504077851172226,0.005455309600382298,0.005865678383436717
2013-08-22,8.45249,"8.450,04","8.475,13","8.412,27",,"-0,15%",-0.00154982065045465,-0.004824386247756102,0.0016918944896063633,-0.006706023326118221,-0.004879417100972564,0.004443257922307605,0.00545418772275475,0.0055665208736227125
2013-08-23,8.47316,"8.456,08","8.473,16","8.439,40",,"0,24%",0.0024424480330934185,-0.00154982065045465,-0.004824386247756102,0.0016918944896063633,0.007140636183012777,0.004539113139273931,0.005446932655748658,0.005579073309341155
2013-08-26,8.4539,"8.451,76","8.472,18","8.429,88",,"-0,23%",-0.0022756471958631595,0.0024424480330934185,-0.00154982065045465,-0.004824386247756102,-0.006706023326118221,0.004191516072306701,0.005238349743357593,0.005581051911687352
2013-08-27,8.41904,"8.460,65","8.462,94","8.418,35",,"-0,41%",-0.004132065852170844,-0.0022756471958631595,0.0024424480330934185,-0.00154982065045465,0.0016918944896063633,0.004183113679315293,0.004170334100069584,0.005598929561473624
2013-08-28,8.40507,"8.390,35","8.405,07","8.377,73",,"-0,17%",-0.0016607123004701962,-0.004132065852170844,-0.0022756471958631595,0.0024424480330934185,-0.004824386247756102,0.004183538863700094,0.004153512962001548,0.005486274327573771
2013-08-29,8.3564,"8.378,53","8.386,61","8.339,21",,"-0,58%",-0.0058073828591076425,-0.0016607123004701962,-0.004132065852170844,-0.0022756471958631595,-0.00154982065045465,0.004276691036474868,0.004073465853107317,0.005502727786457045
2013-08-30,8.41372,"8.351,80","8.431,55","8.334,51",,"0,69%",0.00683599440163495,-0.0058073828591076425,-0.0016607123004701962,-0.004132065852170844,0.0024424480330934185,0.004208301432208319,0.004320899711532319,0.005402126344976517
2013-09-02,8.43487,"8.407,03","8.445,90","8.391,43",,"0,25%",0.0025105971608556125,0.00683599440163495,-0.0058073828591076425,-0.0016607123004701962,-0.0022756471958631595,0.003967825842325487,0.004003008382056563,0.005410167027425924
2013-09-03,8.42028,"8.404,09","8.442,19","8.401,88",,"-0,17%",-0.001731222047149967,0.0025105971608556125,0.00683599440163495,-0.0058073828591076425,-0.004132065852170844,0.003887606471986986,0.004005102315331616,0.005382199081282245
2013-09-04,8.45447,"8.412,86","8.454,47","8.389,80",,"0,41%",0.004052213725779213,-0.001731222047149967,0.0025105971608556125,0.00683599440163495,-0.0016607123004701962,0.003935339877257408,0.004148092278192598,0.005419652542997778
2013-09-05,8.46429,"8.449,29","8.478,50","8.416,92",,"0,12%",0.0011608417050359388,0.004052213725779213,-0.001731222047149967,0.0025105971608556125,-0.0058073828591076425,0.003920121427965153,0.004152015570188359,0.005362847728265447
2013-09-06,8.4732,"8.449,26","8.473,20","8.438,79",,"0,11%",0.0010521040392514052,0.0011608417050359388,0.004052213725779213,-0.001731222047149967,0.00683599440163495,0.003853456701429152,0.004118947293900296,0.005367399153542837
2013-09-09,8.46315,"8.472,47","8.477,13","8.457,94",,"-0,12%",-0.001186796585994796,0.0010521040392514052,0.0011608417050359388,0.004052213725779213,0.0025105971608556125,0.0037969649475333863,0.003974621100556553,0.005294731505271493
2013-09-10,8.45059,"8.464,56","8.464,96","8.445,52",,"-0,15%",-0.0014851833253563507,-0.001186796585994796,0.0010521040392514052,0.0011608417050359388,-0.001731222047149967,0.0035528513886387914,0.0038910240039822593,0.0052596734156883105
2013-09-11,8.44777,"8.421,29","8.452,53","8.393,31",,"-0,03%",-0.00033376020231283055,-0.0014851833253563507,-0.001186796585994796,0.0010521040392514052,0.004052213725779213,0.0034926819783088732,0.003886210672334407,0.005132389659923386
2013-09-12,8.42317,"8.456,07","8.457,70","8.417,30",,"-0,29%",-0.0029162592522243716,-0.00033376020231283055,-0.0014851833253563507,-0.001186796585994796,0.0011608417050359388,0.0029963377640708326,0.0037930313192162004,0.005133679223138012
2013-09-13,8.4635,"8.420,91","8.473,35","8.420,44",,"0,48%",0.004776557684738705,-0.0029162592522243716,-0.00033376020231283055,-0.0014851833253563507,0.0010521040392514052,0.0025764086435519666,0.003576799166742414,0.00510966477818316
2013-09-16,8.4725,"8.432,88","8.477,74","8.406,81",,"0,11%",0.0010628248520546278,0.004776557684738705,-0.0029162592522243716,-0.00033376020231283055,-0.001186796585994796,0.0024959063429199286,0.003277142401772266,0.005113437069322399
2013-09-17,8.42563,"8.434,85","8.441,59","8.377,67",,"-0,55%",-0.005547373608266736,0.0010628248520546278,0.004776557684738705,-0.0029162592522243716,-0.0014851833253563507,0.0030873081039726135,0.0034615648427663,0.004902658226764893
2013-09-18,8.4131,"8.405,08","8.423,05","8.385,81",,"-0,15%",-0.0014882360264306242,-0.005547373608266736,0.0010628248520546278,0.004776557684738705,-0.00033376020231283055,0.002773121354618356,0.0033185143253498155,0.004800670861287591
2013-09-19,8.3918,"8.391,51","8.419,00","8.361,76",,"-0,25%",-0.0025349762755308733,-0.0014882360264306242,-0.005547373608266736,0.0010628248520546278,-0.0029162592522243716,0.0027748605107923625,0.0033450748554820576,0.004628454167863816
2013-09-20,8.42087,"8.370,46","8.420,87","8.358,10",,"0,35%",0.0034581097433681045,-0.0025349762755308733,-0.0014882360264306242,-0.005547373608266736,0.004776557684738705,0.0030497764934307803,0.0033971681041445353,0.004547247963333088
2013-09-23,8.40902,"8.402,29","8.409,02","8.366,63",,"-0,14%",-0.0014082090801859385,0.0034581097433681045,-0.0025349762755308733,-0.0014882360264306242,0.0010628248520546278,0.003055151570494976,0.0033762179721897197,0.004546622385432983
2013-09-24,8.47412,"8.398,24","8.474,12","8.383,37",,"0,77%",0.0077118738150239955,-0.0014082090801859385,0.0034581097433681045,-0.0025349762755308733,-0.005547373608266736,0.00400855745485363,0.003686873182018053,0.004550369643795964
2013-09-25,8.5421,"8.442,50","8.542,10","8.434,43",,"0,80%",0.007990066143922767,0.0077118738150239955,-0.0014082090801859385,0.0034581097433681045,-0.0014882360264306242,0.004676049883424763,0.004028847822507957,0.004684276364966264
2013-09-26,8.61592,"8.526,06","8.615,92","8.523,17",,"0,86%",0.008604775548943261,0.007990066143922767,0.0077118738150239955,-0.0014082090801859385,-0.0025349762755308733,0.004982930501828746,0.004071884346861578,0.00478847548239453
2013-09-27,8.6807,"8.617,80","8.815,14","8.617,80",,"0,75%",0.0074905158219895985,0.008604775548943261,0.007990066143922767,0.0077118738150239955,0.0034581097433681045,0.0052040715889590935,0.004119136367791735,0.004759122270673023
2013-09-30,8.67349,"8.677,69","8.705,61","8.630,36",,"-0,08%",-0.0008309233003483698,0.0074905158219895985,0.008604775548943261,0.007990066143922767,-0.0014082090801859385,0.00529717677388148,0.004146310014554609,0.004758652130977532
2013-10-01,8.61326,"8.659,87","8.670,01","8.600,61",,"-0,69%",-0.006968371003395359,-0.0008309233003483698,0.0074905158219895985,0.008604775548943261,0.0077118738150239955,0.005545637793953523,0.004504065829848775,0.004836651639934811
2013-10-02,8.62771,"8.614,72","8.636,89","8.590,93",,"0,17%",0.0016762401864216393,-0.006968371003395359,-0.0008309233003483698,0.0074905158219895985,0.007990066143922767,0.005400011830959416,0.004454073007447319,0.0048365900865259956
2013-10-03,8.63568,"8.616,28","8.647,77","8.613,31",,"0,09%",0.0009233413097012549,0.0016762401864216393,-0.006968371003395359,-0.0008309233003483698,0.008604775548943261,0.0051451079868932974,0.004453978042708815,0.004733025457810574
2013-10-04,8.71466,"8.601,63","8.714,66","8.593,02",,"0,91%",0.009104207241027928,0.0009233413097012549,0.0016762401864216393,-0.006968371003395359,0.0074905158219895985,0.005514024807613288,0.004808527687112803,0.00477111751051303
2013-10-07,8.73419,"8.714,51","8.734,19","8.672,54",,"0,22%",0.0022385438760180645,0.009104207241027928,0.0009233413097012549,0.0016762401864216393,-0.0008309233003483698,0.005273901936277128,0.004772222861539117,0.004775255662852407
2013-10-08,8.94069,"8.749,49","8.940,69","8.749,49",,"2,36%",0.023367558523832155,0.0022385438760180645,0.009104207241027928,0.0009233413097012549,-0.006968371003395359,0.00812123377400867,0.006756349822266787,0.005637717434598507
2013-10-09,8.87797,"8.957,09","9.005,81","8.877,97",,"-0,70%",-0.00703984014847194,0.023367558523832155,0.0022385438760180645,0.009104207241027928,0.0016762401864216393,0.008930763065728183,0.0070797075064404046,0.005719836023957742
2013-10-10,8.86483,"8.839,59","8.864,83","8.821,78",,"-0,15%",-0.0014811644613323563,-0.00703984014847194,0.023367558523832155,0.0022385438760180645,0.0009233413097012549,0.008904435830746769,0.007029191154605586,0.005716120589249739
2013-10-11,8.83501,"8.898,83","8.907,01","8.822,52",,"-0,34%",-0.0033695251724239024,-0.0014811644613323563,-0.00703984014847194,0.023367558523832155,0.009104207241027928,0.008937509278458811,0.007129007761003502,0.0057285882836322485
2013-10-14,8.83639,"8.854,11","8.856,02","8.819,07",,"0,02%",0.00015618456973456307,-0.0033695251724239024,-0.0014811644613323563,-0.00703984014847194,0.0022385438760180645,0.008911101624412023,0.007139146544505249,0.005728544350033008
2013-10-15,8.88161,"8.864,34","8.881,61","8.805,14",,"0,51%",0.005104424673716384,0.00015618456973456307,-0.0033695251724239024,-0.0014811644613323563,0.023367558523832155,0.0083842655712138,0.00693274389146885,0.005754929071135557
2013-10-21,8.89831,"8.881,38","8.898,31","8.824,06",,"0,19%",0.0018785241903210958,0.005104424673716384,0.00015618456973456307,-0.0033695251724239024,-0.00703984014847194,0.008380777934910655,0.006867921997358644,0.005659671997586702
2013-10-22,8.93594,"8.906,95","8.942,13","8.873,61",,"0,42%",0.004219976264045929,0.0018785241903210958,0.005104424673716384,0.00015618456973456307,-0.0014811644613323563,0.008350943429359018,0.0067567642109207715,0.0056793225125422835
2013-10-23,9.00594,"8.978,29","9.005,94","8.939,25",,"0,78%",0.0078030123012540085,0.004219976264045929,0.0018785241903210958,0.005104424673716384,-0.0033695251724239024,0.00826216332801788,0.006836860388814055,0.005753713020096001
2013-10-24,9.11014,"9.005,88","9.117,43","8.992,37",,"1,16%",0.011503719249552104,0.0078030123012540085,0.004219976264045929,0.0018785241903210958,0.00015618456973456307,0.008642187832865664,0.006971355535458076,0.0058158306106477955
2013-10-25,9.2223,"9.108,76","9.222,30","9.077,65",,"1,23%",0.012236385278198453,0.011503719249552104,0.0078030123012540085,0.004219976264045929,0.005104424673716384,0.006300816911427972,0.0071686268979786385,0.0056089034254355715
2013-10-28,9.41849,"9.208,30","9.451,83","9.197,63",,"2,13%",0.021050314339626265,0.012236385278198453,0.011503719249552104,0.0078030123012540085,0.0018785241903210958,0.007436611234126329,0.008067613619833559,0.006165719599766051
2013-10-29,9.40172,"9.407,80","9.497,98","9.354,34",,"-0,18%",-0.0017821272385833658,0.021050314339626265,0.012236385278198453,0.011503719249552104,0.004219976264045929,0.007470380346995552,0.008149354272667879,0.00616887051706521
2013-10-30,9.39362,"9.416,90","9.430,24","9.346,32",,"-0,09%",-0.0008619158260989875,-0.0017821272385833658,0.021050314339626265,0.012236385278198453,0.0078030123012540085,0.007161080767335222,0.008194591598322408,0.006166721265883903
2013-10-31,9.38549,"9.359,02","9.405,86","9.346,92",,"-0,09%",-0.0008658557842119032,-0.0008619158260989875,-0.0017821272385833658,0.021050314339626265,0.011503719249552104,0.007262403241168823,0.0081956671048552,0.006019334748311487
2013-11-01,9.3221,"9.366,12","9.374,81","9.322,10",,"-0,68%",-0.006776954445738966,-0.0008658557842119032,-0.0008619158260989875,-0.0017821272385833658,0.012236385278198453,0.008324628801929987,0.008182353145414873,0.006109658357944141
2013-11-04,9.31091,"9.308,50","9.340,75","9.288,85",,"-0,12%",-0.0012010943315386427,-0.006776954445738966,-0.0008658557842119032,-0.0008619158260989875,0.021050314339626265,0.008501465277620843,0.008249534164764458,0.00610429083859224
2013-11-07,9.30498,"9.301,47","9.305,10","9.242,37",,"-0,06%",-0.0006370901633576048,-0.0012010943315386427,-0.006776954445738966,-0.0008658557842119032,-0.0017821272385833658,0.008658602244171918,0.008285576350581381,0.006109734472479998
2013-11-08,9.29556,"9.298,06","9.356,07","9.266,31",,"-0,10%",-0.001012873906385833,-0.0006370901633576048,-0.0012010943315386427,-0.006776954445738966,-0.0008619158260989875,0.008682437018528034,0.008249106979322228,0.006087486697380305
2013-11-11,9.25966,"9.295,57","9.318,96","9.259,66",,"-0,39%",-0.0038695358821006056,-0.001012873906385833,-0.0006370901633576048,-0.0012010943315386427,-0.0008658557842119032,0.008398325765182025,0.008399310474344198,0.006113734125082814
2013-11-12,9.21488,"9.278,34","9.281,26","9.197,40",,"-0,48%",-0.004847762130706135,-0.0038695358821006056,-0.001012873906385833,-0.0006370901633576048,-0.006776954445738966,0.007709987555578091,0.0070446418362245114,0.006123403033075433
2013-11-13,9.26637,"9.196,22","9.270,47","9.187,72",,"0,56%",0.005572148336862061,-0.004847762130706135,-0.0038695358821006056,-0.001012873906385833,-0.0012010943315386427,0.0032741284361386173,0.006799195716346857,0.0061383374586424086
2013-11-14,9.28062,"9.256,22","9.302,93","9.256,22",,"0,15%",0.0015366377837040812,0.005572148336862061,-0.004847762130706135,-0.0038695358821006056,-0.0006370901633576048,0.003421679933580576,0.00674787441142417,0.006083082126130729
2013-11-15,9.24918,"9.270,25","9.292,87","9.249,18",,"-0,34%",-0.0033934559650636376,0.0015366377837040812,0.005572148336862061,-0.004847762130706135,-0.001012873906385833,0.003479126482679935,0.006748933162624548,0.006069142640811583
2013-11-19,9.2498,"9.222,94","9.253,27","9.209,86",,"0,01%",6.703072280014542e-05,-0.0033934559650636376,0.0015366377837040812,0.005572148336862061,-0.0038695358821006056,0.003511850102037345,0.006750446446892417,0.0059798241596128515
2013-11-20,9.24431,"9.217,37","9.244,31","9.199,52",,"-0,06%",-0.0005937025530031316,6.703072280014542e-05,-0.0033934559650636376,0.0015366377837040812,-0.004847762130706135,0.002974133087976193,0.006745484854297458,0.005985368069776489
2013-11-21,9.1994,"9.213,25","9.232,38","9.198,29",,"-0,49%",-0.004869962579014642,-0.0005937025530031316,6.703072280014542e-05,-0.0033934559650636376,0.005572148336862061,0.0032384539432452984,0.006918515988097291,0.005986172456990779
2013-11-22,9.15977,"9.191,96","9.195,54","9.136,10",,"-0,43%",-0.0043171953364511415,-0.004869962579014642,-0.0005937025530031316,6.703072280014542e-05,0.0015366377837040812,0.0033730670433519644,0.007015195056820123,0.0060197388947921164
2013-11-25,9.27538,"9.119,52","9.275,38","9.114,01",,"1,26%",0.012542508804148512,-0.0043171953364511415,-0.004869962579014642,-0.0005937025530031316,-0.0033934559650636376,0.005607075266393866,0.0073220117823069265,0.00618992102836497
2013-11-26,9.25036,"9.285,15","9.295,57","9.229,67",,"-0,27%",-0.002701108318709971,0.012542508804148512,-0.0043171953364511415,-0.004869962579014642,6.703072280014542e-05,0.005534213377844874,0.00697880840723249,0.006194570510636306
2013-11-27,9.29218,"9.269,14","9.332,72","9.246,36",,"0,45%",0.004510716536973857,-0.002701108318709971,0.012542508804148512,-0.0043171953364511415,-0.0005937025530031316,0.00543257773472523,0.006508315322463463,0.006161772313768941
2013-11-28,9.29174,"9.316,89","9.318,06","9.247,35",,"0,00%",-4.735276519503755e-05,0.004510716536973857,-0.002701108318709971,0.012542508804148512,-0.004869962579014642,0.005172580121291283,0.004324727989834869,0.006150613863834342
2013-11-29,9.26249,"9.309,44","9.326,08","9.262,49",,"-0,31%",-0.003152922458220031,-4.735276519503755e-05,0.004510716536973857,-0.002701108318709971,-0.0043171953364511415,0.005257218249135049,0.004353920660145992,0.0061052864910497925
2013-12-02,9.2974,"9.259,18","9.297,40","9.254,71",,"0,38%",0.0037618801802993536,-0.003152922458220031,-4.735276519503755e-05,0.004510716536973857,0.012542508804148512,0.005260542649876324,0.00446868831484822,0.00607441024339387
2013-12-03,9.32107,"9.308,96","9.332,21","9.276,70",,"0,25%",0.0025426377948592213,0.0037618801802993536,-0.003152922458220031,-4.735276519503755e-05,-0.002701108318709971,0.005294996102648153,0.004519304238085406,0.0060744872920436245
2013-12-04,9.33021,"9.283,85","9.348,76","9.268,85",,"0,10%",0.0009800936698867422,0.0025426377948592213,0.0037618801802993536,-0.003152922458220031,0.004510716536973857,0.005273385341141629,0.004263835782537702,0.006058858657013858
2013-12-05,9.32731,"9.308,43","9.353,22","9.308,12",,"-0,03%",-0.0003108666128566825,0.0009800936698867422,0.0025426377948592213,0.0037618801802993536,-4.735276519503755e-05,0.00490062601835273,0.004254796595065316,0.006056456266192797
2013-12-06,9.24041,"9.310,02","9.340,03","9.240,39",,"-0,93%",-0.00936039906813477,-0.0003108666128566825,0.0009800936698867422,0.0025426377948592213,-0.003152922458220031,0.00573980670795819,0.004751199948245013,0.006220579846353391
2013-12-09,9.2214,"9.235,06","9.277,00","9.199,47",,"-0,21%",-0.0020593871043598387,-0.00936039906813477,-0.0003108666128566825,0.0009800936698867422,0.0037618801802993536,0.004051215359488315,0.004764649335156376,0.006237004183068271
2013-12-10,9.2414,"9.203,46","9.263,15","9.196,77",,"0,22%",0.002166519468662621,-0.0020593871043598387,-0.00936039906813477,-0.0003108666128566825,0.0025426377948592213,0.004060948684766468,0.004724346022132724,0.006228355775636961
2013-12-11,9.2523,"9.239,97","9.252,30","9.194,57",,"0,12%",0.0011787799371837764,0.002166519468662621,-0.0020593871043598387,-0.00936039906813477,0.0009800936698867422,0.0037669429608545683,0.004595946896336003,0.00621644374567997
2013-12-12,9.32066,"9.241,91","9.320,66","9.241,91",,"0,74%",0.007361272375817264,0.0011787799371837764,0.002166519468662621,-0.0020593871043598387,-0.0003108666128566825,0.004506525810974164,0.004721653450209385,0.006256993418856247
2013-12-13,9.31557,"9.301,70","9.341,26","9.295,89",,"-0,05%",-0.0005462478330184843,0.007361272375817264,0.0011787799371837764,0.002166519468662621,-0.00936039906813477,0.00435681918494749,0.004715725035298775,0.006235192700890968
2013-12-16,9.35452,"9.306,56","9.354,52","9.293,17",,"0,42%",0.004172455141666322,-0.0005462478330184843,0.007361272375817264,0.0011787799371837764,-0.0020593871043598387,0.004392018197729482,0.004716772834344255,0.006230591069325359
2013-12-17,9.34976,"9.360,36","9.362,34","9.319,79",,"-0,05%",-0.0005089744275384217,0.004172455141666322,-0.0005462478330184843,0.007361272375817264,0.002166519468662621,0.004348810400624669,0.004721737289731623,0.006236481416336769
2013-12-18,9.3402,"9.330,64","9.350,23","9.297,43",,"-0,10%",-0.001023009234235988,-0.0005089744275384217,0.004172455141666322,-0.0005462478330184843,0.0011787799371837764,0.0043604955718427275,0.004728121683302492,0.006175129974762261
2013-12-19,9.36756,"9.317,66","9.367,56","9.314,76",,"0,29%",0.002924991501570358,-0.001023009234235988,-0.0005089744275384217,0.004172455141666322,0.007361272375817264,0.00444527949623756,0.004579729812927317,0.0061625692843616025
2013-12-20,9.27948,"9.335,80","9.340,24","9.269,68",,"-0,94%",-0.00944714604393159,0.002924991501570358,-0.001023009234235988,-0.0005089744275384217,-0.0005462478330184843,0.004466542782642519,0.005010997090889613,0.006307709184015208
2013-12-23,9.29326,"9.270,72","9.299,13","9.260,04",,"0,15%",0.0014838954864569288,-0.00944714604393159,0.002924991501570358,-0.001023009234235988,0.004172455141666322,0.004387677487205879,0.004168954868141024,0.006303402252112363
2013-12-24,9.29253,"9.283,55","9.292,55","9.251,89",,"-0,01%",-7.855463775030642e-05,0.0014838954864569288,-0.00944714604393159,0.002924991501570358,-0.0005089744275384217,0.004366020892660683,0.004117259855649799,0.006294825006912854
2013-12-25,9.25952,"9.269,99","9.277,27","9.243,24",,"-0,36%",-0.0035586401326348376,-7.855463775030642e-05,0.0014838954864569288,-0.00944714604393159,-0.001023009234235988,0.004543824084191858,0.004070540034728347,0.006279467981781825
2013-12-26,9.21057,"9.262,49","9.298,94","9.210,57",,"-0,53%",-0.005300473858462768,-0.0035586401326348376,-7.855463775030642e-05,0.0014838954864569288,0.002924991501570358,0.004023087335816395,0.004228226164170924,0.0062802465928674415
2013-12-27,9.2098,"9.215,24","9.240,88","9.203,91",,"-0,01%",-8.360309814075039e-05,-0.005300473858462768,-0.0035586401326348376,-7.855463775030642e-05,-0.00944714604393159,0.004033935020344097,0.0041799528895821,0.006207671382916563
2013-12-30,9.19487,"9.230,54","9.230,73","9.166,44",,"-0,16%",-0.001622414667030832,-8.360309814075039e-05,-0.005300473858462768,-0.0035586401326348376,0.0014838954864569288,0.003575908418664705,0.004077715126891851,0.006160238863528504
2013-12-31,9.11414,"9.162,87","9.208,59","9.114,14",,"-0,88%",-0.008818666130982507,-0.001622414667030832,-8.360309814075039e-05,-0.005300473858462768,-7.855463775030642e-05,0.004177722932740119,0.004402025404153979,0.006284633536316293
2014-01-02,9.14494,"9.093,22","9.144,94","9.069,63",,"0,34%",0.0033736671522162803,-0.008818666130982507,-0.001622414667030832,-8.360309814075039e-05,-0.0035586401326348376,0.004569538587787566,0.004493779177109828,0.0062086021619157305
2014-01-03,9.15417,"9.168,57","9.184,35","9.119,92",,"0,10%",0.0010087923164298926,0.0033736671522162803,-0.008818666130982507,-0.001622414667030832,-0.005300473858462768,0.004370664380331405,0.004514116671876917,0.006207964794436225
2014-01-06,9.23032,"9.162,89","9.230,32","9.136,72",,"0,83%",0.008284204294120818,0.0010087923164298926,0.0033736671522162803,-0.008818666130982507,-8.360309814075039e-05,0.004732640424883097,0.004505394727052159,0.006279007714941192
2014-01-07,9.27102,"9.211,57","9.271,02","9.183,99",,"0,44%",0.004399688417524962,0.008284204294120818,0.0010087923164298926,0.0033736671522162803,-0.001622414667030832,0.004955173658723781,0.004584923410314115,0.006206441145769476
2014-01-08,9.21574,"9.196,93","9.215,74","9.177,28",,"-0,60%",-0.005980514137087514,0.004399688417524962,0.008284204294120818,0.0010087923164298926,-0.008818666130982507,0.005275020383463772,0.004765750069281225,0.006269727378428352
2014-01-09,9.2399,"9.197,68","9.250,31","9.195,80",,"0,26%",0.0026181713341870004,-0.005980514137087514,0.004399688417524962,0.008284204294120818,0.0033736671522162803,0.0052816153744086195,0.004797461114615348,0.005538792112076482
2014-01-10,9.0791,"9.242,01","9.242,01","9.079,10",,"-1,74%",-0.01755599432634284,0.0026181713341870004,-0.005980514137087514,0.004399688417524962,0.0010087923164298926,0.007534794317525107,0.005880102292972609,0.005935192975644885
2014-01-13,9.1179,"9.088,63","9.136,11","9.076,28",,"0,43%",0.004264445655850453,-0.01755599432634284,0.0026181713341870004,-0.005980514137087514,0.008284204294120818,0.007744160341511486,0.006010072800814398,0.005951093627073916
2014-01-16,9.1821,"9.099,57","9.182,83","9.099,12",,"0,70%",0.007016422227459111,0.004264445655850453,-0.01755599432634284,0.0026181713341870004,0.004399688417524962,0.008139139310471536,0.006172155502111041,0.005988476768600454
2014-01-17,9.19008,"9.176,07","9.190,08","9.156,80",,"0,09%",0.0008687048027877361,0.007016422227459111,0.004264445655850453,-0.01755599432634284,-0.005980514137087514,0.007546185406105046,0.006184778663322011,0.005988203061065316
2014-01-20,9.18016,"9.182,55","9.190,69","9.156,63",,"-0,11%",-0.001080007769548668,0.0008687048027877361,0.007016422227459111,0.004264445655850453,0.0026181713341870004,0.00751070675791489,0.006184870231175827,0.005963476846709012
2014-01-21,9.19484,"9.179,64","9.194,84","9.159,37",,"0,16%",0.001597823469193752,-0.001080007769548668,0.0008687048027877361,0.007016422227459111,-0.01755599432634284,0.007518453514758558,0.006149092457010389,0.005962527805963239
2014-01-22,9.10502,"9.178,62","9.179,05","9.104,43",,"-0,98%",-0.009816547371169975,0.001597823469193752,-0.001080007769548668,0.0008687048027877361,0.004264445655850453,0.007599452124139656,0.006176513965931004,0.006089951366849637
2014-01-23,9.14118,"9.105,17","9.156,07","9.088,38",,"0,40%",0.003963570205206645,-0.009816547371169975,0.001597823469193752,-0.001080007769548668,0.007016422227459111,0.00756385048917081,0.006252342710188339,0.006029783572574569
2014-01-24,9.12019,"9.132,46","9.157,60","9.119,30",,"-0,23%",-0.002298842775080177,0.003963570205206645,-0.009816547371169975,0.001597823469193752,0.0008687048027877361,0.007404610953724619,0.006258100275883088,0.005853827774436547
2014-01-27,9.15718,"9.131,38","9.157,18","9.107,38",,"0,41%",0.004047633822769002,-0.002298842775080177,0.003963570205206645,-0.009816547371169975,-0.001080007769548668,0.007496356128858095,0.006321135473902365,0.005656267335999971
2014-01-28,9.13296,"9.157,03","9.165,61","9.125,38",,"-0,26%",-0.0026484230472681243,0.004047633822769002,-0.002298842775080177,0.003963570205206645,0.001597823469193752,0.004820649729442658,0.00624370523521941,0.004934397365607039
2014-01-29,9.13567,"9.119,08","9.149,42","9.107,83",,"0,03%",0.00029668344258728215,-0.0026484230472681243,0.004047633822769002,-0.002298842775080177,-0.009816547371169975,0.004644828336010137,0.0062453723549588495,0.004932633609302417
2014-01-30,9.14011,"9.125,66","9.140,11","9.098,71",,"0,05%",0.000485888983928779,0.00029668344258728215,-0.0026484230472681243,0.004047633822769002,0.003963570205206645,0.003992409535371999,0.006241517612589663,0.004933926433276606
2014-01-31,9.12128,"9.113,65","9.124,60","9.098,80",,"-0,21%",-0.0020622752894091786,0.000485888983928779,0.00029668344258728215,-0.0026484230472681243,-0.002298842775080177,0.003991747501194816,0.005931236494831917,0.004938026988200317
2014-02-03,9.16923,"9.126,60","9.169,23","9.113,65",,"0,53%",0.0052431681619215745,-0.0020622752894091786,0.000485888983928779,0.00029668344258728215,0.004047633822769002,0.004412553678492409,0.006000876218458756,0.004921862699727432
2014-02-04,9.14652,"9.169,22","9.169,22","9.102,89",,"-0,25%",-0.002479834201501389,0.0052431681619215745,-0.0020622752894091786,0.000485888983928779,-0.0026484230472681243,0.004424652138984811,0.006024723504471396,0.00492870204758632
2014-02-05,9.10497,"9.115,09","9.121,27","9.095,35",,"-0,45%",-0.004553060794363295,-0.002479834201501389,0.0052431681619215745,-0.0020622752894091786,0.00029668344258728215,0.003388540971477338,0.005769419777119819,0.00495911728083171
2014-02-06,9.0859,"9.108,60","9.108,60","9.081,57",,"-0,21%",-0.0020966569477906165,-0.004553060794363295,-0.002479834201501389,0.0052431681619215745,0.000485888983928779,0.0031330971466323587,0.005649796579369558,0.004963499470748413
2014-02-07,9.14889,"9.089,20","9.148,89","9.088,78",,"0,69%",0.00690879911975145,-0.0020966569477906165,-0.004553060794363295,-0.002479834201501389,-0.0020622752894091786,0.003851199421254626,0.0057862784567026685,0.005029677222497384
2014-02-10,9.15493,"9.123,46","9.155,71","9.116,13",,"0,07%",0.0006599715490245621,0.00690879911975145,-0.0020966569477906165,-0.004553060794363295,0.0052431681619215745,0.0036288808364636736,0.0057496120183238315,0.004993555475749776
2014-02-11,9.1457,"9.139,42","9.150,15","9.129,75",,"-0,10%",-0.001008708528900098,0.0006599715490245621,0.00690879911975145,-0.0020966569477906165,-0.002479834201501389,0.0035329253755817863,0.004119938125663609,0.004938632314449422
2014-02-12,9.16924,"9.134,89","9.169,24","9.105,35",,"0,26%",0.0025705804073029924,-0.001008708528900098,0.0006599715490245621,0.00690879911975145,-0.004553060794363295,0.003616365669195935,0.004052425170539352,0.004946657543139605
2014-02-13,9.1382,"9.116,12","9.138,20","9.102,71",,"-0,34%",-0.0033909743517736694,0.0025705804073029924,-0.001008708528900098,0.0006599715490245621,-0.0020966569477906165,0.0038050622122140967,0.0038024736729715307,0.004946630410084507
2014-02-14,9.20578,"9.129,79","9.205,78","9.112,64",,"0,74%",0.007368118122479782,-0.0033909743517736694,0.0025705804073029924,-0.001008708528900098,0.00690879911975145,0.004369637824962978,0.0041628340615288435,0.005042218473823742
2014-02-17,9.17838,"9.205,52","9.205,52","9.156,07",,"-0,30%",-0.0029808291799239993,0.007368118122479782,-0.0033909743517736694,0.0025705804073029924,0.0006599715490245621,0.0042379513850579805,0.004212245826503388,0.005055744114595007
2014-02-18,9.2289,"9.171,60","9.228,90","9.167,93",,"0,55%",0.0054891463432183586,-0.0029808291799239993,0.007368118122479782,-0.0033909743517736694,-0.001008708528900098,0.004443260961894094,0.004377053261791219,0.00506762664905864
2014-02-19,9.24116,"9.228,79","9.241,16","9.214,54",,"0,13%",0.0013275540848905875,0.0054891463432183586,-0.0029808291799239993,0.007368118122479782,0.0025705804073029924,0.004009868571090179,0.003692675032008121,0.0050374198310452825
2014-02-20,9.24331,"9.238,08","9.243,31","9.204,44",,"0,02%",0.0002326277150164573,0.0013275540848905875,0.0054891463432183586,-0.0029808291799239993,-0.0033909743517736694,0.003842892776773746,0.003614784269164019,0.004767482133091975
2014-02-21,9.25873,"9.231,08","9.258,73","9.220,00",,"0,17%",0.0016668436096996244,0.0002326277150164573,0.0013275540848905875,0.0054891463432183586,0.007368118122479782,0.003386524624374977,0.0035582956797420478,0.004759776647233092
2014-02-24,9.23705,"9.226,12","9.237,05","9.208,13",,"-0,23%",-0.0023443196155166343,0.0016668436096996244,0.0002326277150164573,0.0013275540848905875,-0.0029808291799239993,0.003567530690589638,0.003533852876762029,0.004732229363389794
2014-02-25,9.21726,"9.221,93","9.236,12","9.210,93",,"-0,21%",-0.0021447572503268623,-0.0023443196155166343,0.0016668436096996244,0.0002326277150164573,0.0054891463432183586,0.0036519081608833667,0.003512458754461794,0.004739581052796433
2014-02-26,9.23231,"9.218,48","9.232,31","9.214,07",,"0,16%",0.0016314746997601987,-0.0021447572503268623,-0.0023443196155166343,0.0016668436096996244,0.0013275540848905875,0.003612592315305079,0.0035218727613367277,0.00472816455654846
2014-02-27,9.27694,"9.227,18","9.276,94","9.227,18",,"0,48%",0.0048224629840173125,0.0016314746997601987,-0.0021447572503268623,-0.0023443196155166343,0.0002326277150164573,0.003515179206639343,0.003650412113245993,0.00474462747356187
2014-02-28,9.44236,"9.265,91","9.442,36","9.265,91",,"1,78%",0.017674197870460442,0.0048224629840173125,0.0016314746997601987,-0.0021447572503268623,0.0016668436096996244,0.006033387447054003,0.005193647220956726,0.005258383585418475
2014-03-03,9.44176,"9.405,73","9.465,69","9.402,78",,"-0,01%",-6.354545514454232e-05,0.017674197870460442,0.0048224629840173125,0.0016314746997601987,-0.0023443196155166343,0.005803051421481214,0.005139985793292923,0.005257537504893652
2014-03-04,9.48596,"9.441,76","9.485,96","9.441,76",,"0,47%",0.004670407248567743,-6.354545514454232e-05,0.017674197870460442,0.0048224629840173125,-0.0021447572503268623,0.005767016336539485,0.005099711276896364,0.005288602160264268
2014-03-05,9.49694,"9.478,56","9.512,92","9.460,65",,"0,12%",0.001156830750254853,0.004670407248567743,-6.354545514454232e-05,0.017674197870460442,0.0016314746997601987,0.005771936843333888,0.004879092536444351,0.0051357079392852
2014-03-06,9.52309,"9.494,34","9.579,00","9.469,70",,"0,28%",0.002749734514273952,0.001156830750254853,0.004670407248567743,-6.354545514454232e-05,0.0048224629840173125,0.005705417638678742,0.004778619411414569,0.005133306171024271
2014-03-07,9.5441,"9.539,82","9.547,84","9.521,76",,"0,22%",0.002203786557246034,0.002749734514273952,0.001156830750254853,0.004670407248567743,0.017674197870460442,0.005694181581656353,0.004656623322475343,0.00513350898792679
2014-03-10,9.55741,"9.551,93","9.558,66","9.504,55",,"0,14%",0.0013936073278143328,0.002203786557246034,0.002749734514273952,0.001156830750254853,-6.354545514454232e-05,0.005417754008570196,0.004647442718244846,0.005134038970158911
2014-03-11,9.56146,"9.533,45","9.572,70","9.513,96",,"0,04%",0.0004236652124919785,0.0013936073278143328,0.002203786557246034,0.002749734514273952,0.004670407248567743,0.005180891109447583,0.004607045452934921,0.005055346105377031
2014-03-12,9.55009,"9.547,89","9.563,78","9.517,19",,"-0,12%",-0.0011898565361188264,0.0004236652124919785,0.0013936073278143328,0.002203786557246034,0.001156830750254853,0.005377114385592289,0.004668432326813269,0.005058124218384687
2014-03-13,9.58897,"9.535,03","9.589,70","9.519,96",,"0,41%",0.00406290104981108,-0.0011898565361188264,0.0004236652124919785,0.0013936073278143328,0.002749734514273952,0.005359876299635133,0.00450722794289153,0.005056764214746305
2014-03-14,9.57164,"9.545,45","9.571,64","9.527,35",,"-0,18%",-0.0018089199378921942,0.00406290104981108,-0.0011898565361188264,0.0004236652124919785,0.002203786557246034,0.0021186274760123386,0.0044423001412009725,0.005063559724933685
2014-03-17,9.59338,"9.571,92","9.593,38","9.548,76",,"0,23%",0.002268717624587996,-0.0018089199378921942,0.00406290104981108,-0.0011898565361188264,0.0013936073278143328,0.0020723907401333187,0.004288119237262077,0.005065812748566009
2014-03-18,9.57786,"9.559,00","9.581,95","9.559,00",,"-0,16%",-0.0016190922851543655,0.002268717624587996,-0.0018089199378921942,0.00406290104981108,0.0004236652124919785,0.0019873391093865648,0.0042966951483912,0.00506208564303304
2014-03-19,9.60192,"9.568,34","9.601,92","9.560,46",,"0,25%",0.0025088934931021905,-0.0016190922851543655,0.002268717624587996,-0.0018089199378921942,-0.0011898565361188264,0.002047002791079121,0.0042971722797493644,0.004901873395338678
2014-03-20,9.59021,"9.588,92","9.604,65","9.570,43",,"-0,12%",-0.0012202920106444846,0.0025088934931021905,-0.0016190922851543655,0.002268717624587996,0.00406290104981108,0.002076128683273052,0.004339182572223797,0.0049057518001935
2014-03-21,9.5763,"9.548,83","9.578,30","9.540,52",,"-0,15%",-0.0014514903800599914,-0.0012202920106444846,0.0025088934931021905,-0.0016190922851543655,-0.0018089199378921942,0.0021039998693269265,0.00440139126128118,0.004911809237923718
2014-03-24,9.56177,"9.591,03","9.594,91","9.556,25",,"-0,15%",-0.001518439716415483,-0.0014514903800599914,-0.0012202920106444846,0.0025088934931021905,0.002268717624587996,0.002142648613152826,0.004365312707217232,0.004890241102104745
2014-03-25,9.57902,"9.548,42","9.579,02","9.537,35",,"0,18%",0.0018024339298539633,-0.001518439716415483,-0.0014514903800599914,-0.0012202920106444846,-0.0016190922851543655,0.0022128889035005973,0.004269199701776716,0.004832202913493237
2014-03-26,9.61477,"9.561,38","9.614,77","9.550,47",,"0,37%",0.0037251674986033306,0.0018024339298539633,-0.001518439716415483,-0.0014514903800599914,0.0025088934931021905,0.002410937862023644,0.004287258064217694,0.004847346356949843
2014-03-27,9.64625,"9.627,22","9.648,36","9.590,06",,"0,33%",0.003268780991881612,0.0037251674986033306,0.0018024339298539633,-0.001518439716415483,-0.0012202920106444846,0.002297349604296601,0.004247883144487821,0.004848461614644062
2014-03-28,9.58703,"9.643,09","9.643,09","9.565,22",,"-0,61%",-0.0061580954622031765,0.003268780991881612,0.0037251674986033306,0.0018024339298539633,-0.0014514903800599914,0.0030811123691171023,0.0026460194329842894,0.0047705530033647124
2014-03-31,9.51921,"9.557,44","9.578,01","9.502,89",,"-0,71%",-0.007099281160771784,-0.0061580954622031765,0.003268780991881612,0.0037251674986033306,-0.001518439716415483,0.0037256788925670702,0.003175942520768549,0.004867013351560241
2014-04-01,9.56759,"9.508,48","9.567,59","9.492,66",,"0,51%",0.005069482952868717,-0.007099281160771784,-0.0061580954622031765,0.003268780991881612,0.0018024339298539633,0.004135392019267385,0.0032052471308903693,0.004899946724647254
2014-04-02,9.52593,"9.558,31","9.558,31","9.512,49",,"-0,44%",-0.004363791077788651,0.005069482952868717,-0.007099281160771784,-0.0061580954622031765,0.0037251674986033306,0.0042224702231851855,0.003372563369626204,0.004841435683598483
2014-04-03,9.53259,"9.500,47","9.532,59","9.500,47",,"0,07%",0.0006989000479676992,-0.004363791077788651,0.005069482952868717,-0.007099281160771784,0.003268780991881612,0.0042445273185401184,0.00332020680757639,0.004814741094613848
2014-04-04,9.52221,"9.507,28","9.524,58","9.496,66",,"-0,11%",-0.0010894893703156767,0.0006989000479676992,-0.004363791077788651,0.005069482952868717,-0.0061580954622031765,0.004238022014953266,0.003289281521089327,0.004744680884609125
2014-04-07,9.56378,"9.519,37","9.566,56","9.503,35",,"0,44%",0.004356081684428561,-0.0010894893703156767,0.0006989000479676992,-0.004363791077788651,-0.007099281160771784,0.004490994827426804,0.003424699924071069,0.004762820264082192
2014-04-08,9.56374,"9.575,32","9.582,65","9.540,15",,"0,00%",-4.1824554359924765e-06,0.004356081684428561,-0.0010894893703156767,0.0006989000479676992,0.005069482952868717,0.00444749768043076,0.003423469315388773,0.0041269661157713805
2014-04-09,9.59574,"9.559,46","9.597,18","9.527,26",,"0,33%",0.0033403860391970665,-4.1824554359924765e-06,0.004356081684428561,-0.0010894893703156767,-0.004363791077788651,0.004411673477211445,0.0034890124697929594,0.004115780669941196
2014-04-10,9.56723,"9.565,05","9.577,68","9.552,16",,"-0,30%",-0.002975532606389849,0.0033403860391970665,-4.1824554359924765e-06,0.004356081684428561,0.0006989000479676992,0.004307115935534457,0.0034375404454991027,0.004063921226995589
2014-04-11,9.60022,"9.541,79","9.600,22","9.520,93",,"0,34%",0.003442297496641602,-0.002975532606389849,0.0033403860391970665,-4.1824554359924765e-06,-0.0010894893703156767,0.004047844344545993,0.003501182957567327,0.004079447223345089
2014-04-14,9.57539,"9.563,11","9.575,39","9.549,90",,"-0,26%",-0.0025897495701561308,0.003442297496641602,-0.002975532606389849,0.0033403860391970665,0.004356081684428561,0.003341636517252198,0.0035148959570691614,0.004095411101448839
2014-04-15,9.56896,"9.562,60","9.568,96","9.515,84",,"-0,07%",-0.0006717386844459025,-0.0025897495701561308,0.003442297496641602,-0.002975532606389849,-4.1824554359924765e-06,0.0029573065243366343,0.0034996097277558216,0.0040974823523609255
2014-04-16,9.56598,"9.528,32","9.565,98","9.499,91",,"-0,03%",-0.0003114721053834556,-0.0006717386844459025,-0.0025897495701561308,0.003442297496641602,0.0033403860391970665,0.002538746998063734,0.0034476585818799107,0.0038623846706345127
2014-04-17,9.52885,"9.525,84","9.528,91","9.492,03",,"-0,39%",-0.0038890156966608163,-0.0003114721053834556,-0.0006717386844459025,-0.0025897495701561308,-0.002975532606389849,0.0028749479636571737,0.003540138955515983,0.003887129932770288
2014-04-18,9.55505,"9.531,70","9.555,07","9.505,38",,"0,27%",0.002745771719692513,-0.0038890156966608163,-0.0003114721053834556,-0.0006717386844459025,0.003442297496641602,0.0029734059713007865,0.0035935966211925116,0.003875877641008961
2014-04-21,9.57046,"9.556,76","9.571,15","9.543,84",,"0,16%",0.0016114606444200387,0.002745771719692513,-0.0038890156966608163,-0.0003114721053834556,-0.0025897495701561308,0.002673495679798506,0.003597231626393619,0.003853724304163617
2014-04-22,9.5119,"9.527,89","9.538,39","9.503,66",,"-0,61%",-0.006137624888287165,0.0016114606444200387,0.002745771719692513,-0.0038890156966608163,-0.0006717386844459025,0.003318186030855284,0.0038241074865680725,0.00393120454964759
2014-04-23,9.51784,"9.508,48","9.517,84","9.474,38",,"0,06%",0.0006242860063159819,-0.006137624888287165,0.0016114606444200387,0.002745771719692513,-0.0003114721053834556,0.003066567788947701,0.003711318538971848,0.003930894071189354
2014-04-24,9.52575,"9.509,69","9.532,10","9.492,55",,"0,08%",0.0008307257670318041,0.0006242860063159819,-0.006137624888287165,0.0016114606444200387,-0.0038890156966608163,0.0030042062550091207,0.003619693396782451,0.003930853049069574
2014-04-25,9.51548,"9.513,65","9.520,41","9.488,01",,"-0,11%",-0.0010787119315153672,0.0008307257670318041,0.0006242860063159819,-0.006137624888287165,0.002745771719692513,0.0026784892286624987,0.00338166868161548,0.0039212250627833995
2014-04-28,9.50439,"9.514,57","9.514,58","9.476,57",,"-0,12%",-0.0011661490069886395,-0.0010787119315153672,0.0008307257670318041,0.0006242860063159819,0.0016114606444200387,0.0026149893952740586,0.0029993210838125954,0.0038826166698183026
2014-04-29,9.45915,"9.496,13","9.503,63","9.459,15",,"-0,48%",-0.004771270113500774,-0.0011661490069886395,-0.0010787119315153672,0.0008307257670318041,-0.006137624888287165,0.0029073578925677118,0.0029164930186266714,0.003924451967639965
2014-04-30,9.47164,"9.474,77","9.489,99","9.456,49",,"0,13%",0.001319543644221574,-0.004771270113500774,-0.0011661490069886395,-0.0010787119315153672,0.0006242860063159819,0.0030040299818337927,0.002802015600439206,0.003867585908559655
2014-05-02,9.48414,"9.458,50","9.499,91","9.453,91",,"0,13%",0.0013188591355105055,0.001319543644221574,-0.004771270113500774,-0.0011661490069886395,0.0008307257670318041,0.002895274851007345,0.0028168719525277185,0.0038514558274324617
2014-05-05,9.50232,"9.503,08","9.503,85","9.476,15",,"0,19%",0.001915049520145568,0.0013188591355105055,0.001319543644221574,-0.004771270113500774,-0.0010787119315153672,0.0028031984736104835,0.002849936465693665,0.003768400914849129
2014-05-06,9.46887,"9.456,48","9.469,38","9.440,69",,"-0,35%",-0.0035264034216099457,0.001915049520145568,0.0013188591355105055,0.001319543644221574,-0.0011661490069886395,0.002833016287989703,0.002743660617163867,0.003806433022736655
2014-05-07,9.45823,"9.437,67","9.458,62","9.429,01",,"-0,11%",-0.00112431393301876,-0.0035264034216099457,0.001915049520145568,0.0013188591355105055,-0.004771270113500774,0.0022114412306551232,0.00274446781186072,0.003807270707789836
2014-05-08,9.43005,"9.427,35","9.430,12","9.389,47",,"-0,30%",-0.002983863105400888,-0.00112431393301876,-0.0035264034216099457,0.001915049520145568,0.001319543644221574,0.002288687736123948,0.002634183697875811,0.0038250421630371735
2014-05-09,9.4551,"9.430,74","9.458,41","9.428,22",,"0,27%",0.002652879610841816,-0.002983863105400888,-0.00112431393301876,-0.0035264034216099457,0.0013188591355105055,0.0025063358459685436,0.002697396997418526,0.003801216949791962
2014-05-12,9.45771,"9.458,26","9.460,72","9.428,97",,"0,03%",0.0002760034089666794,0.002652879610841816,-0.002983863105400888,-0.00112431393301876,0.001915049520145568,0.0025228183201757644,0.0025364259200840247,0.0036949660818280357
2014-05-13,9.48653,"9.445,89","9.486,53","9.437,33",,"0,30%",0.0030426158276553824,0.0002760034089666794,0.002652879610841816,-0.002983863105400888,-0.0035264034216099457,0.0027595035961312463,0.0026320276260145274,0.003681976970704064
2014-05-14,9.47186,"9.464,56","9.473,61","9.453,50",,"-0,15%",-0.0015476000786954166,0.0030426158276553824,0.0002760034089666794,0.002652879610841816,-0.00112431393301876,0.002317500170335636,0.0026428921336051747,0.0036337518754087097
2014-05-15,9.46047,"9.473,10","9.483,60","9.460,33",,"-0,12%",-0.0012032329221150948,-0.0015476000786954166,0.0030426158276553824,0.0002760034089666794,-0.002983863105400888,0.002311442533621669,0.002646886584315053,0.0036378792253984418
2014-05-16,9.4493,"9.446,31","9.467,72","9.437,95",,"-0,12%",-0.0011814000169406095,-0.0012032329221150948,-0.0015476000786954166,0.0030426158276553824,0.002652879610841816,0.0022736662057062777,0.0025342068289302753,0.0036434978847847007
2014-05-19,9.46262,"9.452,05","9.463,03","9.419,17",,"0,14%",0.0014086356332432544,-0.0011814000169406095,-0.0012032329221150948,-0.0015476000786954166,0.0002760034089666794,0.002222222832186791,0.0024629518547878474,0.003642089200690089
2014-05-20,9.45634,"9.452,51","9.469,75","9.440,89",,"-0,07%",-0.0006638842970917252,0.0014086356332432544,-0.0011814000169406095,-0.0012032329221150948,0.0030426158276553824,0.0019444273157655904,0.0024130111216026876,0.003627348388306599
2014-05-21,9.4625,"9.454,76","9.464,34","9.446,01",,"0,07%",0.0006512027394582065,-0.0006638842970917252,0.0014086356332432544,-0.0011814000169406095,-0.0015476000786954166,0.0019247547926159107,0.0020419653431627926,0.0036121471361343213
2014-05-22,9.43316,"9.459,82","9.459,82","9.431,51",,"-0,31%",-0.0031054775096029936,0.0006512027394582065,-0.0006638842970917252,0.0014086356332432544,-0.0012032329221150948,0.0019462836360467062,0.002125526924262567,0.003637291166717435
2014-05-23,9.48555,"9.437,44","9.485,55","9.433,19",,"0,56%",0.005538446746021809,-0.0031054775096029936,0.0006512027394582065,-0.0006638842970917252,-0.0011814000169406095,0.002510109637339734,0.0025018180389264504,0.0036533230539557812
2014-05-26,9.37828,"9.366,49","9.437,39","9.330,82",,"-1,13%",-0.011373210665915422,0.005538446746021809,-0.0031054775096029936,0.0006512027394582065,0.0014086356332432544,0.004470897790091075,0.0035352110564536516,0.003220435876389925
2014-05-27,9.38271,"9.361,11","9.382,71","9.341,74",,"0,05%",0.0004722565368174458,-0.011373210665915422,0.005538446746021809,-0.0031054775096029936,-0.0006638842970917252,0.004293011775456921,0.003543452677813013,0.003221319473011762
2014-05-28,9.41074,"9.366,61","9.419,86","9.352,38",,"0,30%",0.0029829563794099684,0.0004722565368174458,-0.011373210665915422,0.005538446746021809,0.0006512027394582065,0.0044757495614389815,0.0034919692603609695,0.0031860980523188654
2014-05-29,9.45957,"9.402,78","9.461,45","9.396,08",,"0,52%",0.005175337234945251,0.0029829563794099684,0.0004722565368174458,-0.011373210665915422,-0.0031054775096029936,0.004828357632799488,0.00368468439808971,0.003255152766718626
2014-05-30,9.49479,"9.459,61","9.494,79","9.439,30",,"0,37%",0.003716299630790296,0.005175337234945251,0.0029829563794099684,0.0004722565368174458,0.005538446746021809,0.004943311511968045,0.003770040476022651,0.003271672081829301
2014-06-02,9.46949,"9.495,53","9.511,60","9.469,49",,"-0,27%",-0.0026681756449033,0.003716299630790296,0.005175337234945251,0.0029829563794099684,-0.011373210665915422,0.0050256636308983445,0.0037903389774732784,0.0032752539491307992
2014-06-03,9.4376,"9.467,41","9.474,47","9.424,82",,"-0,34%",-0.0033733409256345008,-0.0026681756449033,0.003716299630790296,0.005175337234945251,0.0004722565368174458,0.0051414816687369086,0.003783359910579431,0.0032954038970210865
2014-06-04,9.42451,"9.423,70","9.437,82","9.372,35",,"-0,14%",-0.0013879679528368105,-0.0033733409256345008,-0.0026681756449033,0.003716299630790296,0.0029829563794099684,0.005144479773437682,0.0037873342686890413,0.0032977958511564427
2014-06-05,9.36138,"9.404,30","9.418,83","9.357,00",,"-0,67%",-0.006721027073325984,-0.0013879679528368105,-0.0033733409256345008,-0.0026681756449033,0.005175337234945251,0.005472182807515501,0.0040181812277708525,0.0034004951203585633
2014-06-06,9.33838,"9.358,38","9.367,52","9.316,38",,"-0,25%",-0.002459925859818462,-0.006721027073325984,-0.0013879679528368105,-0.0033733409256345008,0.003716299630790296,0.005014019384833647,0.0039784912877429395,0.0033616335222436634
2014-06-09,9.35043,"9.328,17","9.357,72","9.324,35",,"0,13%",0.0012895418884184139,-0.002459925859818462,-0.006721027073325984,-0.0013879679528368105,-0.0026681756449033,0.0036839435747026287,0.003996931775105414,0.003364067140298887
2014-06-10,9.32851,"9.346,60","9.350,57","9.311,37",,"-0,23%",-0.002347029334884843,0.0012895418884184139,-0.002459925859818462,-0.006721027073325984,-0.0033733409256345008,0.003726134554745401,0.003921492399357689,0.0033550082703999932
2014-06-11,9.34943,"9.332,30","9.365,49","9.332,29",,"0,22%",0.002240076662410022,-0.002347029334884843,0.0012895418884184139,-0.002459925859818462,-0.0013879679528368105,0.003653927664988809,0.00397658865305644,0.003369500902487154
2014-06-12,9.41506,"9.346,51","9.415,06","9.334,28",,"0,70%",0.0069951560226983196,0.002240076662410022,-0.002347029334884843,0.0012895418884184139,-0.006721027073325984,0.00400494900404935,0.004323994776128857,0.003483059802441468
2014-06-13,9.39885,"9.392,54","9.413,18","9.382,36",,"-0,17%",-0.0017231935319303672,0.0069951560226983196,0.002240076662410022,-0.002347029334884843,-0.002459925859818462,0.0037331145188142507,0.004331889177210106,0.0034858485208581922
2014-06-16,9.33172,"9.363,60","9.364,23","9.328,15",,"-0,71%",-0.007167991943506548,-0.0017231935319303672,0.0069951560226983196,0.002240076662410022,0.0012895418884184139,0.004196843848635815,0.004574912102184376,0.0035933207292707693
2014-06-17,9.31949,"9.312,67","9.338,27","9.307,94",,"-0,13%",-0.0013114432525126634,-0.007167991943506548,-0.0017231935319303672,0.0069951560226983196,-0.002347029334884843,0.004143006267613537,0.004576960161509512,0.0035923584185446693
2014-06-18,9.32327,"9.320,58","9.352,78","9.309,55",,"0,04%",0.0004055193599876384,-0.0013114432525126634,-0.007167991943506548,-0.0017231935319303672,0.002240076662410022,0.004175513345870937,0.004573389505547803,0.0035821719535321763
2014-06-19,9.30834,"9.320,81","9.329,68","9.308,34",,"-0,16%",-0.001602653039177995,0.0004055193599876384,-0.0013114432525126634,-0.007167991943506548,0.0069951560226983196,0.003693037508682088,0.004544755147730455,0.003542712506746607
2014-06-20,9.27194,"9.301,01","9.303,82","9.233,44",,"-0,39%",-0.00391813757027549,-0.001602653039177995,0.0004055193599876384,-0.0013114432525126634,-0.0017231935319303672,0.003803179486180483,0.004353164178805375,0.003533242882993783
2014-06-23,9.21709,"9.238,75","9.251,95","9.212,57",,"-0,59%",-0.0059332653914097805,-0.00391813757027549,-0.001602653039177995,0.0004055193599876384,-0.007167991943506548,0.004057736108478264,0.0038169658240426794,0.0035274270819875566
2014-06-24,9.20373,"9.203,16","9.209,42","9.196,53",,"-0,14%",-0.0014505328582011133,-0.0059332653914097805,-0.00391813757027549,-0.001602653039177995,-0.0013114432525126634,0.004045263323168622,0.0038056602985050286,0.003426476726729703
2014-06-25,9.23974,"9.188,78","9.251,98","9.184,92",,"0,39%",0.0039049100584285616,-0.0014505328582011133,-0.0059332653914097805,-0.00391813757027549,0.0004055193599876384,0.004238900467801572,0.0038611520901826717,0.003397211127124338
2014-06-26,9.25028,"9.213,10","9.250,28","9.205,50",,"0,11%",0.0011400746069102853,0.0039049100584285616,-0.0014505328582011133,-0.0059332653914097805,-0.001602653039177995,0.003280141522379607,0.0036242102568637318,0.0033675185023341893
2014-06-27,9.24745,"9.233,40","9.267,06","9.230,94",,"-0,03%",-0.0003059834933345675,0.0011400746069102853,0.0039049100584285616,-0.0014505328582011133,-0.00391813757027549,0.003312635599296746,0.0034491631927894184,0.0033640054683282882
2014-06-30,9.22663,"9.217,61","9.258,98","9.209,59",,"-0,23%",-0.002253969758110661,-0.0003059834933345675,0.0011400746069102853,0.0039049100584285616,-0.0059332653914097805,0.002708171941990409,0.003441876481117027,0.0033707803210763524
2014-07-01,9.25946,"9.195,41","9.264,44","9.195,41",,"0,36%",0.003551863537886203,-0.002253969758110661,-0.0003059834933345675,0.0011400746069102853,-0.0014505328582011133,0.0030831854263396324,0.0035682418195836845,0.003352589764526532
2014-07-02,9.21355,"9.232,29","9.232,29","9.194,98",,"-0,50%",-0.004970505025515098,0.003551863537886203,-0.002253969758110661,-0.0003059834933345675,0.0039049100584285616,0.003337621245518083,0.003679427196979465,0.0034001326207088534
2014-07-03,9.21828,"9.188,34","9.224,61","9.183,51",,"0,05%",0.0005132425921712685,-0.004970505025515098,0.003551863537886203,-0.002253969758110661,0.0011400746069102853,0.003374978825447156,0.0034494644784340946,0.003363688982620243
2014-07-04,9.20512,"9.183,58","9.209,11","9.172,53",,"-0,14%",-0.0014286181962331911,0.0005132425921712685,-0.004970505025515098,0.003551863537886203,-0.0003059834933345675,0.0032218781340398396,0.0034305322990425893,0.003351615800803485
2014-07-07,9.31225,"9.189,05","9.312,25","9.171,58",,"1,16%",0.011570886714410629,-0.0014286181962331911,0.0005132425921712685,-0.004970505025515098,-0.002253969758110661,0.00455567394034525,0.004384884308645408,0.0036688232261742966
2014-07-08,9.22426,"9.256,92","9.256,92","9.201,68",,"-0,94%",-0.00949376780086049,0.011570886714410629,-0.0014286181962331911,0.0005132425921712685,0.003551863537886203,0.00562601802733045,0.004836604557778761,0.0038395294000747957
2014-07-09,9.20653,"9.207,98","9.214,82","9.189,46",,"-0,19%",-0.001923955019737738,-0.00949376780086049,0.011570886714410629,-0.0014286181962331911,-0.004970505025515098,0.0055027459886427205,0.004799118085717008,0.0038432022608662223
2014-07-10,9.20484,"9.175,99","9.204,84","9.175,68",,"-0,02%",-0.00018358221085624555,-0.001923955019737738,-0.00949376780086049,0.011570886714410629,0.0005132425921712685,0.005478517841644757,0.004443013321955569,0.0038434250023113214
2014-07-11,9.22987,"9.183,71","9.229,87","9.173,28",,"0,27%",0.002715531232241993,-0.00018358221085624555,-0.001923955019737738,-0.00949376780086049,-0.0014286181962331911,0.005572459770979054,0.004521933156784192,0.003843413747466867
2014-07-14,9.25597,"9.237,53","9.255,97","9.225,22",,"0,28%",0.0028237848367104108,0.002715531232241993,-0.00018358221085624555,-0.001923955019737738,0.011570886714410629,0.005594821598055499,0.004342198332015526,0.00384455419686537
2014-07-15,9.23679,"9.254,18","9.254,18","9.199,74",,"-0,21%",-0.002074326047313061,0.0028237848367104108,0.002715531232241993,-0.00018358221085624555,-0.00949376780086049,0.005515759719622627,0.004353891732040408,0.003839199605681396
2014-07-16,9.26138,"9.233,79","9.261,90","9.228,52",,"0,27%",0.0026586429343327753,-0.002074326047313061,0.0028237848367104108,0.002715531232241993,-0.001923955019737738,0.00531345043202815,0.004405914189474539,0.0037914739201920433
2014-07-17,9.24121,"9.237,67","9.253,14","9.230,08",,"-0,22%",-0.00218023617123035,0.0026586429343327753,-0.002074326047313061,0.0028237848367104108,-0.00018358221085624555,0.005381538486733644,0.0044165542581402414,0.0037953554538640104
2014-07-18,9.24978,"9.217,38","9.249,78","9.210,49",,"0,09%",0.0009269379966805343,-0.00218023617123035,0.0026586429343327753,-0.002074326047313061,0.002715531232241993,0.005351444227853799,0.004343498414432695,0.00379594387830242
2014-07-21,9.25509,"9.238,46","9.255,09","9.226,34",,"0,06%",0.0005739029937247863,0.0009269379966805343,-0.00218023617123035,0.0026586429343327753,0.0028237848367104108,0.0036928921911828904,0.004123228389066102,0.00379759498715176
2014-07-22,9.25982,"9.236,45","9.285,31","9.227,72",,"0,05%",0.0005109395727985056,0.0005739029937247863,0.0009269379966805343,-0.00218023617123035,-0.002074326047313061,0.0019770073085993278,0.004105047411777676,0.0037984995049897058
2014-07-23,9.29289,"9.258,76","9.292,89","9.258,76",,"0,36%",0.003564981614452908,0.0005109395727985056,0.0005739029937247863,0.0009269379966805343,0.0026586429343327753,0.0020261561577756926,0.004090028936995279,0.0037896315838667257
2014-07-24,9.33389,"9.299,02","9.339,29","9.292,49",,"0,44%",0.00440227094698519,0.003564981614452908,0.0005109395727985056,0.0005739029937247863,-0.00218023617123035,0.0022516124377711614,0.004189682661704912,0.0038325540134205166
2014-07-25,9.30008,"9.321,39","9.324,56","9.281,66",,"-0,36%",-0.003628860312923111,0.00440227094698519,0.003564981614452908,0.0005109395727985056,0.0009269379966805343,0.00268872302073291,0.004286012988004365,0.0038515346137843135
2014-07-31,9.33109,"9.288,48","9.331,09","9.275,07",,"0,33%",0.003328833201080091,-0.003628860312923111,0.00440227094698519,0.003564981614452908,0.0005739029937247863,0.0027361670363102697,0.004293828332449794,0.0038697628164323893
2014-08-01,9.32505,"9.284,08","9.325,05","9.272,66",,"-0,06%",-0.000647508028030572,0.003328833201080091,-0.003628860312923111,0.00440227094698519,0.0005109395727985056,0.0026031120013884127,0.004242341136273493,0.0038468992816632717
2014-08-04,9.33224,"9.311,79","9.332,24","9.299,83",,"0,08%",0.0007707443423920548,-0.000647508028030572,0.003328833201080091,-0.003628860312923111,0.003564981614452908,0.002533020253949317,0.0040531938124906235,0.0038474211770293614
2014-08-05,9.37934,"9.312,72","9.379,46","9.298,22",,"0,50%",0.005034326281039639,0.0007707443423920548,-0.000647508028030572,0.003328833201080091,0.00440227094698519,0.0026275010684299227,0.004170140207657281,0.0038889456415360925
2014-08-06,9.40925,"9.340,19","9.409,25","9.336,76",,"0,32%",0.003183849907440779,0.005034326281039639,0.0007707443423920548,-0.000647508028030572,-0.003628860312923111,0.0026709384981105067,0.0041640965511751315,0.003895890616875883
2014-08-07,9.43312,"9.430,90","9.437,67","9.401,46",,"0,25%",0.002533652907702087,0.003183849907440779,0.005034326281039639,0.0007707443423920548,0.003328833201080091,0.0026501864334597274,0.0033851566339346993,0.003910273180618532
2014-08-08,9.42632,"9.414,97","9.443,51","9.392,90",,"-0,07%",-0.0007211243064139868,0.002533652907702087,0.003183849907440779,0.005034326281039639,-0.000647508028030572,0.0027490102353513084,0.0024382209714235684,0.003890065014096137
2014-08-11,9.43371,"9.431,67","9.433,71","9.381,27",,"0,08%",0.0007836679345900828,-0.0007211243064139868,0.002533652907702087,0.003183849907440779,0.0007707443423920548,0.002688622887356035,0.0023354519925582826,0.0038870646292066802
2014-08-12,9.40141,"9.405,93","9.419,72","9.394,82",,"-0,34%",-0.003429766485466587,0.0007836679345900828,-0.0007211243064139868,0.002533652907702087,0.005034326281039639,0.002884171420219347,0.0025417372067245317,0.003908661366218632
2014-08-13,9.41363,"9.415,71","9.432,09","9.393,68",,"0,13%",0.0012989610139794274,-0.003429766485466587,0.0007836679345900828,-0.0007211243064139868,0.003183849907440779,0.0024461436303455605,0.002512644197937531,0.003910193566815727
2014-08-15,9.41402,"9.436,71","9.437,42","9.357,84",,"0,00%",4.142843106348508e-05,0.0012989610139794274,-0.003429766485466587,0.0007836679345900828,0.002533652907702087,0.002349264679390459,0.0024823605449143344,0.0039054528532604686
2014-08-18,9.39336,"9.394,58","9.407,90","9.385,30",,"-0,22%",-0.00219701078089964,4.142843106348508e-05,0.0012989610139794274,-0.003429766485466587,-0.0007211243064139868,0.0025073440268156082,0.002490097866395946,0.003914304382738552
2014-08-19,9.41855,"9.402,67","9.463,02","9.402,49",,"0,27%",0.002678092235779913,-0.00219701078089964,4.142843106348508e-05,0.0012989610139794274,0.0007836679345900828,0.002582226795971746,0.002490848994331883,0.003929713128442237
2014-08-22,9.42939,"9.410,11","9.429,39","9.371,46",,"0,12%",0.0011502584574435858,0.002678092235779913,-0.00219701078089964,4.142843106348508e-05,-0.003429766485466587,0.0021507755128717387,0.0023873869934050683,0.003912504367679099
2014-08-25,9.41595,"9.399,69","9.419,27","9.395,78",,"-0,14%",-0.0014263475510235023,0.0011502584574435858,0.002678092235779913,-0.00219701078089964,0.0012989610139794274,0.00200864231557605,0.0024487909059631428,0.0038479854632068097
2014-08-26,9.42805,"9.429,65","9.437,06","9.391,24",,"0,13%",0.0012842285781135912,-0.0014263475510235023,0.0011502584574435858,0.002678092235779913,4.142843106348508e-05,0.0018727106452142176,0.002449112147644682,0.003556681180963695
2014-08-27,9.48921,"9.425,84","9.512,52","9.422,34",,"0,65%",0.006466075223593686,0.0012842285781135912,-0.0014263475510235023,0.0011502584574435858,-0.00219701078089964,0.002758033052983797,0.00274067261991184,0.003650585573878959
2014-08-28,9.55875,"9.487,90","9.558,75","9.468,03",,"0,73%",0.007301601741163717,0.006466075223593686,0.0012842285781135912,-0.0014263475510235023,0.002678092235779913,0.0034680015007107997,0.003021648454873407,0.0037479021515654165
2014-08-29,9.54469,"9.553,36","9.579,05","9.540,20",,"-0,15%",-0.0014719864630351573,0.007301601741163717,0.006466075223593686,0.0012842285781135912,0.0011502584574435858,0.003216410068571934,0.0030009470030063676,0.003698060511296364
2014-09-01,9.56719,"9.543,56","9.578,57","9.517,70",,"0,24%",0.0023545575207556367,-0.0014719864630351573,0.007301601741163717,0.006466075223593686,-0.0014263475510235023,0.003225929902304088,0.002794076330097508,0.0036799323229214443
2014-09-02,9.59417,"9.582,44","9.601,81","9.567,77",,"0,28%",0.0028160858968304804,0.0023545575207556367,-0.0014719864630351573,0.007301601741163717,0.0012842285781135912,0.003194423528563763,0.0027779050672774967,0.003677447147190864
2014-09-03,9.6095,"9.574,66","9.613,40","9.566,17",,"0,16%",0.0015965701614736956,0.0028160858968304804,0.0023545575207556367,-0.0014719864630351573,0.006466075223593686,0.0028624046429188174,0.00273627640584293,0.0036510606730073888
2014-09-04,9.60894,"9.582,94","9.617,39","9.575,33",,"-0,01%",-5.8277362799362124e-05,0.0015965701614736956,0.0028160858968304804,0.0023545575207556367,0.007301601741163717,0.002949061962875464,0.0027541641353680583,0.003644665987896326
2014-09-05,9.63568,"9.593,62","9.640,78","9.566,49",,"0,28%",0.0027789602713454934,-5.8277362799362124e-05,0.0015965701614736956,0.0028160858968304804,-0.0014719864630351573,0.002941805778312187,0.002644127012552972,0.0035382678558992403
2014-09-08,9.69428,"9.635,62","9.710,55","9.630,81",,"0,61%",0.006063145450863195,0.0027789602713454934,-5.8277362799362124e-05,0.0015965701614736956,0.0023545575207556367,0.002878836210913021,0.002821752711049716,0.0035889092078452488
2014-09-09,9.80507,"9.686,51","9.805,07","9.686,51",,"1,14%",0.01136357798578031,0.006063145450863195,0.0027789602713454934,-5.8277362799362124e-05,0.0028160858968304804,0.0038468946722769897,0.0035817201304247166,0.0038469719292086174
2014-09-10,9.9185,"9.803,78","9.918,50","9.803,78",,"1,16%",0.011502101348514244,0.01136357798578031,0.006063145450863195,0.0027789602713454934,0.0015965701614736956,0.0044925445495012815,0.004108931890151154,0.004064789361895482
2014-09-11,9.85734,"9.930,42","9.946,56","9.857,34",,"-0,62%",-0.006185344844077421,0.011502101348514244,0.01136357798578031,0.006063145450863195,-5.8277362799362124e-05,0.005454371685257568,0.0045391196511042845,0.004166266909774336
2014-09-12,9.83089,"9.802,65","9.915,24","9.802,65",,"-0,27%",-0.002686886115477625,-0.006185344844077421,0.011502101348514244,0.01136357798578031,0.0027789602713454934,0.005579032806438117,0.004493467528988169,0.004112623774185103
2014-09-15,9.82517,"9.817,48","9.827,04","9.791,24",,"-0,06%",-0.0005820088218558154,-0.002686886115477625,-0.006185344844077421,0.011502101348514244,0.006063145450863195,0.005690291787404284,0.004533562230195067,0.004103760968719413
2014-09-16,9.83935,"9.765,98","9.839,35","9.764,27",,"0,14%",0.0014421915671236616,-0.0005820088218558154,-0.002686886115477625,-0.006185344844077421,0.01136357798578031,0.0057026981818642025,0.004510204432168155,0.003970960234905635
2014-09-17,9.90227,"9.835,00","9.903,54","9.835,00",,"0,64%",0.006374371814491975,0.0014421915671236616,-0.0005820088218558154,-0.002686886115477625,0.011502101348514244,0.00581544975006851,0.004476562840943758,0.004022606719714054
2014-09-18,9.90642,"9.902,25","9.931,40","9.872,94",,"0,04%",0.0004190080273576015,0.006374371814491975,0.0014421915671236616,-0.0005820088218558154,-0.006185344844077421,0.005789450672272313,0.004503916692569983,0.004022572688183095
2014-09-19,9.96665,"9.907,26","10.016,01","9.907,26",,"0,61%",0.006061487672741576,0.0004190080273576015,0.006374371814491975,0.0014421915671236616,-0.002686886115477625,0.005865008227626108,0.004558565929279698,0.0040596801578327
2014-09-22,9.98578,"9.966,88","9.991,83","9.945,96",,"0,19%",0.0019175615062244228,0.006061487672741576,0.0004190080273576015,0.006374371814491975,-0.0005820088218558154,0.005800213151635725,0.004456714573244997,0.00400602156989846
2014-09-23,9.96118,"9.971,18","9.971,18","9.918,50",,"-0,25%",-0.002466542517943003,0.0019175615062244228,0.006061487672741576,0.0004190080273576015,0.0014421915671236616,0.005191385533730726,0.0046063650436208095,0.003925046433452191
2014-09-24,9.89823,"9.954,47","9.958,36","9.846,22",,"-0,63%",-0.006339585197313293,-0.002466542517943003,0.0019175615062244228,0.006061487672741576,0.006374371814491975,0.004409321209304351,0.004940559738458708,0.0040322713838088515
2014-09-25,9.93561,"9.866,67","9.937,02","9.856,35",,"0,38%",0.0037693199357464935,-0.006339585197313293,-0.002466542517943003,0.0019175615062244228,0.0004190080273576015,0.004015134057974133,0.004806522167612193,0.004030774571368151
2014-09-26,9.99147,"9.915,57","9.991,47","9.873,81",,"0,56%",0.005606455769485051,0.0037693199357464935,-0.006339585197313293,-0.002466542517943003,0.006061487672741576,0.004073061623481159,0.00480317711853259,0.004070504105647349
2014-09-29,10.01616,"10.013,30","10.044,74","9.988,86",,"0,25%",0.0024680596885175714,0.005606455769485051,0.0037693199357464935,-0.006339585197313293,0.0019175615062244228,0.00400343145880126,0.004803327772154411,0.004067884566843198
2014-09-30,10.0808,"9.982,05","10.080,80","9.982,05",,"0,65%",0.006432835902299149,0.0024680596885175714,0.005606455769485051,0.0037693199357464935,-0.002466542517943003,0.004240566976624172,0.004891333276600555,0.0040926448737280225
2014-10-01,10.0956,"10.050,72","10.116,05","10.043,19",,"0,15%",0.0014670607892847975,0.006432835902299149,0.0024680596885175714,0.005606455769485051,-0.006339585197313293,0.004010357660354929,0.004892641355447752,0.00408355888286598
2014-10-02,10.04658,"10.084,26","10.115,15","10.046,58",,"-0,49%",-0.004867407279685293,0.0014670607892847975,0.006432835902299149,0.0024680596885175714,0.0037693199357464935,0.004544978324860348,0.0051354524758560815,0.004080836124819904
2014-10-03,10.07185,"10.041,27","10.094,36","10.041,27",,"0,25%",0.0025121257761605608,-0.004867407279685293,0.0014670607892847975,0.006432835902299149,0.005606455769485051,0.00427127316120984,0.005134289287958165,0.0040812795083303415
2014-10-07,10.05442,"10.096,24","10.114,21","10.054,04",,"-0,17%",-0.0017320650431073615,0.0025121257761605608,-0.004867407279685293,0.0014670607892847975,0.0024680596885175714,0.004344205986801337,0.005122541735986463,0.004085125979324072
2014-10-08,10.0426,"10.100,75","10.102,28","10.028,57",,"-0,12%",-0.0011762939344154074,-0.0017320650431073615,0.0025121257761605608,-0.004867407279685293,0.006432835902299149,0.004258518066413583,0.0046379409101411214,0.003877130002680885
2014-10-09,10.03269,"10.050,46","10.067,98","9.976,96",,"-0,10%",-0.0009872834519415031,-0.0011762939344154074,-0.0017320650431073615,0.0025121257761605608,0.0014670607892847975,0.0035342824277326984,0.003970096955739842,0.003624595109834586
2014-10-10,9.99114,"10.015,77","10.034,44","9.991,14",,"-0,41%",-0.004150061165586028,-0.0009872834519415031,-0.0011762939344154074,-0.0017320650431073615,-0.004867407279685293,0.0038083954580667616,0.0038106452215456925,0.003670303357362632
2014-10-13,10.01259,"9.987,83","10.040,70","9.974,72",,"0,21%",0.0021446008540677653,-0.004150061165586028,-0.0009872834519415031,-0.0011762939344154074,0.0025121257761605608,0.0034377364231294957,0.0037388299479436133,0.0036659789057406312
2014-10-14,10.01124,"10.009,81","10.036,57","9.987,31",,"-0,01%",-0.0001348393391318464,0.0021446008540677653,-0.004150061165586028,-0.0009872834519415031,-0.0017320650431073615,0.003345160383671856,0.003730730483650466,0.0036671357616747456
2014-10-15,10.04315,"10.014,97","10.050,03","10.000,01",,"0,32%",0.003182348296834913,-0.0001348393391318464,0.0021446008540677653,-0.004150061165586028,-0.0011762939344154074,0.0027503710357159863,0.0037632569705764386,0.00366986205661835
2014-10-16,9.99342,"10.035,62","10.061,72","9.989,74",,"-0,50%",-0.004963933658791568,0.003182348296834913,-0.0001348393391318464,0.0021446008540677653,-0.0009872834519415031,0.0030114734471388457,0.00376902164890582,0.003734098184793893
2014-10-17,10.09934,"9.975,63","10.099,34","9.967,84",,"1,06%",0.010543198760347023,-0.004963933658791568,0.003182348296834913,-0.0001348393391318464,-0.004150061165586028,0.00443086760658002,0.004391899381172566,0.003916562122237277
2014-10-20,10.03171,"10.092,73","10.092,73","10.019,35",,"-0,67%",-0.006718999200660022,0.010543198760347023,-0.004963933658791568,0.003182348296834913,0.0021446008540677653,0.004906642313676059,0.004538565035118003,0.0040299319145884515
2014-10-21,10.03842,"10.022,80","10.049,32","10.011,08",,"0,07%",0.0006686553848931529,-0.006718999200660022,0.010543198760347023,-0.004963933658791568,-0.0001348393391318464,0.0048929010568219715,0.004524073364693649,0.004030548903209269
2014-10-22,10.08924,"10.042,89","10.089,24","10.030,14",,"0,51%",0.005049778065959916,0.0006686553848931529,-0.006718999200660022,0.010543198760347023,0.003182348296834913,0.005139040748605318,0.0045970093858079125,0.00405701724828863
2014-10-23,10.14074,"10.114,97","10.157,01","10.076,50",,"0,51%",0.005091464376422195,0.005049778065959916,0.0006686553848931529,-0.006718999200660022,-0.004963933658791568,0.005305214302917239,0.0043896687643516005,0.004082289578547289
2014-10-24,10.22138,"10.134,74","10.288,04","10.134,74",,"0,80%",0.007920631210125425,0.005091464376422195,0.005049778065959916,0.0006686553848931529,0.010543198760347023,0.00535817293485044,0.004609677147142163,0.004157405333969442
2014-10-27,10.17903,"10.208,31","10.217,16","10.138,90",,"-0,41%",-0.004151883303937031,0.007920631210125425,0.005091464376422195,0.005049778065959916,-0.006718999200660022,0.005732508132817238,0.004659167218770649,0.00420562582223394
2014-10-28,10.1805,"10.193,17","10.216,22","10.153,17",,"0,01%",0.00014440411959949672,-0.004151883303937031,0.007920631210125425,0.005091464376422195,0.0006686553848931529,0.0057235281817458634,0.004647750119979552,0.004156397985698326
2014-10-29,10.26027,"10.160,88","10.264,00","10.160,88",,"0,78%",0.0078050293560571185,0.00014440411959949672,-0.004151883303937031,0.007920631210125425,0.005049778065959916,0.006036764536695971,0.004744192284675739,0.00422917735232466
2014-10-30,10.36456,"10.245,12","10.364,56","10.243,34",,"1,02%",0.010113139246098298,0.0078050293560571185,0.00014440411959949672,-0.004151883303937031,0.005091464376422195,0.00594783940454211,0.005174675702253624,0.004359186034331736
2014-10-31,10.35205,"10.334,88","10.358,64","10.302,54",,"-0,12%",-0.0012077267005166875,0.010113139246098298,0.0078050293560571185,0.00014440411959949672,0.007920631210125425,0.005583534949621203,0.005006538544887572,0.004374264116815152
2014-11-03,10.37092,"10.328,64","10.380,89","10.322,06",,"0,18%",0.001821168029045762,-0.0012077267005166875,0.010113139246098298,0.0078050293560571185,-0.004151883303937031,0.004585579328738936,0.005001550909096791,0.0043527216892356255
2014-11-04,10.33887,"10.356,76","10.381,72","10.338,87",,"-0,31%",-0.0030951569848434776,0.001821168029045762,-0.0012077267005166875,0.010113139246098298,0.00014440411959949672,0.004966520896877985,0.005056368331991497,0.004391140704342806
2014-11-05,10.26841,"10.335,36","10.336,89","10.268,41",,"-0,68%",-0.006838386684672775,-0.0030951569848434776,0.001821168029045762,-0.0012077267005166875,0.0078050293560571185,0.005766240896909058,0.005357451750903593,0.0045210594220094396
2014-11-07,10.25892,"10.270,76","10.284,58","10.237,78",,"-0,09%",-0.0009246210467803016,-0.006838386684672775,-0.0030951569848434776,0.001821168029045762,0.010113139246098298,0.005693448881034791,0.0053561777322629215,0.0045227643748776275
2014-11-10,10.22182,"10.233,28","10.259,46","10.218,57",,"-0,36%",-0.0036229199315858758,-0.0009246210467803016,-0.006838386684672775,-0.0030951569848434776,-0.0012077267005166875,0.00532866597623355,0.00533013944297228,0.004568664371922591
2014-11-11,10.21913,"10.197,37","10.226,25","10.187,58",,"-0,03%",-0.00026319716212098505,-0.0036229199315858758,-0.0009246210467803016,-0.006838386684672775,0.001821168029045762,0.005129842980148311,0.005333476482630412,0.004530796312389688
2014-11-12,10.18747,"10.200,14","10.211,26","10.174,80",,"-0,31%",-0.00310292017309782,-0.00026319716212098505,-0.0036229199315858758,-0.0009246210467803016,-0.0030951569848434776,0.005248744532178961,0.005408099121224138,0.004567783573654951
2014-11-13,10.12898,"10.166,94","10.186,10","10.128,98",,"-0,57%",-0.005757911603239642,-0.00310292017309782,-0.00026319716212098505,-0.0036229199315858758,-0.006838386684672775,0.004756750938625217,0.005574064929290975,0.004655736438823653
2014-11-14,10.12705,"10.136,38","10.145,03","10.080,60",,"-0,02%",-0.00019056053983333083,-0.005757911603239642,-0.00310292017309782,-0.00026319716212098505,-0.0009246210467803016,0.0026717641454941485,0.005431526718855373,0.00463794886239965
2014-11-17,10.17819,"10.105,68","10.178,19","10.099,30",,"0,50%",0.005037134072783934,-0.00019056053983333083,-0.005757911603239642,-0.00310292017309782,-0.0036229199315858758,0.0035467224833594896,0.005029072412699376,0.0046601766121535495
2014-11-19,10.08252,"10.169,53","10.183,44","10.082,52",,"-0,94%",-0.009443964308650157,0.005037134072783934,-0.00019056053983333083,-0.005757911603239642,-0.00026319716212098505,0.004058383697411823,0.005263235423708952,0.004862000689128838
2014-11-20,10.09105,"10.068,73","10.125,54","10.068,73",,"0,08%",0.0008456609820021782,-0.009443964308650157,0.005037134072783934,-0.00019056053983333083,-0.00310292017309782,0.0042169582561846,0.005264120585961172,0.004850697336362162
2014-11-21,10.13179,"10.070,33","10.131,79","10.055,21",,"0,40%",0.00402911313283163,0.0008456609820021782,-0.009443964308650157,0.005037134072783934,-0.005757911603239642,0.004351722160552044,0.005220019528758807,0.004864868884404207
2014-11-24,10.05089,"10.119,91","10.132,73","10.050,58",,"-0,80%",-0.008016817715207267,0.00402911313283163,0.0008456609820021782,-0.009443964308650157,-0.00019056053983333083,0.004828423340774086,0.005394905457109821,0.004957560288650764
2014-11-25,10.05098,"10.038,07","10.065,88","10.005,86",,"0,00%",8.954390810309965e-06,-0.008016817715207267,0.00402911313283163,0.0008456609820021782,0.005037134072783934,0.004833440478291957,0.005026706674184576,0.004888322544363375
2014-11-26,10.0418,"10.023,55","10.060,64","9.996,94",,"-0,09%",-0.0009137611260107171,8.954390810309965e-06,-0.008016817715207267,0.00402911313283163,-0.009443964308650157,0.004816519003387118,0.004966223438087942,0.004884383311993638
2014-11-27,10.00563,"10.010,61","10.057,13","9.988,80",,"-0,36%",-0.0036084464938511297,-0.0009137611260107171,8.954390810309965e-06,-0.008016817715207267,0.0008456609820021782,0.0048349084741871025,0.005004240815699069,0.0049137489752211815
2014-11-28,9.97571,"9.984,52","10.000,84","9.949,45",,"-0,30%",-0.0029947963812455617,-0.0036084464938511297,-0.0009137611260107171,8.954390810309965e-06,0.00402911313283163,0.004659421882490332,0.004584370601214426,0.004929512841514567
2014-12-01,9.97978,"9.970,51","10.015,50","9.934,30",,"0,04%",0.00040790780446225077,-0.0029947963812455617,-0.0036084464938511297,-0.0009137611260107171,-0.008016817715207267,0.004682250133716033,0.00373600475758816,0.004928032372709247
2014-12-02,9.94208,"9.978,04","9.978,04","9.885,69",,"-0,38%",-0.003784791681425137,0.00040790780446225077,-0.0029947963812455617,-0.0036084464938511297,8.954390810309965e-06,0.004118170874471856,0.0037555679503536994,0.004960233373503878
2014-12-03,9.95507,"9.939,73","9.982,98","9.937,72",,"0,13%",0.0013057148230318039,-0.003784791681425137,0.00040790780446225077,-0.0029947963812455617,-0.0009137611260107171,0.00340025928979381,0.003729495634753148,0.004952744164134535
2014-12-04,9.91047,"9.924,21","9.942,66","9.909,27",,"-0,45%",-0.004490195074974739,0.0013057148230318039,-0.003784791681425137,0.00040790780446225077,-0.0036084464938511297,0.0034493103595394786,0.0037630414858930293,0.004940777876315583
2014-12-05,9.86134,"9.902,07","9.914,38","9.844,70",,"-0,50%",-0.0049697120413196025,-0.004490195074974739,0.0013057148230318039,-0.003784791681425137,-0.0029947963812455617,0.0028857409429402345,0.0036614424758556912,0.004771729665865208
2014-12-08,9.85531,"9.837,72","9.879,60","9.830,68",,"-0,06%",-0.0006116657939359995,-0.0049697120413196025,-0.004490195074974739,0.0013057148230318039,0.00040790780446225077,0.0022518960595363014,0.003667045857206732,0.004531126996218119
2014-12-09,9.8086,"9.818,38","9.840,79","9.791,25",,"-0,47%",-0.004750844349442569,-0.0006116657939359995,-0.0049697120413196025,-0.004490195074974739,-0.003784791681425137,0.0022909831372657555,0.0037017170527317914,0.004502200865032217
2014-12-10,9.77313,"9.823,07","9.858,53","9.773,13",,"-0,36%",-0.003622768651563143,-0.004750844349442569,-0.0006116657939359995,-0.0049697120413196025,0.0013057148230318039,0.0022501200010954614,0.0036919472288178775,0.0045129846751807276
2014-12-11,9.68328,"9.731,69","9.765,47","9.683,28",,"-0,92%",-0.009236096353216526,-0.003622768651563143,-0.004750844349442569,-0.0006116657939359995,-0.004490195074974739,0.003057976553804431,0.004009242515765577,0.00466445896803536
2014-12-12,9.7478,"9.690,78","9.747,80","9.678,35",,"0,67%",0.006640931653972305,-0.009236096353216526,-0.003622768651563143,-0.004750844349442569,-0.0049697120413196025,0.0043858122568422395,0.004422443988154802,0.004743891538183064
2014-12-15,9.68791,"9.729,45","9.772,37","9.687,91",,"-0,61%",-0.006162902158813019,0.006640931653972305,-0.009236096353216526,-0.003622768651563143,-0.0006116657939359995,0.004425221670778542,0.004500611097813154,0.004727468069307856
2014-12-16,9.79324,"9.682,52","9.793,35","9.676,79",,"1,09%",0.01081363537495648,-0.006162902158813019,0.006640931653972305,-0.009236096353216526,-0.004750844349442569,0.006184254208202923,0.005131718211178152,0.004942259195317513
2014-12-17,9.77405,"9.791,01","9.811,59","9.744,77",,"-0,20%",-0.001961437291763134,0.01081363537495648,-0.006162902158813019,0.006640931653972305,-0.003622768651563143,0.00610485814672174,0.0048180812636539165,0.004878332383563779
2014-12-18,9.77357,"9.771,39","9.799,18","9.739,66",,"0,00%",-4.9110838055799286e-05,-0.001961437291763134,0.01081363537495648,-0.006162902158813019,-0.009236096353216526,0.006051552509773877,0.004798745501573581,0.004869606814817271
2014-12-19,9.61748,"9.781,50","9.797,98","9.617,47",,"-1,60%",-0.016099527510022863,-4.9110838055799286e-05,-0.001961437291763134,0.01081363537495648,0.006640931653972305,0.007606561335727506,0.005600228989042204,0.005271160959946765
2014-12-22,9.61954,"9.614,43","9.624,80","9.587,24",,"0,02%",0.00021417038687641712,-0.016099527510022863,-4.9110838055799286e-05,-0.001961437291763134,-0.006162902158813019,0.007633822864894018,0.005482785054776204,0.005217528462229489
2014-12-23,9.5818,"9.556,16","9.584,11","9.532,27",,"-0,39%",-0.00393098071264248,0.00021417038687641712,-0.016099527510022863,-4.9110838055799286e-05,0.01081363537495648,0.00761039173224492,0.005470262470956913,0.0052060258845487714
2014-12-24,9.59193,"9.558,13","9.601,80","9.545,69",,"0,11%",0.0010566541765767879,-0.00393098071264248,0.00021417038687641712,-0.016099527510022863,-0.001961437291763134,0.0076663702154126075,0.005515807890182547,0.005146826603299594
2014-12-25,9.62206,"9.591,93","9.622,06","9.561,83",,"0,31%",0.0031362590171905677,0.0010566541765767879,-0.00393098071264248,0.00021417038687641712,-4.9110838055799286e-05,0.007337052923966738,0.005635942634466372,0.005154471395384817
2014-12-26,9.65021,"9.655,62","9.656,06","9.618,92",,"0,29%",0.0029212978044926034,0.0031362590171905677,0.0010566541765767879,-0.00393098071264248,-0.016099527510022863,0.007014440168388878,0.005732887829464541,0.005092025057060008
2014-12-29,9.62614,"9.648,59","9.653,79","9.616,03",,"-0,25%",-0.0024973620535023193,0.0029212978044926034,0.0031362590171905677,0.0010566541765767879,0.00021417038687641712,0.006807754270513406,0.005714545925174628,0.005088785297879288
2014-12-30,9.63664,"9.597,75","9.637,55","9.589,06",,"0,11%",0.0010901854290960439,-0.0024973620535023193,0.0029212978044926034,0.0031362590171905677,-0.00393098071264248,0.005572451006554834,0.0057295565756036925,0.005066021536241751
2014-12-31,9.62011,"9.617,20","9.637,47","9.596,97",,"-0,17%",-0.0017168010240617175,0.0010901854290960439,-0.0024973620535023193,0.0029212978044926034,0.0010566541765767879,0.0055712832839112485,0.005689708635672134,0.005050047668674398
2015-01-02,9.64319,"9.565,92","9.643,19","9.565,92",,"0,24%",0.0023962676222629782,-0.0017168010240617175,0.0010901854290960439,-0.0024973620535023193,0.0031362590171905677,0.0056985247393927865,0.005720976058925633,0.0050647480529450875
2015-01-06,9.65178,"9.644,78","9.651,78","9.610,50",,"0,09%",0.00089038755359603,0.0023962676222629782,-0.0017168010240617175,0.0010901854290960439,0.0029212978044926034,0.002371715224112476,0.005676641369423698,0.005068452577315183
2015-01-07,9.7503,"9.644,21","9.751,01","9.628,49",,"1,02%",0.010155699467626745,0.00089038755359603,0.0023962676222629782,-0.0017168010240617175,-0.0024973620535023193,0.0038980869442387443,0.00620846689387551,0.005256958400703033
2015-01-08,9.80387,"9.745,36","9.804,37","9.699,88",,"0,55%",0.005479151916870293,0.010155699467626745,0.00089038755359603,0.0023962676222629782,0.0010901854290960439,0.0036064570199943807,0.006264069751254167,0.005289769226767223
2015-01-09,9.99319,"9.822,10","9.993,19","9.810,87",,"1,93%",0.01912665532418597,0.005479151916870293,0.010155699467626745,0.00089038755359603,-0.0017168010240617175,0.006379791781115119,0.0075165004929409005,0.005848441542029624
2015-01-12,10.02679,"9.971,66","10.026,79","9.944,89",,"0,34%",0.0033566498615752345,0.01912665532418597,0.005479151916870293,0.010155699467626745,0.0023962676222629782,0.0063764794264905625,0.007120948366700589,0.005864751500026752
2015-01-13,10.22194,"10.021,18","10.221,94","10.018,22",,"1,95%",0.019275879766248394,0.0033566498615752345,0.01912665532418597,0.005479151916870293,0.00089038755359603,0.007940368064765559,0.008074913955149851,0.006358773739934667
2015-01-14,10.26268,"10.204,47","10.294,65","10.188,01",,"0,40%",0.003977623574559068,0.019275879766248394,0.0033566498615752345,0.01912665532418597,0.010155699467626745,0.007440888195253438,0.007825117754526085,0.006338201683084025
2015-01-15,10.26695,"10.272,53","10.329,14","10.203,02",,"0,04%",0.00041598412261434836,0.003977623574559068,0.019275879766248394,0.0033566498615752345,0.005479151916870293,0.007497217921627773,0.007612928191895207,0.006197969893264378
2015-01-16,10.33472,"10.268,54","10.378,22","10.268,54",,"0,66%",0.006579102029059726,0.00041598412261434836,0.003977623574559068,0.019275879766248394,0.01912665532418597,0.006945885541161617,0.0075971727646163955,0.006181397920127733
2015-01-19,10.35318,"10.315,75","10.381,58","10.260,50",,"0,18%",0.001784618535412616,0.006579102029059726,0.00041598412261434836,0.003977623574559068,0.0033566498615752345,0.006995066788535191,0.007572143407092426,0.006183604866670691
2015-01-20,10.35822,"10.324,84","10.360,87","10.277,85",,"0,05%",0.0004866885000032742,0.001784618535412616,0.006579102029059726,0.00041598412261434836,0.019275879766248394,0.007035957728493354,0.006160743052311776,0.006154875128181152
2015-01-21,10.32017,"10.343,06","10.355,81","10.263,78",,"-0,37%",-0.0036801746117331746,0.0004866885000032742,0.001784618535412616,0.006579102029059726,0.003977623574559068,0.007690343615584511,0.006336092006567321,0.006146651406886631
2015-01-22,10.23384,"10.300,89","10.302,92","10.233,84",,"-0,84%",-0.008400356685913098,-0.0036801746117331746,0.0004866885000032742,0.001784618535412616,0.00041598412261434836,0.008889635298221331,0.006681912737255223,0.006164455298153197
2015-01-23,10.1787,"10.197,11","10.202,68","10.147,97",,"-0,54%",-0.005402574507428186,-0.008400356685913098,-0.0036801746117331746,0.0004866885000032742,0.006579102029059726,0.007637576018516233,0.006946488554032284,0.006180895159623524
2015-01-26,10.13171,"10.158,74","10.175,38","10.114,56",,"-0,46%",-0.004627192049939879,-0.005402574507428186,-0.008400356685913098,-0.0036801746117331746,0.001784618535412616,0.007874944840169934,0.007150551028245623,0.006209628747658978
2015-01-27,10.09364,"10.116,30","10.122,38","10.083,12",,"-0,38%",-0.0037645870119454162,-0.004627192049939879,-0.005402574507428186,-0.008400356685913098,0.0004866885000032742,0.0046622297034881926,0.007288734315231216,0.006139866769288779
2015-01-28,10.15316,"10.100,32","10.153,16","10.057,04",,"0,59%",0.005879464553183097,-0.0037645870119454162,-0.004627192049939879,-0.005402574507428186,-0.0036801746117331746,0.004930818807424884,0.0072423332727594505,0.006042032110718171
2015-01-29,10.13059,"10.126,22","10.140,59","10.070,99",,"-0,22%",-0.0022254276763299793,0.005879464553183097,-0.0037645870119454162,-0.004627192049939879,-0.008400356685913098,0.004912914852817552,0.007317836525644307,0.006045926718161854
2015-01-30,10.22256,"10.123,97","10.222,56","10.076,91",,"0,91%",0.009037483237574194,-0.0022254276763299793,0.005879464553183097,-0.0037645870119454162,-0.005402574507428186,0.005391265304630456,0.007386518154366293,0.006160747610013519
2015-02-02,10.21252,"10.203,91","10.212,52","10.153,45",,"-0,10%",-0.0009826240766214816,0.009037483237574194,-0.0022254276763299793,0.005879464553183097,-0.004627192049939879,0.00529745573769863,0.007440390505789002,0.00615018210710442
2015-02-03,10.17369,"10.216,90","10.221,24","10.138,68",,"-0,38%",-0.0038094424572219622,-0.0009826240766214816,0.009037483237574194,-0.0022254276763299793,-0.0037645870119454162,0.005304537203932361,0.0075790668280045475,0.0061070902771354
2015-02-04,10.25167,"10.158,70","10.251,67","10.158,23",,"0,77%",0.007635643031236597,-0.0038094424572219622,-0.0009826240766214816,0.009037483237574194,0.005879464553183097,0.006017372640612511,0.007467548678997692,0.006188244313233648
2015-02-05,10.25916,"10.259,44","10.286,19","10.246,30",,"0,07%",0.0007303459034014721,0.007635643031236597,-0.0038094424572219622,-0.0009826240766214816,-0.0022254276763299793,0.005371434646784201,0.007443534302269312,0.006170682853328376
2015-02-06,10.35317,"10.232,36","10.353,17","10.232,36",,"0,92%",0.009121787964458665,0.0007303459034014721,0.007635643031236597,-0.0038094424572219622,0.009037483237574194,0.005631420651731072,0.006531329004130471,0.006280304667295997
2015-02-09,10.29448,"10.343,80","10.344,19","10.244,60",,"-0,57%",-0.005684923762618887,0.009121787964458665,0.0007303459034014721,0.007635643031236597,-0.0009826240766214816,0.005771645104204883,0.006725707934207064,0.0063122051135978624
2015-02-10,10.3153,"10.292,58","10.315,30","10.267,25",,"0,20%",0.00202040071095408,-0.005684923762618887,0.009121787964458665,0.0007303459034014721,-0.0038094424572219622,0.005456192991881523,0.005244376725552961,0.006268028792327218
2015-02-11,10.32243,"10.326,22","10.344,31","10.304,56",,"0,07%",0.0006909674933896249,0.00202040071095408,-0.005684923762618887,0.009121787964458665,0.007635643031236597,0.0053092089898062154,0.00517926165138708,0.006267883536860009
2015-02-12,10.26867,"10.295,94","10.317,75","10.263,15",,"-0,52%",-0.0052216853059441366,0.0006909674933896249,0.00202040071095408,-0.005684923762618887,0.0007303459034014721,0.005627444306289133,0.005323467573127238,0.006276900443948376
2015-02-13,10.25782,"10.256,65","10.286,75","10.248,71",,"-0,11%",-0.0010571706132421813,-0.0052216853059441366,0.0006909674933896249,0.00202040071095408,0.009121787964458665,0.0049620409883630425,0.0050963978215716145,0.006151824756034089
2015-02-16,10.26144,"10.249,56","10.276,01","10.232,75",,"0,04%",0.0003528392386036595,-0.0010571706132421813,-0.0052216853059441366,0.0006909674933896249,-0.005684923762618887,0.0049402831260281325,0.005074497203746714,0.006151395580676255
2015-02-17,10.2442,"10.251,25","10.251,25","10.179,71",,"-0,17%",-0.0016814890012737532,0.0003528392386036595,-0.0010571706132421813,-0.0052216853059441366,0.00202040071095408,0.004778266938433071,0.005076704332826843,0.006136550480873014
2015-02-18,10.22023,"10.243,92","10.255,30","10.192,22",,"-0,23%",-0.0023426023555847817,-0.0016814890012737532,0.0003528392386036595,-0.0010571706132421813,0.0006909674933896249,0.004169973332484553,0.005042037897913278,0.0060511558594759166
2015-02-19,10.38025,"10.240,71","10.380,36","10.233,34",,"1,57%",0.015535872811433904,-0.0023426023555847817,-0.0016814890012737532,0.0003528392386036595,-0.0052216853059441366,0.006536247629961529,0.00584206012082569,0.0063633890829370805
2015-02-20,10.40431,"10.372,36","10.411,99","10.332,05",,"0,23%",0.0023151811485955225,0.015535872811433904,-0.0023426023555847817,-0.0016814890012737532,-0.0010571706132421813,0.005944153030089262,0.005669375669220791,0.006364563406647785
2015-02-23,10.40147,"10.397,52","10.422,04","10.376,48",,"-0,03%",-0.00027300106197788326,0.0023151811485955225,0.015535872811433904,-0.0023426023555847817,0.0003528392386036595,0.00555268250201694,0.005519652160280599,0.006341787272569389
2015-02-24,10.40547,"10.386,64","10.433,27","10.361,53",,"0,04%",0.00038448710375248624,-0.00027300106197788326,0.0023151811485955225,0.015535872811433904,-0.0016814890012737532,0.005544482555431586,0.005395305356708967,0.006323879858083323
2015-02-25,10.48195,"10.394,61","10.481,97","10.392,64",,"0,74%",0.007323100870052951,0.00038448710375248624,-0.00027300106197788326,0.0023151811485955225,-0.0023426023555847817,0.005905543638762857,0.0054658757341992485,0.006381166591133231
2015-02-26,10.46204,"10.463,08","10.479,75","10.437,23",,"-0,19%",-0.0019012619847077585,0.007323100870052951,0.00038448710375248624,-0.00027300106197788326,0.015535872811433904,0.0055671775957896194,0.005454423893452683,0.006362744642847489
2015-02-27,10.46062,"10.408,56","10.460,62","10.397,94",,"-0,01%",-0.00013573799910526126,-0.0019012619847077585,0.007323100870052951,0.00038448710375248624,0.0023151811485955225,0.005520860112642177,0.005175504893743277,0.006363714567653547
2015-03-02,10.46941,"10.434,34","10.486,72","10.433,85",,"0,08%",0.0008399415114817307,-0.00013573799910526126,-0.0019012619847077585,0.007323100870052951,-0.00027300106197788326,0.005507258933937419,0.005151950883861685,0.006325337785198579
2015-03-03,10.45655,"10.474,43","10.474,43","10.393,37",,"-0,12%",-0.0012290954985043632,0.0008399415114817307,-0.00013573799910526126,-0.0019012619847077585,0.00038448710375248624,0.0054753640579822075,0.005050090428461943,0.0062846629913703685
2015-03-04,10.47602,"10.443,76","10.476,02","10.425,14",,"0,19%",0.0018602594535469792,-0.0012290954985043632,0.0008399415114817307,-0.00013573799910526126,0.007323100870052951,0.005257554910230167,0.004833505877909593,0.0062821753562531096
2015-03-05,10.48135,"10.475,72","10.481,35","10.436,86",,"0,05%",0.0005086516213550538,0.0018602594535469792,-0.0012290954985043632,0.0008399415114817307,-0.0019012619847077585,0.0025687095061445596,0.004834609845814953,0.006236846512915781
2015-03-06,10.45647,"10.482,34","10.528,28","10.456,47",,"-0,24%",-0.0023765618111419662,0.0005086516213550538,0.0018602594535469792,-0.0012290954985043632,-0.00013573799910526126,0.002719602119070459,0.004498906227884545,0.006222892438310935
2015-03-09,10.52727,"10.469,50","10.547,66","10.467,93",,"0,68%",0.006748107693656659,-0.0023765618111419662,0.0005086516213550538,0.0018602594535469792,0.0008399415114817307,0.003334612172675727,0.0044586335245110275,0.0061129245853513235
2015-03-10,10.51378,"10.500,85","10.529,66","10.487,70",,"-0,13%",-0.0012822555764403897,0.006748107693656659,-0.0023765618111419662,0.0005086516213550538,-0.0012290954985043632,0.0034205712769399144,0.004484539322240091,0.006083138433065173
2015-03-11,10.48951,"10.491,55","10.518,82","10.485,01",,"-0,23%",-0.0023110675329664813,-0.0012822555764403897,0.006748107693656659,-0.0023765618111419662,0.0018602594535469792,0.002742402149105156,0.004543620135957852,0.006023498884755798
2015-03-12,10.48059,"10.488,42","10.492,51","10.442,26",,"-0,09%",-0.0008507351455632124,-0.0023110675329664813,-0.0012822555764403897,0.006748107693656659,0.0005086516213550538,0.0026777693177942713,0.004339108966044332,0.005899009709624926
2015-03-13,10.47689,"10.470,33","10.476,89","10.430,94",,"-0,04%",-0.0003530958911512914,-0.0008507351455632124,-0.0023110675329664813,-0.0012822555764403897,-0.0023765618111419662,0.0026814708717755762,0.004324188397732421,0.005888365928135708
2015-03-16,10.42409,"10.474,70","10.474,70","10.424,09",,"-0,50%",-0.00505240542002084,-0.0003530958911512914,-0.0008507351455632124,-0.0023110675329664813,0.006748107693656659,0.003125049594028069,0.00453429670321215,0.005940933325211101
2015-03-17,10.4264,"10.415,93","10.436,67","10.380,03",,"0,02%",0.00022157752738190392,-0.00505240542002084,-0.0003530958911512914,-0.0008507351455632124,-0.0012822555764403897,0.003117692375150257,0.004499619137803928,0.005498451000714314
2015-03-18,10.34028,"10.426,87","10.426,87","10.287,72",,"-0,83%",-0.008294103217052535,0.00022157752738190392,-0.00505240542002084,-0.0003530958911512914,-0.0023110675329664813,0.003896384808046086,0.004902793695423644,0.00563612520673273
2015-03-19,10.30804,"10.314,37","10.315,63","10.256,73",,"-0,31%",-0.003122774753551146,-0.008294103217052535,0.00022157752738190392,-0.00505240542002084,-0.0008507351455632124,0.0038778354508816346,0.0034753323269830247,0.00562459839128727
2015-03-20,10.41135,"10.303,75","10.411,72","10.303,07",,"1,00%",0.009972383952113542,-0.003122774753551146,-0.008294103217052535,0.00022157752738190392,-0.0003530958911512914,0.005323624391188113,0.004142099853663572,0.005736923248646828
2015-03-23,10.40885,"10.409,73","10.434,98","10.378,77",,"-0,02%",-0.00024015139259144766,0.009972383952113542,-0.003122774753551146,-0.008294103217052535,-0.00505240542002084,0.004698249879414506,0.004141978296189893,0.005735826364615144
2015-03-24,10.4103,"10.402,71","10.416,41","10.360,30",,"0,01%",0.00013929483214687068,-0.00024015139259144766,0.009972383952113542,-0.003122774753551146,0.00022157752738190392,0.0047146509771845415,0.0041412536702383805,0.005733824167836604
2015-03-25,10.39374,"10.399,62","10.406,88","10.360,09",,"-0,16%",-0.0015919988134569232,0.00013929483214687068,-0.00024015139259144766,0.009972383952113542,-0.008294103217052535,0.004697701547309046,0.00377802569681619,0.005724943316410255
2015-03-26,10.2953,"10.372,08","10.392,17","10.295,28",,"-0,95%",-0.00951622142740278,-0.0015919988134569232,0.00013929483214687068,-0.00024015139259144766,-0.003122774753551146,0.005426737005153243,0.0042846418140535724,0.005892171228948232
2015-03-27,10.29243,"10.303,32","10.342,84","10.276,58",,"-0,03%",-0.00027880684452249023,-0.00951622142740278,-0.0015919988134569232,0.00013929483214687068,0.009972383952113542,0.005428963492883184,0.0042835879255575275,0.005883429748657648
2015-03-30,10.32209,"10.273,03","10.322,09","10.256,80",,"0,29%",0.002877585358924258,-0.00027880684452249023,-0.00951622142740278,-0.0015919988134569232,-0.00024015139259144766,0.005476215586130248,0.0043486453390308285,0.005885519019893486
2015-03-31,10.26975,"10.323,27","10.330,26","10.269,75",,"-0,51%",-0.005083578030664543,0.002877585358924258,-0.00027880684452249023,-0.00951622142740278,0.00013929483214687068,0.005602046143539226,0.004456990376667768,0.0059399875911501894
2015-04-01,10.18206,"10.255,84","10.268,08","10.182,06",,"-0,85%",-0.008575332683618542,-0.005083578030664543,0.002877585358924258,-0.00027880684452249023,-0.0015919988134569232,0.005640440203906029,0.004719779756936231,0.005944692464036677
2015-04-02,10.07152,"10.190,13","10.192,38","10.071,52",,"-1,09%",-0.010915709478808057,-0.008575332683618542,-0.005083578030664543,0.002877585358924258,-0.00951622142740278,0.00637378583117672,0.005145784440353433,0.006097170432854214
2015-04-03,9.95869,"10.080,72","10.082,60","9.947,68",,"-1,12%",-0.011266101894116413,-0.010915709478808057,-0.008575332683618542,-0.005083578030664543,-0.00027880684452249023,0.005264089847325843,0.005548693432223549,0.0057730255057472785
2015-04-06,10.05079,"9.961,41","10.053,06","9.931,67",,"0,92%",0.009205701539120622,-0.011266101894116413,-0.010915709478808057,-0.008575332683618542,0.002877585358924258,0.006742371754520464,0.005785030509018036,0.005880048861558768
2015-04-07,9.9838,"10.050,00","10.056,16","9.983,80",,"-0,67%",-0.006687459005747645,0.009205701539120622,-0.011266101894116413,-0.010915709478808057,-0.005083578030664543,0.0066781909373028366,0.005859973005240521,0.005374011845641166
2015-04-08,9.94312,"9.977,59","10.015,45","9.943,12",,"-0,41%",-0.0040829246579213154,-0.006687459005747645,0.009205701539120622,-0.011266101894116413,-0.008575332683618542,0.006616976544981175,0.005868982155309862,0.0053636448847593585
2015-04-09,9.98166,"9.912,28","9.981,66","9.910,40",,"0,39%",0.0038685544397349314,-0.0040829246579213154,-0.006687459005747645,0.009205701539120622,-0.010915709478808057,0.0068248052717814044,0.006038596164502484,0.00539237852630806
2015-04-10,9.88912,"9.951,00","9.972,17","9.878,05",,"-0,93%",-0.009314246247614443,0.0038685544397349314,-0.0040829246579213154,-0.006687459005747645,-0.011266101894116413,0.0070064051865593975,0.006205833871819624,0.005430482365298612
2015-04-13,9.90979,"9.884,64","9.909,79","9.857,25",,"0,21%",0.0020879944915772664,-0.009314246247614443,0.0038685544397349314,-0.0040829246579213154,0.009205701539120622,0.006924287023695819,0.0062796458419632235,0.005433008354925868
2015-04-14,9.91481,"9.923,45","9.939,12","9.898,81",,"0,05%",0.00050644150270821,0.0020879944915772664,-0.009314246247614443,0.0038685544397349314,-0.006687459005747645,0.00705828079003428,0.006286534154800611,0.005433083898272223
2015-04-15,9.93703,"9.948,87","9.989,80","9.927,27",,"0,22%",0.002238584360863528,0.00050644150270821,0.0020879944915772664,-0.009314246247614443,-0.0040829246579213154,0.007025560924209649,0.006217773502307689,0.005432327955697513
2015-04-16,9.91231,"9.928,82","9.948,99","9.885,19",,"-0,25%",-0.0024907642047590746,0.002238584360863528,0.00050644150270821,0.0020879944915772664,0.0038685544397349314,0.006370284361648144,0.006213312157582835,0.0053418864392728175
2015-04-17,9.8989,"9.905,44","9.957,59","9.854,58",,"-0,14%",-0.0013537792035986345,-0.0024907642047590746,0.002238584360863528,0.00050644150270821,-0.009314246247614443,0.005394400216026961,0.0055494505973818576,0.005304761591974769
2015-04-20,9.91553,"9.897,55","9.936,63","9.862,87",,"0,17%",0.0016785750490672126,-0.0013537792035986345,-0.0024907642047590746,0.002238584360863528,0.0020879944915772664,0.00428482305093105,0.005607287902371371,0.005283315697649131
2015-04-21,9.90012,"9.908,55","9.945,46","9.893,61",,"-0,16%",-0.0015553366259994609,0.0016785750490672126,-0.0013537792035986345,-0.0024907642047590746,0.00050644150270821,0.00386159901502134,0.005579189759261071,0.00526685505343669
2015-04-22,9.90541,"9.896,39","9.929,57","9.874,51",,"0,05%",0.000534194250373362,-0.0015553366259994609,0.0016785750490672126,-0.0013537792035986345,0.002238584360863528,0.003703799854334656,0.005617775113142761,0.0052050135365562045
2015-04-23,9.91486,"9.899,01","9.954,63","9.891,97",,"0,10%",0.0009535693223218215,0.000534194250373362,-0.0015553366259994609,0.0016785750490672126,-0.0024907642047590746,0.00343740544466722,0.005404101422057445,0.005202417805648166
2015-04-24,9.87657,"9.905,34","9.915,85","9.869,46",,"-0,39%",-0.00386935636008968,0.0009535693223218215,0.000534194250373362,-0.0015553366259994609,-0.0013537792035986345,0.0020791582786730298,0.005407655764042765,0.0050725293093702205
2015-04-27,9.94158,"9.863,97","9.941,58","9.863,97",,"0,66%",0.0065606762672027995,-0.00386935636008968,0.0009535693223218215,0.000534194250373362,0.0016785750490672126,0.0029197470915225416,0.005642349775554432,0.005155035163912053
2015-04-28,9.9205,"9.910,91","9.930,84","9.888,28",,"-0,21%",-0.0021226385066242977,0.0065606762672027995,-0.00386935636008968,0.0009535693223218215,-0.0015553366259994609,0.003017841365262636,0.005592438297612735,0.005140973721279338
2015-04-29,9.97259,"9.911,38","9.972,59","9.900,72",,"0,53%",0.005237006322563386,-0.0021226385066242977,0.0065606762672027995,-0.00386935636008968,0.000534194250373362,0.003385232092345002,0.005555332341218722,0.005086304892545053
2015-04-30,9.93738,"9.954,30","9.968,65","9.937,38",,"-0,35%",-0.0035369251391083947,0.005237006322563386,-0.0021226385066242977,0.0065606762672027995,0.0009535693223218215,0.0034973333127085835,0.005090474731581629,0.005099196281834342
2015-05-04,9.958,"9.925,82","9.958,00","9.908,03",,"0,21%",0.0020728437841479267,-0.0035369251391083947,0.005237006322563386,-0.0021226385066242977,-0.00386935636008968,0.003490315673429734,0.004464515967375165,0.004952109880949607
2015-05-05,9.94531,"10.000,43","10.002,57","9.917,41",,"-0,13%",-0.0012751649569387197,0.0020728437841479267,-0.0035369251391083947,0.005237006322563386,0.0065606762672027995,0.0035133585777766263,0.003906958770620059,0.004908629801850017
2015-05-06,9.9089,"9.960,22","9.976,48","9.872,10",,"-0,37%",-0.0036677400729179153,-0.0012751649569387197,0.0020728437841479267,-0.0035369251391083947,-0.0021226385066242977,0.0036960516594751556,0.0037097477170131886,0.00491257906911809
2015-05-07,9.85878,"9.910,20","9.916,67","9.858,78",,"-0,51%",-0.0050709144825782275,-0.0036677400729179153,-0.0012751649569387197,0.0020728437841479267,0.005237006322563386,0.0040308258468677235,0.003767823807576626,0.004941755726455816
2015-05-08,9.88033,"9.858,80","9.890,26","9.850,80",,"0,22%",0.00218348330414231,-0.0050709144825782275,-0.0036677400729179153,-0.0012751649569387197,-0.0035369251391083947,0.004097367099317239,0.0036846618492610756,0.00492101617333963
2015-05-11,9.88516,"9.874,47","9.890,17","9.840,08",,"0,05%",0.0004887306205047134,0.00218348330414231,-0.0050709144825782275,-0.0036677400729179153,0.0020728437841479267,0.0039087400456923925,0.003049064975381515,0.00492285502424642
2015-05-12,9.88833,"9.872,76","9.904,05","9.858,88",,"0,03%",0.0003206313126470799,0.0004887306205047134,0.00218348330414231,-0.0050709144825782275,-0.0012751649569387197,0.003192973526751831,0.0030101168502439154,0.004922749259752642
2015-05-13,9.84623,"9.886,19","9.910,49","9.831,83",,"-0,43%",-0.004266633141680009,0.0003206313126470799,0.0004887306205047134,0.00218348330414231,-0.0036677400729179153,0.0033778965701417875,0.003144996710957028,0.004943490696179558
2015-05-14,9.84567,"9.846,25","9.846,25","9.826,69",,"-0,01%",-5.6876177529952e-05,-0.004266633141680009,0.0003206313126470799,0.0004887306205047134,-0.0050709144825782275,0.002677265986233142,0.0030870214769985567,0.004939112669442005
2015-05-15,9.85173,"9.829,91","9.851,73","9.816,47",,"0,06%",0.000615309654187322,-5.6876177529952e-05,-0.004266633141680009,0.0003206313126470799,0.00218348330414231,0.0026096247795277124,0.003057566500064054,0.004464607109416799
2015-05-18,9.87859,"9.852,80","9.878,59","9.838,37",,"0,27%",0.002722714744936471,0.000615309654187322,-5.6876177529952e-05,-0.004266633141680009,0.0004887306205047134,0.0026975427899118823,0.0031193297507832946,0.004469843436477285
2015-05-19,9.9209,"9.862,70","9.920,90","9.844,09",,"0,43%",0.004273853963131679,0.002722714744936471,0.000615309654187322,-5.6876177529952e-05,0.0003206313126470799,0.0031258217332995357,0.0032486322242038625,0.004518316374103217
2015-05-20,9.87594,"9.902,56","9.904,67","9.872,81",,"-0,45%",-0.004542146857561111,0.004273853963131679,0.002722714744936471,0.000615309654187322,-0.004266633141680009,0.003242245709999309,0.003390748278041541,0.0045413473199855565
2015-05-21,9.78785,"9.836,12","9.837,40","9.781,51",,"-0,89%",-0.008959675554954217,-0.004542146857561111,0.004273853963131679,0.002722714744936471,-5.6876177529952e-05,0.004014798041961598,0.003917628405849876,0.004529913894295317
2015-05-22,9.66742,"9.682,98","9.736,13","9.657,41",,"-1,23%",-0.012380351258998758,-0.008959675554954217,-0.004542146857561111,0.004273853963131679,0.000615309654187322,0.005284468349603623,0.004696935514973802,0.004756054877515887
2015-05-25,9.67307,"9.664,77","9.702,03","9.658,75",,"0,06%",0.0005842664959085251,-0.012380351258998758,-0.008959675554954217,-0.004542146857561111,0.002722714744936471,0.005289909554055107,0.004672406627486974,0.004759991354706396
2015-05-26,9.63044,"9.661,38","9.705,58","9.630,44",,"-0,44%",-0.00441682049567401,0.0005842664959085251,-0.012380351258998758,-0.008959675554954217,0.004273853963131679,0.005254198443283136,0.00436723563467647,0.004768222041860911
2015-05-27,9.58813,"9.587,33","9.605,62","9.569,81",,"-0,44%",-0.004403040221460231,-0.00441682049567401,0.0005842664959085251,-0.012380351258998758,-0.004542146857561111,0.005259057870713503,0.004411422661840014,0.00478396251819538
2015-05-28,9.60863,"9.582,26","9.608,70","9.580,65",,"0,21%",0.0021357778909193584,-0.004403040221460231,-0.00441682049567401,0.0005842664959085251,-0.008959675554954217,0.00542264119288329,0.0042042496301750755,0.004787320001550731
2015-05-29,9.71136,"9.562,65","9.711,36","9.533,61",,"1,07%",0.010634681301388189,0.0021357778909193584,-0.004403040221460231,-0.00441682049567401,-0.012380351258998758,0.006799992142740512,0.005021383887936544,0.005029554103402171
2015-06-01,9.68763,"9.708,62","9.709,31","9.678,30",,"-0,24%",-0.002446520343198254,0.010634681301388189,0.0021357778909193584,-0.004403040221460231,0.0005842664959085251,0.006643482650921853,0.0049701288870854215,0.005029822684285768
2015-06-02,9.67437,"9.666,35","9.695,76","9.647,82",,"-0,14%",-0.001369693427646658,-0.002446520343198254,0.010634681301388189,0.0021357778909193584,-0.00441682049567401,0.0062859247033311685,0.004970072573830555,0.00491835567882125
2015-06-03,9.70177,"9.663,63","9.701,77","9.655,26",,"0,28%",0.0028282225731257327,-0.001369693427646658,-0.002446520343198254,0.010634681301388189,-0.004403040221460231,0.006451907952387136,0.005024727956837593,0.004948673034136509
2015-06-04,9.73346,"9.698,45","9.733,46","9.689,42",,"0,33%",0.003261091130334389,0.0028282225731257327,-0.001369693427646658,-0.002446520343198254,0.0021357778909193584,0.006087851800359837,0.0050197542270474125,0.004982304453716921
2015-06-05,9.73655,"9.728,88","9.737,31","9.700,34",,"0,03%",0.00031741124179641983,0.003261091130334389,0.0028282225731257327,-0.001369693427646658,0.010634681301388189,0.004452379625128393,0.004981716528564181,0.0049861591176486204
2015-06-08,9.72373,"9.732,12","9.737,17","9.678,28",,"-0,13%",-0.0013175557447864233,0.00031741124179641983,0.003261091130334389,0.0028282225731257327,-0.002446520343198254,0.004498842958911739,0.004974771122184345,0.004984847528579246
2015-06-09,9.59592,"9.723,73","9.723,73","9.592,71",,"-1,31%",-0.013231281581395029,-0.0013175557447864233,0.00031741124179641983,0.003261091130334389,-0.001369693427646658,0.00613871042209589,0.005683244970455124,0.00519804372416452
2015-06-10,9.593,"9.578,09","9.627,59","9.566,47",,"-0,03%",-0.0003043422998832603,-0.013231281581395029,-0.0013175557447864233,0.00031741124179641983,0.0028282225731257327,0.00597330569334575,0.005650726020726859,0.00519574069190341
2015-06-11,9.60303,"9.599,98","9.615,87","9.576,71",,"0,10%",0.001045007838887976,-0.0003043422998832603,-0.013231281581395029,-0.0013175557447864233,0.003261091130334389,0.005940872747288605,0.005668855086189096,0.0051247615896032415
2015-06-12,9.64775,"9.590,72","9.648,37","9.578,70",,"0,47%",0.0046460538682707095,0.001045007838887976,-0.0003043422998832603,-0.013231281581395029,0.00031741124179641983,0.004964881962649561,0.00580850220798786,0.005174105633531528
2015-06-15,9.6146,"9.641,25","9.668,49","9.606,37",,"-0,34%",-0.003441951031666003,0.0046460538682707095,0.001045007838887976,-0.0003043422998832603,-0.0013175557447864233,0.005014475016404827,0.005761355052276908,0.0049733349508260544
2015-06-16,9.54363,"9.607,51","9.614,21","9.524,26",,"-0,74%",-0.0074088602794173085,-0.003441951031666003,0.0046460538682707095,0.001045007838887976,-0.013231281581395029,0.005441945258952492,0.005752926661959128,0.005032542127617606
2015-06-17,9.50172,"9.537,62","9.553,58","9.484,10",,"-0,44%",-0.0044010813818614,-0.0074088602794173085,-0.003441951031666003,0.0046460538682707095,-0.0003043422998832603,0.0053020397266061985,0.005749652024505828,0.005042421221400026
2015-06-18,9.53274,"9.512,15","9.532,74","9.481,63",,"0,33%",0.0032593546085850442,-0.0044010813818614,-0.0074088602794173085,-0.003441951031666003,0.001045007838887976,0.005301845254275552,0.0056110526214779004,0.005080036283169367
2015-06-19,9.58136,"9.538,25","9.581,36","9.524,70",,"0,51%",0.005087354870160429,0.0032593546085850442,-0.0044010813818614,-0.0074088602794173085,0.0046460538682707095,0.005738464350676189,0.005138492154624591,0.005036242819684951
2015-06-22,9.54878,"9.561,34","9.585,49","9.515,30",,"-0,34%",-0.003406146687789687,0.005087354870160429,0.0032593546085850442,-0.0044010813818614,-0.003441951031666003,0.005764718504414137,0.005173688653356256,0.005042749471464959
2015-06-23,9.59229,"9.519,67","9.594,16","9.506,57",,"0,46%",0.004546253155148749,-0.003406146687789687,0.005087354870160429,0.0032593546085850442,-0.0074088602794173085,0.004442706215573262,0.005217927907464035,0.005070424264548167
2015-06-24,9.58261,"9.587,00","9.589,92","9.547,46",,"-0,10%",-0.0010096533303761489,0.004546253155148749,-0.003406146687789687,0.005087354870160429,-0.0044010813818614,0.00445299404879078,0.005128416546672845,0.0050450521496074405
2015-06-25,9.58899,"9.581,70","9.593,23","9.545,43",,"0,07%",0.0006655678436351474,-0.0010096533303761489,0.004546253155148749,-0.003406146687789687,0.0032593546085850442,0.004443681009941107,0.005106245714374948,0.004954908263670381
2015-06-26,9.57531,"9.587,45","9.590,56","9.515,33",,"-0,14%",-0.0014276547876568649,0.0006655678436351474,-0.0010096533303761489,0.004546253155148749,0.005087354870160429,0.004119099111814364,0.004440245696781006,0.00478146274429396
2015-06-29,9.53863,"9.540,87","9.563,26","9.528,90",,"-0,38%",-0.003838041243867401,-0.0014276547876568649,0.0006655678436351474,-0.0010096533303761489,-0.003406146687789687,0.004149612973727072,0.004479690548125921,0.00459969869510913
2015-06-30,9.57834,"9.533,63","9.578,34","9.493,16",,"0,42%",0.0041544300288014506,-0.003838041243867401,-0.0014276547876568649,0.0006655678436351474,0.004546253155148749,0.0036865642285386566,0.004609513693400581,0.004459059119120826
2015-07-01,9.54632,"9.576,35","9.590,24","9.534,00",,"-0,33%",-0.0033485593908197226,0.0041544300288014506,-0.003838041243867401,-0.0014276547876568649,-0.0010096533303761489,0.003547849788655447,0.004581709870147804,0.004404875604767752
2015-07-02,9.55104,"9.533,36","9.567,42","9.523,16",,"0,05%",0.0004943091711218936,-0.0033485593908197226,0.0041544300288014506,-0.003838041243867401,0.0006655678436351474,0.003411275968966806,0.004493311053931157,0.004385713057392197
2015-07-03,9.62122,"9.541,13","9.621,22","9.532,86",,"0,73%",0.0073210266766009,0.0004943091711218936,-0.0033485593908197226,0.0041544300288014506,-0.0014276547876568649,0.003816510664680901,0.00485528252925505,0.004468149389422789
2015-07-06,9.56667,"9.584,32","9.593,57","9.543,69",,"-0,57%",-0.005685893234107706,0.0073210266766009,0.0004943091711218936,-0.0033485593908197226,-0.003838041243867401,0.004125698499137598,0.004985957650179022,0.0043719059202995
2015-07-07,9.57501,"9.553,55","9.575,01","9.505,02",,"0,09%",0.0008713969231266265,-0.005685893234107706,0.0073210266766009,0.0004943091711218936,0.0041544300288014506,0.00384864563535588,0.004046108567107546,0.004362262522836094
2015-07-08,9.60643,"9.572,68","9.607,24","9.548,28",,"0,33%",0.0032760864775420668,0.0008713969231266265,-0.005685893234107706,0.0073210266766009,-0.0033485593908197226,0.003982332428730659,0.004115625462885096,0.0043884515424627265
2015-07-09,9.5978,"9.606,43","9.614,70","9.555,08",,"-0,09%",-0.0008987603856985601,0.0032760864775420668,0.0008713969231266265,-0.005685893234107706,0.0004943091711218936,0.003994823918027057,0.004114338447552632,0.004373611202057267
2015-07-10,9.64624,"9.586,97","9.650,09","9.578,06",,"0,50%",0.00503429657242575,-0.0008987603856985601,0.0032760864775420668,0.0008713969231266265,0.0073210266766009,0.004237019018741697,0.00413839388751868,0.004425444661910853
2015-07-13,9.667,"9.646,99","9.667,98","9.628,66",,"0,22%",0.00214982136561196,0.00503429657242575,-0.0008987603856985601,0.0032760864775420668,-0.005685893234107706,0.003930482844527475,0.004082688806508558,0.00443646516789523
2015-07-14,9.65503,"9.645,06","9.665,97","9.632,00",,"-0,12%",-0.0012390004084751269,0.00214982136561196,0.00503429657242575,-0.0008987603856985601,0.0008713969231266265,0.003870475486658332,0.003685574236043255,0.004429334751660924
2015-07-15,9.67405,"9.652,08","9.676,09","9.642,75",,"0,20%",0.0019680198063089073,-0.0012390004084751269,0.00214982136561196,0.00503429657242575,0.0032760864775420668,0.003592882236168956,0.003503153419207802,0.0044376953667739465
2015-07-16,9.67699,"9.672,92","9.679,55","9.615,99",,"0,03%",0.0003038596398561788,0.0019680198063089073,-0.0012390004084751269,0.00214982136561196,-0.0008987603856985601,0.0035982997740041764,0.003460408041975428,0.004436986296820749
2015-07-20,9.73646,"9.661,59","9.736,46","9.661,46",,"0,61%",0.006126699378446406,0.0003038596398561788,0.0019680198063089073,-0.0012390004084751269,0.00503429657242575,0.0033904369540436762,0.0035359383826850136,0.004513122347700978
2015-07-21,9.70022,"9.735,48","9.750,01","9.672,29",,"-0,37%",-0.0037290362340931826,0.006126699378446406,0.0003038596398561788,0.0019680198063089073,0.00214982136561196,0.0029812206911696377,0.0035568429649025955,0.004511278741692859
2015-07-22,9.64251,"9.694,92","9.721,17","9.633,88",,"-0,59%",-0.0059671174893563125,-0.0037290362340931826,0.006126699378446406,0.0003038596398561788,-0.0012390004084751269,0.003787709817543801,0.0037439494787323523,0.004478141103192773
2015-07-23,9.68146,"9.624,45","9.681,46","9.624,45",,"0,40%",0.004031268186446413,-0.0059671174893563125,-0.0037290362340931826,0.006126699378446406,0.0019680198063089073,0.0038517103145556046,0.0038227498236275146,0.004510911577585652
2015-07-24,9.69206,"9.658,86","9.692,06","9.636,10",,"0,11%",0.0010942772462352603,0.004031268186446413,-0.0059671174893563125,-0.0037290362340931826,0.0003038596398561788,0.0038066070781694766,0.0038248509307567424,0.004454417195560471
2015-07-27,9.68743,"9.668,22","9.687,43","9.651,34",,"-0,05%",-0.0004778247609292553,0.0010942772462352603,0.004031268186446413,-0.0059671174893563125,0.006126699378446406,0.003543887269858685,0.0038050500633023715,0.004436253141156584
2015-07-28,9.72319,"9.693,01","9.723,19","9.674,73",,"0,37%",0.0036845850835231933,-0.0004778247609292553,0.0010942772462352603,0.004031268186446413,-0.0037290362340931826,0.0036582206174252166,0.0037158872381723752,0.004456465424391733
2015-07-29,9.7231,"9.725,57","9.748,62","9.704,45",,"0,00%",-9.256264305496076e-06,0.0036845850835231933,-0.0004778247609292553,0.0010942772462352603,-0.0059671174893563125,0.0036106553153455296,0.0036433195129206815,0.004455237284755071
2015-07-31,9.74001,"9.718,21","9.748,55","9.706,37",,"0,17%",0.0017376466818365285,-9.256264305496076e-06,0.0036845850835231933,-0.0004778247609292553,0.004031268186446413,0.0036024095210761354,0.0035175159130977638,0.004442191374036026
2015-08-03,9.8064,"9.812,28","9.827,70","9.755,62",,"0,68%",0.00679308940136838,0.0017376466818365285,-9.256264305496076e-06,0.0036845850835231933,0.0010942772462352603,0.00408003154844902,0.003744128396250164,0.004489413755961081
2015-08-04,9.88896,"9.776,16","9.888,96","9.770,15",,"0,84%",0.008383749631971086,0.00679308940136838,0.0017376466818365285,-9.256264305496076e-06,-0.0004778247609292553,0.004422978148592471,0.003840098646282081,0.00461228142051766
2015-08-05,9.80329,"9.862,15","9.892,79","9.797,66",,"-0,87%",-0.008700939758492555,0.008383749631971086,0.00679308940136838,0.0017376466818365285,0.0036845850835231933,0.005279386856024226,0.004176241775812913,0.004746886026306954
2015-08-06,9.776,"9.783,68","9.787,66","9.697,17",,"-0,28%",-0.002787641193569269,-0.008700939758492555,0.008383749631971086,0.00679308940136838,-9.256264305496076e-06,0.00489080537102653,0.004271454650931871,0.004758735288133618
2015-08-07,9.71622,"9.762,01","9.762,39","9.711,61",,"-0,61%",-0.00613374848267478,-0.002787641193569269,-0.008700939758492555,0.008383749631971086,0.0017376466818365285,0.005315286710149392,0.004522876789320709,0.004791832191493777
2015-08-10,9.69054,"9.702,30","9.705,24","9.674,25",,"-0,26%",-0.0026465020424326887,-0.00613374848267478,-0.002787641193569269,-0.008700939758492555,0.00679308940136838,0.00538886698664816,0.004569357198171801,0.004801975727498783
2015-08-11,9.67456,"9.690,33","9.707,04","9.664,02",,"-0,16%",-0.0016503920586195214,-0.0026465020424326887,-0.00613374848267478,-0.002787641193569269,0.008383749631971086,0.005412744129939782,0.004461974067606841,0.004803846411484256
2015-08-12,9.69536,"9.706,25","9.719,18","9.663,06",,"0,22%",0.0021476607022546355,-0.0016503920586195214,-0.0026465020424326887,-0.00613374848267478,-0.008700939758492555,0.005313208034107153,0.004461923038246149,0.004798278970423011
2015-08-13,9.65311,"9.689,05","9.695,58","9.634,05",,"-0,44%",-0.004367277325103739,0.0021476607022546355,-0.0016503920586195214,-0.0026465020424326887,-0.002787641193569269,0.005464502611022281,0.004566649507174199,0.004787971215331111
2015-08-17,9.49767,"9.650,27","9.650,36","9.497,67",,"-1,61%",-0.01623363785599011,-0.004367277325103739,0.0021476607022546355,-0.0016503920586195214,-0.00613374848267478,0.007234145795126328,0.005799103158464585,0.0051790208267862145
2015-08-18,9.49782,"9.493,35","9.514,10","9.474,40",,"0,00%",1.5793222496873806e-05,-0.01623363785599011,-0.004367277325103739,0.0021476607022546355,-0.0026465020424326887,0.006549852741085536,0.00579626042488178,0.00506329349691664
2015-08-19,9.51702,"9.503,80","9.559,11","9.481,04",,"0,20%",0.0020194760014023857,1.5793222496873806e-05,-0.01623363785599011,-0.004367277325103739,-0.0016503920586195214,0.005529203923883547,0.005602436547497293,0.004826422311510326
2015-08-24,9.43008,"9.497,43","9.499,94","9.430,08",,"-0,91%",-0.009177194418095199,0.0020194760014023857,1.5793222496873806e-05,-0.01623363785599011,0.0021476607022546355,0.005577624666458493,0.005861426750901281,0.0049601058021959
2015-08-25,9.31601,"9.425,92","9.425,92","9.314,43",,"-1,21%",-0.012170154728889385,-0.009177194418095199,0.0020194760014023857,1.5793222496873806e-05,-0.004367277325103739,0.00613454761277722,0.006265328947683874,0.005162747360363945
2015-08-26,9.25266,"9.287,39","9.300,44","9.252,66",,"-0,68%",-0.0068233476913144965,-0.012170154728889385,-0.009177194418095199,0.0020194760014023857,-0.01623363785599011,0.006154804237017595,0.006210591487533654,0.005202638359531071
2015-08-27,9.32559,"9.257,80","9.336,93","9.257,80",,"0,79%",0.007851156553574243,-0.0068233476913144965,-0.012170154728889385,-0.009177194418095199,1.5793222496873806e-05,0.00735744488531279,0.0065759838245922604,0.005304777288368929
2015-08-28,9.30737,"9.329,30","9.330,53","9.287,97",,"-0,20%",-0.0019556748693834946,0.007851156553574243,-0.0068233476913144965,-0.012170154728889385,0.0020194760014023857,0.007347982893096211,0.0065671371233415,0.0051020720034815744
2015-08-31,9.3457,"9.299,95","9.345,70","9.273,18",,"0,41%",0.004109785032761317,-0.0019556748693834946,0.007851156553574243,-0.0068233476913144965,-0.009177194418095199,0.007549928187291493,0.006587170134018285,0.0051343170817471735
2015-09-01,9.23316,"9.290,98","9.292,67","9.233,16",,"-1,20%",-0.01211499268342619,0.004109785032761317,-0.0019556748693834946,0.007851156553574243,-0.012170154728889385,0.008012445759253316,0.006943134951963598,0.005344748099317829
2015-09-02,9.23405,"9.223,06","9.266,32","9.192,28",,"0,01%",9.638705583448658e-05,-0.01211499268342619,0.004109785032761317,-0.0019556748693834946,-0.0068233476913144965,0.006935198938988882,0.006898911796305892,0.00532510689631486
2015-09-03,9.30186,"9.229,59","9.301,86","9.215,82",,"0,73%",0.007316641320242515,9.638705583448658e-05,-0.01211499268342619,0.004109785032761317,0.007851156553574243,0.007617068443862585,0.00693758271014091,0.0054030013894999646
2015-09-04,9.30751,"9.302,59","9.315,14","9.247,04",,"0,06%",0.0006072210046450221,0.007316641320242515,9.638705583448658e-05,-0.01211499268342619,-0.0019556748693834946,0.0075452711999183285,0.006490691613943197,0.005404106613457275
2015-09-07,9.28557,"9.264,73","9.285,57","9.244,51",,"-0,24%",-0.0023600189084592976,0.0006072210046450221,0.007316641320242515,9.638705583448658e-05,0.004109785032761317,0.007144786466073167,0.00635249544029042,0.005407633322886398
2015-09-08,9.29655,"9.281,83","9.319,72","9.258,72",,"0,12%",0.0011817813336577887,-0.0023600189084592976,0.0006072210046450221,0.007316641320242515,-0.01211499268342619,0.006111256174735126,0.006411766724237313,0.005159041247821044
2015-09-09,9.30606,"9.281,88","9.318,99","9.280,08",,"0,10%",0.0010224372632080267,0.0011817813336577887,-0.0023600189084592976,0.0006072210046450221,9.638705583448658e-05,0.00565429966886346,0.006398818126213761,0.005162859263568205
2015-09-10,9.32639,"9.329,80","9.338,87","9.279,12",,"0,22%",0.0021822152285639433,0.0010224372632080267,0.0011817813336577887,-0.0023600189084592976,0.007316641320242515,0.005100896377983364,0.0064700586879203135,0.005170731598687833
2015-09-11,9.30177,"9.277,72","9.321,89","9.271,63",,"-0,26%",-0.002643311452681265,0.0021822152285639433,0.0010224372632080267,0.0011817813336577887,0.0006072210046450221,0.005134840026741943,0.006471729788984939,0.005133579577432284
2015-09-14,9.33384,"9.274,68","9.334,35","9.261,57",,"0,34%",0.0034418011171532376,-0.002643311452681265,0.0021822152285639433,0.0010224372632080267,-0.0023600189084592976,0.0050786029870375045,0.006521291376569691,0.005146092386593623
2015-09-15,9.26624,"9.282,59","9.307,59","9.250,03",,"-0,72%",-0.007268817944968986,0.0034418011171532376,-0.002643311452681265,0.0021822152285639433,0.0011817813336577887,0.003902631197939298,0.006610729394983411,0.005142933716392239
2015-09-16,9.2999,"9.263,23","9.302,29","9.239,41",,"0,36%",0.0036259596102326225,-0.007268817944968986,0.0034418011171532376,-0.002643311452681265,0.0010224372632080267,0.004033783574080188,0.005810426898082778,0.00514391641546017
2015-09-17,9.20022,"9.266,19","9.269,43","9.200,22",,"-1,07%",-0.01077625060066698,0.0036259596102326225,-0.007268817944968986,0.0034418011171532376,0.0021822152285639433,0.0047377331599374435,0.006194456463092998,0.005293598845703901
2015-09-18,9.06319,"9.202,52","9.202,52","9.061,89",,"-1,49%",-0.015006241599078058,-0.01077625060066698,0.0036259596102326225,-0.007268817944968986,-0.002643311452681265,0.006395715726224823,0.0068112467846251955,0.005557260329947544
2015-09-21,9.08724,"9.067,81","9.087,24","9.037,50",,"0,27%",0.002650076507837035,-0.015006241599078058,-0.01077625060066698,0.0036259596102326225,0.0034418011171532376,0.006614326890800777,0.006708459474858456,0.005566453772004245
2015-09-22,9.11665,"9.087,68","9.116,65","9.054,40",,"0,32%",0.0032311803233250292,0.002650076507837035,-0.015006241599078058,-0.01077625060066698,-0.007268817944968986,0.006759497400941556,0.006335236658388166,0.005547499993553356
2015-09-23,9.21913,"9.095,04","9.219,13","9.091,33",,"1,12%",0.01117826098489704,0.0032311803233250292,0.002650076507837035,-0.015006241599078058,0.0036259596102326225,0.00791975170076497,0.006742258328630992,0.005760517918511652
2015-09-28,9.15576,"9.216,67","9.237,80","9.155,76",,"-0,69%",-0.0068974836025603335,0.01117826098489704,0.0032311803233250292,0.002650076507837035,-0.01077625060066698,0.00804175561155733,0.006622954692178422,0.005813865370235595
2015-09-29,9.13367,"9.151,17","9.226,88","9.133,67",,"-0,24%",-0.00241560406655917,-0.0068974836025603335,0.01117826098489704,0.0032311803233250292,-0.015006241599078058,0.008039570730883353,0.006627540801244433,0.00581715605771254
2015-09-30,9.11429,"9.148,80","9.149,70","9.114,29",,"-0,21%",-0.002124073845665863,-0.00241560406655917,-0.0068974836025603335,0.01117826098489704,0.002650076507837035,0.007824313751131554,0.00652322168003672,0.0058061173793684615
2015-10-01,9.09682,"9.110,38","9.127,44","9.085,64",,"-0,19%",-0.001918609613473803,-0.002124073845665863,-0.00241560406655917,-0.0068974836025603335,0.0032311803233250292,0.007633493756031128,0.0060077621954319855,0.005771854496912182
2015-10-02,9.1175,"9.097,46","9.133,81","9.082,07",,"0,23%",0.0022707417994159624,-0.001918609613473803,-0.002124073845665863,-0.00241560406655917,0.01117826098489704,0.007536986998800275,0.006043335521161498,0.005776372736127153
2015-10-05,9.10004,"9.107,63","9.112,42","9.020,28",,"-0,19%",-0.001916834583158893,0.0022707417994159624,-0.001918609613473803,-0.002124073845665863,-0.0068974836025603335,0.00688033250849904,0.005749443414763772,0.005775843290020592
2015-10-06,9.0484,"9.098,84","9.136,52","9.048,40",,"-0,57%",-0.005690862615995832,-0.001916834583158893,0.0022707417994159624,-0.001918609613473803,-0.00241560406655917,0.005217170682932974,0.005823204909952002,0.005709415656168683
2015-10-07,8.99397,"9.028,02","9.028,02","8.963,66",,"-0,60%",-0.006033593715629012,-0.005690862615995832,-0.001916834583158893,0.0022707417994159624,-0.002124073845665863,0.0054157600781267285,0.005911952901480421,0.005714402894255224
2015-10-08,8.96586,"8.993,35","9.024,82","8.931,93",,"-0,31%",-0.0031303217184074227,-0.006033593715629012,-0.005690862615995832,-0.001916834583158893,-0.001918609613473803,0.005229823267550335,0.005883905005770641,0.005715201254951577
2015-10-09,9.02026,"8.953,06","9.020,26","8.946,92",,"0,61%",0.006049127425300602,-0.0031303217184074227,-0.006033593715629012,-0.005690862615995832,0.0022707417994159624,0.003916602223926845,0.006114159340676572,0.005762172088342468
2015-10-12,9.05302,"9.005,28","9.053,02","8.970,36",,"0,36%",0.0036252452104710473,0.006049127425300602,-0.0031303217184074227,-0.006033593715629012,-0.001916834583158893,0.003922119746552464,0.006168909137511762,0.005793688604328892
2015-10-13,8.989,"9.006,58","9.006,58","8.940,69",,"-0,71%",-0.007096796112016484,0.0036252452104710473,0.006049127425300602,-0.0031303217184074227,-0.005690862615995832,0.004348945926904887,0.006291975499726913,0.005792135127741617
2015-10-14,9.02265,"8.998,65","9.022,65","8.973,22",,"0,37%",0.0037364749092557888,-0.007096796112016484,0.0036252452104710473,0.006049127425300602,-0.006033593715629012,0.0046541356301954065,0.0063050061225815,0.005811167862832445
2015-10-16,9.00741,"9.020,48","9.020,67","8.969,47",,"-0,17%",-0.0016905105839292226,0.0037364749092557888,-0.007096796112016484,0.0036252452104710473,-0.0031303217184074227,0.004649747593594973,0.006167360344148025,0.005811577834548621
2015-10-19,9.03081,"9.007,41","9.030,81","8.945,62",,"0,26%",0.0025944924860892794,-0.0016905105839292226,0.0037364749092557888,-0.007096796112016484,0.006049127425300602,0.004676009387410209,0.006127156085840312,0.0058178472105771825
2015-10-20,9.02905,"9.030,93","9.035,93","8.988,29",,"-0,02%",-0.00019490738085148565,0.0025944924860892794,-0.0016905105839292226,0.0037364749092557888,0.0036252452104710473,0.004668367767024975,0.005724736085380429,0.005816095454814732
2015-10-21,8.98503,"9.016,22","9.029,86","8.972,28",,"-0,49%",-0.004887297893714678,-0.00019490738085148565,0.0025944924860892794,-0.0016905105839292226,-0.007096796112016484,0.004580596250653622,0.004786284259850923,0.005755873548979552
2015-10-22,8.94408,"8.958,35","8.975,10","8.940,60",,"-0,46%",-0.00456799821154252,-0.004887297893714678,-0.00019490738085148565,0.0025944924860892794,0.0037364749092557888,0.0044114041890448465,0.004813624890297215,0.00576279385239597
2015-10-23,9.0059,"8.938,93","9.005,90","8.921,04",,"0,69%",0.006888057192525289,-0.00456799821154252,-0.004887297893714678,-0.00019490738085148565,-0.0016905105839292226,0.00487510044051268,0.0050387538437931,0.005826936993460281
2015-10-26,9.01866,"8.998,80","9.024,21","8.974,01",,"0,14%",0.0014158461711775599,0.006888057192525289,-0.00456799821154252,-0.004887297893714678,0.0025944924860892794,0.004488187738457611,0.004247262428949566,0.005797315862388785
2015-10-27,8.97963,"9.014,16","9.017,83","8.948,93",,"-0,43%",-0.004337085487623123,0.0014158461711775599,0.006888057192525289,-0.00456799821154252,-0.00019490738085148565,0.004476357708130705,0.004099305365500791,0.005803571982705784
2015-10-28,8.99329,"8.981,54","9.002,17","8.977,97",,"0,15%",0.001520064923254493,-0.004337085487623123,0.0014158461711775599,0.006888057192525289,-0.004887297893714678,0.003928370224258625,0.00412072815085734,0.0058139308001442964
2015-10-29,9.03278,"8.984,84","9.032,78","8.982,65",,"0,44%",0.004381439012955584,0.001520064923254493,-0.004337085487623123,0.0014158461711775599,-0.00456799821154252,0.0040002979283802025,0.004262894547044261,0.005824619697985167
2015-10-30,9.0818,"9.025,51","9.081,80","9.000,75",,"0,54%",0.005412228123272212,0.004381439012955584,0.001520064923254493,-0.004337085487623123,0.006888057192525289,0.0042663665546388806,0.004441329532714029,0.005885572888299534
2015-11-02,9.08432,"9.073,76","9.095,97","9.059,35",,"0,03%",0.00027743954307956286,0.005412228123272212,0.004381439012955584,0.001520064923254493,0.0014158461711775599,0.004222126079289734,0.004407979622036593,0.005876495908803398
2015-11-03,9.10441,"9.078,97","9.104,71","9.054,83",,"0,22%",0.002209061124097279,0.00027743954307956286,0.005412228123272212,0.004381439012955584,-0.004337085487623123,0.004240817099967231,0.00441906256059037,0.0058006336052409575
2015-11-04,9.11323,"9.089,23","9.142,06","9.059,69",,"0,10%",0.0009682923462236426,0.002209061124097279,0.00027743954307956286,0.005412228123272212,0.001520064923254493,0.0037379411599311693,0.004211818661174773,0.0056696751299656675
2015-11-05,9.17284,"9.113,25","9.177,06","9.073,95",,"0,65%",0.00651974001558804,0.0009682923462236426,0.002209061124097279,0.00027743954307956286,0.004381439012955584,0.003394107367227792,0.004144179250763258,0.005676227662623582
2015-11-09,9.23225,"9.198,75","9.232,25","9.176,68",,"0,65%",0.006455845240678459,0.00651974001558804,0.0009682923462236426,0.002209061124097279,0.005412228123272212,0.003334611726353719,0.004197222507924902,0.0057547590506711686
2015-11-10,9.21245,"9.237,05","9.247,97","9.182,96",,"-0,21%",-0.002146959029484256,0.006455845240678459,0.00651974001558804,0.0009682923462236426,0.00027743954307956286,0.0036377646323251965,0.004125483581720175,0.005716827161353121
2015-11-11,9.26827,"9.226,27","9.272,16","9.213,11",,"0,61%",0.00604090855239352,-0.002146959029484256,0.006455845240678459,0.00651974001558804,0.002209061124097279,0.003016337109184404,0.0042385338764706825,0.005781168878807605
2015-11-12,9.23797,"9.253,53","9.309,51","9.231,46",,"-0,33%",-0.0032745740977262847,0.00604090855239352,-0.002146959029484256,0.006455845240678459,0.0009682923462236426,0.0036260876235902173,0.00392015362961718,0.0057892885939892814
2015-11-13,9.26107,"9.226,66","9.261,07","9.175,23",,"0,25%",0.002497428191571824,-0.0032745740977262847,0.00604090855239352,-0.002146959029484256,0.00651974001558804,0.003576721842097383,0.0038903982392854536,0.0057924511451811055
2015-11-16,9.21108,"9.274,79","9.274,79","9.192,24",,"-0,54%",-0.005412485502556474,0.002497428191571824,-0.0032745740977262847,0.00604090855239352,0.006455845240678459,0.004182735533588162,0.004123238136371406,0.00580502989421155
2015-11-17,9.17931,"9.218,09","9.222,16","9.177,11",,"-0,34%",-0.0034550688272003416,-0.005412485502556474,0.002497428191571824,-0.0032745740977262847,-0.002146959029484256,0.004453169026852976,0.004229741497492682,0.005452187559635256
2015-11-19,9.19285,"9.183,61","9.202,76","9.159,73",,"0,15%",0.001473969576947156,-0.0034550688272003416,-0.005412485502556474,0.002497428191571824,0.00604090855239352,0.00443777147322509,0.004225218496425284,0.005458081696253144
2015-11-20,9.19304,"9.178,89","9.202,55","9.152,90",,"0,00%",2.0668023142355148e-05,0.001473969576947156,-0.0034550688272003416,-0.005412485502556474,-0.0032745740977262847,0.004447840098792305,0.004008434112992633,0.005448261724134571
2015-11-23,9.10884,"9.183,85","9.193,76","9.105,42",,"-0,92%",-0.009201305446039575,2.0668023142355148e-05,0.001473969576947156,-0.0034550688272003416,0.002497428191571824,0.0049766930395934,0.004463958236475121,0.005448907636817162
2015-11-24,9.10893,"9.105,20","9.123,82","9.094,76",,"0,00%",9.880462866894092e-06,-0.009201305446039575,2.0668023142355148e-05,0.001473969576947156,-0.005412485502556474,0.004321110931661775,0.004238643813092478,0.0052322850901449815
2015-11-25,9.1227,"9.103,71","9.122,70","9.095,00",,"0,15%",0.0015105618771730034,9.880462866894092e-06,-0.009201305446039575,2.0668023142355148e-05,-0.0034550688272003416,0.004399741730951228,0.004239692839503109,0.005168421769224488
2015-11-26,9.10893,"9.105,24","9.119,59","9.044,11",,"-0,15%",-0.0015105618771729132,0.0015105618771730034,9.880462866894092e-06,-0.009201305446039575,0.001473969576947156,0.0036441809186550517,0.004112592348287449,0.0050603288235743955
2015-11-27,9.08525,"9.108,71","9.135,61","9.079,33",,"-0,26%",-0.002603031669562447,-0.0015105618771729132,0.0015105618771730034,9.880462866894092e-06,2.0668023142355148e-05,0.0036187389067908336,0.004173000281843921,0.00506440824035595
2015-11-30,9.09321,"9.075,21","9.113,27","9.051,23",,"0,09%",0.0008757618091684872,-0.002603031669562447,-0.0015105618771729132,0.0015105618771730034,-0.009201305446039575,0.0034434745780317568,0.004074223530453641,0.005032679767251572
2015-12-01,9.08154,"9.085,12","9.087,08","9.050,43",,"-0,13%",-0.0012841994089398186,0.0008757618091684872,-0.002603031669562447,-0.0015105618771729132,9.880462866894092e-06,0.0032053800236294602,0.003906583787104792,0.0047961019043389315
2015-12-02,9.05097,"9.082,84","9.116,88","9.050,97",,"-0,34%",-0.003371847467717117,-0.0012841994089398186,0.0008757618091684872,-0.002603031669562447,0.0015105618771730034,0.00319960154235527,0.003977453636040158,0.0048124105414836275
2015-12-03,9.05279,"9.039,33","9.064,14","9.034,78",,"0,02%",0.0002010632052272791,-0.003371847467717117,-0.0012841994089398186,0.0008757618091684872,-0.0015105618771729132,0.003095845432087519,0.0039390284595767,0.004707210313900758
2015-12-04,9.06955,"9.075,98","9.099,75","9.027,76",,"0,19%",0.0018496512898762852,0.0002010632052272791,-0.003371847467717117,-0.0012841994089398186,-0.002603031669562447,0.003248258936364967,0.003958660540123393,0.00471467725457586
2015-12-07,9.01734,"9.066,51","9.068,24","9.017,34",,"-0,58%",-0.005773258422583884,0.0018496512898762852,0.0002010632052272791,-0.003371847467717117,0.0008757618091684872,0.0023973183067991927,0.003805192060773336,0.004758725659994791
2015-12-08,9.00841,"9.032,88","9.043,73","8.998,44",,"-0,10%",-0.0009908049019370028,-0.005773258422583884,0.0018496512898762852,0.0002010632052272791,-0.0012841994089398186,0.0023707733211156255,0.00339434066535446,0.004754064037371072
2015-12-09,8.91013,"8.976,44","8.990,56","8.910,13",,"-1,09%",-0.010969753735041261,-0.0009908049019370028,-0.005773258422583884,0.0018496512898762852,-0.003371847467717117,0.0037322169402695515,0.004033338398482793,0.004936501700469024
2015-12-10,8.87488,"8.912,39","8.920,21","8.858,52",,"-0,40%",-0.003964017580896013,-0.010969753735041261,-0.0009908049019370028,-0.005773258422583884,0.0002010632052272791,0.0037509356983899417,0.0036268084461572106,0.004938929313846422
2015-12-11,8.85628,"8.866,93","8.883,76","8.847,28",,"-0,21%",-0.002098002253941579,-0.003964017580896013,-0.010969753735041261,-0.0009908049019370028,0.0018496512898762852,0.0037543342197201364,0.0036174549863420137,0.004936031317487305
2015-12-14,8.86563,"8.871,15","8.883,68","8.836,80",,"0,11%",0.0010551911015851182,-0.002098002253941579,-0.003964017580896013,-0.010969753735041261,-0.005773258422583884,0.0037729222403817524,0.003534196395079272,0.004910673397955317
2015-12-15,8.79665,"8.864,36","8.884,87","8.796,65",,"-0,78%",-0.007811035802689989,0.0010551911015851182,-0.002098002253941579,-0.003964017580896013,-0.0009908049019370028,0.004084276386186937,0.0036869847361011977,0.00492315452871768
2015-12-16,8.86475,"8.796,65","8.870,44","8.796,65",,"0,77%",0.007711771150638322,-0.007811035802689989,0.0010551911015851182,-0.002098002253941579,-0.010969753735041261,0.005339605118033302,0.004298041728363089,0.0050137745333400175
2015-12-17,8.84645,"8.863,02","8.870,07","8.812,57",,"-0,21%",-0.002066489736700888,0.007711771150638322,-0.007811035802689989,0.0010551911015851182,-0.003964017580896013,0.0052798368940132874,0.004230937487052126,0.004843183739020304
2015-12-18,8.86092,"8.843,70","8.860,92","8.821,78",,"0,16%",0.0016343480958373362,-0.002066489736700888,0.007711771150638322,-0.007811035802689989,-0.002098002253941579,0.005261416249642693,0.004284945390926824,0.004469383295918834
2015-12-21,8.86425,"8.861,94","8.864,25","8.789,89",,"0,04%",0.0003757368802868838,0.0016343480958373362,-0.002066489736700888,0.007711771150638322,0.0010551911015851182,0.005172492494237617,0.003940246540960286,0.004452896208943283
2015-12-22,8.86338,"8.862,78","8.878,53","8.848,41",,"-0,01%",-9.815186809503523e-05,0.0003757368802868838,0.0016343480958373362,-0.002066489736700888,-0.007811035802689989,0.005193985342418235,0.003938341972018442,0.0044273723511291324
2015-12-23,8.8931,"8.858,99","8.893,10","8.836,15",,"0,34%",0.003347513443333621,-9.815186809503523e-05,0.0003757368802868838,0.0016343480958373362,0.007711771150638322,0.004211680771813409,0.004029335795311261,0.0041870908786167975
2015-12-28,8.85606,"8.885,18","8.905,83","8.836,22",,"-0,42%",-0.004173724702425385,0.003347513443333621,-9.815186809503523e-05,0.0003757368802868838,-0.002066489736700888,0.0042330209785369066,0.004081218326684237,0.004132061668465691
2015-12-29,8.87396,"8.817,89","8.873,96","8.795,62",,"0,20%",0.0020191749452765527,-0.004173724702425385,0.003347513443333621,-9.815186809503523e-05,0.0016343480958373362,0.00422945443507128,0.004140408061689087,0.004137869855195242
2015-12-30,8.86885,"8.873,72","8.873,72","8.802,90",,"-0,06%",-0.0005760079876056799,0.0020191749452765527,-0.004173724702425385,0.003347513443333621,0.0003757368802868838,0.004224235239914345,0.0041151828881843796,0.004132272208499085
2015-12-31,8.92571,"8.867,46","8.925,71","8.843,28",,"0,64%",0.00639073891354629,-0.0005760079876056799,0.0020191749452765527,-0.004173724702425385,-9.815186809503523e-05,0.0036396926405875656,0.004455518129138494,0.004220682581932523
2016-01-04,8.88804,"8.918,89","8.931,24","8.868,95",,"-0,42%",-0.004229323545105963,0.00639073891354629,-0.0005760079876056799,0.0020191749452765527,0.003347513443333621,0.0033026461380509047,0.004484934674986846,0.004236539850238251
2016-01-05,8.83781,"8.882,22","8.889,92","8.823,19",,"-0,57%",-0.005667444376273584,-0.004229323545105963,0.00639073891354629,-0.0005760079876056799,-0.004173724702425385,0.0037506999268034566,0.00459905770732601,0.004286305527634425
2016-01-06,8.84212,"8.834,07","8.847,21","8.817,81",,"0,05%",0.0004875585011229945,-0.005667444376273584,-0.004229323545105963,0.00639073891354629,0.0020191749452765527,0.003709158958000503,0.0045614252387689135,0.0042330617803965544
2016-01-07,8.85609,"8.841,51","8.856,69","8.823,62",,"0,16%",0.0015786910542267458,0.0004875585011229945,-0.005667444376273584,-0.004229323545105963,-0.0005760079876056799,0.003749638752838619,0.004474816056876801,0.004174547119265947
2016-01-08,8.83693,"8.836,69","8.843,64","8.820,90",,"-0,22%",-0.0021658266920685267,0.0015786910542267458,0.0004875585011229945,-0.005667444376273584,0.00639073891354629,0.00380658646913155,0.004483745262994118,0.004165143587269117
2016-01-12,8.82891,"8.807,61","8.837,97","8.803,58",,"-0,09%",-0.0009079670766832309,-0.0021658266920685267,0.0015786910542267458,0.0004875585011229945,-0.004229323545105963,0.0035850758970022768,0.0038164477287582475,0.004083085447367446
2016-01-13,8.8448,"8.831,12","8.844,80","8.809,74",,"0,18%",0.0017981515235332027,-0.0009079670766832309,-0.0021658266920685267,0.0015786910542267458,-0.005667444376273584,0.0034411589428278563,0.003754832313510875,0.0040596256561505825
2016-01-14,8.85228,"8.839,71","8.868,09","8.830,60",,"0,08%",0.0008453372472105854,0.0017981515235332027,-0.0009079670766832309,-0.0021658266920685267,0.0004875585011229945,0.003379270595539611,0.0037328954495963727,0.0039655549914482694
2016-01-15,8.85356,"8.859,28","8.873,72","8.845,28",,"0,01%",0.0001445850637111627,0.0008453372472105854,0.0017981515235332027,-0.0009079670766832309,0.0015786910542267458,0.0033791016141369134,0.003724601987112705,0.003931234217804145
2016-01-18,8.86867,"8.875,06","8.884,85","8.848,64",,"0,17%",0.0017052034265780567,0.0001445850637111627,0.0008453372472105854,0.0017981515235332027,-0.0021658266920685267,0.002603816052792064,0.0032625828994794245,0.003935541323584545
2016-01-19,8.88785,"8.866,74","8.894,97","8.858,46",,"0,22%",0.0021603340586432247,0.0017052034265780567,0.0001445850637111627,0.0008453372472105854,-0.0009079670766832309,0.002401589266465482,0.002813742353638907,0.003930602471077424
2016-01-20,8.87799,"8.877,39","8.877,99","8.839,34",,"-0,11%",-0.0011099954758533102,0.0021603340586432247,0.0017052034265780567,0.0001445850637111627,0.0017981515235332027,0.0014515621606705903,0.0027823959673176574,0.003932097219379179
2016-01-21,8.86243,"8.863,02","8.873,45","8.857,76",,"-0,18%",-0.0017541866528599534,-0.0011099954758533102,0.0021603340586432247,0.0017052034265780567,0.0008453372472105854,0.0016101743543705388,0.0027921953640471387,0.003890474824082056
2016-01-22,8.86844,"8.859,53","8.877,75","8.849,80",,"0,07%",0.0006779137436760045,-0.0017541866528599534,-0.0011099954758533102,0.0021603340586432247,0.0001445850637111627,0.0015503924281970395,0.0027951030333470766,0.003850046435777417
2016-01-25,8.86563,"8.866,30","8.890,04","8.861,13",,"-0,03%",-0.0003169041312588946,0.0006779137436760045,-0.0017541866528599534,-0.0011099954758533102,0.0017052034265780567,0.0013410571592325773,0.002796032507136201,0.0037378022810929798
2016-01-26,8.86659,"8.864,12","8.871,60","8.846,41",,"0,01%",0.00010827747466905399,-0.0003169041312588946,0.0006779137436760045,-0.0017541866528599534,0.0021603340586432247,0.0012741412966426257,0.0026842780252080817,0.003731662946156376
2016-01-27,8.87019,"8.864,50","8.895,67","8.846,46",,"0,04%",0.00040593614505389275,0.00010827747466905399,-0.0003169041312588946,0.0006779137436760045,-0.0011099954758533102,0.0011801291520439797,0.002512756738178824,0.0036943871939480104
2016-01-28,8.9142,"8.864,66","8.914,20","8.849,48",,"0,50%",0.004949294278551109,0.00040593614505389275,0.00010827747466905399,-0.0003169041312588946,-0.0017541866528599534,0.0018937973755798455,0.0027095058333801185,0.003747658983826577
2016-01-29,8.89899,"8.895,78","8.917,50","8.888,65",,"-0,17%",-0.0017077237368978125,0.004949294278551109,0.00040593614505389275,0.00010827747466905399,0.0006779137436760045,0.002038867205728396,0.002738800554435933,0.0037051507241437458
2016-02-01,8.90284,"8.890,66","8.902,84","8.859,64",,"0,04%",0.0004325398074269925,-0.0017077237368978125,0.004949294278551109,0.00040593614505389275,-0.0003169041312588946,0.0019953545068678797,0.0023182512615740236,0.003631232218284833
2016-02-02,8.93826,"8.901,15","8.938,26","8.881,08",,"0,40%",0.003970612410138985,0.0004325398074269925,-0.0017077237368978125,0.004949294278551109,0.00010827747466905399,0.002241321176200493,0.002279564376080264,0.003672796292929796
2016-02-03,8.95072,"8.933,50","8.950,72","8.910,85",,"0,14%",0.0013930366085644706,0.003970612410138985,0.0004325398074269925,-0.0017077237368978125,0.00040593614505389275,0.002172103893739065,0.0018076128319898296,0.0036649626677465632
2016-02-04,8.98949,"8.952,54","8.989,49","8.950,00",,"0,43%",0.004322141196214477,0.0013930366085644706,0.003970612410138985,0.0004325398074269925,0.004949294278551109,0.0022225803776280296,0.001985763235342543,0.003709685615920763
2016-02-05,9.03048,"8.983,59","9.030,48","8.963,80",,"0,46%",0.004549404987663431,0.004322141196214477,0.0013930366085644706,0.003970612410138985,-0.0017077237368978125,0.002407747094532659,0.002149357227290473,0.003657293061225295
2016-02-08,9.00665,"9.027,08","9.061,41","8.987,21",,"-0,26%",-0.0026423287812297807,0.004549404987663431,0.004322141196214477,0.0013930366085644706,0.0004325398074269925,0.002727168690721805,0.0021882932983674176,0.003561452041098349
2016-02-09,8.9746,"8.998,52","9.008,27","8.972,70",,"-0,36%",-0.0035648282450823922,-0.0026423287812297807,0.004549404987663431,0.004322141196214477,0.003970612410138985,0.003160122071987476,0.0023793950711871624,0.003577823192250783
2016-02-10,9.01582,"8.971,38","9.020,88","8.963,82",,"0,46%",0.004582446894615928,-0.0035648282450823922,-0.0026423287812297807,0.004549404987663431,0.0013930366085644706,0.003314163973953238,0.0025172013697724667,0.0035378041766463237
2016-02-11,9.07234,"9.032,71","9.072,83","9.030,02",,"0,63%",0.006249412206620377,0.004582446894615928,-0.0035648282450823922,-0.0026423287812297807,0.004322141196214477,0.0034802518289269377,0.0027807677142863262,0.0036220490366157152
2016-02-12,9.0577,"9.073,83","9.112,38","9.057,70",,"-0,16%",-0.0016149995457298933,0.006249412206620377,0.004582446894615928,-0.0035648282450823922,0.004549404987663431,0.0034700994680572548,0.0028439586427720523,0.003607065248132078
2016-02-15,9.07479,"9.058,43","9.106,85","9.058,43",,"0,19%",0.001885014695771204,-0.0016149995457298933,0.006249412206620377,0.004582446894615928,-0.0026423287812297807,0.0034382541989414336,0.0028461235799045765,0.00355684157604778
2016-02-16,9.16219,"9.073,82","9.162,19","9.050,96",,"0,96%",0.00958499369239149,0.001885014695771204,-0.0016149995457298933,0.006249412206620377,-0.0035648282450823922,0.004188184656193344,0.0034128110079955252,0.0037506977816191877
2016-02-17,9.11988,"9.147,59","9.158,81","9.119,88",,"-0,46%",-0.0046285869747553195,0.00958499369239149,0.001885014695771204,-0.0016149995457298933,0.004582446894615928,0.0047554115638293645,0.003638735625427281,0.003791710625800009
2016-02-18,9.15375,"9.116,78","9.153,75","9.109,24",,"0,37%",0.003706985288205142,-0.0046285869747553195,0.00958499369239149,0.001885014695771204,0.006249412206620377,0.004724074491708054,0.003598687336875476,0.003823968083775705
2016-02-19,9.21948,"9.157,54","9.219,48","9.157,54",,"0,72%",0.007155005452548078,0.003706985288205142,-0.0046285869747553195,0.00958499369239149,-0.0016149995457298933,0.0049579770812265,0.003795764518389951,0.0037442557332452455
2016-02-22,9.19587,"9.202,93","9.206,57","9.140,05",,"-0,26%",-0.0025641666258002342,0.007155005452548078,0.003706985288205142,-0.0046285869747553195,0.001885014695771204,0.004949775219007891,0.0038980059840922785,0.00376119332438177
2016-02-23,9.17095,"9.194,19","9.222,09","9.170,95",,"-0,27%",-0.0027135906261058526,-0.0025641666258002342,0.007155005452548078,0.003706985288205142,0.00958499369239149,0.0048482061079990315,0.004012929979244221,0.0037749618077736074
2016-02-24,9.14669,"9.163,27","9.202,37","9.137,65",,"-0,26%",-0.0026488143870554955,-0.0027135906261058526,-0.0025641666258002342,0.007155005452548078,-0.0046285869747553195,0.004984807381776852,0.004120956441583488,0.003785975087547312
2016-02-25,9.07719,"9.130,14","9.130,14","9.053,01",,"-0,76%",-0.007627391855310912,-0.0026488143870554955,-0.0027135906261058526,-0.0025641666258002342,0.003706985288205142,0.005410858973828387,0.004513380715447734,0.0038999266804296273
2016-02-26,9.00426,"9.063,94","9.076,53","8.997,95",,"-0,80%",-0.008066874668750907,-0.007627391855310912,-0.0026488143870554955,-0.0027135906261058526,0.007155005452548078,0.005986000031825052,0.004913461421043569,0.004033895275083866
2016-02-29,8.90844,"9.038,17","9.038,65","8.897,20",,"-1,06%",-0.010698656704056887,-0.008066874668750907,-0.007627391855310912,-0.0026488143870554955,-0.0025641666258002342,0.0066888819429584715,0.005524439706360934,0.004255238805604725
2016-03-01,8.92811,"8.908,54","8.937,17","8.892,85",,"0,22%",0.002205584372974906,-0.010698656704056887,-0.008066874668750907,-0.007627391855310912,-0.0027135906261058526,0.005606660432486374,0.005472050074049214,0.004248371613215437
2016-03-02,9.08367,"8.928,66","9.083,67","8.928,66",,"1,74%",0.017273569622880305,0.002205584372974906,-0.010698656704056887,-0.008066874668750907,-0.0026488143870554955,0.008335076463388475,0.0067064531576634424,0.004811932103399828
2016-03-03,9.10832,"9.093,92","9.108,32","9.069,77",,"0,27%",0.0027099855580222944,0.017273569622880305,0.002205584372974906,-0.010698656704056887,-0.007627391855310912,0.00828634147260139,0.006670689792859426,0.004818642404240133
2016-03-04,9.09916,"9.101,50","9.129,87","9.012,78",,"-0,10%",-0.001006179962608594,0.0027099855580222944,0.017273569622880305,0.002205584372974906,-0.008066874668750907,0.007838706985313856,0.006615499008803379,0.004759584223869847
2016-03-07,9.13008,"9.106,90","9.130,96","9.086,02",,"0,34%",0.003392355320624184,-0.001006179962608594,0.0027099855580222944,0.017273569622880305,-0.010698656704056887,0.007958522096995005,0.006608068401054048,0.004775380592556573
2016-03-08,9.14141,"9.124,55","9.141,41","9.093,55",,"0,12%",0.0012401836360560246,0.003392355320624184,-0.001006179962608594,0.0027099855580222944,0.002205584372974906,0.00794656840242238,0.00653251064677556,0.004544896459245797
2016-03-09,9.14144,"9.144,14","9.149,23","9.115,77",,"0,00%",3.2817640574267577e-06,0.0012401836360560246,0.003392355320624184,-0.001006179962608594,0.017273569622880305,0.007904451877302926,0.006477434847335908,0.004508643967024062
2016-03-10,9.19576,"9.146,87","9.195,76","9.120,58",,"0,59%",0.005924585966141048,3.2817640574267577e-06,0.0012401836360560246,0.003392355320624184,0.0027099855580222944,0.0076189631243139275,0.006463158091571384,0.004549272588935198
2016-03-11,9.19211,"9.178,37","9.199,17","9.156,88",,"-0,04%",-0.0003970008541435642,0.005924585966141048,3.2817640574267577e-06,0.0012401836360560246,-0.001006179962608594,0.006926039167184808,0.006446154518680873,0.0045508182507551734
2016-03-14,9.21284,"9.193,28","9.212,84","9.187,40",,"0,23%",0.0022526558090215647,-0.0003970008541435642,0.005924585966141048,3.2817640574267577e-06,0.003392355320624184,0.0052924131713625614,0.0064501249581257,0.0044190070839432005
2016-03-15,9.23572,"9.200,94","9.235,72","9.184,78",,"0,25%",0.002480411666889529,0.0022526558090215647,-0.0003970008541435642,0.005924585966141048,0.0012401836360560246,0.005286463169452074,0.006125705781128042,0.004330451375729496
2016-03-16,9.2463,"9.233,63","9.261,93","9.194,80",,"0,11%",0.0011448966244682753,0.002480411666889529,0.0022526558090215647,-0.0003970008541435642,3.2817640574267577e-06,0.002046934083799099,0.006011246159878511,0.004315709997170774
2016-03-17,9.22497,"9.242,60","9.243,48","9.202,43",,"-0,23%",-0.0023095336142113106,0.0011448966244682753,0.002480411666889529,0.0022526558090215647,0.005924585966141048,0.0023803423788565947,0.006002769731877032,0.004331811831818235
2016-03-18,9.29713,"9.219,36","9.314,23","9.218,79",,"0,78%",0.007791812492447123,-0.0023095336142113106,0.0011448966244682753,0.002480411666889529,-0.0003970008541435642,0.0029918723145649522,0.0060421156210396735,0.004427977996345509
2016-03-21,9.40994,"9.319,93","9.409,94","9.313,48",,"1,21%",0.012060827000193676,0.007791812492447123,-0.0023095336142113106,0.0011448966244682753,0.0022526558090215647,0.004342138549772555,0.006527528708228355,0.0046586493757053826
2016-03-22,9.54857,"9.426,17","9.590,52","9.402,81",,"1,47%",0.014624827679433416,0.012060827000193676,0.007791812492447123,-0.0023095336142113106,0.002480411666889529,0.0056104862842996745,0.007112463518701907,0.0049720303371765
2016-03-23,9.60423,"9.548,17","9.604,23","9.521,64",,"0,58%",0.005812221366244602,0.014624827679433416,0.012060827000193676,0.007791812492447123,0.0011448966244682753,0.005406565730451255,0.007071816293832333,0.004956714479249409
2016-03-24,9.5866,"9.599,03","9.614,98","9.560,09",,"-0,18%",-0.001837336369465897,0.005812221366244602,0.014624827679433416,0.012060827000193676,-0.0023095336142113106,0.005792663168070713,0.006749118557234403,0.004972890226775533
2016-03-25,9.54003,"9.601,39","9.624,74","9.535,04",,"-0,49%",-0.004869659948296965,-0.001837336369465897,0.005812221366244602,0.014624827679433416,0.007791812492447123,0.006331436793634189,0.006513678431276343,0.005030716833205451
2016-03-28,9.51195,"9.547,23","9.547,63","9.474,12",,"-0,29%",-0.0029477272527559557,-0.004869659948296965,-0.001837336369465897,0.005812221366244602,0.012060827000193676,0.0066694500861088435,0.005860468169987375,0.005012325831061096
2016-03-29,9.44064,"9.496,60","9.500,96","9.394,90",,"-0,75%",-0.007525128387090237,-0.0029477272527559557,-0.004869659948296965,-0.001837336369465897,0.014624827679433416,0.007488769318430571,0.006338561442271857,0.005088753105733849
2016-03-30,9.36974,"9.448,40","9.449,02","9.348,36",,"-0,75%",-0.007538426736485514,-0.007525128387090237,-0.0029477272527559557,-0.004869659948296965,0.005812221366244602,0.008102287227946897,0.005756177349221577,0.005135850134561661
2016-03-31,9.32798,"9.371,65","9.386,08","9.301,81",,"-0,45%",-0.004466862209501829,-0.007538426736485514,-0.007525128387090237,-0.0029477272527559557,-0.001837336369465897,0.008237442130619206,0.0059019387712731805,0.005183413445043378
2016-04-01,9.30716,"9.382,21","9.382,21","9.268,74",,"-0,22%",-0.0022344891063607085,-0.004466862209501829,-0.007538426736485514,-0.007525128387090237,-0.004869659948296965,0.007938615270467355,0.005932324191574748,0.005198200780729709
2016-04-04,9.43842,"9.337,60","9.438,42","9.333,04",,"1,41%",0.014004596850505126,-0.0022344891063607085,-0.004466862209501829,-0.007538426736485514,-0.0029477272527559557,0.008280248923920578,0.006584115390604422,0.005453281684881164
2016-04-05,9.46063,"9.444,26","9.511,77","9.403,98",,"0,24%",0.0023503837732122613,0.014004596850505126,-0.0022344891063607085,-0.004466862209501829,-0.007525128387090237,0.006675443680487043,0.006585063327018176,0.005449194561648895
2016-04-06,9.5697,"9.501,65","9.569,70","9.501,65",,"1,15%",0.011462879970260778,0.0023503837732122613,0.014004596850505126,-0.0022344891063607085,-0.007538426736485514,0.007497652248230006,0.006918302567033263,0.005609123268985755
2016-04-07,9.53458,"9.563,49","9.574,16","9.507,26",,"-0,37%",-0.0036766671722067664,0.011462879970260778,0.0023503837732122613,0.014004596850505126,-0.004466862209501829,0.007560216757714834,0.006985554915218501,0.00564577184480353
2016-04-08,9.38372,"9.520,09","9.550,98","9.383,72",,"-1,58%",-0.015948916955069562,-0.0036766671722067664,0.011462879970260778,0.0023503837732122613,-0.0022344891063607085,0.00894883355349595,0.00803135242090043,0.0060652825631715675
2016-04-11,9.40767,"9.378,76","9.409,87","9.341,40",,"0,26%",0.0025490411266164987,-0.015948916955069562,-0.0036766671722067664,0.011462879970260778,0.014004596850505126,0.009028863479623278,0.008033997193263212,0.006067995648980849
2016-04-12,9.43003,"9.386,93","9.445,21","9.386,37",,"0,24%",0.002373963966004041,0.0025490411266164987,-0.015948916955069562,-0.0036766671722067664,0.0023503837732122613,0.008785828432078792,0.008033032357098758,0.0060687606020044665
2016-04-13,9.4752,"9.431,29","9.486,38","9.421,46",,"0,48%",0.004778580948668108,0.002373963966004041,0.0025490411266164987,-0.015948916955069562,0.011462879970260778,0.008487397244808346,0.008076479321627951,0.006081875534321196
2016-04-14,9.49216,"9.464,27","9.496,22","9.438,85",,"0,18%",0.0017883358063584317,0.004778580948668108,0.002373963966004041,0.0025490411266164987,-0.0036766671722067664,0.00825734333047588,0.008034020853880433,0.006071030986633655
2016-04-15,9.54105,"9.496,85","9.541,05","9.490,31",,"0,52%",0.0051373475653077386,0.0017883358063584317,0.004778580948668108,0.002373963966004041,-0.015948916955069562,0.008191419211114442,0.00794478019919183,0.0060924863282133205
2016-04-18,9.54565,"9.540,43","9.552,36","9.512,72",,"0,05%",0.0004820110431935086,0.0051373475653077386,0.0017883358063584317,0.004778580948668108,0.0025490411266164987,0.007124578701073701,0.007530020724977089,0.006089946487694725
2016-04-19,9.53283,"9.543,45","9.562,49","9.532,83",,"-0,13%",-0.0013439227789160087,0.0004820110431935086,0.0051373475653077386,0.0017883358063584317,0.002373963966004041,0.007149984585820342,0.0067876014671713015,0.006097368321785497
2016-04-20,9.51798,"9.528,69","9.536,93","9.494,26",,"-0,16%",-0.0015589891461496046,-0.0013439227789160087,0.0004820110431935086,0.0051373475653077386,0.004778580948668108,0.0060916754713065974,0.006649395892935926,0.006107015726296474
2016-04-21,9.50059,"9.521,64","9.529,06","9.491,04",,"-0,18%",-0.0018287394737280368,-0.0015589891461496046,-0.0013439227789160087,0.0004820110431935086,0.0017883358063584317,0.006013543760546048,0.006649301838137471,0.006098695629534784
2016-04-22,9.51932,"9.488,91","9.540,81","9.488,34",,"0,20%",0.001969515739502359,-0.0018287394737280368,-0.0015589891461496046,-0.0013439227789160087,0.0051373475653077386,0.002487005575455072,0.006585636293278818,0.00608886102253455
2016-04-25,9.52644,"9.497,18","9.526,44","9.481,75",,"0,07%",0.0007476730077120729,0.001969515739502359,-0.0018287394737280368,-0.0015589891461496046,0.0004820110431935086,0.0024624418772446325,0.0065535515126601915,0.0060883911561291325
2016-04-26,9.58796,"9.531,80","9.587,96","9.517,77",,"0,65%",0.006437053993501521,0.0007476730077120729,0.001969515739502359,-0.0018287394737280368,-0.0013439227789160087,0.002953843919633573,0.006443958348601805,0.0061161697584519985
2016-04-27,9.64667,"9.573,95","9.646,67","9.558,17",,"0,61%",0.00610463339575303,0.006437053993501521,0.0007476730077120729,0.001969515739502359,-0.0015589891461496046,0.0031336484052710404,0.006236454720459869,0.00614924612236681
2016-04-28,9.73743,"9.629,82","9.737,43","9.616,79",,"0,94%",0.009364444389891521,0.00610463339575303,0.006437053993501521,0.0007476730077120729,-0.0018287394737280368,0.003943452007393466,0.006311483472261621,0.006225947922228035
2016-04-29,9.97572,"9.727,74","9.975,72","9.727,74",,"2,45%",0.024176918154609935,0.009364444389891521,0.00610463339575303,0.006437053993501521,0.001969515739502359,0.007921097199249817,0.007907537667582155,0.0068792249726472125
2016-05-02,9.9084,"9.867,10","9.973,39","9.842,44",,"-0,67%",-0.006771258392925474,0.024176918154609935,0.009364444389891521,0.00610463339575303,0.0007476730077120729,0.008626046732137776,0.007814681506680143,0.006943336418196173
2016-05-03,9.92724,"9.895,77","9.928,17","9.863,81",,"0,19%",0.0018996115744570148,-0.006771258392925474,0.024176918154609935,0.009364444389891521,0.006437053993501521,0.008473707379004294,0.007815572342876597,0.006910330840015344
2016-05-04,10.0135,"9.948,03","10.013,50","9.933,90",,"0,87%",0.008651688759638121,0.0018996115744570148,-0.006771258392925474,0.024176918154609935,0.00610463339575303,0.008336259408235696,0.007668024086340075,0.006959082009914564
2016-05-05,10.14949,"10.018,83","10.187,76","10.018,83",,"1,36%",0.013489275356648582,0.008651688759638121,0.0018996115744570148,-0.006771258392925474,0.009364444389891521,0.0083340567689169,0.007924197631237764,0.007099778055623843
2016-05-06,10.15729,"10.160,81","10.180,44","10.139,01",,"0,08%",0.0007682163674990955,0.013489275356648582,0.008651688759638121,0.0018996115744570148,0.024176918154609935,0.008416579111029516,0.006572811394423625,0.00708660545880694
2016-05-09,10.21175,"10.162,94","10.222,51","10.119,89",,"0,54%",0.005347343789342054,0.0007682163674990955,0.013489275356648582,0.008651688759638121,-0.006771258392925474,0.008190740598865147,0.006570961742015472,0.0071004849075939685
2016-05-10,10.22719,"10.200,10","10.234,53","10.148,06",,"0,15%",0.001510841847669175,0.005347343789342054,0.0007682163674990955,0.013489275356648582,0.0018996115744570148,0.00837096208404879,0.00658571699917584,0.007029826339864686
2016-05-11,10.22253,"10.233,99","10.233,99","10.167,27",,"-0,05%",-0.00045575196928462447,0.001510841847669175,0.005347343789342054,0.0007682163674990955,0.008651688759638121,0.00865369578133335,0.006659151114034277,0.006985320263961871
2016-05-12,10.20865,"10.217,18","10.223,34","10.159,58",,"-0,14%",-0.0013587078313936805,-0.00045575196928462447,0.001510841847669175,0.005347343789342054,0.013489275356648582,0.008825350167559157,0.00674570233678817,0.006993746306992134
2016-05-13,10.10057,"10.200,12","10.213,14","10.086,53",,"-1,06%",-0.010643542225474667,-0.0013587078313936805,-0.00045575196928462447,0.001510841847669175,0.0007682163674990955,0.00697301723555353,0.0074475803500183195,0.007139480202255384
2016-05-16,10.04693,"10.042,93","10.060,58","10.017,81",,"-0,53%",-0.005324742696347887,-0.010643542225474667,-0.0013587078313936805,-0.00045575196928462447,0.005347343789342054,0.0068011613178643165,0.0076550256986385335,0.007175060722870839
2016-05-17,9.88984,"10.035,34","10.047,04","9.889,84",,"-1,56%",-0.015759147655775872,-0.005324742696347887,-0.010643542225474667,-0.0013587078313936805,0.001510841847669175,0.008685216403781186,0.00865515664322604,0.007494686135920671
2016-05-18,9.9378,"9.854,64","9.937,80","9.837,16",,"0,48%",0.004837700657803235,-0.015759147655775872,-0.005324742696347887,-0.010643542225474667,-0.00045575196928462447,0.008320754739499545,0.00864118573442252,0.007490863412073674
2016-05-19,9.97341,"9.962,87","9.974,55","9.928,05",,"0,36%",0.0035768833703695834,0.004837700657803235,-0.015759147655775872,-0.005324742696347887,-0.0013587078313936805,0.006904737203449572,0.008594331642798145,0.007401571756220138
2016-05-20,9.94025,"9.973,40","10.001,04","9.912,53",,"-0,33%",-0.003330380316759413,0.0035768833703695834,0.004837700657803235,-0.015759147655775872,-0.010643542225474667,0.006860143815169987,0.008690397200971077,0.007321884680456053
2016-05-23,9.89715,"9.921,04","9.948,19","9.868,07",,"-0,43%",-0.004345334350023728,-0.003330380316759413,0.0035768833703695834,0.004837700657803235,-0.005324742696347887,0.006347141056993559,0.008807890763175901,0.007184958461074152
2016-05-24,9.77694,"9.897,41","9.897,41","9.768,13",,"-1,21%",-0.01222028525470428,-0.004345334350023728,-0.003330380316759413,0.0035768833703695834,-0.015759147655775872,0.006706868423529841,0.009278499570317343,0.007407515707797121
2016-05-25,9.72701,"9.774,33","9.774,33","9.710,28",,"-0,51%",-0.005119999699926309,-0.01222028525470428,-0.004345334350023728,-0.003330380316759413,0.004837700657803235,0.006554641698394468,0.009291414983627084,0.007160011994243814
2016-05-26,9.74569,"9.726,59","9.745,69","9.702,79",,"0,19%",0.001918584041251052,-0.005119999699926309,-0.01222028525470428,-0.004345334350023728,0.0035768833703695834,0.006831291470472278,0.009060234073718155,0.007157800271589721
2016-05-27,9.75102,"9.745,55","9.790,93","9.743,63",,"0,05%",0.0005467589283301523,0.001918584041251052,-0.005119999699926309,-0.01222028525470428,-0.003330380316759413,0.006652981996964732,0.007069314616236177,0.007152760917438748
2016-05-30,9.75895,"9.774,00","9.774,00","9.725,59",,"0,08%",0.0008129177478695253,0.0005467589283301523,0.001918584041251052,-0.005119999699926309,-0.004345334350023728,0.0067505886385124895,0.006953765881669916,0.0071468236750282564
2016-05-31,9.75792,"9.759,44","9.787,99","9.727,02",,"-0,01%",-0.00010554971170647487,0.0008129177478695253,0.0005467589283301523,0.001918584041251052,-0.01222028525470428,0.005036968333859703,0.0069278099514802,0.007148520202954035
2016-06-01,9.78323,"9.756,28","9.783,25","9.717,55",,"0,26%",0.0025904324109095917,-0.00010554971170647487,0.0008129177478695253,0.0005467589283301523,-0.005119999699926309,0.004773838900683374,0.00661533634738071,0.007149670591270207
2016-06-02,9.82123,"9.780,43","9.839,79","9.747,58",,"0,39%",0.0038766737355226603,0.0025904324109095917,-0.00010554971170647487,0.0008129177478695253,0.001918584041251052,0.0048105354166233915,0.005792806538090536,0.007131262494816308
2016-06-03,9.83264,"9.815,08","9.832,93","9.788,50",,"0,12%",0.0011610946120898008,0.0038766737355226603,0.0025904324109095917,-0.00010554971170647487,0.0005467589283301523,0.004834172105427121,0.005802075309778135,0.007128567293931124
2016-06-06,9.80027,"9.821,29","9.843,42","9.785,42",,"-0,33%",-0.003297527399836825,0.0011610946120898008,0.0038766737355226603,0.0025904324109095917,0.0008129177478695253,0.004766619584208194,0.005572858143942412,0.007149635549964714
2016-06-07,9.79982,"9.800,95","9.830,41","9.787,81",,"0,00%",-4.591815650626691e-05,-0.003297527399836825,0.0011610946120898008,0.0038766737355226603,-0.00010554971170647487,0.002672551495612745,0.005531125750606129,0.007148389111256482
2016-06-08,9.75648,"9.799,73","9.805,55","9.755,25",,"-0,44%",-0.0044323385255314665,-4.591815650626691e-05,-0.003297527399836825,0.0011610946120898008,0.0025904324109095917,0.0025242214765944433,0.0055390790977755434,0.007182495890179205
2016-06-09,9.74514,"9.756,51","9.771,14","9.745,14",,"-0,12%",-0.0011629804373313565,-0.0044323385255314665,-4.591815650626691e-05,-0.003297527399836825,0.0038766737355226603,0.002492914995623903,0.0055410638366383096,0.007175346929416112
2016-06-10,9.7534,"9.732,59","9.759,88","9.723,56",,"0,08%",0.0008472429724584749,-0.0011629804373313565,-0.0044323385255314665,-4.591815650626691e-05,0.0011610946120898008,0.00250210721221143,0.005219342520791266,0.007118310591141133
2016-06-13,9.68085,"9.718,45","9.723,75","9.680,85",,"-0,74%",-0.007466234819725392,0.0008472429724584749,-0.0011629804373313565,-0.0044323385255314665,-0.003297527399836825,0.0034152981940284628,0.005317605337628813,0.007040634179440499
2016-06-14,9.67438,"9.686,33","9.701,39","9.664,03",,"-0,07%",-0.0006685531756520435,-0.007466234819725392,0.0008472429724584749,-0.0011629804373313565,-4.591815650626691e-05,0.003407144824214933,0.004192624510509394,0.0067920612144203646
2016-06-15,9.67973,"9.657,20","9.684,29","9.628,65",,"0,06%",0.0005528541623736614,-0.0006685531756520435,-0.007466234819725392,0.0008472429724584749,-0.0044323385255314665,0.0032344326984777884,0.003977105920961341,0.006752464891966363
2016-06-16,9.6376,"9.669,51","9.696,22","9.637,54",,"-0,44%",-0.004361893366991362,0.0005528541623736614,-0.0006685531756520435,-0.007466234819725392,-0.0011629804373313565,0.0028643313234169476,0.0038574782435712674,0.006772769721225823
2016-06-17,9.6496,"9.653,17","9.667,98","9.619,08",,"0,12%",0.0012443487440791856,-0.004361893366991362,0.0005528541623736614,-0.0006685531756520435,0.0008472429724584749,0.002874280340370651,0.003891974467138749,0.006742836300150736
2016-06-20,9.60136,"9.640,20","9.640,27","9.591,54",,"-0,50%",-0.005011708607902632,0.0012443487440791856,-0.004361893366991362,0.0005528541623736614,-0.007466234819725392,0.003015899459618549,0.00392050894165062,0.00676434752038842
2016-06-21,9.63282,"9.607,01","9.632,82","9.577,42",,"0,33%",0.00327126272654921,-0.005011708607902632,0.0012443487440791856,-0.004361893366991362,-0.0006685531756520435,0.0034166814215264066,0.0031490047187351013,0.006699849941967464
2016-06-22,9.54038,"9.632,79","9.632,79","9.540,31",,"-0,96%",-0.009642700881205746,0.00327126272654921,-0.005011708607902632,0.0012443487440791856,0.0005528541623736614,0.004186931166568719,0.0036087355492735148,0.006747108478894286
2016-06-23,9.57006,"9.534,92","9.572,36","9.489,25",,"0,31%",0.0031061580856593758,-0.009642700881205746,0.00327126272654921,-0.005011708607902632,-0.004361893366991362,0.0045138184884687856,0.0036680263218346874,0.006727213253854424
2016-06-24,9.60316,"9.552,55","9.603,16","9.501,82",,"0,35%",0.003452735939310165,0.0031061580856593758,-0.009642700881205746,0.00327126272654921,0.0012443487440791856,0.004753277638554426,0.0037844476837110208,0.006729143273161573
2016-06-27,9.49113,"9.505,45","9.516,53","9.467,83",,"-1,17%",-0.011734532735637536,0.003452735939310165,0.0031061580856593758,-0.009642700881205746,-0.005011708607902632,0.005479493207639643,0.004484553788460121,0.006675265670275377
2016-06-28,9.54511,"9.472,39","9.545,95","9.464,25",,"0,57%",0.005671303228250584,-0.011734532735637536,0.003452735939310165,0.0031061580856593758,0.00327126272654921,0.005990888228042792,0.004749916871043202,0.006707989442895354
2016-06-29,9.50178,"9.543,96","9.543,96","9.452,34",,"-0,45%",-0.004549831993331219,0.005671303228250584,-0.011734532735637536,0.003452735939310165,-0.009642700881205746,0.006028449363962352,0.004726016870008526,0.00656725986657259
2016-06-30,9.50598,"9.502,39","9.506,34","9.427,34",,"0,04%",0.0004419247789694766,-0.004549831993331219,0.005671303228250584,-0.011734532735637536,0.0031061580856593758,0.00599785300504082,0.004582116709157715,0.006550944789800881
2016-07-01,9.51271,"9.505,98","9.512,71","9.457,48",,"0,07%",0.0007077249043869097,0.0004419247789694766,-0.004549831993331219,0.005671303228250584,0.003452735939310165,0.005974166729491632,0.0045686771193063505,0.006209826262589923
2016-07-04,9.57362,"9.501,46","9.573,62","9.501,46",,"0,64%",0.006382600193651892,0.0007077249043869097,0.0004419247789694766,-0.004549831993331219,-0.011734532735637536,0.006292967504897588,0.00488705392855238,0.00625368370981231
2016-07-05,9.62044,"9.573,97","9.620,44","9.548,61",,"0,49%",0.004878602324114574,0.006382600193651892,0.0007077249043869097,0.0004419247789694766,0.005671303228250584,0.0064133916141347405,0.005067395211817161,0.006276139455507545
2016-07-11,9.58416,"9.627,37","9.627,37","9.569,02",,"-0,38%",-0.0037782659528405537,0.004878602324114574,0.006382600193651892,0.0007077249043869097,-0.004549831993331219,0.0056720281812682365,0.005045623447107918,0.006270630642671088
2016-07-12,9.60912,"9.580,70","9.620,64","9.551,28",,"0,26%",0.0026009117848187543,-0.0037782659528405537,0.004878602324114574,0.006382600193651892,0.0004419247789694766,0.0056480161286799994,0.005104791931634848,0.006275015844117158
2016-07-13,9.67789,"9.601,04","9.705,07","9.601,04",,"0,72%",0.007131254812447009,0.0026009117848187543,-0.0037782659528405537,0.004878602324114574,0.0007077249043869097,0.00597852069188593,0.005390608238649486,0.0063067838883561315
2016-07-14,9.79321,"9.664,58","9.834,90","9.664,58",,"1,19%",0.011845386075406436,0.007131254812447009,0.0026009117848187543,-0.0037782659528405537,0.006382600193651892,0.005078715849241632,0.005772188898847347,0.006482428188459648
2016-07-15,9.79468,"9.783,28","9.810,58","9.730,31",,"0,02%",0.0001500927361505824,0.011845386075406436,0.007131254812447009,0.0026009117848187543,0.004878602324114574,0.005072237573676215,0.005765790680863522,0.006478379631928052
2016-07-18,9.78418,"9.792,60","9.807,45","9.742,56",,"-0,11%",-0.0010725855342583965,0.0001500927361505824,0.011845386075406436,0.007131254812447009,-0.0037782659528405537,0.004628881147915399,0.005778198343756384,0.006476124937252884
2016-07-19,9.83006,"9.777,66","9.830,06","9.758,30",,"0,47%",0.00467824230531046,-0.0010725855342583965,0.0001500927361505824,0.011845386075406436,0.0026009117848187543,0.004569470275123956,0.005728208111804881,0.006491617090446002
2016-07-20,9.76128,"9.795,15","9.810,84","9.761,28",,"-0,70%",-0.007021498537537328,0.00467824230531046,-0.0010725855342583965,0.0001500927361505824,0.007131254812447009,0.005603271327920921,0.006000507951089585,0.006562110977004847
2016-07-21,9.77429,"9.752,34","9.776,10","9.729,93",,"0,13%",0.0013319295954356382,-0.007021498537537328,0.00467824230531046,-0.0010725855342583965,0.011845386075406436,0.005447848884604924,0.005855545600328288,0.006563041396390768
2016-07-22,9.81473,"9.771,47","9.816,43","9.764,23",,"0,41%",0.004128849472787929,0.0013319295954356382,-0.007021498537537328,0.00467824230531046,0.0001500927361505824,0.005409996166472231,0.005876982232687066,0.00653392233908733
2016-07-25,9.82212,"9.801,25","9.824,51","9.788,00",,"0,08%",0.0007526665782824691,0.004128849472787929,0.0013319295954356382,-0.007021498537537328,-0.0010725855342583965,0.005050106985133877,0.005326068761715527,0.006490970489715459
2016-07-26,9.92835,"9.809,71","9.928,35","9.799,99",,"1,08%",0.010757316095059206,0.0007526665782824691,0.004128849472787929,0.0013319295954356382,0.00467824230531046,0.005694315582512799,0.005711715130503906,0.006526331314346586
2016-07-27,9.92358,"9.925,28","9.944,99","9.868,04",,"-0,05%",-0.00048055781899269967,0.010757316095059206,0.0007526665782824691,0.004128849472787929,-0.007021498537537328,0.005628919037527281,0.005720889092049201,0.005726123025166274
2016-07-28,9.90885,"9.924,92","9.934,46","9.882,01",,"-0,15%",-0.001485446080842343,-0.00048055781899269967,0.010757316095059206,0.0007526665782824691,0.0013319295954356382,0.004668156957157074,0.004852882474192219,0.005661848055171466
2016-07-29,9.8822,"9.902,98","9.919,51","9.871,67",,"-0,27%",-0.002693138171818784,-0.001485446080842343,-0.00048055781899269967,0.010757316095059206,0.004128849472787929,0.0048215098616010066,0.004894014516189216,0.005666785096533093
2016-08-01,9.85995,"9.882,20","9.934,64","9.857,89",,"-0,23%",-0.0022540614290373893,-0.002693138171818784,-0.001485446080842343,-0.00048055781899269967,0.0007526665782824691,0.004888937742039701,0.004764035966749041,0.005555922926987068
2016-08-02,9.91855,"9.859,95","9.924,67","9.852,28",,"0,59%",0.005925643650389748,-0.0022540614290373893,-0.002693138171818784,-0.001485446080842343,0.010757316095059206,0.0050140086497965615,0.0048359851963139765,0.005319506275945754
2016-08-03,9.92148,"9.913,75","9.922,66","9.887,67",,"0,03%",0.00029536245875655685,0.005925643650389748,-0.0022540614290373893,-0.002693138171818784,-0.00048055781899269967,0.0041976235194817945,0.00484321617380419,0.005318120997081236
2016-08-04,9.89046,"9.921,48","9.921,48","9.882,97",,"-0,31%",-0.003131447536022527,0.00029536245875655685,0.005925643650389748,-0.0022540614290373893,-0.001485446080842343,0.004461584384177548,0.004867990946326478,0.0052755226044070395
2016-08-05,9.91823,"9.890,46","9.932,44","9.881,85",,"0,28%",0.0028038217764652833,-0.003131447536022527,0.00029536245875655685,0.005925643650389748,-0.002693138171818784,0.004383316296040863,0.004816911724600483,0.005286641161435307
2016-08-08,9.99685,"9.940,05","9.996,85","9.885,35",,"0,79%",0.00789556541376379,0.0028038217764652833,-0.003131447536022527,0.00029536245875655685,-0.0022540614290373893,0.00488315098590973,0.004847754834668371,0.005396915432190241
2016-08-09,9.91608,"9.996,85","9.996,85","9.900,72",,"-0,81%",-0.008112361461463094,0.00789556541376379,0.0028038217764652833,-0.003131447536022527,0.005925643650389748,0.004662338264975901,0.005355696003382776,0.005487510573935932
2016-08-10,9.90857,"9.916,08","9.932,42","9.892,84",,"-0,08%",-0.0007576426680160991,-0.008112361461463094,0.00789556541376379,0.0028038217764652833,0.00029536245875655685,0.00466551726533647,0.0052133445736937956,0.005323271147435289
2016-08-11,9.97748,"9.908,57","9.979,30","9.895,14",,"0,70%",0.006930514186949591,-0.0007576426680160991,-0.008112361461463094,0.00789556541376379,-0.003131447536022527,0.0051337007976337305,0.004782032534658163,0.0053629483772402635
2016-08-12,9.94826,"9.977,48","9.993,43","9.931,75",,"-0,29%",-0.002932891922258826,0.006930514186949591,-0.0007576426680160991,-0.008112361461463094,0.0028038217764652833,0.005151785417683773,0.00485765824552793,0.004970057143578447
2016-08-15,9.96936,"9.948,26","9.987,97","9.922,42",,"0,21%",0.002118727829245875,-0.002932891922258826,0.006930514186949591,-0.0007576426680160991,0.00789556541376379,0.005061152472632833,0.004846074037744615,0.004938405109116416
2016-08-16,9.9446,"9.969,36","9.970,07","9.927,53",,"-0,25%",-0.0024866990552332344,0.002118727829245875,-0.002932891922258826,0.006930514186949591,-0.008112361461463094,0.004865954044578158,0.004819746192604682,0.004927096498218981
2016-08-17,9.9555,"9.944,60","9.955,50","9.934,34",,"0,11%",0.001095471991603548,-0.0024866990552332344,0.002118727829245875,-0.002932891922258826,-0.0007576426680160991,0.004873131002959482,0.004475490224910136,0.004910227047536789
2016-08-18,9.94894,"9.955,50","9.956,75","9.935,52",,"-0,07%",-0.000659149439774739,0.001095471991603548,-0.0024866990552332344,0.002118727829245875,0.006930514186949591,0.0047381592328629004,0.004489491900070537,0.004877563938165134
2016-08-19,9.95161,"9.948,94","9.952,40","9.911,99",,"0,03%",0.0002683342938783691,-0.000659149439774739,0.001095471991603548,-0.0024866990552332344,-0.002932891922258826,0.0046739064544467695,0.004425237559432372,0.0046021581086239
2016-08-22,9.8903,"9.951,61","9.951,61","9.888,88",,"-0,62%",-0.00617986828111764,0.0002683342938783691,-0.000659149439774739,0.001095471991603548,0.002118727829245875,0.004244028123856993,0.004684210124822086,0.004625271310484049
2016-08-23,9.87938,"9.889,14","9.904,65","9.873,16",,"-0,11%",-0.0011047220906534219,-0.00617986828111764,0.0002683342938783691,-0.000659149439774739,-0.0024866990552332344,0.0034580571982392202,0.00399713967999705,0.0046235575479068956
2016-08-24,9.91813,"9.879,38","9.918,13","9.878,45",,"0,39%",0.003914638708101864,-0.0011047220906534219,-0.00617986828111764,0.0002683342938783691,0.001095471991603548,0.0037066858914812737,0.004103055241595305,0.004647883882796944
2016-08-25,9.92381,"9.918,13","9.930,43","9.902,78",,"0,06%",0.0005725246780456899,0.003914638708101864,-0.0011047220906534219,-0.00617986828111764,-0.000659149439774739,0.002850639510740419,0.004090352644932313,0.004647523122781464
2016-08-26,9.95488,"9.923,81","9.954,88","9.903,82",,"0,31%",0.003125963058975545,0.0005725246780456899,0.003914638708101864,-0.0011047220906534219,0.0002683342938783691,0.0029282147882437083,0.0040900159719101615,0.004661691645467128
2016-08-29,9.92671,"9.954,88","9.954,88","9.912,13",,"-0,28%",-0.0028337792753133128,0.003125963058975545,0.0005725246780456899,0.003914638708101864,-0.00617986828111764,0.0029611830284479706,0.004111561952030713,0.004669761267493987
2016-08-30,9.90163,"9.926,71","9.933,19","9.892,77",,"-0,25%",-0.00252971387164568,-0.0028337792753133128,0.003125963058975545,0.0005725246780456899,-0.0011047220906534219,0.002964533990854656,0.003937746608341617,0.004658488657158068
2016-08-31,9.86077,"9.901,63","9.931,94","9.860,77",,"-0,41%",-0.004135131180740559,-0.00252971387164568,-0.0028337792753133128,0.003125963058975545,0.003914638708101864,0.0031221337018034804,0.004038533377733553,0.00468881194150875
2016-09-01,9.88124,"9.860,65","9.884,41","9.857,12",,"0,21%",0.0020737510857141103,-0.004135131180740559,-0.00252971387164568,-0.0028337792753133128,0.0005725246780456899,0.0032672509733565223,0.004014578239833943,0.0046751178950159055
2016-09-02,9.93346,"9.881,24","9.933,51","9.858,01",,"0,53%",0.0052708464823768035,0.0020737510857141103,-0.004135131180740559,-0.00252971387164568,0.003125963058975545,0.003772901924025096,0.004142628914236886,0.0047217442721075855
2016-09-05,9.9096,"9.933,27","9.945,23","9.906,72",,"-0,24%",-0.002404872181946468,0.0052708464823768035,0.0020737510857141103,-0.004135131180740559,-0.0028337792753133128,0.0032601793250509876,0.0037401456160530435,0.004695022886267617
2016-09-06,9.93701,"9.909,39","9.940,62","9.888,01",,"0,28%",0.0027621863308085644,-0.002404872181946468,0.0052708464823768035,0.0020737510857141103,-0.00252971387164568,0.003317716344083062,0.003334226522743863,0.00470220658399905
2016-09-07,9.96656,"9.937,01","9.968,97","9.925,61",,"0,30%",0.002969318741461824,0.0027621863308085644,-0.002404872181946468,0.0052708464823768035,-0.004135131180740559,0.003224350833441474,0.0033871798338434536,0.0047141670150098415
2016-09-08,9.99303,"9.966,56","9.993,09","9.954,90",,"0,27%",0.00265236064649345,0.002969318741461824,0.0027621863308085644,-0.002404872181946468,0.0020737510857141103,0.0032967389637202733,0.003065693985762862,0.004609258935366813
2016-09-09,9.99519,"9.993,03","9.996,97","9.959,89",,"0,02%",0.00021612729982043195,0.00265236064649345,0.002969318741461824,0.0027621863308085644,0.0052708464823768035,0.0031848592249137924,0.0029826670939659154,0.004606777568232982
2016-09-14,9.97831,"9.996,97","10.004,15","9.959,29",,"-0,17%",-0.0016902399698320676,0.00021612729982043195,0.00265236064649345,0.002969318741461824,-0.002404872181946468,0.0030742941831314874,0.00297767897207179,0.004615794883352463
2016-09-15,9.99364,"9.978,31","9.993,64","9.932,50",,"0,15%",0.001535153353646341,-0.0016902399698320676,0.00021612729982043195,0.00265236064649345,0.0027621863308085644,0.0028896659216454297,0.0029331878457597217,0.004572963080145146
2016-09-16,9.99227,"9.993,64","9.995,97","9.960,30",,"-0,01%",-0.00013709658475852648,0.001535153353646341,-0.0016902399698320676,0.00021612729982043195,0.002969318741461824,0.002335156789689886,0.0029273423220338587,0.004573165193207131
2016-09-19,9.96591,"9.969,37","9.989,25","9.933,53",,"-0,26%",-0.0026415249614522556,-0.00013709658475852648,0.001535153353646341,-0.0016902399698320676,0.00265236064649345,0.002625168775830726,0.0029902899234908863,0.004534101316049986
2016-09-20,9.97756,"9.963,11","9.980,23","9.926,79",,"0,12%",0.0011683023390736034,-0.0026415249614522556,-0.00013709658475852648,0.001535153353646341,0.00021612729982043195,0.0021324064327713256,0.002999946447089878,0.00452137810173154
2016-09-21,9.96415,"9.972,65","9.989,94","9.938,38",,"-0,13%",-0.0013449199713911515,0.0011683023390736034,-0.0026415249614522556,-0.00013709658475852648,-0.0016902399698320676,0.0019971759827789853,0.0026376222099050834,0.004325883092945175
2016-09-22,9.98584,"9.964,15","9.985,84","9.937,26",,"0,22%",0.0021744380369298527,-0.0013449199713911515,0.0011683023390736034,-0.0026415249614522556,0.001535153353646341,0.0019324043259141964,0.002642911761615094,0.004318854728947319
2016-09-23,10.00005,"9.985,84","10.002,00","9.943,06",,"0,14%",0.0014220034628926361,0.0021744380369298527,-0.0013449199713911515,0.0011683023390736034,-0.00013709658475852648,0.0017666812176506611,0.0025316251751960834,0.004304921600323081
2016-09-26,10.01533,"10.000,05","10.023,57","9.983,11",,"0,15%",0.0015268261675163985,0.0014220034628926361,0.0021744380369298527,-0.0013449199713911515,-0.0026415249614522556,0.0016335069805041224,0.002543788037954831,0.0039855834053892335
2016-09-27,10.01985,"10.015,33","10.020,41","9.979,06",,"0,05%",0.00045120633572385356,0.0015268261675163985,0.0014220034628926361,0.0021744380369298527,0.0011683023390736034,0.0016350893262773382,0.0024652953959917677,0.003936245439277196
2016-09-28,10.0074,"10.019,85","10.031,61","10.005,34",,"-0,12%",-0.0012433061557405602,0.00045120633572385356,0.0015268261675163985,0.0014220034628926361,-0.0013449199713911515,0.0015815012477801852,0.00238228472910321,0.00388273103550939
2016-09-29,10.02565,"10.007,40","10.026,55","10.001,29",,"0,18%",0.0018219896669383162,-0.0012433061557405602,0.00045120633572385356,0.0015268261675163985,0.0021744380369298527,0.0016089347056611086,0.0022973742750318758,0.0038842751439743194
2016-09-30,10.03914,"10.025,65","10.060,87","10.020,92",,"0,13%",0.0013446442282794896,0.0018219896669383162,-0.0012433061557405602,0.00045120633572385356,0.0014220034628926361,0.001630271204573523,0.002008758426449148,0.0038846469334920994
2016-10-04,10.03514,"10.039,14","10.047,09","10.020,09",,"-0,04%",-0.0003985199023764858,0.0013446442282794896,0.0018219896669383162,-0.0012433061557405602,0.0015268261675163985,0.0012692436416218307,0.002008560030227324,0.0038204805728787507
2016-10-05,10.10978,"10.035,14","10.109,89","10.025,23",,"0,74%",0.007410338840690775,-0.0003985199023764858,0.0013446442282794896,0.0018219896669383162,0.00045120633572385356,0.002483465313518096,0.0022969981918897547,0.003879980127571365
2016-10-06,10.1231,"10.109,78","10.131,23","10.085,69",,"0,13%",0.0013166688997625832,0.007410338840690775,-0.0003985199023764858,0.0013446442282794896,-0.0012433061557405602,0.0023025830235050477,0.0021637892258503143,0.0038329532498008133
2016-10-07,10.20905,"10.123,10","10.209,76","10.109,25",,"0,85%",0.008454640751882559,0.0013166688997625832,0.007410338840690775,-0.0003985199023764858,0.0018219896669383162,0.003173627624933954,0.0027053043048950185,0.00394940568761008
2016-10-10,10.26203,"10.209,05","10.262,45","10.198,06",,"0,52%",0.005176094108020415,0.008454640751882559,0.0013166688997625832,0.007410338840690775,0.0013446442282794896,0.0032898799748528385,0.0028174849754617967,0.0039058645601333015
2016-10-11,10.32347,"10.262,03","10.367,39","10.262,03",,"0,60%",0.005969267925146203,0.005176094108020415,0.008454640751882559,0.0013166688997625832,-0.0003985199023764858,0.0034279958199334697,0.0029840175365912604,0.003696800615935955
2016-10-12,10.31556,"10.323,47","10.342,45","10.295,77",,"-0,08%",-0.0007665089286933708,0.005969267925146203,0.005176094108020415,0.008454640751882559,0.007410338840690775,0.003549274651308895,0.003016377403336677,0.0037017537266860333
2016-10-13,10.27504,"10.315,56","10.327,05","10.254,03",,"-0,39%",-0.003935781599936311,-0.0007665089286933708,0.005969267925146203,0.005176094108020415,0.0013166688997625832,0.003975732992446907,0.003181674707878204,0.003745334477545465
2016-10-14,10.28214,"10.275,04","10.282,16","10.254,42",,"0,07%",0.0006907562498660294,-0.003935781599936311,-0.0007665089286933708,0.005969267925146203,0.008454640751882559,0.004017446612340668,0.0031862966229858325,0.00371085637025002
2016-10-17,10.30506,"10.282,14","10.305,10","10.252,35",,"0,22%",0.0022266271731491856,0.0006907562498660294,-0.003935781599936311,-0.0007665089286933708,0.005176094108020415,0.003998261378400593,0.0031691764389241046,0.0035720831669753942
2016-10-18,10.35319,"10.305,06","10.353,78","10.296,80",,"0,47%",0.004659648042255819,0.0022266271731491856,0.0006907562498660294,-0.003935781599936311,0.005969267925146203,0.0038933292622462625,0.0030813072532495794,0.0036045340544308664
2016-10-19,10.33596,"10.353,19","10.353,19","10.284,42",,"-0,17%",-0.001665607720313196,0.004659648042255819,0.0022266271731491856,0.0006907562498660294,-0.0007665089286933708,0.003839604250739808,0.0031805868070665594,0.003595779428475606
2016-10-20,10.35431,"10.335,96","10.354,60","10.300,34",,"0,18%",0.0017737810875560988,-0.001665607720313196,0.004659648042255819,0.0022266271731491856,-0.003935781599936311,0.0038304632647505224,0.003095426485273708,0.0035976671408482004
2016-10-21,10.37876,"10.354,31","10.378,76","10.318,04",,"0,24%",0.002358551949531479,0.0017737810875560988,-0.001665607720313196,0.004659648042255819,0.0006907562498660294,0.003161418812778588,0.003096495150144587,0.0033625274418841197
2016-10-24,10.34693,"10.378,76","10.390,24","10.346,93",,"-0,31%",-0.003071552746840993,0.002358551949531479,0.0017737810875560988,-0.001665607720313196,0.0022266271731491856,0.003214321180769653,0.003292113604196464,0.0033949421545725104
2016-10-25,10.34677,"10.346,93","10.356,03","10.317,73",,"0,00%",-1.5463643524718743e-05,-0.003071552746840993,0.002358551949531479,0.0017737810875560988,0.004659648042255819,0.0026590512528672154,0.0033144937509466048,0.0033842180368461846
2016-10-26,10.33277,"10.346,77","10.359,73","10.320,93",,"-0,14%",-0.0013539955084932583,-1.5463643524718743e-05,-0.003071552746840993,0.002358551949531479,-0.001665607720313196,0.0026897155518207133,0.003372298669290313,0.003365686699718417
2016-10-27,10.35984,"10.332,77","10.359,84","10.329,37",,"0,26%",0.0026163944946869296,-0.0013539955084932583,-1.5463643524718743e-05,-0.003071552746840993,0.0017737810875560988,0.0023567567767842483,0.0033147275571270562,0.0033508764200131627
2016-10-28,10.4823,"10.359,84","10.460,64","10.359,25",,"1,18%",0.011751327766055635,0.0026163944946869296,-0.0013539955084932583,-1.5463643524718743e-05,0.002358551949531479,0.004179180975159732,0.004001565669648248,0.0035779101637288565
2016-10-31,10.56464,"10.482,30","10.587,48","10.482,21",,"0,79%",0.007824455249572062,0.011751327766055635,0.0026163944946869296,-0.0013539955084932583,-0.003071552746840993,0.004579370950076534,0.004184499810236332,0.003685981566612307
2016-11-01,10.55461,"10.564,64","10.593,78","10.539,91",,"-0,09%",-0.0009498444077410692,0.007824455249572062,0.011751327766055635,0.0026163944946869296,-1.5463643524718743e-05,0.0046270828590195615,0.004206710444029248,0.0036546939399932387
2016-11-02,10.60706,"10.554,61","10.607,48","10.525,14",,"0,50%",0.004957085844655343,-0.0009498444077410692,0.007824455249572062,0.011751327766055635,-0.0013539955084932583,0.004528676928514189,0.004090888570144982,0.0036823436968105743
2016-11-03,10.58037,"10.607,06","10.612,56","10.480,12",,"-0,25%",-0.002519419685902655,0.004957085844655343,-0.0009498444077410692,0.007824455249572062,0.0026163944946869296,0.004809355240879672,0.004231894364717268,0.003602094255092703
2016-11-04,10.52242,"10.580,37","10.584,19","10.509,30",,"-0,55%",-0.0054921785855835525,-0.002519419685902655,0.004957085844655343,-0.0009498444077410692,0.011751327766055635,0.005380192418002735,0.004297151685932899,0.0035049947316949984
2016-11-07,10.52197,"10.522,42","10.570,23","10.505,03",,"0,00%",-4.2766742116930405e-05,-0.0054921785855835525,-0.002519419685902655,0.004957085844655343,0.007824455249572062,0.005183746435171317,0.0042206965467778985,0.003500167815677714
2016-11-08,10.55356,"10.521,97","10.567,19","10.521,97",,"0,30%",0.0029977916244693843,-4.2766742116930405e-05,-0.0054921785855835525,-0.002519419685902655,-0.0009498444077410692,0.005161930720142281,0.0040963237717650675,0.0034232264630838245
2016-11-09,10.58026,"10.553,56","10.600,98","10.553,56",,"0,25%",0.002526757037347293,0.0029977916244693843,-4.2766742116930405e-05,-0.0054921785855835525,0.004957085844655343,0.005027654700096779,0.004083424392610299,0.0033910666358782995
2016-11-10,10.56462,"10.580,26","10.601,68","10.564,26",,"-0,15%",-0.0014793181944936678,0.002526757037347293,0.0029977916244693843,-4.2766742116930405e-05,-0.002519419685902655,0.005169891040284769,0.003953580661136382,0.0034032171244628828
2016-11-11,10.55143,"10.564,62","10.607,58","10.532,83",,"-0,12%",-0.0012492868425191626,-0.0014793181944936678,0.002526757037347293,0.0029977916244693843,-0.0054921785855835525,0.003915920431856765,0.0039952113002824155,0.00338563954275199
2016-11-14,10.57799,"10.551,43","10.586,46","10.550,31",,"0,25%",0.002514031524675034,-0.0012492868425191626,-0.0014793181944936678,0.002526757037347293,-4.2766742116930405e-05,0.003113937582629853,0.0039992623211025915,0.003391356707620939
2016-11-15,10.6028,"10.577,99","10.610,71","10.565,22",,"0,23%",0.0023426898946492833,0.002514031524675034,-0.0012492868425191626,-0.0014793181944936678,0.0029977916244693843,0.003161219566393067,0.003929992390134713,0.0033884437398541824
2016-11-16,10.64695,"10.602,80","10.672,16","10.592,36",,"0,42%",0.004155348983200033,0.0023426898946492833,0.002514031524675034,-0.0012492868425191626,0.002526757037347293,0.00304229762184168,0.003922827564668906,0.003410122997723984
2016-11-17,10.69755,"10.646,95","10.697,55","10.632,74",,"0,48%",0.00474127712426165,0.004155348983200033,0.0023426898946492833,0.002514031524675034,-0.0014793181944936678,0.0031395295700878847,0.003989981486635859,0.0033033666816670412
2016-11-21,10.63878,"10.697,55","10.713,35","10.638,78",,"-0,55%",-0.005508927601948567,0.00474127712426165,0.004155348983200033,0.0023426898946492833,-0.0012492868425191626,0.003143440062511313,0.004290915012556347,0.0034052420893505085
2016-11-22,10.63009,"10.638,78","10.669,16","10.618,89",,"-0,08%",-0.0008171567632469423,-0.005508927601948567,0.00474127712426165,0.004155348983200033,0.002514031524675034,0.0031839907327344216,0.004200425456111293,0.0033968967289323628
2016-11-23,10.61609,"10.630,09","10.651,62","10.563,62",,"-0,13%",-0.0013178841585911602,-0.0008171567632469423,-0.005508927601948567,0.00474127712426165,0.0023426898946492833,0.0031789540619374533,0.00423268018928368,0.0034111317833640216
2016-11-24,10.62481,"10.616,09","10.625,80","10.590,83",,"0,08%",0.000821057534273208,-0.0013178841585911602,-0.0008171567632469423,-0.005508927601948567,0.004155348983200033,0.0031085139028848912,0.004189028525623327,0.003401167011345231
2016-11-25,10.64247,"10.624,81","10.642,47","10.580,34",,"0,17%",0.0016607675320091395,0.000821057534273208,-0.0013178841585911602,-0.0008171567632469423,0.00474127712426165,0.0030534253729553556,0.004179786425362362,0.0033626612315392364
2016-11-28,10.72611,"10.642,47","10.726,11","10.636,67",,"0,79%",0.007828356132526127,0.0016607675320091395,0.000821057534273208,-0.0013178841585911602,-0.005508927601948567,0.0036827417297295136,0.0037340583369373983,0.003435109490122449
2016-11-29,10.6918,"10.726,11","10.742,98","10.679,83",,"-0,32%",-0.003203863434723548,0.007828356132526127,0.0016607675320091395,0.000821057534273208,-0.0008171567632469423,0.003965340087115113,0.0035036771935050984,0.0034120097552314665
2016-11-30,10.67253,"10.691,80","10.692,18","10.646,75",,"-0,18%",-0.001803941918675995,-0.003203863434723548,0.007828356132526127,0.0016607675320091395,-0.0013178841585911602,0.004033705576930219,0.0035286551633264495,0.003434689639879604
2016-12-01,10.61785,"10.568,19","10.656,40","10.564,49",,"-0,51%",-0.00513660350131931,-0.001803941918675995,-0.003203863434723548,0.007828356132526127,0.000821057534273208,0.004204528910378082,0.0035873250354961075,0.003492245042630704
2016-12-02,10.62199,"10.617,85","10.655,02","10.602,67",,"0,04%",0.00038983345000981724,-0.00513660350131931,-0.001803941918675995,-0.003203863434723548,0.0016607675320091395,0.0038369463487168513,0.003536238201135901,0.003463079631873017
2016-12-05,10.64446,"10.621,99","10.663,98","10.613,17",,"0,21%",0.002113188459923494,0.00038983345000981724,-0.00513660350131931,-0.001803941918675995,0.007828356132526127,0.0035215636843568265,0.0032928809726443845,0.0034589922524508343
2016-12-06,10.66753,"10.644,46","10.680,36","10.621,53",,"0,22%",0.002164979338955689,0.002113188459923494,0.00038983345000981724,-0.00513660350131931,-0.003203863434723548,0.0035656451624369524,0.003307996746306968,0.003453360978790639
2016-12-07,10.7212,"10.667,53","10.738,20","10.664,86",,"0,50%",0.00501854131996154,0.002164979338955689,0.002113188459923494,0.00038983345000981724,-0.001803941918675995,0.0037918436454154195,0.003411532380164875,0.003484379051124279
2016-12-08,10.75318,"10.721,20","10.753,18","10.712,63",,"0,30%",0.0029784351065236343,0.00501854131996154,0.002164979338955689,0.002113188459923494,-0.00513660350131931,0.00384249895317229,0.0034251165686197465,0.0034897765566039886
2016-12-09,10.95724,"10.753,18","10.957,24","10.753,18",,"1,90%",0.018798900206318456,0.0029784351065236343,0.00501854131996154,0.002164979338955689,0.00038983345000981724,0.00677403034655082,0.005234867533820687,0.004141880651678482
2016-12-14,10.98274,"10.957,24","10.999,02","10.932,18",,"0,23%",0.0023245245877393478,0.018798900206318456,0.0029784351065236343,0.00501854131996154,0.002113188459923494,0.0065503466133301005,0.005185182677240719,0.004143054613476154
2016-12-15,11.06042,"10.982,74","11.087,79","10.974,37",,"0,71%",0.007048020479816174,0.0023245245877393478,0.018798900206318456,0.0029784351065236343,0.002164979338955689,0.006382127916001793,0.005306390798712671,0.0041962879506619475
2016-12-16,11.30483,"11.060,42","11.304,83","11.060,42",,"2,21%",0.021857097966169525,0.007048020479816174,0.0023245245877393478,0.018798900206318456,0.00501854131996154,0.00833117113822232,0.006886953139785428,0.004900252832409387
2016-12-19,11.57461,"11.304,83","11.604,07","11.294,08",,"2,39%",0.02358383807724747,0.021857097966169525,0.007048020479816174,0.0023245245877393478,0.0029784351065236343,0.009076159506455555,0.008261100020816297,0.005628324972762382
2016-12-20,11.44116,"11.574,61","11.590,01","11.402,27",,"-1,15%",-0.011596526687570267,0.02358383807724747,0.021857097966169525,0.007048020479816174,0.018798900206318456,0.010894343690204521,0.008978951879128314,0.0058955032179122254
2016-12-21,11.31071,"11.441,16","11.449,07","11.167,30",,"-1,14%",-0.011467314950724778,-0.011596526687570267,0.02358383807724747,0.021857097966169525,0.0023245245877393478,0.012376290469425717,0.009378665048259483,0.006157789389087234
2016-12-22,11.54054,"11.310,71","11.540,54","11.288,67",,"2,03%",0.0201159892841565,-0.011467314950724778,-0.011596526687570267,0.02358383807724747,0.007048020479816174,0.01303129636294049,0.010065835319151992,0.00658241008567307
2016-12-23,11.92719,"11.540,54","11.929,28","11.484,90",,"3,35%",0.03295461396596278,0.0201159892841565,-0.011467314950724778,-0.011596526687570267,0.021857097966169525,0.015171654372050127,0.011852152521311183,0.007672842230741202
2016-12-26,11.77269,"11.927,19","11.930,94","11.745,29",,"-1,30%",-0.013038225398910277,0.03295461396596278,0.0201159892841565,-0.011467314950724778,0.02358383807724747,0.016827722548681315,0.01254487790143948,0.007939167118109528
2016-12-27,11.6498,"11.772,69","11.774,70","11.649,54",,"-1,04%",-0.01049342983066991,-0.013038225398910277,0.03295461396596278,0.0201159892841565,-0.011596526687570267,0.017480544113679528,0.013007616426714679,0.008104864294951962
2016-12-28,11.63222,"11.649,80","11.668,67","11.601,93",,"-0,15%",-0.0015101785275621474,-0.01049342983066991,-0.013038225398910277,0.03295461396596278,-0.011467314950724778,0.017614817751916367,0.0130502168612006,0.008121216860684106
2016-12-29,11.56049,"11.632,22","11.675,36","11.559,82",,"-0,62%",-0.006185584065654517,-0.0015101785275621474,-0.01049342983066991,-0.013038225398910277,0.0201159892841565,0.017998995853514645,0.013154123508749588,0.008196849036756973
2016-12-30,11.64422,"11.560,49","11.648,12","11.498,48",,"0,72%",0.007216669666643093,-0.006185584065654517,-0.0015101785275621474,-0.01049342983066991,0.03295461396596278,0.016990418242067016,0.01310259181258749,0.008212484777661387
2017-01-02,11.56472,"11.644,22","11.647,52","11.541,12",,"-0,68%",-0.006850835146898203,0.007216669666643093,-0.006185584065654517,-0.0015101785275621474,-0.013038225398910277,0.015550023300368353,0.013173378078122742,0.00827347872589937
2017-01-03,11.64421,"11.564,72","11.644,21","11.518,44",,"0,69%",0.006849976351350189,-0.006850835146898203,0.007216669666643093,-0.006185584065654517,-0.01049342983066991,0.015120986568802017,0.013152384741895206,0.00829381566554958
2017-01-04,11.82673,"11.644,21","11.871,78","11.616,68",,"1,57%",0.015553163128328213,0.006849976351350189,-0.006850835146898203,0.007216669666643093,-0.0015101785275621474,0.014907574259916892,0.013360650878436272,0.008432093223963624
2017-01-05,12.18612,"11.826,73","12.186,12","11.815,60",,"3,04%",0.02993537525506641,0.015553163128328213,0.006849976351350189,-0.006850835146898203,-0.006185584065654517,0.01631066714028245,0.014422255234987816,0.009143522733531589
2017-01-06,12.57294,"12.186,12","12.904,99","12.186,12",,"3,17%",0.031249286325253603,0.02993537525506641,0.015553163128328213,0.006849976351350189,0.007216669666643093,0.015996964944028427,0.015423570525186501,0.009844607149261064
2017-01-09,12.71044,"12.532,22","12.744,56","12.526,27",,"1,09%",0.010876817543958434,0.031249286325253603,0.02993537525506641,0.015553163128328213,-0.006850835146898203,0.014689576594933012,0.01539022051422277,0.009878080654252216
2017-01-10,12.88632,"12.710,44","12.915,72","12.710,44",,"1,38%",0.013742580547511802,0.010876817543958434,0.031249286325253603,0.02993537525506641,0.006849976351350189,0.013293963949814164,0.01525063120951165,0.00991672759803892
2017-01-12,12.87379,"12.886,32","12.950,84","12.841,70",,"-0,10%",-0.0009728220095473656,0.013742580547511802,0.010876817543958434,0.031249286325253603,0.015553163128328213,0.0132428628741773,0.015334042521636544,0.009927814009843465
2017-01-13,12.7226,"12.873,79","12.938,29","12.577,44",,"-1,17%",-0.011813522010472569,-0.0009728220095473656,0.013742580547511802,0.010876817543958434,0.02993537525506641,0.014105327140274094,0.015959276596685366,0.010127696958969057
2017-01-16,12.57695,"12.722,60","12.722,60","12.576,95",,"-1,14%",-0.011514165994088398,-0.011813522010472569,-0.0009728220095473656,0.013742580547511802,0.031249286325253603,0.015616538630150402,0.016068363585357362,0.010310243893192237
2017-01-17,12.34308,"12.576,95","12.603,56","12.333,66",,"-1,86%",-0.018770191399010358,-0.011514165994088398,-0.011813522010472569,-0.0009728220095473656,0.010876817543958434,0.01722322973224263,0.016325196082432113,0.010678166851414985
2017-01-18,12.37906,"12.343,08","12.385,29","12.239,18",,"0,29%",0.002910753308842306,-0.018770191399010358,-0.011514165994088398,-0.011813522010472569,0.013742580547511802,0.017259692224754666,0.015950488002972697,0.0106770388957163
2017-01-19,12.4251,"12.379,06","12.483,41","12.379,06",,"0,37%",0.003712284783948673,0.002910753308842306,-0.018770191399010358,-0.011514165994088398,-0.0009728220095473656,0.016943888485887203,0.015534521040562589,0.010677140783513799
2017-01-20,12.59253,"12.425,10","12.592,61","12.397,37",,"1,35%",0.01338516076524567,0.003712284783948673,0.002910753308842306,-0.018770191399010358,-0.011813522010472569,0.014917830045864998,0.015253297244839021,0.01072979089291255
2017-01-23,12.50005,"12.592,53","12.592,53","12.459,11",,"-0,73%",-0.0073711367050338554,0.01338516076524567,0.003712284783948673,0.002910753308842306,-0.011514165994088398,0.011474293281455153,0.013878058999208718,0.010809730824245477
2017-01-24,12.48423,"12.500,05","12.501,43","12.408,11",,"-0,13%",-0.001266396479249364,-0.0073711367050338554,0.01338516076524567,0.003712284783948673,-0.018770191399010358,0.010746403932260264,0.013433786107660278,0.010809117960067302
2017-01-25,12.52141,"12.484,23","12.544,63","12.440,96",,"0,30%",0.0029737313181185305,-0.001266396479249364,-0.0073711367050338554,0.01338516076524567,0.002910753308842306,0.009481433894440039,0.013057560695167671,0.010808916049551727
2017-01-26,12.43074,"12.521,41","12.535,78","12.407,25",,"-0,72%",-0.0072675420015796445,0.0029737313181185305,-0.001266396479249364,-0.0073711367050338554,0.003712284783948673,0.00954999664810213,0.013238534333542414,0.01083149834198893
2017-01-27,12.50799,"12.430,74","12.509,80","12.389,32",,"0,62%",0.006195202969402833,-0.0072675420015796445,0.0029737313181185305,-0.001266396479249364,0.01338516076524567,0.009506422058817837,0.013058917952628426,0.010820831255471189
2017-01-30,12.38521,"12.507,99","12.534,82","12.379,80",,"-0,98%",-0.009864621314220657,0.006195202969402833,-0.0072675420015796445,0.0029737313181185305,-0.0073711367050338554,0.009329902275398707,0.013387681217817254,0.010934003709939803
2017-01-31,12.2289,"12.385,21","12.389,53","12.206,99",,"-1,26%",-0.012701015902434894,-0.009864621314220657,0.006195202969402833,-0.0072675420015796445,-0.001266396479249364,0.008215052375812071,0.013676973290898127,0.011107549335251689
2017-02-01,12.16364,"12.228,90","12.250,01","12.159,71",,"-0,53%",-0.0053508290409172285,-0.012701015902434894,-0.009864621314220657,0.006195202969402833,0.0029737313181185305,0.008201364033385216,0.01375831124982031,0.011134661411479455
2017-02-02,12.13886,"12.163,64","12.253,05","12.138,86",,"-0,20%",-0.0020392970754269718,-0.0053508290409172285,-0.012701015902434894,-0.009864621314220657,-0.0072675420015796445,0.007973824978724774,0.013416587868693208,0.01110245519266603
2017-02-03,12.22899,"12.138,86","12.311,05","12.137,77",,"0,74%",0.00739748570459989,-0.0020392970754269718,-0.0053508290409172285,-0.012701015902434894,0.006195202969402833,0.00680115482496052,0.011724918292843922,0.01111645840480134
2017-02-06,12.24766,"12.228,99","12.247,66","12.114,96",,"0,15%",0.001525535857303031,0.00739748570459989,-0.0020392970754269718,-0.0053508290409172285,-0.009864621314220657,0.006737164401409088,0.009188302188196025,0.011116978720299427
2017-02-07,12.21617,"12.247,66","12.248,04","12.165,74",,"-0,26%",-0.0025744143408410252,0.001525535857303031,0.00739748570459989,-0.0020392970754269718,-0.012701015902434894,0.00673317732835813,0.008730136432811586,0.011136114055534668
2017-02-08,12.29732,"12.216,17","12.302,29","12.216,17",,"0,66%",0.006620868463858165,-0.0025744143408410252,0.001525535857303031,0.00739748570459989,-0.0053508290409172285,0.007129878698116515,0.008183053084591855,0.011137434342834599
2017-02-09,12.28711,"12.297,32","12.329,28","12.262,41",,"-0,08%",-0.0008306070620304196,0.006620868463858165,-0.0025744143408410252,0.001525535857303031,-0.0020392970754269718,0.006867753162114119,0.008184364630666867,0.011135156528311202
2017-02-10,12.23388,"12.287,11","12.287,98","12.211,23",,"-0,43%",-0.004341593354339911,-0.0008306070620304196,0.006620868463858165,-0.0025744143408410252,0.00739748570459989,0.006406331131044178,0.00789417644502979,0.011170525672324882
2017-02-13,12.36776,"12.233,88","12.367,76","12.220,41",,"1,09%",0.010883934698378638,-0.004341593354339911,-0.0008306070620304196,0.006620868463858165,0.001525535857303031,0.006987449513886546,0.008054347657813758,0.011223770004183559
2017-02-14,12.27757,"12.367,76","12.370,33","12.225,87",,"-0,73%",-0.007319066339408159,0.010883934698378638,-0.004341593354339911,-0.0008306070620304196,-0.0025744143408410252,0.00605799822124023,0.007057943098134984,0.011293771821263178
2017-02-15,12.27953,"12.277,57","12.296,40","12.229,74",,"0,02%",0.0001596279694394006,-0.007319066339408159,0.010883934698378638,-0.004341593354339911,0.006620868463858165,0.005718140254257202,0.00701947362005138,0.011292990526646689
2017-02-16,12.28134,"12.279,53","12.302,40","12.245,42",,"0,01%",0.00014738891605039654,0.0001596279694394006,-0.007319066339408159,0.010883934698378638,-0.0008306070620304196,0.00563236623093361,0.006954417756528485,0.011250237593916832
2017-02-17,12.16507,"12.281,34","12.288,58","12.165,07",,"-0,95%",-0.009512306855121638,0.00014738891605039654,0.0001596279694394006,-0.007319066339408159,-0.004341593354339911,0.0060749361173908925,0.006396439117330202,0.011347868205118418
2017-02-20,12.19269,"12.165,07","12.246,85","12.159,96",,"0,23%",0.002267861399235398,-0.009512306855121638,0.00014738891605039654,0.0001596279694394006,0.010883934698378638,0.006107213598428371,0.0063113372831524895,0.011338208403660613
2017-02-21,12.20663,"12.192,69","12.207,12","12.158,17",,"0,11%",0.0011426549196241523,0.002267861399235398,-0.009512306855121638,0.00014738891605039654,-0.007319066339408159,0.00607657629733839,0.0063338518193733345,0.011337569672043035
2017-02-22,11.95408,"12.206,63","12.207,49","11.927,79",,"-2,07%",-0.020906604050464947,0.0011426549196241523,0.002267861399235398,-0.009512306855121638,0.0001596279694394006,0.008468870694273318,0.007637393051818302,0.011727217911193407
2017-02-23,11.72624,"11.954,08","11.979,73","11.714,76",,"-1,91%",-0.019243577030120276,-0.020906604050464947,0.0011426549196241523,0.002267861399235398,0.00014738891605039654,0.009871215480266976,0.00846995561665269,0.012013992361387518
2017-02-24,11.77737,"11.726,24","11.792,04","11.692,21",,"0,44%",0.004350827864849925,-0.019243577030120276,-0.020906604050464947,0.0011426549196241523,-0.009512306855121638,0.010277901921443155,0.008375029256600535,0.01200359333653136
2017-02-27,11.8222,"11.777,37","11.901,51","11.777,37",,"0,38%",0.0037992263353492004,0.004350827864849925,-0.019243577030120276,-0.020906604050464947,0.002267861399235398,0.009355847529595448,0.008343636517311103,0.011998364422607731
2017-02-28,11.92649,"11.822,20","11.933,45","11.822,20",,"0,88%",0.008782856687893626,0.0037992263353492004,0.004350827864849925,-0.019243577030120276,0.0011426549196241523,0.0101692014237777,0.008320568729248756,0.011998404369838024
2017-03-01,11.87671,"11.926,49","11.992,49","11.870,80",,"-0,42%",-0.004182637004503468,0.008782856687893626,0.0037992263353492004,0.004350827864849925,-0.020906604050464947,0.010116552809507913,0.008294339917820904,0.012022894360959492
2017-03-02,11.96724,"11.876,71","11.967,31","11.873,26",,"0,76%",0.007593576988244409,-0.004182637004503468,0.008782856687893626,0.0037992263353492004,-0.019243577030120276,0.010660781576129229,0.008519281295041752,0.012045639824833344
2017-03-03,11.94743,"11.967,24","11.968,03","11.917,45",,"-0,17%",-0.0016567240552429504,0.007593576988244409,-0.004182637004503468,0.008782856687893626,0.004350827864849925,0.010379813671215774,0.008303504880639748,0.012054596629729665
2017-03-06,11.9781,"11.947,43","12.016,92","11.922,45",,"0,26%",0.0025637899598912545,-0.0016567240552429504,0.007593576988244409,-0.004182637004503468,0.0037992263353492004,0.010393129703037669,0.008324428086602867,0.01204795731807379
2017-03-07,11.94611,"11.978,10","11.991,35","11.855,25",,"-0,27%",-0.002674280075742118,0.0025637899598912545,-0.0016567240552429504,0.007593576988244409,0.008782856687893626,0.010344017889303224,0.00832538088942267,0.012061058982654464
2017-03-08,11.91424,"11.946,11","11.966,84","11.888,98",,"-0,27%",-0.0026713789992795257,-0.002674280075742118,0.0025637899598912545,-0.0016567240552429504,-0.004182637004503468,0.008017105821649979,0.00812772328203707,0.01186365073768407
2017-03-09,11.9283,"11.914,24","11.953,48","11.904,36",,"0,12%",0.0011794046800201732,-0.0026713789992795257,-0.002674280075742118,0.0025637899598912545,0.007593576988244409,0.004490328854697736,0.008149904743363988,0.011863052044651507
2017-03-10,11.93503,"11.928,30","11.969,10","11.916,32",,"0,06%",0.0005640453514599372,0.0011794046800201732,-0.0026713789992795257,-0.002674280075742118,-0.0016567240552429504,0.004401529166465641,0.008133110685023492,0.01184002204542515
2017-03-13,11.93778,"11.935,03","11.957,76","11.893,72",,"0,02%",0.0002303876261038885,0.0005640453514599372,0.0011794046800201732,-0.0026713789992795257,0.0025637899598912545,0.004323039381575147,0.007630867885078397,0.011527689231208815
2017-03-14,11.99623,"11.937,78","12.044,54","11.918,35",,"0,49%",0.004884272731492908,0.0002303876261038885,0.0005640453514599372,0.0011794046800201732,-0.002674280075742118,0.0036663874899093,0.007651609694312187,0.011150858863020781
2017-03-15,11.99538,"11.996,23","12.024,72","11.943,51",,"-0,01%",-7.085810417521607e-05,0.004884272731492908,0.0002303876261038885,0.0005640453514599372,-0.0026713789992795257,0.003283067008514756,0.0076496923490599,0.011035937755849025
2017-03-16,11.94553,"11.995,38","12.021,23","11.865,96",,"-0,42%",-0.004164425833719514,-7.085810417521607e-05,0.004884272731492908,0.0002303876261038885,0.0011794046800201732,0.0027129708374607664,0.007671321670711147,0.010938318917795961
2017-03-17,11.92965,"11.945,53","11.982,22","11.907,15",,"-0,13%",-0.001330251947146032,-0.004164425833719514,-7.085810417521607e-05,0.004884272731492908,0.0005640453514599372,0.0026951527181191853,0.007429516070148948,0.01064659610274999
2017-03-20,11.94197,"11.929,65","12.030,60","11.929,13",,"0,10%",0.0010321881040181741,-0.001330251947146032,-0.004164425833719514,-7.085810417521607e-05,0.0002303876261038885,0.0025642032591247604,0.007406212229444183,0.009760705669612806
2017-03-21,11.90691,"11.941,97","11.978,12","11.893,28",,"-0,29%",-0.002940182118140814,0.0010321881040181741,-0.001330251947146032,-0.004164425833719514,0.004884272731492908,0.002592755275197381,0.007399182130579252,0.009617730909451967
2017-03-22,11.88996,"11.906,91","11.975,08","11.872,48",,"-0,14%",-0.0014245573360257846,-0.002940182118140814,0.0010321881040181741,-0.001330251947146032,-7.085810417521607e-05,0.0024957446225805477,0.005779313506173593,0.009517747661199602
2017-03-23,11.69069,"11.889,96","11.898,75","11.688,95",,"-1,68%",-0.016901547975849425,-0.0014245573360257846,-0.002940182118140814,0.0010321881040181741,-0.004164425833719514,0.0057760133283341,0.00538487771498629,0.009772467400956757
2017-03-24,11.50271,"11.690,69","11.695,58","11.445,93",,"-1,61%",-0.01621013876810423,-0.016901547975849425,-0.0014245573360257846,-0.002940182118140814,-0.001330251947146032,0.007203946919202801,0.006355269764177872,0.009965256372412374
2017-03-27,11.51739,"11.502,71","11.559,29","11.502,28",,"0,13%",0.0012754073170796736,-0.01621013876810423,-0.016901547975849425,-0.0014245573360257846,0.0010321881040181741,0.007274363383600661,0.006275760247327743,0.009920907100922676
2017-03-28,11.56049,"11.517,39","11.587,35","11.517,39",,"0,37%",0.0037351827905726573,0.0012754073170796736,-0.01621013876810423,-0.016901547975849425,-0.002940182118140814,0.0071334244297987775,0.005941257086644357,0.009894403428796172
2017-03-29,11.63267,"11.560,49","11.632,67","11.547,99",,"0,62%",0.006224268968102373,0.0037351827905726573,0.0012754073170796736,-0.01621013876810423,-0.0014245573360257846,0.007741147277158399,0.006151341606662141,0.00988738206883068
2017-03-30,11.43825,"11.632,67","11.645,72","11.438,25",,"-1,67%",-0.01685451663499407,0.006224268968102373,0.0037351827905726573,0.0012754073170796736,-0.016901547975849425,0.008894625373225823,0.006746185001793401,0.009907587881218875
2017-03-31,11.37971,"11.438,25","11.468,66","11.338,27",,"-0,51%",-0.005131057152828051,-0.01685451663499407,0.006224268968102373,0.0037351827905726573,-0.01621013876810423,0.008832743814244235,0.006774492650301362,0.009077934369561742
2017-04-03,11.31645,"11.379,71","11.409,19","11.279,86",,"-0,56%",-0.005574525718776527,-0.005131057152828051,-0.01685451663499407,0.006224268968102373,0.0012754073170796736,0.008598711906973101,0.006702517964526976,0.008035981929837194
2017-04-04,11.32157,"11.316,45","11.331,14","11.297,42",,"0,05%",0.0004523363869542991,-0.005574525718776527,-0.005131057152828051,-0.01685451663499407,0.0037351827905726573,0.008770875207812752,0.006742955302865416,0.00786921199226155
2017-04-05,11.33061,"11.321,57","11.465,73","11.319,95",,"0,08%",0.0007981572175318038,0.0004523363869542991,-0.005574525718776527,-0.005131057152828051,0.006224268968102373,0.008899918488854614,0.0067878001489300906,0.00760530914172319
2017-04-06,11.29322,"11.330,61","11.396,61","11.293,22",,"-0,33%",-0.0033053673088849016,0.0007981572175318038,0.0004523363869542991,-0.005574525718776527,-0.01685451663499407,0.007822224388609855,0.006733317729096647,0.00760518100573382
2017-04-07,11.31954,"11.293,13","11.320,83","11.250,61",,"0,23%",0.0023278902607053336,-0.0033053673088849016,0.0007981572175318038,0.0004523363869542991,-0.005131057152828051,0.006559271589949604,0.006790121918520239,0.007520324145118618
2017-04-10,11.30741,"11.319,54","11.356,41","11.231,33",,"-0,11%",-0.0010721728878180944,0.0023278902607053336,-0.0033053673088849016,0.0007981572175318038,-0.005574525718776527,0.006486322319646154,0.00676727531905345,0.007415271590037151
2017-04-11,11.3039,"11.307,41","11.344,83","11.283,27",,"-0,03%",-0.00031046410209699914,-0.0010721728878180944,0.0023278902607053336,-0.0033053673088849016,0.0004523363869542991,0.006220679175770683,0.006556771905510707,0.007073178003777809
2017-04-12,11.33148,"11.296,02","11.403,93","11.296,02",,"0,24%",0.0024368942468423805,-0.00031046410209699914,-0.0010721728878180944,0.0023278902607053336,0.0007981572175318038,0.005744874881164219,0.006638643379494832,0.007068471464573714
2017-04-13,11.29102,"11.331,48","11.341,45","11.285,22",,"-0,36%",-0.00357697364478651,0.0024368942468423805,-0.00031046410209699914,-0.0010721728878180944,-0.0033053673088849016,0.0029398502503862273,0.006633804755050422,0.0070404134795712565
2017-04-14,11.22264,"11.291,02","11.352,34","11.222,64",,"-0,61%",-0.006074552984230512,-0.00357697364478651,0.0024368942468423805,-0.00031046410209699914,0.0023278902607053336,0.003088028001123376,0.006662587149900657,0.006782105895645419
2017-04-17,11.25943,"11.222,64","11.287,52","11.210,12",,"0,33%",0.003272833225719469,-0.006074552984230512,-0.00357697364478651,0.0024368942468423805,-0.0010721728878180944,0.003022605080304747,0.006753148274355357,0.006776295456921784
2017-04-18,11.29521,"11.259,43","11.298,93","11.219,02",,"0,32%",0.003172742284011419,0.003272833225719469,-0.006074552984230512,-0.00357697364478651,-0.00031046410209699914,0.0032334240561316435,0.006890210056601551,0.006805747409996192
2017-04-19,11.32222,"11.294,82","11.322,22","11.263,45",,"0,24%",0.0023884245769778645,0.003172742284011419,0.003272833225719469,-0.006074552984230512,0.0024368942468423805,0.0033275164099700744,0.006977719778998367,0.0067993976867573944
2017-04-20,11.3211,"11.322,22","11.355,58","11.273,15",,"-0,01%",-9.89254226777715e-05,0.0023884245769778645,0.003172742284011419,0.003272833225719469,-0.00357697364478651,0.003130185073999839,0.006102305184143026,0.006762394797101961
2017-04-21,11.33012,"11.321,10","11.342,76","11.296,59",,"0,08%",0.0007964251353153437,-9.89254226777715e-05,0.0023884245769778645,0.003172742284011419,-0.006074552984230512,0.0030535668417699217,0.0050552828528197,0.006693039702677228
2017-04-24,11.37936,"11.330,12","11.384,47","11.325,67",,"0,43%",0.004336521766670643,0.0007964251353153437,-9.89254226777715e-05,0.0023884245769778645,0.003272833225719469,0.0032937366358270653,0.0051651658997249475,0.006648513724020323
2017-04-25,11.37061,"11.379,36","11.390,04","11.354,43",,"-0,08%",-0.0007692318215330729,0.004336521766670643,0.0007964251353153437,-9.89254226777715e-05,0.003172742284011419,0.003311504826528506,0.005063255443491969,0.006481463272297806
2017-04-26,11.38416,"11.370,61","11.391,54","11.361,49",,"0,12%",0.0011909592231950723,-0.0007692318215330729,0.004336521766670643,0.0007964251353153437,0.0023884245769778645,0.003257223227540596,0.004813188544417619,0.006465678059407755
2017-04-27,11.48384,"11.384,16","11.499,27","11.365,25",,"0,88%",0.008717914231478018,0.0011909592231950723,-0.0007692318215330729,0.004336521766670643,-9.89254226777715e-05,0.0038321897565140525,0.0036607547538073507,0.006587297682899098
2017-04-28,11.63793,"11.483,84","11.644,51","11.480,53",,"1,34%",0.01332876170318275,0.008717914231478018,0.0011909592231950723,-0.0007692318215330729,0.0007964251353153437,0.00434058680413574,0.004481354822612969,0.006756629953307039
2017-05-02,11.82566,"11.637,93","11.826,83","11.621,72",,"1,61%",0.016002155336726435,0.01332876170318275,0.008717914231478018,0.0011909592231950723,0.004336521766670643,0.005832977196805232,0.005305762835716186,0.007092160037222931
2017-05-03,11.79838,"11.825,66","11.879,09","11.730,08",,"-0,23%",-0.0023095128627970804,0.016002155336726435,0.01332876170318275,0.008717914231478018,-0.0007692318215330729,0.0062563109429904055,0.005388951712913969,0.007090982559508141
2017-05-04,11.7895,"11.798,38","11.832,14","11.733,82",,"-0,08%",-0.0007529290821818274,-0.0023095128627970804,0.016002155336726435,0.01332876170318275,0.0011909592231950723,0.006442313178690006,0.005419183177497221,0.007027683273070892
2017-05-05,11.74386,"11.789,50","11.817,83","11.737,81",,"-0,39%",-0.0038787540087874967,-0.0007529290821818274,-0.0023095128627970804,0.016002155336726435,0.008717914231478018,0.00681264916537394,0.005450073132872788,0.007039629568982507
2017-05-08,11.76437,"11.743,86","11.785,66","11.707,29",,"0,17%",0.0017449212640836716,-0.0038787540087874967,-0.0007529290821818274,-0.0023095128627970804,0.01332876170318275,0.006774751974433347,0.005449540646120128,0.007030899138655801
2017-05-09,11.71917,"11.751,47","11.758,54","11.719,17",,"-0,38%",-0.0038495095558147064,0.0017449212640836716,-0.0038787540087874967,-0.0007529290821818274,0.016002155336726435,0.007179942877587453,0.005564176371762891,0.00687676100394431
2017-05-10,11.7273,"11.719,17","11.739,92","11.717,52",,"0,07%",0.0006934946135458312,-0.0038495095558147064,0.0017449212640836716,-0.0038787540087874967,-0.0023095128627970804,0.007110488331174016,0.005548752045681839,0.006827573677237744
2017-05-11,11.73745,"11.727,44","11.785,90","11.720,76",,"0,09%",0.0008651275324101888,0.0006934946135458312,-0.0038495095558147064,0.0017449212640836716,-0.0007529290821818274,0.007120889997768252,0.00555096223244585,0.006829798855072983
2017-05-12,11.74786,"11.696,91","11.771,22","11.686,14",,"0,09%",0.0008865116689342827,0.0008651275324101888,0.0006934946135458312,-0.0038495095558147064,-0.0038787540087874967,0.006854703201926663,0.005413113025748151,0.006832115614874185
2017-05-15,11.757,"11.747,86","11.757,00","11.714,01",,"0,08%",0.0007777115422669533,0.0008865116689342827,0.0008651275324101888,0.0006934946135458312,0.0017449212640836716,0.0056483666060194605,0.005083060773875281,0.006736668154905829
2017-05-16,11.6365,"11.757,00","11.757,00","11.611,23",,"-1,02%",-0.010302098083021436,0.0007777115422669533,0.0008865116689342827,0.0008651275324101888,-0.0038495095558147064,0.0036751510982235723,0.005805012094760801,0.00684159710022693
2017-05-17,11.64099,"11.636,50","11.640,99","11.589,98",,"0,04%",0.0003857804304233568,-0.010302098083021436,0.0007777115422669533,0.0008865116689342827,0.0006934946135458312,0.0037169503245530985,0.005799908204077808,0.006838692603064194
2017-05-18,11.72024,"11.640,99","11.707,41","11.617,69",,"0,68%",0.006784771521892784,0.0003857804304233568,-0.010302098083021436,0.0007777115422669533,0.0008651275324101888,0.004526120293555844,0.005917170793491577,0.006376941556709584
2017-05-19,11.68362,"11.720,24","11.722,29","11.614,69",,"-0,31%",-0.0031294008668163575,0.006784771521892784,0.0003857804304233568,-0.010302098083021436,0.0008865116689342827,0.004471479900623088,0.006004558749519372,0.005887388327846012
2017-05-22,11.64585,"11.683,62","11.692,09","11.634,93",,"-0,32%",-0.00323796751488563,-0.0031294008668163575,0.006784771521892784,0.0003857804304233568,0.0007777115422669533,0.0044693880699097,0.006099147336359356,0.0058725055428686355
2017-05-23,11.63615,"11.636,67","11.680,00","11.612,85",,"-0,08%",-0.0008332617954853649,-0.00323796751488563,-0.0031294008668163575,0.006784771521892784,-0.010302098083021436,0.004357024273021101,0.006076504383623082,0.005849614508033203
2017-05-24,11.58966,"11.538,57","11.594,14","11.493,70",,"-0,40%",-0.004003310290516437,-0.0008332617954853649,-0.00323796751488563,-0.0031294008668163575,0.0003857804304233568,0.0044411494685611345,0.006171594552108784,0.005746426858519139
2017-05-25,11.56648,"11.589,66","11.605,53","11.522,68",,"-0,20%",-0.002002061461245527,-0.004003310290516437,-0.0008332617954853649,-0.00323796751488563,0.006784771521892784,0.004386620061018228,0.00620634574863851,0.00572946706482434
2017-05-26,11.59231,"11.561,61","11.595,48","11.515,37",,"0,22%",0.0022306874159458453,-0.002002061461245527,-0.004003310290516437,-0.0008332617954853649,-0.0031294008668163575,0.004486225932786164,0.005933990780280294,0.005643180190078042
2017-05-29,11.53446,"11.585,51","11.594,22","11.518,94",,"-0,50%",-0.005002870756203124,0.0022306874159458453,-0.002002061461245527,-0.004003310290516437,-0.00323796751488563,0.004555928089368763,0.005215547899494355,0.005670964519970246
2017-05-30,11.53613,"11.534,46","11.536,13","11.496,95",,"0,01%",0.00014477306414071155,-0.005002870756203124,0.0022306874159458453,-0.002002061461245527,-0.0008332617954853649,0.0034914137500956276,0.0035097949722033488,0.005656770986441712
2017-05-31,11.57796,"11.536,13","11.581,94","11.495,46",,"0,36%",0.003619441272889809,0.00014477306414071155,-0.005002870756203124,0.0022306874159458453,-0.004003310290516437,0.003759700823038643,0.003661751560852299,0.005676475601675531
2017-06-01,11.5604,"11.562,56","11.607,26","11.540,81",,"-0,15%",-0.0015178261010046273,0.003619441272889809,0.00014477306414071155,-0.005002870756203124,-0.002002061461245527,0.0027402396412851584,0.0036636564345477376,0.005671022275480943
2017-06-02,11.61528,"11.561,36","11.615,28","11.554,01",,"0,47%",0.0047360079685932035,-0.0015178261010046273,0.003619441272889809,0.00014477306414071155,0.0022306874159458453,0.0032597139486930295,0.0038086120881346062,0.005707371576737144
2017-06-05,11.62508,"11.615,28","11.635,67","11.601,42",,"0,08%",0.0008433604798601305,0.0047360079685932035,-0.0015178261010046273,0.003619441272889809,-0.005002870756203124,0.0031443290323501945,0.0037852784469458146,0.005708320904456974
2017-06-06,11.6047,"11.621,52","11.663,87","11.574,47",,"-0,18%",-0.001754644704236702,0.0008433604798601305,0.0047360079685932035,-0.0015178261010046273,0.00014477306414071155,0.003178956134619723,0.0037188996297002792,0.005710130285059773
2017-06-07,11.72037,"11.600,93","11.757,71","11.600,93",,"1,00%",0.00991816515048151,-0.001754644704236702,0.0008433604798601305,0.0047360079685932035,0.003619441272889809,0.0042354345709053175,0.004385761295533164,0.005825963989596155
2017-06-08,11.75674,"11.720,37","11.797,06","11.708,03",,"0,31%",0.0030983395396715183,0.00991816515048151,-0.001754644704236702,0.0008433604798601305,-0.0015178261010046273,0.004123105226616837,0.0044378577519120525,0.005843226462182412
2017-06-09,11.69371,"11.756,74","11.783,38","11.691,08",,"-0,54%",-0.005375602752354214,0.0030983395396715183,0.00991816515048151,-0.001754644704236702,0.0047360079685932035,0.00466613720811901,0.0045961989580582336,0.005858751768995025
2017-06-12,11.68496,"11.676,37","11.703,90","11.653,77",,"-0,07%",-0.0007485456108979481,-0.005375602752354214,0.0030983395396715183,0.00991816515048151,0.0008433604798601305,0.004246134178279297,0.004591237265369863,0.0058575919225379615
2017-06-13,11.72002,"11.675,57","11.720,83","11.640,84",,"0,30%",0.002995945839216616,-0.0007485456108979481,-0.005375602752354214,0.0030983395396715183,-0.001754644704236702,0.004255930439725939,0.003991330265775803,0.005870890843477688
2017-06-14,11.75498,"11.720,02","11.764,50","11.713,83",,"0,30%",0.0029784899548753337,0.002995945839216616,-0.0007485456108979481,-0.005375602752354214,0.00991816515048151,0.004226552884948204,0.004034168852172985,0.005875716105984386
2017-06-15,11.63972,"11.752,16","11.788,20","11.620,26",,"-0,98%",-0.009853593555779236,0.0029784899548753337,0.002995945839216616,-0.0007485456108979481,0.0030983395396715183,0.005516758523384624,0.004368834053568428,0.006004503925394435
2017-06-16,11.75082,"11.633,84","11.770,57","11.633,84",,"0,95%",0.009499638358046507,-0.009853593555779236,0.0029784899548753337,0.002995945839216616,-0.005375602752354214,0.0060822245067227165,0.004833159355490808,0.005732560912734786
2017-06-19,11.8457,"11.750,82","11.845,78","11.749,43",,"0,81%",0.008041907140674496,0.009499638358046507,-0.009853593555779236,0.0029784899548753337,-0.0007485456108979481,0.006455121455272662,0.005053326274555575,0.005410013808861321
2017-06-20,11.84539,"11.791,12","11.868,16","11.790,92",,"0,00%",-2.6170176215529065e-05,0.008041907140674496,0.009499638358046507,-0.009853593555779236,0.002995945839216616,0.006369557658355245,0.0050423811343080225,0.005409419402615189
2017-06-21,11.84872,"11.828,98","11.853,34","11.803,15",,"0,03%",0.0002810825156060885,-2.6170176215529065e-05,0.008041907140674496,0.009499638358046507,0.0029784899548753337,0.005745821348420065,0.004912848646756618,0.005392413009955779
2017-06-22,11.9227,"11.848,72","11.947,02","11.848,72",,"0,62%",0.006224301185525724,0.0002810825156060885,-2.6170176215529065e-05,0.008041907140674496,-0.009853593555779236,0.00594872482741786,0.004982865111887274,0.005392413598689366
2017-06-23,11.95676,"11.922,70","12.009,06","11.902,36",,"0,29%",0.0028526627568174617,0.006224301185525724,0.0002810825156060885,-2.6170176215529065e-05,0.009499638358046507,0.0054557637547882724,0.004989492616368215,0.004900747147959454
2017-06-28,12.04185,"11.950,25","12.046,39","11.944,54",,"0,71%",0.007091273750480212,0.0028526627568174617,0.006224301185525724,0.0002810825156060885,0.008041907140674496,0.005543638062048621,0.00488559897173516,0.004906634408257152
2017-06-29,12.05196,"12.035,94","12.098,94","12.017,08",,"0,08%",0.0008392197492520591,0.007091273750480212,0.0028526627568174617,0.006224301185525724,-2.6170176215529065e-05,0.005585974609957014,0.004873030845056533,0.004831536128021582
2017-06-30,12.01584,"12.036,27","12.048,19","11.996,23",,"-0,30%",-0.003001522957437381,0.0008392197492520591,0.007091273750480212,0.0028526627568174617,0.0002810825156060885,0.005876437168811275,0.004994004157061634,0.0048592670335541824
2017-07-03,12.05633,"12.015,84","12.056,33","11.988,42",,"0,34%",0.0033640538584563118,-0.003001522957437381,0.0008392197492520591,0.007091273750480212,0.006224301185525724,0.0040759901267560005,0.004939423279282485,0.004868814222841991
2017-07-04,12.05384,"12.056,33","12.090,86","12.045,77",,"-0,02%",-0.0002065518417211304,0.0033640538584563118,-0.003001522957437381,0.0008392197492520591,0.0028526627568174617,0.003623506965908553,0.00492422851009596,0.0048383360532628745
2017-07-05,12.10691,"12.053,84","12.112,47","12.049,51",,"0,44%",0.004393082611307519,-0.0002065518417211304,0.0033640538584563118,-0.003001522957437381,0.007091273750480212,0.0031630459690977046,0.004949824458838776,0.004854636509936471
2017-07-06,12.12568,"12.075,83","12.143,19","12.075,83",,"0,16%",0.0015491537432696016,0.004393082611307519,-0.0002065518417211304,0.0033640538584563118,0.0008392197492520591,0.003079010522585469,0.004871358802771608,0.004846355013857526
2017-07-07,12.35435,"12.125,68","12.354,35","12.125,15",,"1,89%",0.018682710052154515,0.0015491537432696016,0.004393082611307519,-0.0002065518417211304,-0.003001522957437381,0.005910015395444205,0.00589029353293677,0.005343210195307555
2017-07-10,12.32601,"12.354,35","12.354,35","12.305,01",,"-0,23%",-0.0022965639444413113,0.018682710052154515,0.0015491537432696016,0.004393082611307519,0.0033640538584563118,0.006189964451233643,0.005990585300953498,0.005363762138435616
2017-07-11,12.39468,"12.317,10","12.398,56","12.317,10",,"0,56%",0.005555684459331459,-0.0022965639444413113,0.018682710052154515,0.0015491537432696016,-0.0002065518417211304,0.006225875101669628,0.005740715369143373,0.00534963552640761
2017-07-12,12.39404,"12.394,04","12.413,68","12.369,77",,"-0,01%",-5.1636389465958004e-05,0.005555684459331459,-0.0022965639444413113,0.018682710052154515,0.004393082611307519,0.006190090105780882,0.00571940999444624,0.005259812670538258
2017-07-13,12.37145,"12.390,85","12.414,42","12.358,92",,"-0,18%",-0.001824313289596502,-5.1636389465958004e-05,0.005555684459331459,-0.0022965639444413113,0.0015491537432696016,0.00634320280704268,0.005817893083851421,0.005274377441566946
2017-07-14,12.30765,"12.371,29","12.409,93","12.307,65",,"-0,52%",-0.0051703783468106295,-0.001824313289596502,-5.1636389465958004e-05,0.005555684459331459,0.018682710052154515,0.006588951220971557,0.006077267929253437,0.005340958010085391
2017-07-17,12.28889,"12.307,65","12.346,31","12.288,85",,"-0,15%",-0.001525418098457831,-0.0051703783468106295,-0.001824313289596502,-5.1636389465958004e-05,-0.0022965639444413113,0.0066900644711230285,0.005454274957450993,0.005352949839181253
2017-07-18,12.2827,"12.286,86","12.313,75","12.227,43",,"-0,05%",-0.000503833909888863,-0.001525418098457831,-0.0051703783468106295,-0.001824313289596502,0.005555684459331459,0.006701168815417229,0.005254228861374914,0.005355082111264395
2017-07-19,12.22195,"12.282,70","12.286,44","12.201,75",,"-0,49%",-0.004958252777152063,-0.000503833909888863,-0.001525418098457831,-0.0051703783468106295,-5.1636389465958004e-05,0.006959152356260457,0.005299172544843581,0.005416505619350915
2017-07-20,12.19639,"12.221,95","12.249,67","12.190,80",,"-0,21%",-0.0020935091685448035,-0.004958252777152063,-0.000503833909888863,-0.001525418098457831,-0.001824313289596502,0.007019133063528847,0.005351714141786748,0.005418270400406378
2017-07-21,12.12077,"12.196,39","12.222,90","12.118,59",,"-0,62%",-0.006219496336065564,-0.0020935091685448035,-0.004958252777152063,-0.000503833909888863,-0.0051703783468106295,0.0033333211853235917,0.005617869940823009,0.005496214543969171
2017-07-24,12.19939,"12.120,55","12.199,39","12.111,48",,"0,65%",0.006465440512896338,-0.006219496336065564,-0.0020935091685448035,-0.004958252777152063,-0.001525418098457831,0.004246554782347568,0.005629613788872848,0.005540270628713137
2017-07-25,12.24967,"12.199,39","12.274,91","12.192,52",,"0,41%",0.0041130473632012745,0.006465440512896338,-0.006219496336065564,-0.0020935091685448035,-0.000503833909888863,0.004016123128835907,0.005656700602640272,0.005465080605446215
2017-07-26,12.3159,"12.249,67","12.317,38","12.247,80",,"0,54%",0.0053921126575954235,0.0041130473632012745,0.006465440512896338,-0.006219496336065564,-0.004958252777152063,0.004522594712465687,0.005575905271487073,0.005255517826627932
2017-07-27,12.28166,"12.315,90","12.327,57","12.276,67",,"-0,28%",-0.00278401777375348,0.0053921126575954235,0.0041130473632012745,0.006465440512896338,-0.0020935091685448035,0.0045607181385275706,0.005644126553698779,0.004890086974452873
2017-07-28,12.32397,"12.281,66","12.324,90","12.239,05",,"0,34%",0.0034390537206598908,-0.00278401777375348,0.0053921126575954235,0.0041130473632012745,-0.006219496336065564,0.004440046833651075,0.005590647038024362,0.004887820549050414
2017-07-31,12.20133,"12.323,97","12.329,47","12.196,68",,"-1,00%",-0.010001184266074013,0.0034390537206598908,-0.00278401777375348,0.0053921126575954235,0.006465440512896338,0.005479105361358664,0.0061020616628183885,0.005077407106233437
2017-08-01,12.20951,"12.201,33","12.209,51","12.098,66",,"0,07%",0.0006701940864120891,-0.010001184266074013,0.0034390537206598908,-0.00278401777375348,0.0041130473632012745,0.00549668433071595,0.006099127959297145,0.005043668437196799
2017-08-02,12.16556,"12.209,51","12.228,59","12.150,62",,"-0,36%",-0.003606147397995981,0.0006701940864120891,-0.010001184266074013,0.0034390537206598908,0.0053921126575954235,0.0053931567655875765,0.006102450446060124,0.005071179801198945
2017-08-03,12.1257,"12.165,56","12.170,45","12.099,28",,"-0,33%",-0.0032818417633300474,-0.003606147397995981,0.0006701940864120891,-0.010001184266074013,-0.00278401777375348,0.005445922633627313,0.006143445194180769,0.0050633392720617525
2017-08-04,12.17411,"12.125,70","12.174,27","12.118,86",,"0,40%",0.0039843985647725205,-0.0032818417633300474,-0.003606147397995981,0.0006701940864120891,0.0034390537206598908,0.0052235229721392645,0.004431517748505244,0.0050825058443655065
2017-08-07,12.18808,"12.174,11","12.190,98","12.158,33",,"0,11%",0.001146859254542575,0.0039843985647725205,-0.0032818417633300474,-0.003606147397995981,-0.010001184266074013,0.004794930215489201,0.004434538760235702,0.005082863266229307
2017-08-08,12.24965,"12.188,08","12.256,50","12.181,82",,"0,51%",0.005038940218794217,0.001146859254542575,0.0039843985647725205,-0.0032818417633300474,0.0006701940864120891,0.004893101628915993,0.004398372780162793,0.0051146142890510565
2017-08-09,12.23213,"12.249,65","12.284,61","12.221,79",,"-0,14%",-0.0014312687223604567,0.005038940218794217,0.001146859254542575,0.0039843985647725205,-0.003606147397995981,0.004519065313279039,0.004400328030792212,0.005121969345581438
2017-08-10,12.24974,"12.232,13","12.309,20","12.229,53",,"0,14%",0.0014386158440641964,-0.0014312687223604567,0.005038940218794217,0.001146859254542575,-0.0032818417633300474,0.004498113995445081,0.004415252489509603,0.004916203069897881
2017-08-11,12.32617,"12.249,74","12.326,17","12.243,34",,"0,62%",0.00621993215366859,0.0014386158440641964,-0.0014312687223604567,0.005038940218794217,0.0039843985647725205,0.004826222164158521,0.0045138597334909636,0.00496420725444471
2017-08-15,12.2301,"12.326,17","12.354,04","12.229,90",,"-0,78%",-0.00782451814883189,0.00621993215366859,0.0014386158440641964,-0.0014312687223604567,0.001146859254542575,0.004349708640324573,0.0048394381084080895,0.0050311602963677956
2017-08-16,12.2315,"12.230,10","12.270,42","12.214,96",,"0,01%",0.00011446512096742284,-0.00782451814883189,0.00621993215366859,0.0014386158440641964,0.005038940218794217,0.004347087307920984,0.004839637359604377,0.00500657533679424
2017-08-17,12.21876,"12.231,50","12.231,50","12.182,96",,"-0,10%",-0.0010421158018750192,0.00011446512096742284,-0.00782451814883189,0.00621993215366859,-0.0014312687223604567,0.004171011486002362,0.004714984364840009,0.004984805588224804
2017-08-18,12.24667,"12.218,76","12.251,46","12.168,66",,"0,23%",0.002281587702113119,-0.0010421158018750192,0.00011446512096742284,-0.00782451814883189,0.0014386158440641964,0.003986934854743385,0.004714872713033557,0.004983723383367412
2017-08-22,12.18889,"12.246,62","12.295,02","12.188,89",,"-0,47%",-0.004729182199075903,0.002281587702113119,-0.0010421158018750192,0.00011446512096742284,0.00621993215366859,0.004206578069985557,0.0046187793064907095,0.00499657446037865
2017-08-23,12.19223,"12.188,77","12.245,93","12.147,97",,"0,03%",0.00027398249308424263,-0.004729182199075903,0.002281587702113119,-0.0010421158018750192,-0.00782451814883189,0.004191964474111362,0.004383916081452143,0.00498325240909795
2017-08-24,12.17439,"12.192,23","12.204,25","12.155,35",,"-0,15%",-0.0014642985516797912,0.00027398249308424263,-0.004729182199075903,0.002281587702113119,0.00011446512096742284,0.003816920317895119,0.004282767904608888,0.004989082074624563
2017-08-25,12.20267,"12.174,39","12.207,65","12.136,71",,"0,23%",0.0023202152094529507,-0.0014642985516797912,0.00027398249308424263,-0.004729182199075903,-0.0010421158018750192,0.0039111146582446,0.004119548768329685,0.004933570763413165
2017-08-28,12.2517,"12.202,67","12.251,70","12.184,90",,"0,40%",0.004009922618988336,0.0023202152094529507,-0.0014642985516797912,0.00027398249308424263,0.002281587702113119,0.004113124110898341,0.004197360761628886,0.004948242314343111
2017-08-29,12.29293,"12.251,70","12.292,93","12.220,62",,"0,34%",0.0033595974989140734,0.004009922618988336,0.0023202152094529507,-0.0014642985516797912,-0.004729182199075903,0.0037138303500313975,0.004193848833906259,0.004946026802961493
2017-08-30,12.37505,"12.292,93","12.375,70","12.281,28",,"0,67%",0.006658048479208255,0.0033595974989140734,0.004009922618988336,0.0023202152094529507,0.00027398249308424263,0.003233272457217497,0.0037613660447156287,0.004987967210068295
2017-08-31,12.39712,"12.375,05","12.455,51","12.366,59",,"0,18%",0.0017818387197616325,0.006658048479208255,0.0033595974989140734,0.004009922618988336,-0.0014642985516797912,0.00321526251150906,0.0037690012801361605,0.004966352171540698
2017-09-04,12.37939,"12.397,12","12.447,68","12.329,08",,"-0,14%",-0.0014311945489004219,0.0017818387197616325,0.006658048479208255,0.0033595974989140734,0.0023202152094529507,0.0032495295699098065,0.0036662970543496565,0.004976903327024557
2017-09-05,12.44034,"12.379,39","12.440,34","12.370,15",,"0,49%",0.004911425105760669,-0.0014311945489004219,0.0017818387197616325,0.006658048479208255,0.004009922618988336,0.0034381911270666885,0.003635440627999139,0.004987675821415951
2017-09-06,12.4278,"12.440,17","12.459,26","12.426,33",,"-0,10%",-0.0010085194198587548,0.004911425105760669,-0.0014311945489004219,0.0017818387197616325,0.0033595974989140734,0.002828080114264241,0.0036113697937776652,0.004860286813322093
2017-09-07,12.50493,"12.427,80","12.529,08","12.379,67",,"0,62%",0.006187067845624085,-0.0010085194198587548,0.004911425105760669,-0.0014311945489004219,0.006658048479208255,0.0030502243578716653,0.003791243978284288,0.004899339094751106
2017-09-08,12.6022,"12.504,93","12.602,20","12.470,99",,"0,78%",0.007748435337656089,0.006187067845624085,-0.0010085194198587548,0.004911425105760669,0.0017818387197616325,0.003099831657717714,0.00397640114725435,0.004901553232298893
2017-09-11,12.69951,"12.602,20","12.706,93","12.592,98",,"0,77%",0.00769200815237431,0.007748435337656089,0.006187067845624085,-0.0010085194198587548,-0.0014311945489004219,0.0033378907898197027,0.004151688854122762,0.004964034510990996
2017-09-12,12.67727,"12.675,15","12.730,16","12.674,68",,"-0,18%",-0.0017527838988165693,0.00769200815237431,0.007748435337656089,0.006187067845624085,0.004911425105760669,0.003799734959594265,0.004229931954302331,0.0049758004946691215
2017-09-13,12.77174,"12.676,95","12.775,13","12.671,65",,"0,75%",0.007424291470090047,-0.0017527838988165693,0.00769200815237431,0.007748435337656089,-0.0010085194198587548,0.004005057371570127,0.004305336477426941,0.0050338534392186515
2017-09-14,12.73783,"12.771,32","12.794,57","12.706,92",,"-0,27%",-0.0026586116483811126,0.007424291470090047,-0.0017527838988165693,0.00769200815237431,0.006187067845624085,0.004341300605447541,0.0038275253000122278,0.004843757526801837
2017-09-15,12.71601,"12.737,83","12.742,04","12.707,86",,"-0,17%",-0.0017144765068738796,-0.0026586116483811126,0.007424291470090047,-0.0017527838988165693,0.007748435337656089,0.004574914126925899,0.0038970134341033756,0.004745304725313423
2017-09-18,12.6639,"12.713,09","12.739,58","12.647,17",,"-0,41%",-0.004106403310775773,-0.0017144765068738796,-0.0026586116483811126,0.007424291470090047,0.00769200815237431,0.004899613458257166,0.004076624771011995,0.004712503124290061
2017-09-19,12.56893,"12.660,45","12.674,06","12.539,79",,"-0,75%",-0.007527530478797798,-0.004106403310775773,-0.0017144765068738796,-0.0026586116483811126,-0.0017527838988165693,0.005673069251460068,0.004573985781861437,0.004840996007142069
2017-09-20,12.43556,"12.568,93","12.578,01","12.429,18",,"-1,06%",-0.010667785250410438,-0.007527530478797798,-0.004106403310775773,-0.0017144765068738796,0.007424291470090047,0.006773920498873055,0.005143230237807718,0.005069085878816717
2017-09-21,12.44231,"12.435,56","12.496,88","12.423,75",,"0,05%",0.0005426509717785449,-0.010667785250410438,-0.007527530478797798,-0.004106403310775773,-0.0026586116483811126,0.006433483330853913,0.005141579930117237,0.005018967203347899
2017-09-25,12.43837,"12.388,08","12.438,37","12.320,22",,"-0,03%",-0.0003167116037772612,0.0005426509717785449,-0.010667785250410438,-0.007527530478797798,-0.0017144765068738796,0.005753907155557939,0.005118805775451653,0.005012719052126087
2017-09-26,12.41664,"12.438,37","12.442,89","12.389,58",,"-0,17%",-0.0017485412829394782,-0.0003167116037772612,0.0005426509717785449,-0.010667785250410438,-0.004106403310775773,0.004810156559573047,0.00514738372267819,0.004949950463751303
2017-09-27,12.2596,"12.416,64","12.417,20","12.245,99",,"-1,26%",-0.012728204955740108,-0.0017485412829394782,-0.0003167116037772612,0.0005426509717785449,-0.007527530478797798,0.005827913363907252,0.005913546149293222,0.0052363052809154135
2017-09-28,12.16982,"12.259,60","12.278,76","12.147,32",,"-0,73%",-0.0073501871267148055,-0.012728204955740108,-0.0017485412829394782,-0.0003167116037772612,-0.010667785250410438,0.004518663495224438,0.006078972678461205,0.005312109201033111
2017-09-29,12.14047,"12.169,82","12.233,77","12.114,56",,"-0,24%",-0.0024146165479818184,-0.0073501871267148055,-0.012728204955740108,-0.0017485412829394782,0.0005426509717785449,0.004532314758798618,0.005850675014723566,0.005306378373482795
2017-10-02,12.18687,"12.140,47","12.282,52","12.107,16",,"0,38%",0.0038146428064708797,-0.0024146165479818184,-0.0073501871267148055,-0.012728204955740108,-0.0003167116037772612,0.005233933776695544,0.005918027098737266,0.0053275882049403705
2017-10-03,12.26282,"12.186,87","12.262,82","12.186,71",,"0,62%",0.0062127776914027545,0.0038146428064708797,-0.0024146165479818184,-0.0073501871267148055,-0.0017485412829394782,0.006194555471774557,0.006122184302934439,0.005357059424668294
2017-10-04,12.50366,"12.262,82","12.522,57","12.256,20",,"1,96%",0.019449481079118328,0.0062127776914027545,0.0038146428064708797,-0.0024146165479818184,-0.012728204955740108,0.009236631798182099,0.00750259147025508,0.0059033089090150155
2017-10-05,12.45603,"12.503,66","12.521,29","12.422,83",,"-0,38%",-0.00381655844406224,0.019449481079118328,0.0062127776914027545,0.0038146428064708797,-0.0073501871267148055,0.008634832705458763,0.007553559934960352,0.005424678362480332
2017-10-06,12.3928,"12.456,03","12.463,59","12.374,66",,"-0,51%",-0.005089184196622701,-0.00381655844406224,0.019449481079118328,0.0062127776914027545,-0.0024146165479818184,0.00878969828960624,0.007496981494902574,0.0054577880864617335
2017-10-09,12.42257,"12.392,80","12.422,57","12.344,33",,"0,24%",0.0023993206050531755,-0.005089184196622701,-0.00381655844406224,0.019449481079118328,0.0038146428064708797,0.008834363047130757,0.0072814097271254674,0.0054192895095252986
2017-10-10,12.42514,"12.422,57","12.425,14","12.376,21",,"0,02%",0.00020686010977782022,0.0023993206050531755,-0.005089184196622701,-0.00381655844406224,0.0062127776914027545,0.00881610810844389,0.007013851181543404,0.005419320228782544
2017-10-11,12.42391,"12.425,14","12.431,54","12.396,68",,"-0,01%",-9.899774848585058e-05,0.00020686010977782022,0.0023993206050531755,-0.005089184196622701,0.019449481079118328,0.007599987278181424,0.007015400303501722,0.0054138253867359485
2017-10-12,12.42799,"12.423,91","12.435,80","12.399,65",,"0,03%",0.0003283451194198569,-9.899774848585058e-05,0.00020686010977782022,0.0023993206050531755,-0.00381655844406224,0.006988714292122095,0.006740474477371179,0.005369967166588908
2017-10-13,12.48482,"12.427,99","12.484,82","12.383,99",,"0,46%",0.00456231943126402,0.0003283451194198569,-9.899774848585058e-05,0.00020686010977782022,-0.005089184196622701,0.006834582834636313,0.006859824962268598,0.005394994521351889
2017-10-16,12.37194,"12.484,82","12.484,82","12.371,33",,"-0,90%",-0.00908250117650552,0.00456231943126402,0.0003283451194198569,-9.899774848585058e-05,0.0023993206050531755,0.007773562453441106,0.007093890848470156,0.005527721548078038
2017-10-17,12.35039,"12.371,94","12.385,61","12.349,90",,"-0,17%",-0.0017433636277895278,-0.00908250117650552,0.00456231943126402,0.0003283451194198569,0.00020686010977782022,0.007644518182159306,0.007065565286092798,0.005493129197944678
2017-10-18,12.39724,"12.350,39","12.398,34","12.334,87",,"0,38%",0.00378622566833152,-0.0017433636277895278,-0.00908250117650552,0.00456231943126402,-9.899774848585058e-05,0.004213186037232903,0.006989295798664794,0.005504422343150048
2017-10-19,12.36827,"12.397,24","12.403,81","12.349,84",,"-0,23%",-0.0023395450538970927,0.00378622566833152,-0.0017433636277895278,-0.00908250117650552,0.0003283451194198569,0.0041227362760493345,0.0066006913290998425,0.005449380627913367
2017-10-20,12.3069,"12.368,27","12.407,57","12.306,90",,"-0,50%",-0.004974241437053639,-0.0023395450538970927,0.00378622566833152,-0.0017433636277895278,0.00456231943126402,0.004109299636946704,0.006679689750536349,0.005431417148122714
2017-10-23,12.32093,"12.306,90","12.333,08","12.302,26",,"0,11%",0.001139361569228597,-0.004974241437053639,-0.0023395450538970927,0.00378622566833152,-0.00908250117650552,0.004022257500466247,0.006690260059360652,0.0054081240911175
2017-10-24,12.35576,"12.320,93","12.366,05","12.305,45",,"0,28%",0.002822908836596906,0.001139361569228597,-0.004974241437053639,-0.0023395450538970927,-0.0017433636277895278,0.004178610877621056,0.006722449736574201,0.005375558682239083
2017-10-25,12.33352,"12.355,76","12.366,85","12.326,87",,"-0,18%",-0.0018015921092415011,0.002822908836596906,0.001139361569228597,-0.004974241437053639,0.00378622566833152,0.0041924060863566355,0.006066625135979281,0.005368259377121266
2017-10-26,12.36296,"12.333,52","12.366,01","12.320,05",,"0,24%",0.002384146562192126,-0.0018015921092415011,0.002822908836596906,0.001139361569228597,-0.0023395450538970927,0.00429912727518769,0.005805370292167197,0.0053587580783652404
2017-10-27,12.40261,"12.362,96","12.406,56","12.314,99",,"0,32%",0.0032020287744296276,0.002384146562192126,-0.0018015921092415011,0.002822908836596906,-0.004974241437053639,0.004138818337393586,0.005778114740022537,0.005207873269908803
2017-10-30,12.33433,"12.402,61","12.420,66","12.334,33",,"-0,55%",-0.00552050281142896,0.0032020287744296276,0.002384146562192126,-0.0018015921092415011,0.001139361569228597,0.0034252366541447227,0.0059198814756825585,0.005260919462364156
2017-10-31,12.37304,"12.334,33","12.373,04","12.328,51",,"0,31%",0.0031334805504177124,-0.00552050281142896,0.0032020287744296276,0.002384146562192126,0.002822908836596906,0.0035427675963314877,0.005805190448953531,0.005250878021232924
2017-11-01,12.42438,"12.373,04","12.425,66","12.367,23",,"0,41%",0.004140759268972234,0.0031334805504177124,-0.00552050281142896,0.0032020287744296276,-0.0018015921092415011,0.003584359744224256,0.0038467241244165484,0.005252932248529511
2017-11-02,12.35004,"12.424,38","12.434,10","12.350,04",,"-0,60%",-0.006001369406160004,0.004140759268972234,0.0031334805504177124,-0.00552050281142896,0.002384146562192126,0.004033640752108211,0.003980018450474593,0.005295638173609155
2017-11-03,12.45164,"12.350,04","12.451,64","12.342,44",,"0,82%",0.00819303920798207,-0.006001369406160004,0.004140759268972234,0.0031334805504177124,0.0032020287744296276,0.0044141414929245,0.004259515612235128,0.005393336241486988
2017-11-07,12.40636,"12.451,64","12.494,37","12.406,36",,"-0,36%",-0.0036430967962226045,0.00819303920798207,-0.006001369406160004,0.004140759268972234,-0.00552050281142896,0.004669429830870689,0.004312027044638971,0.005382036723642401
2017-11-08,12.38911,"12.406,36","12.437,28","12.382,12",,"-0,14%",-0.0013913834085761219,-0.0036430967962226045,0.00819303920798207,-0.006001369406160004,0.0031334805504177124,0.0046457539413029434,0.004321517257598834,0.005381832793677776
2017-11-09,12.43026,"12.389,11","12.430,68","12.382,67",,"0,33%",0.003315961501499804,-0.0013913834085761219,-0.0036430967962226045,0.00819303920798207,0.004140759268972234,0.0046740336492462,0.004390354957425476,0.00539452420309758
2017-11-10,12.6129,"12.430,26","12.613,01","12.428,90",,"1,47%",0.014586277305890252,0.003315961501499804,-0.0013913834085761219,-0.0036430967962226045,-0.006001369406160004,0.006409526260929818,0.005467549278973073,0.005653524753131181
2017-11-13,12.74419,"12.612,90","12.744,19","12.544,81",,"1,04%",0.010355381727672062,0.014586277305890252,0.003315961501499804,-0.0013913834085761219,0.00819303920798207,0.00693595294200143,0.0058227018399284,0.005693209430995369
2017-11-14,12.72259,"12.744,19","12.750,80","12.690,32",,"-0,17%",-0.0016963279362016785,0.010355381727672062,0.014586277305890252,0.003315961501499804,-0.0036430967962226045,0.006524540679257363,0.005363834889169479,0.005701085973673688
2017-11-15,12.68787,"12.722,59","12.728,28","12.626,37",,"-0,27%",-0.0027327345988181722,-0.0016963279362016785,0.010355381727672062,0.014586277305890252,-0.0013913834085761219,0.0067798440228533895,0.005398774018827162,0.005713785056944883
2017-11-16,12.61809,"12.686,68","12.687,61","12.608,76",,"-0,55%",-0.0055149203475651195,-0.0027327345988181722,-0.0016963279362016785,0.010355381727672062,0.003315961501499804,0.0071969477252120315,0.0055753993744332,0.005763972695341492
2017-11-17,12.62152,"12.618,09","12.630,84","12.574,68",,"0,03%",0.0002717950095992205,-0.0055149203475651195,-0.0027327345988181722,-0.0016963279362016785,0.014586277305890252,0.006723726472041311,0.0055263241999484744,0.00572311818774937
2017-11-20,12.59729,"12.621,52","12.637,65","12.576,15",,"-0,19%",-0.001921582140928088,0.0002717950095992205,-0.0055149203475651195,-0.0027327345988181722,0.010355381727672062,0.006473870192779872,0.005392787392195831,0.0057321284375974795
2017-11-21,12.58024,"12.597,29","12.597,39","12.551,69",,"-0,14%",-0.00135438246772475,-0.001921582140928088,0.0002717950095992205,-0.0055149203475651195,-0.0016963279362016785,0.0063238004785824056,0.005422186625203923,0.005731493022357638
2017-11-22,12.56259,"12.580,24","12.583,88","12.545,93",,"-0,14%",-0.0014039790190080801,-0.00135438246772475,-0.001921582140928088,0.0002717950095992205,-0.0027327345988181722,0.006324417647516071,0.0054314618370323005,0.005732125066870526
2017-11-23,12.56287,"12.562,59","12.579,39","12.553,44",,"0,00%",2.2288149153177352e-05,-0.0014039790190080801,-0.00135438246772475,-0.001921582140928088,-0.0055149203475651195,0.00629871611808208,0.005400172454941239,0.005713644142310748
2017-11-24,12.5723,"12.562,87","12.580,86","12.537,66",,"0,08%",0.0007503430804275389,2.2288149153177352e-05,-0.0014039790190080801,-0.00135438246772475,0.0002717950095992205,0.004151164774808978,0.00538922436418548,0.00570079105570866
2017-11-27,12.57936,"12.572,30","12.607,13","12.550,90",,"0,06%",0.000561394372015292,0.0007503430804275389,2.2288149153177352e-05,-0.0014039790190080801,-0.001921582140928088,0.0018933550386653639,0.005360569896888542,0.005640914254642529
2017-11-28,12.60244,"12.579,36","12.611,70","12.565,29",,"0,18%",0.0018330704288560447,0.000561394372015292,0.0007503430804275389,2.2288149153177352e-05,-0.00135438246772475,0.0021262724165723628,0.005159321130885665,0.0056411504029815086
2017-11-29,12.65666,"12.602,44","12.656,88","12.583,69",,"0,43%",0.004293112840643943,0.0018330704288560447,0.000561394372015292,0.0007503430804275389,-0.0014039790190080801,0.0025830489749358544,0.00519009431662852,0.0056602002833807084
2017-11-30,12.56842,"12.656,66","12.666,87","12.539,22",,"-0,70%",-0.00699624024392316,0.004293112840643943,0.0018330704288560447,0.000561394372015292,2.2288149153177352e-05,0.0029369905530326475,0.005441772427588391,0.00570680279632854
2017-12-04,12.45485,"12.568,42","12.577,59","12.448,99",,"-0,90%",-0.009077213314369151,-0.00699624024392316,0.004293112840643943,0.0018330704288560447,0.0007503430804275389,0.003997776057139932,0.0056758797079015134,0.00582882494182875
2017-12-05,12.41451,"12.454,85","12.472,63","12.405,36",,"-0,32%",-0.003244155489325529,-0.009077213314369151,-0.00699624024392316,0.004293112840643943,0.000561394372015292,0.004041188276838029,0.005422274378542159,0.00578716082769832
2017-12-06,12.28428,"12.414,51","12.444,78","12.284,28",,"-1,05%",-0.010545553599199526,-0.003244155489325529,-0.009077213314369151,-0.00699624024392316,0.0018330704288560447,0.004955807110348402,0.005858476254705051,0.005847134437713545
2017-12-07,12.35948,"12.284,28","12.444,22","12.279,11",,"0,61%",0.006102983750101043,-0.010545553599199526,-0.003244155489325529,-0.009077213314369151,0.004293112840643943,0.005641351032319444,0.006035100785370274,0.005813242994062039
2017-12-08,12.3869,"12.359,48","12.421,18","12.326,61",,"0,22%",0.0022160826126233087,0.006102983750101043,-0.010545553599199526,-0.003244155489325529,-0.00699624024392316,0.005754269738373366,0.006007092120681798,0.005820770227808896
2017-12-11,12.33214,"12.386,90","12.415,10","12.332,14",,"-0,44%",-0.004430600021618381,0.0022160826126233087,0.006102983750101043,-0.010545553599199526,-0.009077213314369151,0.005771297832792866,0.004961755990127639,0.005751951789838357
2017-12-12,12.45982,"12.332,14","12.459,82","12.323,61",,"1,04%",0.010300204488908785,-0.004430600021618381,0.0022160826126233087,0.006102983750101043,-0.003244155489325529,0.006941279356708692,0.004955047115267556,0.005913743022706798
2017-12-13,12.41485,"12.459,82","12.461,56","12.395,09",,"-0,36%",-0.0036157302985690156,0.010300204488908785,-0.004430600021618381,0.0022160826126233087,-0.010545553599199526,0.006911916290945277,0.004985123739737928,0.005926161977915589
2017-12-14,12.44173,"12.412,16","12.442,51","12.385,33",,"0,22%",0.0021628084376964364,-0.0036157302985690156,0.010300204488908785,-0.004430600021618381,0.006102983750101043,0.006744336739683255,0.005027170582136529,0.005914952725071501
2017-12-15,12.38404,"12.441,73","12.463,94","12.384,04",,"-0,46%",-0.004647598349842236,0.0021628084376964364,-0.0036157302985690156,0.010300204488908785,0.0022160826126233087,0.006578763103775695,0.004989587876260377,0.005866755797134957
2017-12-18,12.33429,"12.384,04","12.389,00","12.311,32",,"-0,40%",-0.004025358280841109,-0.004647598349842236,0.0021628084376964364,-0.0036157302985690156,-0.004430600021618381,0.0061074521157159,0.005027213193593312,0.005727806557081991
2017-12-19,12.31685,"12.334,29","12.356,64","12.307,00",,"-0,14%",-0.001414944940450877,-0.004025358280841109,-0.004647598349842236,0.0021628084376964364,0.010300204488908785,0.006059062827053997,0.005024401607413152,0.0057294488575743065
2017-12-20,12.25132,"12.316,85","12.318,05","12.251,32",,"-0,53%",-0.005334557307410384,-0.001414944940450877,-0.004025358280841109,-0.004647598349842236,-0.0036157302985690156,0.005303819560179139,0.005111997884819437,0.005768134120604541
2017-12-21,12.19805,"12.251,32","12.298,72","12.198,05",,"-0,43%",-0.004357583389120911,-0.005334557307410384,-0.001414944940450877,-0.004025358280841109,0.0021628084376964364,0.0049255951847466456,0.0051568755238185935,0.005789398282084415
2017-12-22,12.17496,"12.198,05","12.198,05","12.100,40",,"-0,19%",-0.0018947193561798898,-0.004357583389120911,-0.005334557307410384,-0.001414944940450877,-0.004647598349842236,0.004767171195336992,0.005145435369120198,0.005559465029208943
2017-12-25,12.26691,"12.174,96","12.266,91","12.161,15",,"0,76%",0.007524009724235432,-0.0018947193561798898,-0.004357583389120911,-0.005334557307410384,-0.004025358280841109,0.005461839811469776,0.005515687091452026,0.005563020230146441
2017-12-26,12.29381,"12.266,91","12.308,48","12.205,16",,"0,22%",0.0021904904054989064,0.007524009724235432,-0.0018947193561798898,-0.004357583389120911,-0.001414944940450877,0.0041097528000634395,0.005555413232692177,0.00555904987298579
2017-12-27,12.31194,"12.293,81","12.322,65","12.276,66",,"0,15%",0.001473639558310103,0.0021904904054989064,0.007524009724235432,-0.0018947193561798898,-0.005334557307410384,0.004111926857201949,0.0055458348878103915,0.00554150334057354
2017-12-28,12.33777,"12.311,94","12.389,74","12.307,12",,"0,21%",0.002095765788261565,0.001473639558310103,0.0021904904054989064,0.007524009724235432,-0.004357583389120911,0.0041065519009685775,0.005452980792944381,0.005490669492222644
2017-12-29,12.38882,"12.337,77","12.410,46","12.307,44",,"0,41%",0.004129163991759455,0.002095765788261565,0.001473639558310103,0.0021904904054989064,-0.0018947193561798898,0.00413990735024258,0.005405985885576747,0.004900133505594445
